station_source_id,name,source_objects,display_objects,polygon_objects,line_objects,duplicate_objects,declared_platform_count,count_source,issues,source_ids
node/10901470928,10901470928,0,0,0,0,0,,not_available,未获取到关联站台源对象,
node/10901620650,10901620650,0,0,0,0,0,,not_available,未获取到关联站台源对象,
node/11026583255,11026583255,1,1,1,0,0,,not_available,源对象与显示一致，实际完整性未核验,way/1187432229
node/11026583428,11026583428,1,1,1,0,0,,not_available,源对象与显示一致，实际完整性未核验,way/1187432259
node/1187007662,1187007662,0,0,0,0,0,,not_available,未获取到关联站台源对象,
node/12078908974,12078908974,0,0,0,0,0,,not_available,未获取到关联站台源对象,
node/12124101061,12124101061,0,0,0,0,0,,not_available,未获取到关联站台源对象,
node/12124110712,12124110712,0,0,0,0,0,,not_available,未获取到关联站台源对象,
node/12236649868,12236649868,0,0,0,0,0,,not_available,未获取到关联站台源对象,
node/12236649888,12236649888,0,0,0,0,0,,not_available,未获取到关联站台源对象,
node/1234839169,1234839169,0,0,0,0,0,,not_available,未获取到关联站台源对象,
node/12466562632,12466562632,0,0,0,0,0,,not_available,未获取到关联站台源对象,
node/12897009598,12897009598,0,0,0,0,0,,not_available,未获取到关联站台源对象,
node/14051258179,129公里站,0,0,0,0,0,,not_available,未获取到关联站台源对象,
node/13022901211,13022901211,0,0,0,0,0,,not_available,未获取到关联站台源对象,
node/13132460023,13132460023,0,0,0,0,0,,not_available,未获取到关联站台源对象,
node/13263915744,13263915744,0,0,0,0,0,,not_available,未获取到关联站台源对象,
node/13276905820,13276905820,0,0,0,0,0,,not_available,未获取到关联站台源对象,
node/13394453201,13394453201,0,0,0,0,0,,not_available,未获取到关联站台源对象,
node/13394453203,13394453203,0,0,0,0,0,,not_available,未获取到关联站台源对象,
node/13444715337,13444715337,0,0,0,0,0,,not_available,未获取到关联站台源对象,
node/13444741533,13444741533,0,0,0,0,0,,not_available,未获取到关联站台源对象,
node/13444741534,13444741534,0,0,0,0,0,,not_available,未获取到关联站台源对象,
node/13452387119,13452387119,0,0,0,0,0,,not_available,未获取到关联站台源对象,
node/13462173835,13462173835,2,2,0,2,0,,not_available,来源含站台线，不能当作真实面,way/1467784189|way/1467784190
node/13462173836,13462173836,2,2,0,2,0,,not_available,来源含站台线，不能当作真实面,way/1467784191|way/1467784192
node/13505510933,13505510933,0,0,0,0,0,,not_available,未获取到关联站台源对象,
node/13789543577,13789543577,0,0,0,0,0,,not_available,未获取到关联站台源对象,
node/13836462613,13836462613,0,0,0,0,0,,not_available,未获取到关联站台源对象,
node/13907151486,13907151486,0,0,0,0,0,,not_available,未获取到关联站台源对象,
node/13934170018,13934170018,0,0,0,0,0,,not_available,未获取到关联站台源对象,
node/14099314354,14099314354,0,0,0,0,0,,not_available,未获取到关联站台源对象,
node/14099314372,14099314372,0,0,0,0,0,,not_available,未获取到关联站台源对象,
node/14162194929,14162194929,0,0,0,0,0,,not_available,未获取到关联站台源对象,
node/1664130127,1664130127,0,0,0,0,0,,not_available,未获取到关联站台源对象,
node/1775109627,1775109627,0,0,0,0,0,,not_available,未获取到关联站台源对象,
node/14040548954,1907站,0,0,0,0,0,,not_available,未获取到关联站台源对象,
node/2432360139,1909广场,1,1,1,0,0,,not_available,源对象与显示一致，实际完整性未核验,way/1503810922
node/1964181171,1964181171,0,0,0,0,0,,not_available,未获取到关联站台源对象,
node/2169178988,2169178988,0,0,0,0,0,,not_available,未获取到关联站台源对象,
node/2200995703,2200995703,0,0,0,0,0,,not_available,未获取到关联站台源对象,
node/7086086252,276 км,0,0,0,0,0,,not_available,未获取到关联站台源对象,
node/3242253738,3242253738,0,0,0,0,0,,not_available,未获取到关联站台源对象,
node/3242425761,3242425761,0,0,0,0,0,,not_available,未获取到关联站台源对象,
node/3243321874,3243321874,0,0,0,0,0,,not_available,未获取到关联站台源对象,
node/3261057796,3261057796,0,0,0,0,0,,not_available,未获取到关联站台源对象,
node/3589647958,3589647958,0,0,0,0,0,,not_available,未获取到关联站台源对象,
node/3589647959,3589647959,0,0,0,0,0,,not_available,未获取到关联站台源对象,
node/3972718302,3972718302,0,0,0,0,0,,not_available,未获取到关联站台源对象,
node/4527856947,4527856947,0,0,0,0,0,,not_available,未获取到关联站台源对象,
node/4553356420,4553356420,0,0,0,0,0,,not_available,未获取到关联站台源对象,
node/4587890201,4587890201,0,0,0,0,0,,not_available,未获取到关联站台源对象,
node/9078386670,5#,0,0,0,0,0,,not_available,未获取到关联站台源对象,
node/6855505462,6855505462,0,0,0,0,0,,not_available,未获取到关联站台源对象,
node/8025321108,8025321108,0,0,0,0,0,,not_available,未获取到关联站台源对象,
node/13947603649,810,1,1,0,1,0,,not_available,来源含站台线，不能当作真实面,way/1530347063
node/8242093632,8242093632,0,0,0,0,0,,not_available,未获取到关联站台源对象,
node/8581530426,8581530426,0,0,0,0,0,,not_available,未获取到关联站台源对象,
node/8974514371,8974514371,0,0,0,0,0,,not_available,未获取到关联站台源对象,
node/9001969455,9001969455,0,0,0,0,0,,not_available,未获取到关联站台源对象,
node/9027139203,9027139203,0,0,0,0,0,,not_available,未获取到关联站台源对象,
node/9082667765,9082667765,0,0,0,0,0,,not_available,未获取到关联站台源对象,
node/9450289541,9450289541,1,1,1,0,0,,not_available,源对象与显示一致，实际完整性未核验,way/896162217
node/9474003870,9474003870,1,1,1,0,0,,not_available,源对象与显示一致，实际完整性未核验,way/1027671229
node/9599890264,9599890264,0,0,0,0,0,,not_available,未获取到关联站台源对象,
node/2934051732,Благовещенск-Перевалка,0,0,0,0,0,,not_available,未获取到关联站台源对象,
node/2934048033,Благовещенск-Экспорт,0,0,0,0,0,,not_available,未获取到关联站台源对象,
node/4025083258,Достық,1,1,0,1,0,,not_available,来源含站台线，不能当作真实面,way/231421707
node/3965162822,Забайкальск,3,3,3,0,0,,not_available,源对象与显示一致，实际完整性未核验,way/1417714136|way/1417714137|way/1417714138
node/277600601,Замын-Үүд,2,2,0,2,0,,not_available,来源含站台线，不能当作真实面,way/232268033|way/232268034
node/2472141711,Замын-Үүд 2,0,0,0,0,0,,not_available,未获取到关联站台源对象,
node/7028989013,Камышовая,0,0,0,0,0,,not_available,未获取到关联站台源对象,
node/1865551023,Поярково,0,0,0,0,0,,not_available,未获取到关联站台源对象,
node/3960807349,Приаргунск,1,1,1,0,0,,not_available,源对象与显示一致，实际完整性未核验,way/1030364373
node/4064729705,Разъезд №19,1,1,0,1,0,,not_available,来源含站台线，不能当作真实面,way/1054728454
node/1301805513,Рассыпная Падь,0,0,0,0,0,,not_available,未获取到关联站台源对象,
node/1410813674,Сосновая Падь,0,0,0,0,0,,not_available,未获取到关联站台源对象,
node/12522713710,Ханги өртөө,0,0,0,0,0,,not_available,未获取到关联站台源对象,
node/13324149045,Шивээ Хүрэн,0,0,0,0,0,,not_available,未获取到关联站台源对象,
node/10827451489,ບໍ່ເຕັນ 磨丁站,2,2,2,0,0,,not_available,源对象与显示一致，实际完整性未核验,way/1047745587|way/1047745588
node/1758381773,一平浪站,0,0,0,0,0,,not_available,未获取到关联站台源对象,
node/7369154347,一条梁站,0,0,0,0,0,,not_available,未获取到关联站台源对象,
node/8182270076,一步滩站,0,0,0,0,0,,not_available,未获取到关联站台源对象,
node/13506343001,一矿站,0,0,0,0,0,,not_available,未获取到关联站台源对象,
node/8481094113,一碗泉站,0,0,0,0,0,,not_available,未获取到关联站台源对象,
node/5010548830,一里坪站,0,0,0,0,0,,not_available,未获取到关联站台源对象,
node/1273440092,一间堡站,0,0,0,0,0,,not_available,未获取到关联站台源对象,
node/7365690072,一间房站,0,0,0,0,0,,not_available,未获取到关联站台源对象,
node/288858553,一零一站,2,2,2,0,0,,not_available,源对象与显示一致，实际完整性未核验,way/898511589|way/898511590
node/7036495786,一零二厂（吉化）,0,0,0,0,0,,not_available,未获取到关联站台源对象,
node/7082028652,一面坡北站,0,0,0,0,0,,not_available,未获取到关联站台源对象,
node/1603990297,一面坡站,2,2,0,2,0,,not_available,来源含站台线，不能当作真实面,way/1107132656|way/1107132657
node/2349438769,一面山站,0,0,0,0,0,,not_available,未获取到关联站台源对象,
node/9854691986,丁公站,0,0,0,0,0,,not_available,未获取到关联站台源对象,
node/11429021488,丁家坝站,0,0,0,0,0,,not_available,未获取到关联站台源对象,
node/8263220926,丁家庄站,0,0,0,0,0,,not_available,未获取到关联站台源对象,
node/9218083776,丁山站,0,0,0,0,0,,not_available,未获取到关联站台源对象,
node/8239658402,丁庄站,0,0,0,0,0,,not_available,未获取到关联站台源对象,
node/9254936104,丁庄站,0,0,0,0,0,,not_available,未获取到关联站台源对象,
node/9493068983,丁桥油库卸油站,0,0,0,0,0,,not_available,未获取到关联站台源对象,
node/8485182624,丁河站,0,0,0,0,0,,not_available,未获取到关联站台源对象,
node/8158566857,丁营站,0,0,0,0,0,,not_available,未获取到关联站台源对象,
node/9226664075,丁集矿站,0,0,0,0,0,,not_available,未获取到关联站台源对象,
node/12404403784,七个泉站,0,0,0,0,0,,not_available,未获取到关联站台源对象,
node/9258877064,七公里站,1,1,1,0,0,,not_available,源对象与显示一致，实际完整性未核验,way/1115577827
node/5581944159,七台河站,1,1,0,1,0,,not_available,来源含站台线，不能当作真实面,way/710386943
node/9532243466,七台河西站,0,0,0,0,0,,not_available,未获取到关联站台源对象,
node/2432359973,七孔桥站,0,0,0,0,0,,not_available,未获取到关联站台源对象,
node/7217592975,七宝山站,0,0,0,0,0,,not_available,未获取到关联站台源对象,
node/13711702746,七宝站,0,0,0,0,0,,not_available,未获取到关联站台源对象,
node/3024239751,七宝站,0,0,0,0,0,,not_available,未获取到关联站台源对象,
node/1273438455,七家子站,0,0,0,0,0,,not_available,未获取到关联站台源对象,
node/7685213003,七岭子站,0,0,0,0,0,,not_available,未获取到关联站台源对象,
node/2958264470,七峰站,0,0,0,0,0,,not_available,未获取到关联站台源对象,
node/8327421948,七斗冲站,0,0,0,0,0,,not_available,未获取到关联站台源对象,
node/13506342924,七星站,0,0,0,0,0,,not_available,未获取到关联站台源对象,
node/13971777221,七星站,0,0,0,0,0,,not_available,未获取到关联站台源对象,
node/5485559707,七星站,1,1,0,1,0,,not_available,来源含站台线，不能当作真实面,way/1114962206
node/5497031789,七松站,0,0,0,0,0,,not_available,未获取到关联站台源对象,
node/9524436498,七泉湖 چىچان站,0,0,0,0,0,,not_available,未获取到关联站台源对象,
node/1569661841,七甸站,0,0,0,0,0,,not_available,未获取到关联站台源对象,
node/8163363263,七矿站,0,0,0,0,0,,not_available,未获取到关联站台源对象,
node/843276759,七苏木站,0,0,0,0,0,,not_available,未获取到关联站台源对象,
node/4500244352,七营站,0,0,0,0,0,,not_available,未获取到关联站台源对象,
node/7777165767,七道桥站,2,2,2,0,0,,not_available,源对象与显示一致，实际完整性未核验,way/1086973492|way/1086973493
node/2332707899,七道河站,0,0,0,0,0,,not_available,未获取到关联站台源对象,
node/3026602365,七里坪站,0,0,0,0,0,,not_available,未获取到关联站台源对象,
node/2336082808,七里河站,0,0,0,0,0,,not_available,未获取到关联站台源对象,
node/2509493459,七里湖站,0,0,0,0,0,,not_available,未获取到关联站台源对象,
node/8354235230,七里营站,0,0,0,0,0,,not_available,未获取到关联站台源对象,
node/3698187689,七里镇站,0,0,0,0,0,,not_available,未获取到关联站台源对象,
node/12212964524,七面峰站,0,0,0,0,0,,not_available,未获取到关联站台源对象,
node/7748172763,七龙星站,0,0,0,0,0,,not_available,未获取到关联站台源对象,
node/8946555592,万乐站,2,2,0,2,0,,not_available,来源含站台线，不能当作真实面,way/967044191|way/967044192
node/4692536654,万全西站,1,1,1,0,0,,not_available,源对象与显示一致，实际完整性未核验,way/1157128566
node/2344167677,万发屯站,2,2,0,2,0,,not_available,来源含站台线，不能当作真实面,way/1110734706|way/1110734707
node/3923183425,万宁站,0,0,0,0,0,,not_available,未获取到关联站台源对象,
node/2941969186,万安县站,0,0,0,0,0,,not_available,未获取到关联站台源对象,
node/3901349147,万安站,0,0,0,0,0,,not_available,未获取到关联站台源对象,
node/5515174038,万家屯站,0,0,0,0,0,,not_available,未获取到关联站台源对象,
node/9178344020,万家岭站,0,0,0,0,0,,not_available,未获取到关联站台源对象,
node/9276824807,万家码头南站,0,0,0,0,0,,not_available,未获取到关联站台源对象,
node/9263232729,万家码头站,0,0,0,0,0,,not_available,未获取到关联站台源对象,
node/7950086637,万寨站,0,0,0,0,0,,not_available,未获取到关联站台源对象,
node/6200921467,万山站,1,1,0,1,0,,not_available,来源含站台线，不能当作真实面,way/1107132666
node/8738033124,万岩站,0,0,0,0,0,,not_available,未获取到关联站台源对象,
node/3500359221,万州北站,0,0,0,0,0,,not_available,未获取到关联站台源对象,
node/1667611895,万州站,0,0,0,0,0,,not_available,未获取到关联站台源对象,
node/4999776321,万州西站,0,0,0,0,0,,not_available,未获取到关联站台源对象,
node/1675935532,万年站,2,2,2,0,0,,not_available,源对象与显示一致，实际完整性未核验,way/375397801|way/375398016
node/8455171499,万德站,3,3,0,3,0,,not_available,来源含站台线，不能当作真实面,way/778866590|way/778866604|way/778866605
node/10599205185,万拉木站,0,0,0,0,0,,not_available,未获取到关联站台源对象,
node/4071020924,万水泉南站,0,0,0,0,0,,not_available,未获取到关联站台源对象,
node/9081737223,万水泉站,0,0,0,0,0,,not_available,未获取到关联站台源对象,
node/1586077485,万源站,2,2,2,0,0,,not_available,源对象与显示一致，实际完整性未核验,way/1303720557|way/1303720558
node/8059209405,万盛东站,0,0,0,0,0,,not_available,未获取到关联站台源对象,
node/8062536481,万盛南站,0,0,0,0,0,,not_available,未获取到关联站台源对象,
node/8059179211,万盛站,2,2,0,2,0,,not_available,来源含站台线，不能当作真实面,way/1117519543|way/1117519544
node/2501306647,万能站,0,0,0,0,0,,not_available,未获取到关联站台源对象,
node/7740322551,万荣站,0,0,0,0,0,,not_available,未获取到关联站台源对象,
node/2409086519,万里河站,0,0,0,0,0,,not_available,未获取到关联站台源对象,
node/12400103236,万顷沙站,2,2,0,2,0,,not_available,来源含站台线，不能当作真实面,way/1540695700|way/1540695701
node/7952881489,丈亭站,0,0,0,0,0,,not_available,未获取到关联站台源对象,
node/1720956510,三义井站,1,1,0,1,0,,not_available,来源含站台线，不能当作真实面,way/1478953723
node/11764057797,三义村站,0,0,0,0,0,,not_available,未获取到关联站台源对象,
node/9171411671,三井子站,0,0,0,0,0,,not_available,未获取到关联站台源对象,
node/12519624555,三井站,0,0,0,0,0,,not_available,未获取到关联站台源对象,
node/7639541307,三亚站,1,1,1,0,0,,not_available,源对象与显示一致，实际完整性未核验,way/1233858839
node/4037619764,三交东站,0,0,0,0,0,,not_available,未获取到关联站台源对象,
node/2396394864,三元区站,0,0,0,0,0,,not_available,未获取到关联站台源对象,
node/8308189559,三元坝站,0,0,0,0,0,,not_available,未获取到关联站台源对象,
node/7781469281,三元西站,0,0,0,0,0,,not_available,未获取到关联站台源对象,
node/1783909033,三关口站,0,0,0,0,0,,not_available,未获取到关联站台源对象,
node/3589687255,三北羊场,0,0,0,0,0,,not_available,未获取到关联站台源对象,
node/13684002725,三十六站,0,0,0,0,0,,not_available,未获取到关联站台源对象,
node/2336082812,三十家站,2,2,2,0,0,,not_available,源对象与显示一致，实际完整性未核验,way/1496764829|way/1496764830
node/1658989381,三十里堡站,0,0,0,0,0,,not_available,未获取到关联站台源对象,
node/9229648676,三十里铺站,0,0,0,0,0,,not_available,未获取到关联站台源对象,
node/5162097835,三卜素站,0,0,0,0,0,,not_available,未获取到关联站台源对象,
node/1532510497,三原站,1,1,1,0,0,,not_available,源对象与显示一致，实际完整性未核验,way/1456407553
node/11782342897,三叠泉缆车上站,0,0,0,0,0,,not_available,未获取到关联站台源对象,
node/11782342898,三叠泉缆车下站,0,0,0,0,0,,not_available,未获取到关联站台源对象,
node/8724397078,三口站,0,0,0,0,0,,not_available,未获取到关联站台源对象,
node/12814703203,三台站,0,0,0,0,0,,not_available,未获取到关联站台源对象,
node/1655741320,三台站,1,1,0,1,0,,not_available,来源含站台线，不能当作真实面,way/1368052166
node/8164711331,三合场,0,0,0,0,0,,not_available,未获取到关联站台源对象,
node/1984410997,三合庄站,1,1,1,0,0,,not_available,源对象与显示一致，实际完整性未核验,way/1086083931
node/8437828906,三唐站,0,0,0,0,0,,not_available,未获取到关联站台源对象,
node/7372047595,三坪站,0,0,0,0,0,,not_available,未获取到关联站台源对象,
node/9081737222,三垧梁站,0,0,0,0,0,,not_available,未获取到关联站台源对象,
node/8417601181,三堂集站,0,0,0,0,0,,not_available,未获取到关联站台源对象,
node/1558444975,三堆子站,1,1,0,1,0,,not_available,来源含站台线，不能当作真实面,way/1547173543
node/7843554047,三堡站,2,2,0,2,0,,not_available,来源含站台线，不能当作真实面,way/1079959790|way/1079959791
node/4634382792,三塔镇站,0,0,0,0,0,,not_available,未获取到关联站台源对象,
node/11524899214,三塘湖站,0,0,0,0,0,,not_available,未获取到关联站台源对象,
node/8154570881,三塘站,0,0,0,0,0,,not_available,未获取到关联站台源对象,
node/2377231982,三塘铺站,0,0,0,0,0,,not_available,未获取到关联站台源对象,
node/10973711947,三宝屯站,0,0,0,0,0,,not_available,未获取到关联站台源对象,
node/13437566513,三家子站,0,0,0,0,0,,not_available,未获取到关联站台源对象,
node/9169253668,三家子站,0,0,0,0,0,,not_available,未获取到关联站台源对象,
node/9169253672,三家子站,0,0,0,0,0,,not_available,未获取到关联站台源对象,
node/2323960864,三家寨站,0,0,0,0,0,,not_available,未获取到关联站台源对象,
node/9265808501,三家店站,2,2,0,2,0,,not_available,来源含站台线，不能当作真实面,way/1058007319|way/1058007328
node/9263223089,三屯营站,0,0,0,0,0,,not_available,未获取到关联站台源对象,
node/10931476413,三岔湖站,2,2,0,2,0,,not_available,来源含站台线，不能当作真实面,way/1240472287|way/1240472288
node/4587890199,三岔站,0,0,0,0,0,,not_available,未获取到关联站台源对象,
node/4676361146,三工北站,0,0,0,0,0,,not_available,未获取到关联站台源对象,
node/4676361144,三工南站,0,0,0,0,0,,not_available,未获取到关联站台源对象,
node/8410935353,三平站,2,2,2,0,0,,not_available,源对象与显示一致，实际完整性未核验,way/1131698763|way/1131698764
node/1720956509,三把火站,2,2,0,2,0,,not_available,来源含站台线，不能当作真实面,way/1459925971|way/1459925972
node/7272083210,三昆站,0,0,0,0,0,,not_available,未获取到关联站台源对象,
node/4665378516,三明东站,0,0,0,0,0,,not_available,未获取到关联站台源对象,
node/2501318815,三明北站,5,5,5,0,0,,not_available,源对象与显示一致，实际完整性未核验,way/242674957|way/242674962|way/242674965|way/775674319|way/775674320
node/4665328470,三明站,3,3,3,0,0,,not_available,源对象与显示一致，实际完整性未核验,way/1339086289|way/1339086290|way/1339086291
node/10574653712,三星堆站,2,2,0,2,0,,not_available,来源含站台线，不能当作真实面,way/1241299030|way/1241299031
node/7212001153,三星站,0,0,0,0,0,,not_available,未获取到关联站台源对象,
node/9160197913,三根河站,1,1,0,1,0,,not_available,来源含站台线，不能当作真实面,way/1095552984
node/2726644060,三桥站,1,1,1,0,0,,not_available,源对象与显示一致，实际完整性未核验,way/1210322731
node/12091626128,三槽站,0,0,0,0,0,,not_available,未获取到关联站台源对象,
node/8198236818,三正站,0,0,0,0,0,,not_available,未获取到关联站台源对象,
node/2726644061,三民村站,0,0,0,0,0,,not_available,未获取到关联站台源对象,
node/9195330012,三水北站,4,4,4,0,0,,not_available,源对象与显示一致，实际完整性未核验,way/1078115666|way/1078115667|way/1434130074|way/1434130075
node/9527375843,三水南站,3,3,3,0,0,,not_available,源对象与显示一致，实际完整性未核验,way/501116095|way/501116096|way/501119095
node/8440342293,三水站,0,0,0,0,0,,not_available,未获取到关联站台源对象,
node/3141113475,三水西站,0,0,0,0,0,,not_available,未获取到关联站台源对象,
node/12732718441,三汇坝站,0,0,0,0,0,,not_available,未获取到关联站台源对象,
node/1586077454,三汇镇站,2,2,0,2,0,,not_available,来源含站台线，不能当作真实面,way/1023290717|way/1023290718
node/8014005485,三汊埠站,0,0,0,0,0,,not_available,未获取到关联站台源对象,
node/8059209390,三江东站,0,0,0,0,0,,not_available,未获取到关联站台源对象,
node/9527375842,三江南站,2,2,2,0,0,,not_available,源对象与显示一致，实际完整性未核验,way/514307665|way/514307666
node/1614129025,三江县站,0,0,0,0,0,,not_available,未获取到关联站台源对象,
node/2340355359,三江口站,2,2,2,0,0,,not_available,源对象与显示一致，实际完整性未核验,way/1454785091|way/1454785093
node/8175969225,三江坝站,0,0,0,0,0,,not_available,未获取到关联站台源对象,
node/7322084532,三江站,0,0,0,0,0,,not_available,未获取到关联站台源对象,
node/2450072204,三江镇站,0,0,0,0,0,,not_available,未获取到关联站台源对象,
node/3628286816,三汲站,0,0,0,0,0,,not_available,未获取到关联站台源对象,
node/1582348727,三河县站,2,2,2,0,0,,not_available,源对象与显示一致，实际完整性未核验,way/1131698793|way/1131698794
node/9223324914,三河尖矿站,0,0,0,0,0,,not_available,未获取到关联站台源对象,
node/7199441364,三河站,0,0,0,0,0,,not_available,未获取到关联站台源对象,
node/2327447495,三源浦 삼원포站,0,0,0,0,0,,not_available,未获取到关联站台源对象,
node/3500240394,三溪口站,0,0,0,0,0,,not_available,未获取到关联站台源对象,
node/11581097078,三灶东站,0,0,0,0,0,,not_available,未获取到关联站台源对象,
node/9193526297,三甲站,0,0,0,0,0,,not_available,未获取到关联站台源对象,
node/8454361476,三界站,0,0,0,0,0,,not_available,未获取到关联站台源对象,
node/12472566282,三矿站,0,0,0,0,0,,not_available,未获取到关联站台源对象,
node/13506343004,三矿站,1,1,1,0,0,,not_available,源对象与显示一致，实际完整性未核验,way/1472251917
node/9320122102,三矿站,0,0,0,0,0,,not_available,未获取到关联站台源对象,
node/2953809308,三穗站,2,2,2,0,0,,not_available,源对象与显示一致，实际完整性未核验,way/1173091905|way/1173091906
node/4066488618,三给村站,0,0,0,0,0,,not_available,未获取到关联站台源对象,
node/1556058497,三花石站,1,1,0,1,0,,not_available,来源含站台线，不能当作真实面,way/1356912235
node/7740286549,三荷站,0,0,0,0,0,,not_available,未获取到关联站台源对象,
node/1783909034,三营站,1,1,0,1,0,,not_available,来源含站台线，不能当作真实面,way/457306867
node/7372158701,三葛庄站,0,0,0,0,0,,not_available,未获取到关联站台源对象,
node/8154570915,三街站,1,1,1,0,0,,not_available,源对象与显示一致，实际完整性未核验,way/1040886405
node/7365718247,三角地站,0,0,0,0,0,,not_available,未获取到关联站台源对象,
node/4076525348,三角庄站,0,0,0,0,0,,not_available,未获取到关联站台源对象,
node/9327370171,三道堰站,2,2,0,2,0,,not_available,来源含站台线，不能当作真实面,way/542926729|way/542926730
node/10536269299,三道沙河站,0,0,0,0,0,,not_available,未获取到关联站台源对象,
node/4615476306,三道沟站,0,0,0,0,0,,not_available,未获取到关联站台源对象,
node/9081732803,三道渠站,0,0,0,0,0,,not_available,未获取到关联站台源对象,
node/6283151042,三道湖站,0,0,0,0,0,,not_available,未获取到关联站台源对象,
node/7365751920,三道班站,0,0,0,0,0,,not_available,未获取到关联站台源对象,
node/1597596229,三道营站,0,0,0,0,0,,not_available,未获取到关联站台源对象,
node/3676339900,三都县站,2,2,0,2,0,,not_available,来源含站台线，不能当作真实面,way/1422099704|way/1422099705
node/7167634630,三都站,0,0,0,0,0,,not_available,未获取到关联站台源对象,
node/9750178917,三都站,0,0,0,0,0,,not_available,未获取到关联站台源对象,
node/4999670497,三里坪站,0,0,0,0,0,,not_available,未获取到关联站台源对象,
node/7950385245,三铺站,0,0,0,0,0,,not_available,未获取到关联站台源对象,
node/7714110158,三门县站,0,0,0,0,0,,not_available,未获取到关联站台源对象,
node/5128985378,三门峡南站,0,0,0,0,0,,not_available,未获取到关联站台源对象,
node/4608144934,三门峡站,2,2,2,0,0,,not_available,源对象与显示一致，实际完整性未核验,way/1317050985|way/1317050986
node/4721424792,三门峡西站,0,0,0,0,0,,not_available,未获取到关联站台源对象,
node/5831974015,三门站,0,0,0,0,0,,not_available,未获取到关联站台源对象,
node/1267538049,三间房站,0,0,0,0,0,,not_available,未获取到关联站台源对象,
node/9119790831,三间房站,0,0,0,0,0,,not_available,未获取到关联站台源对象,
node/3840292051,三阳川站,2,2,0,2,0,,not_available,来源含站台线，不能当作真实面,way/436248000|way/1110772571
node/5728132767,三阳站,0,0,0,0,0,,not_available,未获取到关联站台源对象,
node/7798863096,上万站,3,3,3,0,0,,not_available,源对象与显示一致，实际完整性未核验,way/251486777|way/251486782|way/1085859836
node/3217457893,上交站,0,0,0,0,0,,not_available,未获取到关联站台源对象,
node/1582348728,上仓站,2,2,2,0,0,,not_available,源对象与显示一致，实际完整性未核验,way/1134659828|way/1134659829
node/10160788242,上仡佬站,0,0,0,0,0,,not_available,未获取到关联站台源对象,
node/9076173199,上元站,0,0,0,0,0,,not_available,未获取到关联站台源对象,
node/4066466652,上兰村站,1,1,0,1,0,,not_available,来源含站台线，不能当作真实面,way/543869355
node/553060982,上关站,0,0,0,0,0,,not_available,未获取到关联站台源对象,
node/8509189921,上周村站,0,0,0,0,0,,not_available,未获取到关联站台源对象,
node/2336082815,上园站,0,0,0,0,0,,not_available,未获取到关联站台源对象,
node/8341349258,上坝站,0,0,0,0,0,,not_available,未获取到关联站台源对象,
node/12218208493,上垌站,0,0,0,0,0,,not_available,未获取到关联站台源对象,
node/2456723931,上塘站,0,0,0,0,0,,not_available,未获取到关联站台源对象,
node/8557057511,上大堰站,0,0,0,0,0,,not_available,未获取到关联站台源对象,
node/3202942071,上孟站,0,0,0,0,0,,not_available,未获取到关联站台源对象,
node/8405135450,上安站,0,0,0,0,0,,not_available,未获取到关联站台源对象,
node/13602824158,上宫站,0,0,0,0,0,,not_available,未获取到关联站台源对象,
node/11832960722,上寺站,0,0,0,0,0,,not_available,未获取到关联站台源对象,
node/9263223095,上庄坨站,0,0,0,0,0,,not_available,未获取到关联站台源对象,
node/7236082611,上房山站,0,0,0,0,0,,not_available,未获取到关联站台源对象,
node/2092190082,上普雄站,1,1,1,0,0,,not_available,源对象与显示一致，实际完整性未核验,way/751896814
node/9992008818,上杭站,2,2,2,0,0,,not_available,源对象与显示一致，实际完整性未核验,way/1458068211|way/1458068212
node/4017665839,上板城南站,2,2,0,2,0,,not_available,来源含站台线，不能当作真实面,way/1115339041|way/1115339046
node/844821220,上板城站,2,2,0,2,0,,not_available,来源含站台线，不能当作真实面,way/1138152100|way/1138152101
node/7601066676,上格达站,0,0,0,0,0,,not_available,未获取到关联站台源对象,
node/12627525332,上河口站,1,1,1,0,0,,not_available,源对象与显示一致，实际完整性未核验,way/1482108282
node/9524455321,上河清站,0,0,0,0,0,,not_available,未获取到关联站台源对象,
node/3649017297,上泉站,0,0,0,0,0,,not_available,未获取到关联站台源对象,
node/7740215249,上洪站,0,0,0,0,0,,not_available,未获取到关联站台源对象,
node/7171261760,上海南站,11,11,7,4,0,,not_available,来源含站台线，不能当作真实面,way/92224641|way/95117209|way/95117211|way/95117212|way/95117213|way/95117214|way/587672953|way/95117210|way/549560537|way/561214088|way/561214089
node/3589651636,上海庙站,0,0,0,0,0,,not_available,未获取到关联站台源对象,
node/13907939990,上海庙西站,0,0,0,0,0,,not_available,未获取到关联站台源对象,
node/7160140850,上海松江站,9,9,2,7,0,,not_available,来源含站台线，不能当作真实面,way/877437598|way/877437599|way/1330123645|way/1330123654|way/1330128513|way/1330128514|way/1330128515|way/1330128519|way/1330135350
node/7161749775,上海站,10,10,7,3,0,,not_available,来源含站台线，不能当作真实面,way/454962091|way/454962092|way/454962093|way/454962094|way/454962095|way/454962096|way/454962097|way/513798341|way/513798342|way/513798345
node/4610023440,上海虹桥站,16,16,16,0,0,,not_available,源对象与显示一致，实际完整性未核验,way/341733839|way/341733844|way/341733845|way/341733846|way/341733847|way/341733848|way/341733849|way/341733850|way/341733851|way/341733852|way/341733853|way/341733854|way/341733855|way/341733857|way/341733859|way/341733860
node/7169128140,上海西站,3,3,3,0,0,,not_available,源对象与显示一致，实际完整性未核验,way/454934631|way/454934632|way/454934633
node/13124881862,上海金山站,0,0,0,0,0,,not_available,未获取到关联站台源对象,
node/9282598408,上深涧站,0,0,0,0,0,,not_available,未获取到关联站台源对象,
node/10901470908,上清站,0,0,0,0,0,,not_available,未获取到关联站台源对象,
node/4666461822,上清站,0,0,0,0,0,,not_available,未获取到关联站台源对象,
node/7236056302,上游站,0,0,0,0,0,,not_available,未获取到关联站台源对象,
node/9750179088,上烟站,2,2,2,0,0,,not_available,源对象与显示一致，实际完整性未核验,way/1061196750|way/1061196751
way/1492329865,上缆车站,0,0,0,0,0,,not_available,未获取到关联站台源对象,
node/2340595342,上腰墩站,0,0,0,0,0,,not_available,未获取到关联站台源对象,
node/2333085946,上营站,0,0,0,0,0,,not_available,未获取到关联站台源对象,
node/11536193005,上虞南站,2,2,0,2,0,,not_available,来源含站台线，不能当作真实面,way/1241565985|way/1241565986
node/7719079445,上虞站,0,0,0,0,0,,not_available,未获取到关联站台源对象,
node/6960866211,上街站,0,0,0,0,0,,not_available,未获取到关联站台源对象,
node/3193144359,上西铺站,0,0,0,0,0,,not_available,未获取到关联站台源对象,
node/2374576654,上谷站,0,0,0,0,0,,not_available,未获取到关联站台源对象,
node/5488773089,上铺站,0,0,0,0,0,,not_available,未获取到关联站台源对象,
node/8375507556,上阳武站,0,0,0,0,0,,not_available,未获取到关联站台源对象,
node/8016226687,上陵站,2,2,2,0,0,,not_available,源对象与显示一致，实际完整性未核验,way/1424564323|way/1424564324
node/9218083765,上隍站,0,0,0,0,0,,not_available,未获取到关联站台源对象,
node/1579354022,上饶站,7,7,7,0,0,,not_available,源对象与显示一致，实际完整性未核验,way/358662320|way/358669170|way/358669171|way/358669172|way/358669173|way/358669174|way/358669175
node/2456850535,上高南站,0,0,0,0,0,,not_available,未获取到关联站台源对象,
node/6322602588,上高站,0,0,0,0,0,,not_available,未获取到关联站台源对象,
node/2371591471,上高镇站,0,0,0,0,0,,not_available,未获取到关联站台源对象,
node/9980091033,上鹅峰站,0,0,0,0,0,,not_available,未获取到关联站台源对象,
node/4899864476,下两站,1,1,0,1,0,,not_available,来源含站台线，不能当作真实面,way/498599134
node/1582348730,下仓站,1,1,1,0,0,,not_available,源对象与显示一致，实际完整性未核验,way/1134659770
node/6537015830,下元站,0,0,0,0,0,,not_available,未获取到关联站台源对象,
node/13119854182,下冷水站,0,0,0,0,0,,not_available,未获取到关联站台源对象,
node/5530871825,下初站,2,2,2,0,0,,not_available,源对象与显示一致，实际完整性未核验,way/1453881877|way/1453881878
node/6308158129,下南泉站,0,0,0,0,0,,not_available,未获取到关联站台源对象,
node/9087403300,下却站,0,0,0,0,0,,not_available,未获取到关联站台源对象,
node/4017761229,下台子站,1,1,0,1,0,,not_available,来源含站台线，不能当作真实面,way/1113179891
node/8541577163,下各站,0,0,0,0,0,,not_available,未获取到关联站台源对象,
node/10108686955,下坪站,0,0,0,0,0,,not_available,未获取到关联站台源对象,
node/9131669913,下城子站,2,2,0,2,0,,not_available,来源含站台线，不能当作真实面,way/1118933078|way/1118933079
node/10983326653,下堡坪站,0,0,0,0,0,,not_available,未获取到关联站台源对象,
node/8293209406,下塘站,0,0,0,0,0,,not_available,未获取到关联站台源对象,
node/8503032873,下塘集站,0,0,0,0,0,,not_available,未获取到关联站台源对象,
node/7212001154,下太和站,0,0,0,0,0,,not_available,未获取到关联站台源对象,
node/2470295127,下官院站,0,0,0,0,0,,not_available,未获取到关联站台源对象,
node/2643971205,下寨站,0,0,0,0,0,,not_available,未获取到关联站台源对象,
node/7276282772,下小岔站,0,0,0,0,0,,not_available,未获取到关联站台源对象,
node/2958219633,下峪口站,0,0,0,0,0,,not_available,未获取到关联站台源对象,
node/3956108502,下庄站,0,0,0,0,0,,not_available,未获取到关联站台源对象,
node/13437560697,下庙子站,1,1,1,0,0,,not_available,源对象与显示一致，实际完整性未核验,way/1469438476
node/2092190123,下普雄站,0,0,0,0,0,,not_available,未获取到关联站台源对象,
node/7781469282,下村站,0,0,0,0,0,,not_available,未获取到关联站台源对象,
node/2336082826,下板城站,3,3,3,0,0,,not_available,源对象与显示一致，实际完整性未核验,way/1159017151|way/1159017152|way/1159017153
node/13119854181,下棕溪站,0,0,0,0,0,,not_available,未获取到关联站台源对象,
way/1058128708,下沙-长安市域铁路长安南车辆基地,0,0,0,0,0,,not_available,未获取到关联站台源对象,
node/9076173196,下河清站,0,0,0,0,0,,not_available,未获取到关联站台源对象,
node/3956103706,下河站,1,1,0,1,0,,not_available,来源含站台线，不能当作真实面,way/1033241452
node/8765292889,下洋站,0,0,0,0,0,,not_available,未获取到关联站台源对象,
node/3706573238,下湾站,0,0,0,0,0,,not_available,未获取到关联站台源对象,
node/9199275517,下炉站,0,0,0,0,0,,not_available,未获取到关联站台源对象,
node/4498342876,下王塘站,0,0,0,0,0,,not_available,未获取到关联站台源对象,
node/1984411019,下社站,0,0,0,0,0,,not_available,未获取到关联站台源对象,
node/10302861890,下秦山站,0,0,0,0,0,,not_available,未获取到关联站台源对象,
way/1492329864,下缆车站,0,0,0,0,0,,not_available,未获取到关联站台源对象,
node/4759822044,下花园北站,2,2,2,0,0,,not_available,源对象与显示一致，实际完整性未核验,relation/15651673|way/1157674476
node/277605044,下花园站,2,2,0,2,0,,not_available,来源含站台线，不能当作真实面,way/1085215441|way/1085215442
node/9329260405,下藤桥站,0,0,0,0,0,,not_available,未获取到关联站台源对象,
node/1709799617,下蜀站,0,0,0,0,0,,not_available,未获取到关联站台源对象,
node/7202565684,下辛店站,0,0,0,0,0,,not_available,未获取到关联站台源对象,
node/7252546302,下过溪站,0,0,0,0,0,,not_available,未获取到关联站台源对象,
node/2349438759,下马塘站,0,0,0,0,0,,not_available,未获取到关联站台源对象,
node/7369154308,下马崖 باي站,0,0,0,0,0,,not_available,未获取到关联站台源对象,
node/7369154307,下马崖北 شىمالىي باي站,0,0,0,0,0,,not_available,未获取到关联站台源对象,
node/7296224595,不冻泉站,1,1,0,1,0,,not_available,来源含站台线，不能当作真实面,way/1535683667
node/11982991005,不连沟站,0,0,0,0,0,,not_available,未获取到关联站台源对象,
node/7021861674,不锈钢园区站,0,0,0,0,0,,not_available,未获取到关联站台源对象,
node/4663166665,且午站,0,0,0,0,0,,not_available,未获取到关联站台源对象,
node/8204071013,且末 چەرچەن站,0,0,0,0,0,,not_available,未获取到关联站台源对象,
node/9763069258,世博园站,0,0,0,0,0,,not_available,未获取到关联站台源对象,
node/9980091035,丙村站,0,0,0,0,0,,not_available,未获取到关联站台源对象,
node/5230059143,丙谷东站,0,0,0,0,0,,not_available,未获取到关联站台源对象,
node/1558444875,丙谷站,0,0,0,0,0,,not_available,未获取到关联站台源对象,
node/9169258492,东三家站,0,0,0,0,0,,not_available,未获取到关联站台源对象,
node/7369194524,东三矿站,0,0,0,0,0,,not_available,未获取到关联站台源对象,
node/1550774742,东丰站,0,0,0,0,0,,not_available,未获取到关联站台源对象,
node/6510193806,东乌旗站,1,1,1,0,0,,not_available,源对象与显示一致，实际完整性未核验,way/858310414
node/9524455329,东乐站,0,0,0,0,0,,not_available,未获取到关联站台源对象,
node/11873977105,东乡站,0,0,0,0,0,,not_available,未获取到关联站台源对象,
node/573196736,东乡站,2,2,2,0,0,,not_available,源对象与显示一致，实际完整性未核验,way/381225979|way/381225980
node/13406974022,东二矿站,0,0,0,0,0,,not_available,未获取到关联站台源对象,
node/9129925022,东二道河站,1,1,0,1,0,,not_available,来源含站台线，不能当作真实面,way/299789755
node/14003841750,东井站,1,1,0,1,0,,not_available,来源含站台线，不能当作真实面,way/1537379629
node/1604842611,东京城站,2,2,0,2,0,,not_available,来源含站台线，不能当作真实面,way/1115717794|way/1115717795
node/9129925036,东佳木斯站,1,1,0,1,0,,not_available,来源含站台线，不能当作真实面,way/1089355666
node/13506321586,东保卫站,0,0,0,0,0,,not_available,未获取到关联站台源对象,
node/8392781271,东元庆站,0,0,0,0,0,,not_available,未获取到关联站台源对象,
node/3949950007,东光北站,1,1,1,0,0,,not_available,源对象与显示一致，实际完整性未核验,way/1111702496
node/8410481231,东光站,3,3,3,0,0,,not_available,源对象与显示一致，实际完整性未核验,way/1049649636|way/1049649637|way/1049649643
node/12519624558,东关屯站,0,0,0,0,0,,not_available,未获取到关联站台源对象,
node/10897836294,东关站,0,0,0,0,0,,not_available,未获取到关联站台源对象,
node/9229648673,东关站,0,0,0,0,0,,not_available,未获取到关联站台源对象,
node/6237827899,东兴市站,2,2,2,0,0,,not_available,源对象与显示一致，实际完整性未核验,way/935201962|way/935201967
node/4180575967,东兴站,0,0,0,0,0,,not_available,未获取到关联站台源对象,
node/3365112220,东冲铺站,0,0,0,0,0,,not_available,未获取到关联站台源对象,
node/2351995606,东冶站,0,0,0,0,0,,not_available,未获取到关联站台源对象,
node/3671619716,东凌井站,1,1,1,0,0,,not_available,源对象与显示一致，实际完整性未核验,way/1064118174
node/9758623232,东凤站,0,0,0,0,0,,not_available,未获取到关联站台源对象,
node/8191141376,东升坝站,0,0,0,0,0,,not_available,未获取到关联站台源对象,
node/7710011720,东升站,0,0,0,0,0,,not_available,未获取到关联站台源对象,
node/1720956464,东南营子站,0,0,0,0,0,,not_available,未获取到关联站台源对象,
node/9121569871,东双合屯站,0,0,0,0,0,,not_available,未获取到关联站台源对象,
node/8024938629,东双桥站,0,0,0,0,0,,not_available,未获取到关联站台源对象,
node/3612292346,东双河站,0,0,0,0,0,,not_available,未获取到关联站台源对象,
node/3026390646,东口站,1,1,0,1,0,,not_available,来源含站台线，不能当作真实面,way/499359510
node/7369008114,东台地站,0,0,0,0,0,,not_available,未获取到关联站台源对象,
node/1608115663,东台站,4,4,4,0,0,,not_available,源对象与显示一致，实际完整性未核验,way/1152512493|way/1152512494|way/1152512499|way/1152512500
node/9207275765,东吴站,0,0,0,0,0,,not_available,未获取到关联站台源对象,
node/9282598412,东周窑站,0,0,0,0,0,,not_available,未获取到关联站台源对象,
node/7369194525,东四矿站,0,0,0,0,0,,not_available,未获取到关联站台源对象,
node/7798843654,东园站,2,2,0,2,0,,not_available,来源含站台线，不能当作真实面,way/128012619|way/128013559
node/11832960822,东坝站,0,0,0,0,0,,not_available,未获取到关联站台源对象,
node/3697044152,东坡站,0,0,0,0,0,,not_available,未获取到关联站台源对象,
node/8021537650,东坡站,0,0,0,0,0,,not_available,未获取到关联站台源对象,
node/9196767921,东城南站,2,2,2,0,0,,not_available,源对象与显示一致，实际完整性未核验,way/1509474217|way/1509474218
node/5206669511,东埔站,0,0,0,0,0,,not_available,未获取到关联站台源对象,
node/8428724689,东大坝站,1,1,0,1,0,,not_available,来源含站台线，不能当作真实面,way/1434669024
node/9123967454,东大屯站,0,0,0,0,0,,not_available,未获取到关联站台源对象,
node/9235497290,东大沽站,0,0,0,0,0,,not_available,未获取到关联站台源对象,
node/2502491263,东孚站,0,0,0,0,0,,not_available,未获取到关联站台源对象,
node/3022089959,东孝站,0,0,0,0,0,,not_available,未获取到关联站台源对象,
node/9131669906,东宁站,1,1,1,0,0,,not_available,源对象与显示一致，实际完整性未核验,way/932413158
node/5144292957,东安东站,2,2,2,0,0,,not_available,源对象与显示一致，实际完整性未核验,way/1307031012|way/1307031013
node/1573735881,东安站,0,0,0,0,0,,not_available,未获取到关联站台源对象,
node/9169253678,东官营站,0,0,0,0,0,,not_available,未获取到关联站台源对象,
node/2332314835,东富站,0,0,0,0,0,,not_available,未获取到关联站台源对象,
node/4068182352,东寨站,0,0,0,0,0,,not_available,未获取到关联站台源对象,
node/12925939824,东山县站,0,0,0,0,0,,not_available,未获取到关联站台源对象,
node/14156675334,东山站,0,0,0,0,0,,not_available,未获取到关联站台源对象,
node/4366580972,东山站,0,0,0,0,0,,not_available,未获取到关联站台源对象,
node/13963970445,东山镇站,0,0,0,0,0,,not_available,未获取到关联站台源对象,
node/4906402909,东岔站,2,2,0,2,0,,not_available,来源含站台线，不能当作真实面,way/695954489|way/695954490
node/10917569597,东岗站,1,1,1,0,0,,not_available,源对象与显示一致，实际完整性未核验,way/1467492752
node/6687935740,东岗站,1,1,0,1,0,,not_available,来源含站台线，不能当作真实面,way/1113343027
node/9182286758,东川站,0,0,0,0,0,,not_available,未获取到关联站台源对象,
node/10120263951,东平站,3,3,3,0,0,,not_available,源对象与显示一致，实际完整性未核验,way/1432197044|way/1432197045|way/1432197046
node/12791639302,东平站,0,0,0,0,0,,not_available,未获取到关联站台源对象,
node/1984410965,东庄站,0,0,0,0,0,,not_available,未获取到关联站台源对象,
node/9242869561,东庄站,0,0,0,0,0,,not_available,未获取到关联站台源对象,
node/7473462474,东庙沟站,0,0,0,0,0,,not_available,未获取到关联站台源对象,
node/8407297387,东张马站,0,0,0,0,0,,not_available,未获取到关联站台源对象,
node/9517242680,东徐庄乘降所,1,1,0,1,0,,not_available,来源含站台线，不能当作真实面,way/1032967018
node/8413859638,东戴河站,0,0,0,0,0,,not_available,未获取到关联站台源对象,
node/7638983866,东方站,3,3,3,0,0,,not_available,源对象与显示一致，实际完整性未核验,way/1035827954|way/1035827955|way/1035827956
node/3693604532,东方红站,1,1,0,1,0,,not_available,来源含站台线，不能当作真实面,way/1086317293
node/9565762623,东明县站,2,2,0,2,0,,not_available,来源含站台线，不能当作真实面,way/1050273041|way/1050273042
node/1720956461,东明村站,1,1,0,1,0,,not_available,来源含站台线，不能当作真实面,way/1481209755
node/844682326,东来站,1,1,1,0,0,,not_available,源对象与显示一致，实际完整性未核验,way/1481209744
node/7319313623,东柴山站,0,0,0,0,0,,not_available,未获取到关联站台源对象,
node/7202547229,东桥站,0,0,0,0,0,,not_available,未获取到关联站台源对象,
node/6483314927,东梁站,0,0,0,0,0,,not_available,未获取到关联站台源对象,
node/8375244252,东榆林站,2,2,0,2,0,,not_available,来源含站台线，不能当作真实面,way/557194753|way/557194754
node/4076455347,东槽站,0,0,0,0,0,,not_available,未获取到关联站台源对象,
node/2045664613,东水峡站,0,0,0,0,0,,not_available,未获取到关联站台源对象,
node/8857281208,东江站,0,0,0,0,0,,not_available,未获取到关联站台源对象,
node/5171146200,东沙王庄站,0,0,0,0,0,,not_available,未获取到关联站台源对象,
node/2336082786,东沟门站,0,0,0,0,0,,not_available,未获取到关联站台源对象,
node/9512571940,东河南站,0,0,0,0,0,,not_available,未获取到关联站台源对象,
node/8390829875,东河站,0,0,0,0,0,,not_available,未获取到关联站台源对象,
node/9223366448,东泉站,0,0,0,0,0,,not_available,未获取到关联站台源对象,
node/2154670845,东津站,1,1,0,1,0,,not_available,来源含站台线，不能当作真实面,way/1120165257
node/9242299259,东海县站,0,0,0,0,0,,not_available,未获取到关联站台源对象,
way/1252756979,东海县站徐连高速场,0,0,0,0,0,,not_available,未获取到关联站台源对象,
node/8973993061,东海岛站,0,0,0,0,0,,not_available,未获取到关联站台源对象,
node/9137873809,东海站,2,2,0,2,0,,not_available,来源含站台线，不能当作真实面,way/601164402|way/601164403
node/1984410964,东淤地站,0,0,0,0,0,,not_available,未获取到关联站台源对象,
node/9166853507,东港北站,2,2,2,0,0,,not_available,源对象与显示一致，实际完整性未核验,way/984226572|way/984226573
node/9280035522,东港站,0,0,0,0,0,,not_available,未获取到关联站台源对象,
node/12712850244,东湖站,0,0,0,0,0,,not_available,未获取到关联站台源对象,
node/840178569,东湾站,0,0,0,0,0,,not_available,未获取到关联站台源对象,
node/4617869310,东滩站,0,0,0,0,0,,not_available,未获取到关联站台源对象,
node/12712850246,东灶港站,0,0,0,0,0,,not_available,未获取到关联站台源对象,
node/2945730153,东牛家庄站,0,0,0,0,0,,not_available,未获取到关联站台源对象,
node/8901184327,东环站,2,2,2,0,0,,not_available,源对象与显示一致，实际完整性未核验,way/1295986431|way/1509474199
node/746565019,东田良站,0,0,0,0,0,,not_available,未获取到关联站台源对象,
node/9282598410,东碾头站,0,0,0,0,0,,not_available,未获取到关联站台源对象,
node/12957861681,东神头站,0,0,0,0,0,,not_available,未获取到关联站台源对象,
node/8973993060,东简站,0,0,0,0,0,,not_available,未获取到关联站台源对象,
node/9312908631,东篁店站,0,0,0,0,0,,not_available,未获取到关联站台源对象,
node/5169885348,东胜东站,2,2,2,0,0,,not_available,源对象与显示一致，实际完整性未核验,way/1451178104|way/1451178105
node/4593258154,东胜站,0,0,0,0,0,,not_available,未获取到关联站台源对象,
node/3045569787,东胜西站,2,2,2,0,0,,not_available,源对象与显示一致，实际完整性未核验,way/948871989|way/948871990
node/2381264575,东至站,0,0,0,0,0,,not_available,未获取到关联站台源对象,
node/10973711959,东舍场,0,0,0,0,0,,not_available,未获取到关联站台源对象,
node/4759794422,东花园北站,2,2,2,0,0,,not_available,源对象与显示一致，实际完整性未核验,way/1158511066|way/1158511067
node/7354877226,东花园站,2,2,0,2,0,,not_available,来源含站台线，不能当作真实面,way/1080778004|way/1080778005
node/13506343003,东荣站,0,0,0,0,0,,not_available,未获取到关联站台源对象,
node/4641554944,东莞东站,3,3,3,0,0,,not_available,源对象与显示一致，实际完整性未核验,way/469896069|way/469896070|way/760146670
node/8270586790,东莞南站,4,4,4,0,0,,not_available,源对象与显示一致，实际完整性未核验,way/1011176139|way/1011176140|way/1011176141|way/1011176142
node/9195330004,东莞港站,0,0,0,0,0,,not_available,未获取到关联站台源对象,
node/7101309828,东莞站,0,0,0,0,0,,not_available,未获取到关联站台源对象,
node/7056577695,东莞西站,5,5,4,1,0,,not_available,来源含站台线，不能当作真实面,way/1467964966|way/1467964967|way/1467964968|way/1467964969|way/1287003536
node/3855828881,东营南站,2,2,2,0,0,,not_available,源对象与显示一致，实际完整性未核验,way/1372396369|way/1372396370
node/9251972100,东营港站,0,0,0,0,0,,not_available,未获取到关联站台源对象,
node/4585491663,东营站,0,0,0,0,0,,not_available,未获取到关联站台源对象,
node/9254936105,东营西站,0,0,0,0,0,,not_available,未获取到关联站台源对象,
node/6558478659,东葛站,0,0,0,0,0,,not_available,未获取到关联站台源对象,
node/11873245098,东西岩站,0,0,0,0,0,,not_available,未获取到关联站台源对象,
node/3507932989,东观站,1,1,0,1,0,,not_available,来源含站台线，不能当作真实面,way/344025840
node/8380178586,东赵站,0,0,0,0,0,,not_available,未获取到关联站台源对象,
node/1582507134,东辛庄站,0,0,0,0,0,,not_available,未获取到关联站台源对象,
node/9223366454,东辛站,0,0,0,0,0,,not_available,未获取到关联站台源对象,
node/2344167668,东边井站,2,2,0,2,0,,not_available,来源含站台线，不能当作真实面,way/1111042284|way/1111042285
node/9164484582,东辽阳站,0,0,0,0,0,,not_available,未获取到关联站台源对象,
node/14156675332,东选站,0,0,0,0,0,,not_available,未获取到关联站台源对象,
node/1550539230,东通化站,1,1,1,0,0,,not_available,源对象与显示一致，实际完整性未核验,way/1130553412
node/8415534944,东都站,0,0,0,0,0,,not_available,未获取到关联站台源对象,
node/4076158512,东镇站,0,0,0,0,0,,not_available,未获取到关联站台源对象,
node/9131669864,东门站,1,1,0,1,0,,not_available,来源含站台线，不能当作真实面,way/967293173
node/8398800764,东阳关站,1,1,1,0,0,,not_available,源对象与显示一致，实际完整性未核验,way/1123718811
node/11309195871,东阳北站,0,0,0,0,0,,not_available,未获取到关联站台源对象,
node/9287647724,东阳站,2,2,0,2,0,,not_available,来源含站台线，不能当作真实面,way/344025843|way/344025848
node/8829211661,东陵站,3,3,0,3,0,,not_available,来源含站台线，不能当作真实面,way/1366161935|way/1366161956|way/1366161957
node/9287647742,东露天站,0,0,0,0,0,,not_available,未获取到关联站台源对象,
node/10556364303,东韩家站,0,0,0,0,0,,not_available,未获取到关联站台源对象,
node/9265491972,东风南站,0,0,0,0,0,,not_available,未获取到关联站台源对象,
node/5109697031,东风港站,0,0,0,0,0,,not_available,未获取到关联站台源对象,
node/8345587836,东风站,0,0,0,0,0,,not_available,未获取到关联站台源对象,
node/9076173202,东风站,0,0,0,0,0,,not_available,未获取到关联站台源对象,
node/10751726085,东黄坨站,0,0,0,0,0,,not_available,未获取到关联站台源对象,
node/8440044938,两下店站,0,0,0,0,0,,not_available,未获取到关联站台源对象,
node/12697922880,两城站,0,0,0,0,0,,not_available,未获取到关联站台源对象,
node/1273438948,两家站,0,0,0,0,0,,not_available,未获取到关联站台源对象,
node/11901257578,两山站,0,0,0,0,0,,not_available,未获取到关联站台源对象,
node/2373342127,两当站,1,1,0,1,0,,not_available,来源含站台线，不能当作真实面,way/536381295
node/8317336145,两所屯站,2,2,2,0,0,,not_available,源对象与显示一致，实际完整性未核验,way/1270291597|way/1270291598
node/11134136751,两水站,0,0,0,0,0,,not_available,未获取到关联站台源对象,
node/8192930847,两河口站,0,0,0,0,0,,not_available,未获取到关联站台源对象,
node/3901345861,两渡站,0,0,0,0,0,,not_available,未获取到关联站台源对象,
node/8293700344,两路口站,0,0,0,0,0,,not_available,未获取到关联站台源对象,
node/8154570912,严关乡站,0,0,0,0,0,,not_available,未获取到关联站台源对象,
node/7780346106,严坊站,0,0,0,0,0,,not_available,未获取到关联站台源对象,
node/9182286776,个旧站,1,1,1,0,0,,not_available,源对象与显示一致，实际完整性未核验,way/952960930
node/8286223112,丫口寨站,0,0,0,0,0,,not_available,未获取到关联站台源对象,
node/4883415766,中仓站,4,4,1,3,0,,not_available,来源含站台线，不能当作真实面,way/713937989|way/115505282|way/115505290|way/1055413821
node/2501362971,中仙站,0,0,0,0,0,,not_available,未获取到关联站台源对象,
node/1660818558,中兴站,0,0,0,0,0,,not_available,未获取到关联站台源对象,
node/14003841749,中华站,0,0,0,0,0,,not_available,未获取到关联站台源对象,
node/1027660030,中华门站,1,1,1,0,0,,not_available,源对象与显示一致，实际完整性未核验,way/148412057
node/7095681950,中卫南站,3,3,0,3,0,,not_available,来源含站台线，不能当作真实面,way/814616936|way/814616937|way/814616938
node/9118892093,中卫站,2,2,0,2,0,,not_available,来源含站台线，不能当作真实面,way/1312567341|way/1312567342
node/6894218190,中原站,1,1,0,1,0,,not_available,来源含站台线，不能当作真实面,way/1372655049
node/1721802922,中台子站,1,1,0,1,0,,not_available,来源含站台线，不能当作真实面,way/1459382567
node/1728086250,中和站,1,1,0,1,0,,not_available,来源含站台线，不能当作真实面,way/1118617018
node/9322545562,中和镇站,0,0,0,0,0,,not_available,未获取到关联站台源对象,
node/1681825253,中嘴站,0,0,0,0,0,,not_available,未获取到关联站台源对象,
node/8434476651,中固站,0,0,0,0,0,,not_available,未获取到关联站台源对象,
node/10286831051,中国原子城站,1,1,1,0,0,,not_available,源对象与显示一致，实际完整性未核验,way/1468614418
node/8009300158,中垾站,0,0,0,0,0,,not_available,未获取到关联站台源对象,
node/7063140834,中堂站,0,0,0,0,0,,not_available,未获取到关联站台源对象,
node/3840243154,中堡站,0,0,0,0,0,,not_available,未获取到关联站台源对象,
node/2838820650,中复站,0,0,0,0,0,,not_available,未获取到关联站台源对象,
node/4071848354,中宁东站,0,0,0,0,0,,not_available,未获取到关联站台源对象,
node/840033678,中宁南站,0,0,0,0,0,,not_available,未获取到关联站台源对象,
node/5920270996,中宁站,0,0,0,0,0,,not_available,未获取到关联站台源对象,
node/7687064594,中宅站,0,0,0,0,0,,not_available,未获取到关联站台源对象,
node/8333458803,中寨站,0,0,0,0,0,,not_available,未获取到关联站台源对象,
node/7249634471,中山北站,4,4,0,4,0,,not_available,来源含站台线，不能当作真实面,way/1540720690|way/1540720691|way/1540720692|way/1540720693
node/7710011719,中山站,2,2,2,0,0,,not_available,源对象与显示一致，实际完整性未核验,way/1274741736|way/1274741737
node/3754504344,中川北站,1,1,1,0,0,,not_available,源对象与显示一致，实际完整性未核验,way/408649786
node/3744898244,中川机场,1,1,1,0,0,,not_available,源对象与显示一致，实际完整性未核验,way/409219873
node/10826706380,中川机场东站,2,2,0,2,0,,not_available,来源含站台线，不能当作真实面,way/1255765638|way/1255765639
node/13988389002,中心区乘降点站,0,0,0,0,0,,not_available,未获取到关联站台源对象,
node/13508852396,中心河站,0,0,0,0,0,,not_available,未获取到关联站台源对象,
node/11944888811,中心站,0,0,0,0,0,,not_available,未获取到关联站台源对象,
node/13505962534,中心站,0,0,0,0,0,,not_available,未获取到关联站台源对象,
node/9334658562,中心站,0,0,0,0,0,,not_available,未获取到关联站台源对象,
node/13516002825,中新产业园站,0,0,0,0,0,,not_available,未获取到关联站台源对象,
node/1909889540,中方站,0,0,0,0,0,,not_available,未获取到关联站台源对象,
node/3098439950,中村站,0,0,0,0,0,,not_available,未获取到关联站台源对象,
node/4676485633,中桥站,3,3,0,3,0,,not_available,来源含站台线，不能当作真实面,way/434346874|way/434358154|way/434358156
node/3500267612,中梁山站,0,0,0,0,0,,not_available,未获取到关联站台源对象,
node/11837829321,中沙坝（预留）,0,0,0,0,0,,not_available,未获取到关联站台源对象,
node/8337940185,中滩站,0,0,0,0,0,,not_available,未获取到关联站台源对象,
node/12404403773,中灶火站,0,0,0,0,0,,not_available,未获取到关联站台源对象,
node/1775221286,中牟站,2,2,2,0,0,,not_available,源对象与显示一致，实际完整性未核验,way/1391534267|way/1391534308
node/9246201055,中至站,0,0,0,0,0,,not_available,未获取到关联站台源对象,
node/8337934840,中谊村站,0,0,0,0,0,,not_available,未获取到关联站台源对象,
node/1794819239,中阳站,0,0,0,0,0,,not_available,未获取到关联站台源对象,
node/7202574479,中驿站,0,0,0,0,0,,not_available,未获取到关联站台源对象,
node/4022924743,中高村站,0,0,0,0,0,,not_available,未获取到关联站台源对象,
node/3156239524,中鸡站,0,0,0,0,0,,not_available,未获取到关联站台源对象,
node/7792095154,中鼎物流园站,2,2,2,0,0,,not_available,源对象与显示一致，实际完整性未核验,way/1473431946|way/1473431947
node/8508742580,丰乐站,0,0,0,0,0,,not_available,未获取到关联站台源对象,
node/9129925029,丰乐镇站,1,1,0,1,0,,not_available,来源含站台线，不能当作真实面,way/1124364540
node/3953271241,丰南南站,1,1,0,1,0,,not_available,来源含站台线，不能当作真实面,way/1360221544
node/9274358857,丰南站,2,2,2,0,0,,not_available,源对象与显示一致，实际完整性未核验,way/1087558323|way/1087558324
node/3953246950,丰南西站,0,0,0,0,0,,not_available,未获取到关联站台源对象,
node/9223324913,丰县站,0,0,0,0,0,,not_available,未获取到关联站台源对象,
node/7415912688,丰台西站,0,0,0,0,0,,not_available,未获取到关联站台源对象,
node/2940767972,丰城东站,2,2,2,0,0,,not_available,源对象与显示一致，实际完整性未核验,way/1012110959|way/1012110960
node/2314081732,丰城南站,0,0,0,0,0,,not_available,未获取到关联站台源对象,
node/2445670162,丰城站,2,2,2,0,0,,not_available,源对象与显示一致，实际完整性未核验,way/379543316|way/379543317
node/4020932776,丰宁北站,0,0,0,0,0,,not_available,未获取到关联站台源对象,
node/4020941089,丰宁南站,0,0,0,0,0,,not_available,未获取到关联站台源对象,
node/3955145563,丰宁站,2,2,0,2,0,,not_available,来源含站台线，不能当作真实面,way/1093996993|way/1093996994
node/2332314836,丰广站,0,0,0,0,0,,not_available,未获取到关联站台源对象,
node/4997195705,丰林站,0,0,0,0,0,,not_available,未获取到关联站台源对象,
node/9118892083,丰水村站,1,1,1,0,0,,not_available,源对象与显示一致，实际完整性未核验,way/407220752
node/7781504426,丰润南站,0,0,0,0,0,,not_available,未获取到关联站台源对象,
node/3969960720,丰润西站,1,1,0,1,0,,not_available,来源含站台线，不能当作真实面,way/1098526587
node/11302329933,丰都北站,0,0,0,0,0,,not_available,未获取到关联站台源对象,
node/3499357608,丰都站,0,0,0,0,0,,not_available,未获取到关联站台源对象,
node/11669105993,丰镇北站,2,2,2,0,0,,not_available,源对象与显示一致，实际完整性未核验,way/1451949820|way/1451949821
node/1597596180,丰镇站,2,2,2,0,0,,not_available,源对象与显示一致，实际完整性未核验,way/249853732|way/249853839
node/13061379941,丰顺东站,0,0,0,0,0,,not_available,未获取到关联站台源对象,
node/7723115153,丰顺村站,0,0,0,0,0,,not_available,未获取到关联站台源对象,
node/13645613004,丰顺站,0,0,0,0,0,,not_available,未获取到关联站台源对象,
node/1657973439,串子沟站,0,0,0,0,0,,not_available,未获取到关联站台源对象,
node/4066594113,临县北站,0,0,0,0,0,,not_available,未获取到关联站台源对象,
node/4066594112,临县站,0,0,0,0,0,,not_available,未获取到关联站台源对象,
node/5431792962,临城站,4,4,4,0,0,,not_available,源对象与显示一致，实际完整性未核验,way/1067245070|way/1067245071|way/1067245072|way/1067245082
node/4537723162,临夏站,0,0,0,0,0,,not_available,未获取到关联站台源对象,
node/13077904498,临安站,1,1,0,1,0,,not_available,来源含站台线，不能当作真实面,way/1427339077
node/2445434505,临川站,0,0,0,0,0,,not_available,未获取到关联站台源对象,
node/8175715379,临巴溪站,0,0,0,0,0,,not_available,未获取到关联站台源对象,
node/9417119736,临平北站,0,0,0,0,0,,not_available,未获取到关联站台源对象,
node/7160108922,临平南站,2,2,2,0,0,,not_available,源对象与显示一致，实际完整性未核验,way/874542896|way/874542897
node/7357921368,临平站,2,2,2,0,0,,not_available,源对象与显示一致，实际完整性未核验,way/770046068|way/770046069
node/8395249615,临朐站,0,0,0,0,0,,not_available,未获取到关联站台源对象,
node/2329134709,临水站,1,1,1,0,0,,not_available,源对象与显示一致，实际完整性未核验,way/1115809399
node/8506560192,临水镇站,0,0,0,0,0,,not_available,未获取到关联站台源对象,
node/4976678690,临汝镇站,0,0,0,0,0,,not_available,未获取到关联站台源对象,
node/1586701899,临江场,0,0,0,0,0,,not_available,未获取到关联站台源对象,
node/8173038391,临江寺站,0,0,0,0,0,,not_available,未获取到关联站台源对象,
node/8323579405,临江溪站,0,0,0,0,0,,not_available,未获取到关联站台源对象,
node/9174163143,临江站,1,1,1,0,0,,not_available,源对象与显示一致，实际完整性未核验,way/1072284514
node/8087507139,临江铺站,0,0,0,0,0,,not_available,未获取到关联站台源对象,
node/2279196087,临江镇站,0,0,0,0,0,,not_available,未获取到关联站台源对象,
node/4076217870,临汾北站,0,0,0,0,0,,not_available,未获取到关联站台源对象,
node/807798087,临汾站,0,0,0,0,0,,not_available,未获取到关联站台源对象,
node/3012035419,临汾西站,0,0,0,0,0,,not_available,未获取到关联站台源对象,
node/1673581107,临沂东站,2,2,0,2,0,,not_available,来源含站台线，不能当作真实面,way/287709938|way/287709942
node/9255881280,临沂北站,16,16,0,16,0,,not_available,来源含站台线，不能当作真实面,way/694648540|way/694648541|way/694648546|way/694648547|way/793359849|way/793359850|way/793359851|way/793359852|way/793359853|way/793359856|way/793359857|way/793359858|way/793359865|way/793359866|way/793359867|way/793359868
node/2913762899,临沂南站,1,1,0,1,0,,not_available,来源含站台线，不能当作真实面,way/1158076169
node/10120263942,临沂站,7,7,5,2,0,,not_available,来源含站台线，不能当作真实面,way/176018686|way/230728439|way/1379295713|way/1379295714|way/1379295778|way/462114162|way/462114163
node/8342496886,临沧站,2,2,2,0,0,,not_available,源对象与显示一致，实际完整性未核验,way/1496734191|way/1496734192
node/3341441115,临沭站,0,0,0,0,0,,not_available,未获取到关联站台源对象,
node/7473263125,临河站,0,0,0,0,0,,not_available,未获取到关联站台源对象,
node/8905032006,临泉站,0,0,0,0,0,,not_available,未获取到关联站台源对象,
node/2987122864,临泽南站,2,2,2,0,0,,not_available,源对象与显示一致，实际完整性未核验,way/1472115601|way/1472115602
node/8064049603,临泽站,1,1,1,0,0,,not_available,源对象与显示一致，实际完整性未核验,way/1499064818
node/4607602418,临洺关站,0,0,0,0,0,,not_available,未获取到关联站台源对象,
node/8566164681,临海东站,0,0,0,0,0,,not_available,未获取到关联站台源对象,
node/8566213144,临海南站,0,0,0,0,0,,not_available,未获取到关联站台源对象,
node/7714110157,临海站,0,0,0,0,0,,not_available,未获取到关联站台源对象,
node/9226690944,临涣矿站,0,0,0,0,0,,not_available,未获取到关联站台源对象,
node/6202567108,临淄北站,0,0,0,0,0,,not_available,未获取到关联站台源对象,
node/8093813886,临淄站,0,0,0,0,0,,not_available,未获取到关联站台源对象,
node/11296772787,临清东站,2,2,0,2,0,,not_available,来源含站台线，不能当作真实面,way/1548147138|way/1548147139
node/1672448051,临清站,1,1,1,0,0,,not_available,源对象与显示一致，实际完整性未核验,way/1355827552
node/10143420163,临港北区站,0,0,0,0,0,,not_available,未获取到关联站台源对象,
node/11327519783,临港园区站,0,0,0,0,0,,not_available,未获取到关联站台源对象,
node/4582610497,临湘站,2,2,2,0,0,,not_available,源对象与显示一致，实际完整性未核验,way/1213564437|way/1213564438
node/7272083209,临溪站,0,0,0,0,0,,not_available,未获取到关联站台源对象,
node/3012438538,临潼东站,0,0,0,0,0,,not_available,未获取到关联站台源对象,
node/8141157726,临潼北站,0,0,0,0,0,,not_available,未获取到关联站台源对象,
node/1532569277,临潼站,2,2,1,1,0,,not_available,来源含站台线，不能当作真实面,way/1208797977|way/1043424348
node/13267095693,临澧东站,0,0,0,0,0,,not_available,未获取到关联站台源对象,
node/1612906141,临澧西站,0,0,0,0,0,,not_available,未获取到关联站台源对象,
node/7740322552,临猗站,0,0,0,0,0,,not_available,未获取到关联站台源对象,
node/5449784703,临西站,0,0,0,0,0,,not_available,未获取到关联站台源对象,
node/8239658478,临邑站,2,2,2,0,0,,not_available,源对象与显示一致，实际完整性未核验,way/1374089233|way/1374089234
node/10120263953,临颍站,0,0,0,0,0,,not_available,未获取到关联站台源对象,
node/3926581871,临高南站,1,1,1,0,0,2,osm_station_tags,源对象数量与标注或参考不一致，待核验,way/1037495677
node/7638983873,临高站,1,1,1,0,0,,not_available,源对象与显示一致，实际完整性未核验,way/1037495676
node/582810252,丹东站,6,6,5,1,0,,not_available,来源含站台线，不能当作真实面,way/572231161|way/572231164|way/572231166|way/572231168|way/572231170|way/1083110056
node/4615408976,丹东西站,2,2,2,0,0,,not_available,源对象与显示一致，实际完整性未核验,way/964899247|way/964899248
node/3120581897,丹凤站,2,2,2,0,0,,not_available,源对象与显示一致，实际完整性未核验,way/1302787308|way/1302787309
node/8218329634,丹徒站,2,2,2,0,0,,not_available,源对象与显示一致，实际完整性未核验,way/757915574|way/757915575
node/6012947255,丹景山站,0,0,0,0,0,,not_available,未获取到关联站台源对象,
node/7199220808,丹水池站,0,0,0,0,0,,not_available,未获取到关联站台源对象,
node/12269525676,丹水站,0,0,0,0,0,,not_available,未获取到关联站台源对象,
node/7713231787,丹江口站,2,2,0,2,0,,not_available,来源含站台线，不能当作真实面,way/1394219067|way/1394219068
node/1768044164,丹江站,0,0,0,0,0,,not_available,未获取到关联站台源对象,
node/9081732786,丹洲营站,0,0,0,0,0,,not_available,未获取到关联站台源对象,
node/7463907644,丹灶站,0,0,0,0,0,,not_available,未获取到关联站台源对象,
node/8453216522,丹阳东站,0,0,0,0,0,,not_available,未获取到关联站台源对象,
node/2830170172,丹阳北站,0,0,0,0,0,,not_available,未获取到关联站台源对象,
node/267224937,丹阳站,4,4,4,0,0,,not_available,源对象与显示一致，实际完整性未核验,way/757949535|way/757949537|way/757949550|way/757949551
node/2531818014,丹霞山站,2,2,2,0,0,,not_available,源对象与显示一致，实际完整性未核验,way/448780339|way/448780340
node/9327370174,丽春站,0,0,0,0,0,,not_available,未获取到关联站台源对象,
node/7702364120,丽水站,2,2,2,0,0,,not_available,源对象与显示一致，实际完整性未核验,way/197667825|way/197667829
node/7463917718,丽江东站,0,0,0,0,0,,not_available,未获取到关联站台源对象,
node/1530613773,丽江站,0,0,0,0,0,,not_available,未获取到关联站台源对象,
node/2092190162,乃托站,0,0,0,0,0,,not_available,未获取到关联站台源对象,
node/1722042118,乃林站,0,0,0,0,0,,not_available,未获取到关联站台源对象,
node/8169302207,久长站,1,1,1,0,0,,not_available,源对象与显示一致，实际完整性未核验,way/1267608443
node/9171411683,么荒站,0,0,0,0,0,,not_available,未获取到关联站台源对象,
node/1579354026,义乌站,11,11,11,0,0,,not_available,源对象与显示一致，实际完整性未核验,way/878623312|way/878623313|way/878623314|way/878623315|way/878623316|way/878623317|way/1284601939|way/1284647791|way/1284647793|way/1284647797|way/1284658709
node/7048299296,义乌西站,0,0,0,0,0,,not_available,未获取到关联站台源对象,
node/9258877062,义井站,3,3,3,0,0,,not_available,源对象与显示一致，实际完整性未核验,way/1117444717|way/1117444718|way/1117444719
node/8413808174,义卜寨站,2,2,2,0,0,,not_available,源对象与显示一致，实际完整性未核验,way/1093064016|way/1093064017
node/2336082835,义县站,0,0,0,0,0,,not_available,未获取到关联站台源对象,
node/9506868283,义县西站,0,0,0,0,0,,not_available,未获取到关联站台源对象,
node/8417536170,义合站,0,0,0,0,0,,not_available,未获取到关联站台源对象,
node/3508401731,义和镇站,0,0,0,0,0,,not_available,未获取到关联站台源对象,
node/4076329835,义安站,0,0,0,0,0,,not_available,未获取到关联站台源对象,
node/3901345867,义棠站,0,0,0,0,0,,not_available,未获取到关联站台源对象,
node/8204071008,义阳站,0,0,0,0,0,,not_available,未获取到关联站台源对象,
node/3006173671,义马站,0,0,0,0,0,,not_available,未获取到关联站台源对象,
node/6296203446,乌东站,0,0,0,0,0,,not_available,未获取到关联站台源对象,
node/7871710227,乌丹站,0,0,0,0,0,,not_available,未获取到关联站台源对象,
node/6339806509,乌丽站,0,0,0,0,0,,not_available,未获取到关联站台源对象,
node/9129186228,乌伊岭站,1,1,0,1,0,,not_available,来源含站台线，不能当作真实面,way/1086138424
node/7371981473,乌兰乌苏站,0,0,0,0,0,,not_available,未获取到关联站台源对象,
node/843202343,乌兰哈达站,0,0,0,0,0,,not_available,未获取到关联站台源对象,
node/4283506941,乌兰察布站,3,3,3,0,0,,not_available,源对象与显示一致，实际完整性未核验,way/783215110|way/783215111|way/783215112
node/8481093431,乌兰敖包站,0,0,0,0,0,,not_available,未获取到关联站台源对象,
node/9122624803,乌兰敖都 ᠤᠯᠠᠭᠠᠨ᠌ᠣ᠋ᠳᠤ站,0,0,0,0,0,,not_available,未获取到关联站台源对象,
node/1335718570,乌兰木伦站,0,0,0,0,0,,not_available,未获取到关联站台源对象,
node/4507866465,乌兰木图站,0,0,0,0,0,,not_available,未获取到关联站台源对象,
node/9121569873,乌兰毛杜站,0,0,0,0,0,,not_available,未获取到关联站台源对象,
node/9125461494,乌兰浩特北站,0,0,0,0,0,,not_available,未获取到关联站台源对象,
node/9125461495,乌兰浩特站,0,0,0,0,0,,not_available,未获取到关联站台源对象,
node/7296208322,乌兰站,0,0,0,0,0,,not_available,未获取到关联站台源对象,
node/9111251385,乌兰胡同站,1,1,1,0,0,,not_available,源对象与显示一致，实际完整性未核验,way/1144356733
node/9117619573,乌兰花站,0,0,0,0,0,,not_available,未获取到关联站台源对象,
node/4072805995,乌兰计站,1,1,1,0,0,,not_available,源对象与显示一致，实际完整性未核验,way/1283102042
node/3157943265,乌兰陶勒盖站,0,0,0,0,0,,not_available,未获取到关联站台源对象,
node/9122624800,乌力吉图站,0,0,0,0,0,,not_available,未获取到关联站台源对象,
node/2805869476,乌北站,0,0,0,0,0,,not_available,未获取到关联站台源对象,
node/6200921463,乌吉密站,2,2,0,2,0,,not_available,来源含站台线，不能当作真实面,way/1106889530|way/1106889531
node/1723657614,乌固诺尔站,2,2,0,2,0,,not_available,来源含站台线，不能当作真实面,way/1095126035|way/1095126036
node/7319313629,乌图美仁站,1,1,1,0,0,,not_available,源对象与显示一致，实际完整性未核验,way/1435952561
node/1595854639,乌奴耳站,2,2,0,2,0,,not_available,来源含站台线，不能当作真实面,way/1095553006|way/1095553007
node/3685475103,乌审召化工园站,0,0,0,0,0,,not_available,未获取到关联站台源对象,
node/7740334169,乌审召站,0,0,0,0,0,,not_available,未获取到关联站台源对象,
node/7740376248,乌审旗南站,0,0,0,0,0,,not_available,未获取到关联站台源对象,
node/3157941149,乌审旗站,0,0,0,0,0,,not_available,未获取到关联站台源对象,
node/12212964529,乌尊哨站,0,0,0,0,0,,not_available,未获取到关联站台源对象,
node/4954697537,乌尔旗汗站,1,1,0,1,0,,not_available,来源含站台线，不能当作真实面,way/1117600132
node/9069903407,乌尼特站,0,0,0,0,0,,not_available,未获取到关联站台源对象,
node/7266064581,乌山站,0,0,0,0,0,,not_available,未获取到关联站台源对象,
node/9069903371,乌拉图嘎站,0,0,0,0,0,,not_available,未获取到关联站台源对象,
node/9118904621,乌拉山站,2,2,2,0,0,,not_available,源对象与显示一致，实际完整性未核验,way/1282133406|way/1282133412
node/9118904620,乌拉山西站,2,2,2,0,0,,not_available,源对象与显示一致，实际完整性未核验,way/1282133430|way/1282133431
node/7372158703,乌拉泊站,0,0,0,0,0,,not_available,未获取到关联站台源对象,
node/10913546185,乌拉特前旗站,2,2,0,2,0,,not_available,来源含站台线，不能当作真实面,way/1531275301|way/1531275302
node/12627525335,乌斯土站,1,1,0,1,0,,not_available,来源含站台线，不能当作真实面,way/1481575811
node/9072960154,乌日图站,0,0,0,0,0,,not_available,未获取到关联站台源对象,
node/9072960150,乌日根塔拉站,0,0,0,0,0,,not_available,未获取到关联站台源对象,
node/3695320136,乌江寨站,0,0,0,0,0,,not_available,未获取到关联站台源对象,
node/8308637344,乌江站,0,0,0,0,0,,not_available,未获取到关联站台源对象,
node/9098127459,乌海东站,1,1,1,0,0,,not_available,源对象与显示一致，实际完整性未核验,way/1463022573
node/9118892116,乌海北站,2,2,0,2,0,,not_available,来源含站台线，不能当作真实面,way/1531275279|way/1531275280
node/10908472712,乌海南站,2,2,2,0,0,,not_available,源对象与显示一致，实际完整性未核验,way/1531157868|way/1531157869
node/10913546173,乌海站,0,0,0,0,0,,not_available,未获取到关联站台源对象,
node/9098127466,乌海西站,0,0,0,0,0,,not_available,未获取到关联站台源对象,
node/7296234983,乌玛塘站,1,1,1,0,0,,not_available,源对象与显示一致，实际完整性未核验,way/670043724
node/9069903401,乌珠穆沁站,0,0,0,0,0,,not_available,未获取到关联站台源对象,
node/8320812739,乌石站,0,0,0,0,0,,not_available,未获取到关联站台源对象,
node/7369154310,乌舍尔站,0,0,0,0,0,,not_available,未获取到关联站台源对象,
node/6419224897,乌苏 شيحۋ站,1,1,1,0,0,,not_available,源对象与显示一致，实际完整性未核验,way/1362437783
node/2805929239,乌西站,2,2,2,0,0,,not_available,源对象与显示一致，实际完整性未核验,way/672359794|way/672359795
node/9066263814,乌锦站,1,1,1,0,0,,not_available,源对象与显示一致，实际完整性未核验,way/1465593235
node/6310901953,乌鲁布铁站,1,1,0,1,0,,not_available,来源含站台线，不能当作真实面,way/1127435454
node/2987146433,乌鲁木齐 ئۈرۈمچى站,9,9,9,0,0,,not_available,源对象与显示一致，实际完整性未核验,way/395303729|way/395303730|way/395303731|way/395303732|way/395303733|way/395303734|way/395303735|way/395303736|way/395303737
node/269838523,乌鲁木齐南 ئۇرۇمچى جەنۇبى站,7,7,5,2,0,,not_available,来源含站台线，不能当作真实面,way/395305215|way/395305216|way/395305217|way/395305218|way/395305219|way/433252723|way/906966674
node/8399430834,乌龙泉东站,0,0,0,0,0,,not_available,未获取到关联站台源对象,
node/12732838005,乌龙泉南站,0,0,0,0,0,,not_available,未获取到关联站台源对象,
node/8337379794,乌龙泉站,0,0,0,0,0,,not_available,未获取到关联站台源对象,
node/12091508865,乐业站,0,0,0,0,0,,not_available,未获取到关联站台源对象,
node/3926612094,乐东站,0,0,0,0,0,,not_available,未获取到关联站台源对象,
node/5725118924,乐亭站,0,0,0,0,0,,not_available,未获取到关联站台源对象,
node/2341431066,乐化站,1,1,1,0,0,,not_available,源对象与显示一致，实际完整性未核验,way/225356897
node/9198249304,乐同站,2,2,2,0,0,,not_available,源对象与显示一致，实际完整性未核验,way/877741207|way/877741208
node/1569661826,乐善村站,0,0,0,0,0,,not_available,未获取到关联站台源对象,
node/8859021531,乐善站,0,0,0,0,0,,not_available,未获取到关联站台源对象,
node/7372014522,乐土驿站,0,0,0,0,0,,not_available,未获取到关联站台源对象,
node/8175954985,乐坝站,0,0,0,0,0,,not_available,未获取到关联站台源对象,
node/12811744457,乐山港站,0,0,0,0,0,,not_available,未获取到关联站台源对象,
node/3740929566,乐山站,5,5,5,0,0,,not_available,源对象与显示一致，实际完整性未核验,way/833120106|way/833120107|way/833120117|way/833120118|way/833120119
node/11237974728,乐平北站,0,0,0,0,0,,not_available,未获取到关联站台源对象,
node/3501736671,乐平市站,1,1,1,0,0,,not_available,源对象与显示一致，实际完整性未核验,way/377966290
node/1126427517,乐昌东站,1,1,1,0,0,,not_available,源对象与显示一致，实际完整性未核验,way/895643050
node/8308266741,乐昌站,0,0,0,0,0,,not_available,未获取到关联站台源对象,
way/541644147,乐桥站,0,0,0,0,0,,not_available,未获取到关联站台源对象,
node/2092189993,乐武站,0,0,0,0,0,,not_available,未获取到关联站台源对象,
node/7714110152,乐清东站,0,0,0,0,0,,not_available,未获取到关联站台源对象,
node/9209486377,乐清湾站,0,0,0,0,0,,not_available,未获取到关联站台源对象,
node/7714110151,乐清站,0,0,0,0,0,,not_available,未获取到关联站台源对象,
node/13711385120,乐秀路站,0,0,0,0,0,,not_available,未获取到关联站台源对象,
node/2324653287,乐素河站,1,1,0,1,0,,not_available,来源含站台线，不能当作真实面,way/1267115690
node/11067492114,乐至站,0,0,0,0,0,,not_available,未获取到关联站台源对象,
node/1558444941,乐跃站,0,0,0,0,0,,not_available,未获取到关联站台源对象,
node/1674452372,乐都站,2,2,0,2,0,,not_available,来源含站台线，不能当作真实面,way/1079251238|way/1079251239
node/8293209383,乐里河站,1,1,0,1,0,,not_available,来源含站台线，不能当作真实面,way/923366507
node/3697044156,乔乙站,0,0,0,0,0,,not_available,未获取到关联站台源对象,
node/3196681654,乔司站,0,0,0,0,0,,not_available,未获取到关联站台源对象,
node/9875307791,乔庄东站,1,1,1,0,0,,not_available,源对象与显示一致，实际完整性未核验,way/702945352
node/7007355811,乔村站,0,0,0,0,0,,not_available,未获取到关联站台源对象,
node/9129186266,九三站,2,2,0,2,0,,not_available,来源含站台线，不能当作真实面,way/1125992816|way/1125992817
node/12712348631,九佛站,0,0,0,0,0,,not_available,未获取到关联站台源对象,
node/9131669904,九公里站,0,0,0,0,0,,not_available,未获取到关联站台源对象,
node/10667605849,九华山站,0,0,0,0,0,,not_available,未获取到关联站台源对象,
node/6538449301,九台南站,2,2,2,0,0,,not_available,源对象与显示一致，实际完整性未核验,way/696491135|way/696491136
node/2332707895,九台站,0,0,0,0,0,,not_available,未获取到关联站台源对象,
node/4589602574,九圪塔站,0,0,0,0,0,,not_available,未获取到关联站台源对象,
node/4676485646,九家湾站,0,0,0,0,0,,not_available,未获取到关联站台源对象,
node/9178344021,九寨站,0,0,0,0,0,,not_available,未获取到关联站台源对象,
node/2502430052,九江北站,0,0,0,0,0,,not_available,未获取到关联站台源对象,
node/3006887576,九江南站,2,2,2,0,0,,not_available,源对象与显示一致，实际完整性未核验,way/296881410|way/296881412
node/2988920235,九江站,5,5,5,0,0,,not_available,源对象与显示一致，实际完整性未核验,way/243557421|way/243557423|way/243557536|way/243557603|way/243557788
node/2450075261,九江西站,0,0,0,0,0,,not_available,未获取到关联站台源对象,
node/4074894516,九矿站,0,0,0,0,0,,not_available,未获取到关联站台源对象,
node/8163363262,九矿站,0,0,0,0,0,,not_available,未获取到关联站台源对象,
node/6542797321,九站,0,0,0,0,0,,not_available,未获取到关联站台源对象,
node/9081732782,九苏木站,0,0,0,0,0,,not_available,未获取到关联站台源对象,
node/2329566271,九营站,1,1,0,1,0,,not_available,来源含站台线，不能当作真实面,way/1124741225
node/7365811228,九道河站,0,0,0,0,0,,not_available,未获取到关联站台源对象,
node/6296203444,九道湾站,0,0,0,0,0,,not_available,未获取到关联站台源对象,
node/8480158171,九郎山站,2,2,2,0,0,,not_available,源对象与显示一致，实际完整性未核验,way/912869758|way/912869759
node/2509918452,九里垄站,1,1,1,0,0,,not_available,源对象与显示一致，实际完整性未核验,way/296969867
node/5023671094,九里山站,0,0,0,0,0,,not_available,未获取到关联站台源对象,
node/1588514402,九里站,0,0,0,0,0,,not_available,未获取到关联站台源对象,
node/8997696992,九龙坡站,0,0,0,0,0,,not_available,未获取到关联站台源对象,
node/8681173547,九龙塘站,0,0,0,0,0,,not_available,未获取到关联站台源对象,
node/1582507185,九龙山站,0,0,0,0,0,,not_available,未获取到关联站台源对象,
node/4525980385,九龙岗站,1,1,1,0,0,,not_available,源对象与显示一致，实际完整性未核验,way/1333483864
node/1623926658,乡会桥站,1,1,0,1,0,,not_available,来源含站台线，不能当作真实面,way/1475242133
node/8380031230,乱流站,2,2,2,0,0,,not_available,源对象与显示一致，实际完整性未核验,way/1058183394|way/1058183395
node/1656306624,乱石山站,0,0,0,0,0,,not_available,未获取到关联站台源对象,
node/11402000342,乳山南站,2,2,2,0,0,,not_available,源对象与显示一致，实际完整性未核验,way/1364673998|way/1364673999
node/1277317542,乳山站,1,1,1,0,0,,not_available,源对象与显示一致，实际完整性未核验,way/112366147
node/3003935031,乾县站,3,3,2,1,0,,not_available,来源含站台线，不能当作真实面,way/1474559179|way/1474559180|way/695789227
node/1732027894,乾安站,1,1,1,0,0,,not_available,源对象与显示一致，实际完整性未核验,way/1539512121
node/7276635779,了墩北站,0,0,0,0,0,,not_available,未获取到关联站台源对象,
node/1202941672,了墩站,0,0,0,0,0,,not_available,未获取到关联站台源对象,
node/1595119236,二井站,0,0,0,0,0,,not_available,未获取到关联站台源对象,
node/2344111803,二井站,1,1,0,1,0,,not_available,来源含站台线，不能当作真实面,way/1168442386
node/8756066329,二十里台站,0,0,0,0,0,,not_available,未获取到关联站台源对象,
node/5521602281,二十里堡站,0,0,0,0,0,,not_available,未获取到关联站台源对象,
node/3698187691,二号矿站,0,0,0,0,0,,not_available,未获取到关联站台源对象,
node/3686468743,二坝站,0,0,0,0,0,,not_available,未获取到关联站台源对象,
node/8320443738,二塘区站,0,0,0,0,0,,not_available,未获取到关联站台源对象,
node/4419760316,二塘站,0,0,0,0,0,,not_available,未获取到关联站台源对象,
node/5485793770,二家河站,0,0,0,0,0,,not_available,未获取到关联站台源对象,
node/1550539235,二密河站,0,0,0,0,0,,not_available,未获取到关联站台源对象,
node/13960020842,二峰山站,0,0,0,0,0,,not_available,未获取到关联站台源对象,
node/4676485660,二工西站,0,0,0,0,0,,not_available,未获取到关联站台源对象,
node/12367132906,二矿站,0,0,0,0,0,,not_available,未获取到关联站台源对象,
node/13506343002,二矿站,0,0,0,0,0,,not_available,未获取到关联站台源对象,
node/13928568109,二矿站,0,0,0,0,0,,not_available,未获取到关联站台源对象,
node/3678381878,二矿站,0,0,0,0,0,,not_available,未获取到关联站台源对象,
node/1783909009,二营站,0,0,0,0,0,,not_available,未获取到关联站台源对象,
node/277606205,二连站,2,2,0,2,0,,not_available,来源含站台线，不能当作真实面,way/232789187|way/232789191
node/9129925026,二道岗站,1,1,0,1,0,,not_available,来源含站台线，不能当作真实面,way/1124741233
node/2341864260,二道岩站,0,0,0,0,0,,not_available,未获取到关联站台源对象,
node/8323936153,二道桥站,0,0,0,0,0,,not_available,未获取到关联站台源对象,
node/7851736024,二道沙河站,1,1,1,0,0,,not_available,源对象与显示一致，实际完整性未核验,way/1160843408
node/843276738,二道沟站,0,0,0,0,0,,not_available,未获取到关联站台源对象,
node/3956215975,二道沟门站,2,2,0,2,0,,not_available,来源含站台线，不能当作真实面,way/1033559941|way/1033559943
node/1590471989,二道河站,0,0,0,0,0,,not_available,未获取到关联站台源对象,
node/9081732732,二道河站,0,0,0,0,0,,not_available,未获取到关联站台源对象,
node/1727802988,二道湾站,1,1,0,1,0,,not_available,来源含站台线，不能当作真实面,way/1125532005
node/8164637767,二郎庙站,0,0,0,0,0,,not_available,未获取到关联站台源对象,
node/9269060400,二郎庙站,0,0,0,0,0,,not_available,未获取到关联站台源对象,
node/9121569875,二龙屯站,0,0,0,0,0,,not_available,未获取到关联站台源对象,
node/2344111807,二龙山屯站,1,1,0,1,0,,not_available,来源含站台线，不能当作真实面,way/1168442387
node/1722042117,二龙站,0,0,0,0,0,,not_available,未获取到关联站台源对象,
node/7855842556,于官屯站,0,0,0,0,0,,not_available,未获取到关联站台源对象,
node/8382763908,于家庄站,3,3,3,0,0,,not_available,源对象与显示一致，实际完整性未核验,way/1074909382|way/1074909383|way/1074909489
node/7320955107,于洪站,1,1,0,1,0,,not_available,来源含站台线，不能当作真实面,way/1365929052
node/8200737578,于田 كېرىيە站,0,0,0,0,0,,not_available,未获取到关联站台源对象,
node/4019707812,于都北站,0,0,0,0,0,,not_available,未获取到关联站台源对象,
node/1641971972,于都站,4,4,4,0,0,,not_available,源对象与显示一致，实际完整性未核验,way/325848271|way/385140825|way/1188060234|way/1188060235
node/5652318543,云东海站,2,2,2,0,0,,not_available,源对象与显示一致，实际完整性未核验,way/1434130076|way/1434130077
node/8327589121,云南驿站,2,2,2,0,0,,not_available,源对象与显示一致，实际完整性未核验,way/1004204924|way/1004204925
node/7533067745,云县站,2,2,2,0,0,,not_available,源对象与显示一致，实际完整性未核验,way/1387977324|way/1496723363
node/8522743185,云台山站,0,0,0,0,0,,not_available,未获取到关联站台源对象,
node/1984411038,云居寺站,2,2,2,0,0,,not_available,源对象与显示一致，实际完整性未核验,way/1086083938|way/1086083939
node/3677430195,云山站,2,2,2,0,0,,not_available,源对象与显示一致，实际完整性未核验,way/1509538627|way/1509538628
node/9280035517,云岗站,0,0,0,0,0,,not_available,未获取到关联站台源对象,
node/9280019516,云岗西站,0,0,0,0,0,,not_available,未获取到关联站台源对象,
node/5009784593,云崖站,0,0,0,0,0,,not_available,未获取到关联站台源对象,
node/1984411035,云彩岭站,1,1,1,0,0,,not_available,源对象与显示一致，实际完整性未核验,way/1150776438
node/8535898770,云梦东站,2,2,2,0,0,,not_available,源对象与显示一致，实际完整性未核验,way/1382144006|way/1382144007
node/1767965265,云梦站,2,2,2,0,0,,not_available,源对象与显示一致，实际完整性未核验,way/1032386499|way/1032386500
node/9307694622,云池站,0,0,0,0,0,,not_available,未获取到关联站台源对象,
node/5098263175,云浮东站,1,1,1,0,0,,not_available,源对象与显示一致，实际完整性未核验,way/1554793456
node/12644750366,云浮站,0,0,0,0,0,,not_available,未获取到关联站台源对象,
node/9193526291,云浮站,0,0,0,0,0,,not_available,未获取到关联站台源对象,
node/4982418820,云湖桥站,0,0,0,0,0,,not_available,未获取到关联站台源对象,
node/8330390824,云溪站,0,0,0,0,0,,not_available,未获取到关联站台源对象,
node/3840302638,云田乡站,1,1,0,1,0,,not_available,来源含站台线，不能当作真实面,way/1299593475
node/3362906992,云盘站,0,0,0,0,0,,not_available,未获取到关联站台源对象,
node/1720394641,云端站,0,0,0,0,0,,not_available,未获取到关联站台源对象,
node/7706508973,云约站,0,0,0,0,0,,not_available,未获取到关联站台源对象,
node/5575694409,云阳站,2,2,0,2,0,,not_available,来源含站台线，不能当作真实面,way/1453569410|way/1453569411
node/9258885992,云霄站,0,0,0,0,0,,not_available,未获取到关联站台源对象,
node/7687112643,云龙站,0,0,0,0,0,,not_available,未获取到关联站台源对象,
node/7473373518,互做布其站,0,0,0,0,0,,not_available,未获取到关联站台源对象,
node/5385397988,五七站,1,1,0,1,0,,not_available,来源含站台线，不能当作真实面,way/558460718
node/5010529880,五个圈站,0,0,0,0,0,,not_available,未获取到关联站台源对象,
node/5015714710,五五站,0,0,0,0,0,,not_available,未获取到关联站台源对象,
node/8172947405,五凤溪站,0,0,0,0,0,,not_available,未获取到关联站台源对象,
node/1721802920,五十家子站,1,1,0,1,0,,not_available,来源含站台线，不能当作真实面,way/1453986576
node/9524455318,五华山站,0,0,0,0,0,,not_available,未获取到关联站台源对象,
node/9992012168,五华站,0,0,0,0,0,,not_available,未获取到关联站台源对象,
node/1941455550,五原东站,0,0,0,0,0,,not_available,未获取到关联站台源对象,
node/3006154441,五原村站,0,0,0,0,0,,not_available,未获取到关联站台源对象,
node/10913546184,五原站,0,0,0,0,0,,not_available,未获取到关联站台源对象,
node/2252852443,五叉沟站,0,0,0,0,0,,not_available,未获取到关联站台源对象,
node/11297681769,五台县站,0,0,0,0,0,,not_available,未获取到关联站台源对象,
node/1984411012,五台山北站,2,2,2,0,0,,not_available,源对象与显示一致，实际完整性未核验,way/793970704|way/793970706
node/11297643266,五台山站,0,0,0,0,0,,not_available,未获取到关联站台源对象,
node/11330533630,五合站,0,0,0,0,0,,not_available,未获取到关联站台源对象,
node/8148445740,五塘站,0,0,0,0,0,,not_available,未获取到关联站台源对象,
node/2344111818,五大连池站,1,1,0,1,0,,not_available,来源含站台线，不能当作真实面,way/1111790706
node/3185538711,五女山站,2,2,2,0,0,,not_available,源对象与显示一致，实际完整性未核验,way/1050105639|way/1050105640
node/3700492086,五字湾站,0,0,0,0,0,,not_available,未获取到关联站台源对象,
node/9174163158,五家子站,0,0,0,0,0,,not_available,未获取到关联站台源对象,
node/8436994998,五家站,2,2,0,2,0,,not_available,来源含站台线，不能当作真实面,way/1094404026|way/1094404027
node/1698277432,五寨站,0,0,0,0,0,,not_available,未获取到关联站台源对象,
node/9166844947,五岛站,0,0,0,0,0,,not_available,未获取到关联站台源对象,
node/11716384853,五峰站,0,0,0,0,0,,not_available,未获取到关联站台源对象,
node/2503795727,五常站,1,1,0,1,0,,not_available,来源含站台线，不能当作真实面,way/1093613719
node/2987230246,五府山站,0,0,0,0,0,,not_available,未获取到关联站台源对象,
node/7365879209,五彩城站,0,0,0,0,0,,not_available,未获取到关联站台源对象,
node/6390678098,五星站,1,1,0,1,0,,not_available,来源含站台线，不能当作真实面,way/1124070621
node/12211994991,五杨站,0,0,0,0,0,,not_available,未获取到关联站台源对象,
node/1604842623,五林站,1,1,0,1,0,,not_available,来源含站台线，不能当作真实面,way/1115226168
node/9069910630,五栋房站,0,0,0,0,0,,not_available,未获取到关联站台源对象,
node/3499350275,五桥站,1,1,0,1,0,,not_available,来源含站台线，不能当作真实面,way/1531730430
node/2332808261,五棵树站,0,0,0,0,0,,not_available,未获取到关联站台源对象,
node/9226690935,五沟站,0,0,0,0,0,,not_available,未获取到关联站台源对象,
node/9694086104,五河站,0,0,0,0,0,,not_available,未获取到关联站台源对象,
node/8163363264,五矿站,0,0,0,0,0,,not_available,未获取到关联站台源对象,
node/9320122101,五矿站,0,0,0,0,0,,not_available,未获取到关联站台源对象,
node/11381081744,五竹站,0,0,0,0,0,,not_available,未获取到关联站台源对象,
node/8204071011,五苇场,0,0,0,0,0,,not_available,未获取到关联站台源对象,
node/8369385357,五茂林站,0,0,0,0,0,,not_available,未获取到关联站台源对象,
node/1605321370,五莲站,1,1,0,1,0,,not_available,来源含站台线，不能当作真实面,way/1054373072
node/9129186229,五营站,2,2,0,2,0,,not_available,来源含站台线，不能当作真实面,way/1123626141|way/1178194111
node/7831128900,五象南站,0,0,0,0,0,,not_available,未获取到关联站台源对象,
node/321939663,五路站,4,4,0,4,0,,not_available,来源含站台线，不能当作真实面,way/199963690|way/199963692|way/199963693|way/199963694
node/11209622972,五通口站,0,0,0,0,0,,not_available,未获取到关联站台源对象,
node/3278047664,五通站,0,0,0,0,0,,not_available,未获取到关联站台源对象,
node/2340355363,五道木站,0,0,0,0,0,,not_available,未获取到关联站台源对象,
node/6266296878,五道梁站,0,0,0,0,0,,not_available,未获取到关联站台源对象,
node/2327447501,五道沟站,0,0,0,0,0,,not_available,未获取到关联站台源对象,
node/3956214548,五道河站,1,1,0,1,0,,not_available,来源含站台线，不能当作真实面,way/1033529535
node/7365751919,五道班站,0,0,0,0,0,,not_available,未获取到关联站台源对象,
node/7935632086,五部站,0,0,0,0,0,,not_available,未获取到关联站台源对象,
node/8024938625,五里堡站,6,6,0,6,0,,not_available,来源含站台线，不能当作真实面,way/1444855085|way/1444855086|way/1444855087|way/1444855088|way/1444855093|way/1444855094
node/3365124338,五里墩站,0,0,0,0,0,,not_available,未获取到关联站台源对象,
node/6183396196,五里峰站,0,0,0,0,0,,not_available,未获取到关联站台源对象,
node/7740322566,五里川站,0,0,0,0,0,,not_available,未获取到关联站台源对象,
node/3020183036,五里铺站,0,0,0,0,0,,not_available,未获取到关联站台源对象,
node/7365811230,五间房站,0,0,0,0,0,,not_available,未获取到关联站台源对象,
node/3644691734,五阳站,0,0,0,0,0,,not_available,未获取到关联站台源对象,
node/9179735854,五龙背东站,2,2,2,0,0,,not_available,源对象与显示一致，实际完整性未核验,way/1342632039|way/1342632040
node/2349438756,五龙背站,0,0,0,0,0,,not_available,未获取到关联站台源对象,
node/8432585664,井亭站,2,2,2,0,0,,not_available,源对象与显示一致，实际完整性未核验,way/1286087741|way/1286087742
node/2488907822,井冈山站,3,3,3,0,0,,not_available,源对象与显示一致，实际完整性未核验,way/379337690|way/379337691|way/379337692
node/1668497958,井南站,2,2,2,0,0,,not_available,源对象与显示一致，实际完整性未核验,way/1056949540|way/1056949541
node/3500252727,井口站,0,0,0,0,0,,not_available,未获取到关联站台源对象,
node/8154570896,井头墟站,0,0,0,0,0,,not_available,未获取到关联站台源对象,
node/8858813789,井山站,0,0,0,0,0,,not_available,未获取到关联站台源对象,
node/8482839914,井店南站,0,0,0,0,0,,not_available,未获取到关联站台源对象,
node/2328405920,井店站,1,1,1,0,0,,not_available,源对象与显示一致，实际完整性未核验,way/884157854
node/12811743623,井研南站,0,0,0,0,0,,not_available,未获取到关联站台源对象,
node/12811743761,井研站,0,0,0,0,0,,not_available,未获取到关联站台源对象,
node/3628303092,井陉北站,0,0,0,0,0,,not_available,未获取到关联站台源对象,
node/1668497959,井陉站,2,2,2,0,0,,not_available,源对象与显示一致，实际完整性未核验,way/1056949510|way/1056949511
node/2332314843,亚复站,0,0,0,0,0,,not_available,未获取到关联站台源对象,
node/2897002523,亚布力南站,2,2,0,2,0,,not_available,来源含站台线，不能当作真实面,way/509481475|way/747204413
node/1603990283,亚布力站,2,2,0,2,0,,not_available,来源含站台线，不能当作真实面,way/1107392516|way/1107392517
node/7074398341,亚布力西站,0,0,0,0,0,,not_available,未获取到关联站台源对象,
node/6054225285,亚沟站,1,1,0,1,0,,not_available,来源含站台线，不能当作真实面,way/1098866663
node/1604972747,亚河站,1,1,0,1,0,,not_available,来源含站台线，不能当作真实面,way/1113722655
node/7639835667,亚龙湾站,0,0,0,0,0,,not_available,未获取到关联站台源对象,
node/8354235242,亢村站,0,0,0,0,0,,not_available,未获取到关联站台源对象,
node/3006129153,交口站,0,0,0,0,0,,not_available,未获取到关联站台源对象,
node/3169909573,交城站,0,0,0,0,0,,not_available,未获取到关联站台源对象,
node/12466332492,交接站,0,0,0,0,0,,not_available,未获取到关联站台源对象,
node/11297336693,交河站,0,0,0,0,0,,not_available,未获取到关联站台源对象,
node/5023672362,交界站,0,0,0,0,0,,not_available,未获取到关联站台源对象,
node/9274358867,亦庄站,4,4,0,4,0,,not_available,来源含站台线，不能当作真实面,way/120772581|way/120772587|way/120772595|way/120772599
node/6367178489,京唐港站,1,1,0,1,0,,not_available,来源含站台线，不能当作真实面,way/680021328
node/13407984194,京宁热电电厂站,0,0,0,0,0,,not_available,未获取到关联站台源对象,
node/10275614607,京山南站,2,2,0,2,0,,not_available,来源含站台线，不能当作真实面,way/1518492365|way/1518492366
node/2381028362,京山站,0,0,0,0,0,,not_available,未获取到关联站台源对象,
node/4021611224,京海站,0,0,0,0,0,,not_available,未获取到关联站台源对象,
node/1577103545,亭亮站,0,0,0,0,0,,not_available,未获取到关联站台源对象,
node/4999670518,亭子站,0,0,0,0,0,,not_available,未获取到关联站台源对象,
node/7171384790,亭林站,2,2,0,2,0,,not_available,来源含站台线，不能当作真实面,way/561166204|way/561166205
node/9178116403,亮兵台站,0,0,0,0,0,,not_available,未获取到关联站台源对象,
node/12335046085,亮甲店站,0,0,0,0,0,,not_available,未获取到关联站台源对象,
node/8154580321,亲睦村站,0,0,0,0,0,,not_available,未获取到关联站台源对象,
node/8930866816,亳州南站,5,5,5,0,0,,not_available,源对象与显示一致，实际完整性未核验,way/1046997479|way/1046997480|way/1046997481|way/1046997482|way/1046997483
node/8417601178,亳州站,0,0,0,0,0,,not_available,未获取到关联站台源对象,
node/1816772633,什邡站,0,0,0,0,0,,not_available,未获取到关联站台源对象,
node/10574674379,什邡西站,0,0,0,0,0,,not_available,未获取到关联站台源对象,
node/2328405924,什里店站,2,2,2,0,0,,not_available,源对象与显示一致，实际完整性未核验,way/1120848758|way/1120848760
node/8855823377,仁东站,0,0,0,0,0,,not_available,未获取到关联站台源对象,
node/4528392271,仁和村站,0,0,0,0,0,,not_available,未获取到关联站台源对象,
node/7463917719,仁和站,0,0,0,0,0,,not_available,未获取到关联站台源对象,
node/13077554359,仁寿村站,0,0,0,0,0,,not_available,未获取到关联站台源对象,
node/8526666002,仁川站,0,0,0,0,0,,not_available,未获取到关联站台源对象,
node/2894968049,仁布站,1,1,1,0,0,,not_available,源对象与显示一致，实际完整性未核验,way/576736733
node/8524258177,仇桥站,0,0,0,0,0,,not_available,未获取到关联站台源对象,
node/3012070492,介休东站,0,0,0,0,0,,not_available,未获取到关联站台源对象,
node/5229679253,介休站,0,0,0,0,0,,not_available,未获取到关联站台源对象,
node/3676351216,从江站,2,2,2,0,0,,not_available,源对象与显示一致，实际完整性未核验,way/1517676703|way/1517676704
node/8154795072,仓山镇站,0,0,0,0,0,,not_available,未获取到关联站台源对象,
node/4676361100,仓房沟站,0,0,0,0,0,,not_available,未获取到关联站台源对象,
node/9178344025,他山站,0,0,0,0,0,,not_available,未获取到关联站台源对象,
node/8344367826,他郎河站,0,0,0,0,0,,not_available,未获取到关联站台源对象,
node/9123967453,付家店站,0,0,0,0,0,,not_available,未获取到关联站台源对象,
node/9242869567,付村站,0,0,0,0,0,,not_available,未获取到关联站台源对象,
node/6570063478,付楼站,0,0,0,0,0,,not_available,未获取到关联站台源对象,
node/9263223097,付水寨站,0,0,0,0,0,,not_available,未获取到关联站台源对象,
node/2156363608,仙人桥站,0,0,0,0,0,,not_available,未获取到关联站台源对象,
node/4615516888,仙人洞站,0,0,0,0,0,,not_available,未获取到关联站台源对象,
node/3227950938,仙人脚站,0,0,0,0,0,,not_available,未获取到关联站台源对象,
node/8158566849,仙台站,0,0,0,0,0,,not_available,未获取到关联站台源对象,
node/8417536171,仙塘站,0,0,0,0,0,,not_available,未获取到关联站台源对象,
node/7740322577,仙居乡站,0,0,0,0,0,,not_available,未获取到关联站台源对象,
node/8541577162,仙居南站,0,0,0,0,0,,not_available,未获取到关联站台源对象,
node/11340624005,仙居站,0,0,0,0,0,,not_available,未获取到关联站台源对象,
node/9980091037,仙师站,0,0,0,0,0,,not_available,未获取到关联站台源对象,
node/7252546316,仙店站,0,0,0,0,0,,not_available,未获取到关联站台源对象,
node/9171411661,仙景台站,1,1,1,0,0,,not_available,源对象与显示一致，实际完整性未核验,way/1304416113
node/8383166682,仙村站,0,0,0,0,0,,not_available,未获取到关联站台源对象,
node/7197704007,仙林站,2,2,2,0,0,,not_available,源对象与显示一致，实际完整性未核验,way/525646443|way/525646444
node/7202398097,仙桃东站,0,0,0,0,0,,not_available,未获取到关联站台源对象,
node/10302396544,仙桃园站,0,0,0,0,0,,not_available,未获取到关联站台源对象,
node/9526280425,仙桃站,0,0,0,0,0,,not_available,未获取到关联站台源对象,
node/3053775977,仙桃西站,2,2,2,0,0,,not_available,源对象与显示一致，实际完整性未核验,way/1142425281|way/1142425282
node/7250091633,仙槎站,0,0,0,0,0,,not_available,未获取到关联站台源对象,
node/1964642719,仙水站,0,0,0,0,0,,not_available,未获取到关联站台源对象,
node/3365981115,仙游站,0,0,0,0,0,,not_available,未获取到关联站台源对象,
node/1984410961,代县站,1,1,1,0,0,,not_available,源对象与显示一致，实际完整性未核验,way/1499433885
node/1588514327,代湾站,0,0,0,0,0,,not_available,未获取到关联站台源对象,
node/2897112229,代马沟站,2,2,0,2,0,,not_available,来源含站台线，不能当作真实面,way/1204402170|way/1204402171
node/10108687173,以勒站,1,1,0,1,0,,not_available,来源含站台线，不能当作真实面,way/1230252216
node/11327619638,仪征北站,0,0,0,0,0,,not_available,未获取到关联站台源对象,
node/1666058770,仪征站,0,0,0,0,0,,not_available,未获取到关联站台源对象,
node/9258877066,仪村站,0,0,0,0,0,,not_available,未获取到关联站台源对象,
node/11067492050,仪陇站,2,2,0,2,0,,not_available,来源含站台线，不能当作真实面,way/1296676855|way/1296676856
node/8722619828,仲恺站,0,0,0,0,0,,not_available,未获取到关联站台源对象,
node/3949966000,件只站,0,0,0,0,0,,not_available,未获取到关联站台源对象,
node/2888280456,任丘站,5,5,5,0,0,,not_available,源对象与显示一致，实际完整性未核验,way/655302900|way/655302914|way/1079300403|way/1079300404|way/1079300405
node/11296772806,任丘西站,0,0,0,0,0,,not_available,未获取到关联站台源对象,
node/4071540595,任家庄站,0,0,0,0,0,,not_available,未获取到关联站台源对象,
node/2962269778,任家湾站,0,0,0,0,0,,not_available,未获取到关联站台源对象,
node/9226690932,任庄站,0,0,0,0,0,,not_available,未获取到关联站台源对象,
node/9226690920,任楼站,0,0,0,0,0,,not_available,未获取到关联站台源对象,
node/9157555167,伊列克得站,2,2,0,2,0,,not_available,来源含站台线，不能当作真实面,way/1095600384|way/1095600385
node/6982315837,伊吗图站,0,0,0,0,0,,not_available,未获取到关联站台源对象,
node/9069910632,伊图塔站,0,0,0,0,0,,not_available,未获取到关联站台源对象,
node/1552037425,伊图里河站,1,1,0,1,0,,not_available,来源含站台线，不能当作真实面,way/1085946871
node/7276779887,伊塘湖站,0,0,0,0,0,,not_available,未获取到关联站台源对象,
node/583127919,伊宁东站,1,1,1,0,0,,not_available,源对象与显示一致，实际完整性未核验,way/888887998
node/583119960,伊宁站,0,0,0,0,0,,not_available,未获取到关联站台源对象,
node/9072960133,伊尔施站,1,1,0,1,0,,not_available,来源含站台线，不能当作真实面,way/1093273380
node/8417616506,伊尹站,0,0,0,0,0,,not_available,未获取到关联站台源对象,
node/7780322121,伊屋站,0,0,0,0,0,,not_available,未获取到关联站台源对象,
node/8158566842,伊川站,0,0,0,0,0,,not_available,未获取到关联站台源对象,
node/9117619565,伊拉勒延站,0,0,0,0,0,,not_available,未获取到关联站台源对象,
node/9129186267,伊拉哈站,1,1,0,1,0,,not_available,来源含站台线，不能当作真实面,way/1125798330
node/9125461471,伊敏站,1,1,0,1,0,,not_available,来源含站台线，不能当作真实面,way/1093290429
node/9125461472,伊敏索木站,1,1,0,1,0,,not_available,来源含站台线，不能当作真实面,way/1117205573
node/7365718250,伊斯克苏站,0,0,0,0,0,,not_available,未获取到关联站台源对象,
node/6389123837,伊春站,2,2,0,2,0,,not_available,来源含站台线，不能当作真实面,way/1123280484|way/1123280485
node/11277905801,伊春西站,0,0,0,0,0,,not_available,未获取到关联站台源对象,
node/1603990289,伊林站,1,1,0,1,0,,not_available,来源含站台线，不能当作真实面,way/932895593
node/5514312184,伊通站,1,1,1,0,0,,not_available,源对象与显示一致，实际完整性未核验,way/1020997049
node/3045718306,伊金霍洛旗站,2,2,2,0,0,,not_available,源对象与显示一致，实际完整性未核验,way/1451145069|way/1451145070
node/9218083771,伍佑站,0,0,0,0,0,,not_available,未获取到关联站台源对象,
node/8417601183,伍明站,0,0,0,0,0,,not_available,未获取到关联站台源对象,
node/8162951988,伏牛溪站,0,0,0,0,0,,not_available,未获取到关联站台源对象,
node/7272083214,休宁站,0,0,0,0,0,,not_available,未获取到关联站台源对象,
node/1614129010,会同站,0,0,0,0,0,,not_available,未获取到关联站台源对象,
node/4676485673,会展中心站,0,0,0,0,0,,not_available,未获取到关联站台源对象,
node/2837802223,会昌北站,3,3,3,0,0,,not_available,源对象与显示一致，实际完整性未核验,way/385140725|way/385140726|way/385140727
node/4076525341,会沟站,0,0,0,0,0,,not_available,未获取到关联站台源对象,
node/10649058854,会泽站,0,0,0,0,0,,not_available,未获取到关联站台源对象,
node/12519624548,会让站,0,0,0,0,0,,not_available,未获取到关联站台源对象,
node/14156675333,会让站,0,0,0,0,0,,not_available,未获取到关联站台源对象,
node/8155046265,会龙站,0,0,0,0,0,,not_available,未获取到关联站台源对象,
node/9186758520,伞塘站,0,0,0,0,0,,not_available,未获取到关联站台源对象,
node/2243340983,传流店站,1,1,0,1,0,,not_available,来源含站台线，不能当作真实面,way/214870631
node/8445725542,伦镇站,0,0,0,0,0,,not_available,未获取到关联站台源对象,
node/7364331417,伯信特站,0,0,0,0,0,,not_available,未获取到关联站台源对象,
node/11768457613,伯官站,0,0,0,0,0,,not_available,未获取到关联站台源对象,
node/9129186274,伯根里站,1,1,0,1,0,,not_available,来源含站台线，不能当作真实面,way/1126143887
node/4564763475,伶俐站,0,0,0,0,0,,not_available,未获取到关联站台源对象,
node/12091533271,伶站,0,0,0,0,0,,not_available,未获取到关联站台源对象,
node/1585780235,低庄站,0,0,0,0,0,,not_available,未获取到关联站台源对象,
node/1600348016,低窝铺站,2,2,0,2,0,,not_available,来源含站台线，不能当作真实面,way/1524776046|way/1524776047
node/5230067642,佑君站,0,0,0,0,0,,not_available,未获取到关联站台源对象,
node/1657245396,何三家站,0,0,0,0,0,,not_available,未获取到关联站台源对象,
node/1235648681,何刘站,0,0,0,0,0,,not_available,未获取到关联站台源对象,
node/10108687238,何官屯站,0,0,0,0,0,,not_available,未获取到关联站台源对象,
node/5169884817,何家塔站,0,0,0,0,0,,not_available,未获取到关联站台源对象,
node/4714822087,何家湾站,0,0,0,0,0,,not_available,未获取到关联站台源对象,
node/3012148387,何寨站,0,0,0,0,0,,not_available,未获取到关联站台源对象,
node/4019707813,何屋站,0,0,0,0,0,,not_available,未获取到关联站台源对象,
node/8417536169,佗城站,0,0,0,0,0,,not_available,未获取到关联站台源对象,
node/9118892095,余丁站,0,0,0,0,0,,not_available,未获取到关联站台源对象,
node/2763938975,余下站,0,0,0,0,0,,not_available,未获取到关联站台源对象,
node/10885859985,余吾站,0,0,0,0,0,,not_available,未获取到关联站台源对象,
node/7740243081,余坪站,0,0,0,0,0,,not_available,未获取到关联站台源对象,
node/7714110163,余姚北站,0,0,0,0,0,,not_available,未获取到关联站台源对象,
node/571882460,余姚站,4,4,4,0,0,,not_available,源对象与显示一致，实际完整性未核验,way/881060512|way/887413035|way/887413036|way/887413037
node/7719079444,余姚西站,0,0,0,0,0,,not_available,未获取到关联站台源对象,
node/8093975760,余官营站,0,0,0,0,0,,not_available,未获取到关联站台源对象,
node/5655797053,余家寮站,0,0,0,0,0,,not_available,未获取到关联站台源对象,
node/8556982202,余家湖站,0,0,0,0,0,,not_available,未获取到关联站台源对象,
node/8337379751,余家湾站,0,0,0,0,0,,not_available,未获取到关联站台源对象,
node/4666461823,余家站,0,0,0,0,0,,not_available,未获取到关联站台源对象,
node/13353368352,余干站,0,0,0,0,0,,not_available,未获取到关联站台源对象,
node/2445713991,余江站,2,2,2,0,0,,not_available,源对象与显示一致，实际完整性未核验,way/377963775|way/377963776
node/1720394638,余粮堡站,2,2,0,2,0,,not_available,来源含站台线，不能当作真实面,way/1481209731|way/1481209732
node/10120263956,佛坪站,2,2,2,0,0,,not_available,源对象与显示一致，实际完整性未核验,way/1050447807|way/1050447808
node/12712348630,佛塱站,0,0,0,0,0,,not_available,未获取到关联站台源对象,
node/6934042658,佛山站,4,4,0,4,0,,not_available,来源含站台线，不能当作真实面,way/1496680814|way/1496680815|way/1496680816|way/1496680817
node/7706970417,佛山西站,14,14,14,0,0,,not_available,源对象与显示一致，实际完整性未核验,way/496494578|way/496494780|way/500951998|way/500953644|way/500958448|way/500960902|way/500962127|way/500962790|way/500964227|way/500964230|way/1434652001|way/1434652002|way/1434652003|way/1434652004
node/2329802054,佛岭站,1,1,0,1,0,,not_available,来源含站台线，不能当作真实面,way/1058229842
node/8390606424,佛峪站,0,0,0,0,0,,not_available,未获取到关联站台源对象,
node/11134136669,佛崖站,0,0,0,0,0,,not_available,未获取到关联站台源对象,
node/11610116803,佛肇站,0,0,0,0,0,,not_available,未获取到关联站台源对象,
node/12923473620,作登站,0,0,0,0,0,,not_available,未获取到关联站台源对象,
node/7527335479,佟家站,1,1,0,1,0,,not_available,来源含站台线，不能当作真实面,way/1530047171
node/2185005492,佳木斯站,7,7,0,7,0,,not_available,来源含站台线，不能当作真实面,way/1082701736|way/1082701737|way/1082701738|way/1082701739|way/1082701740|way/1082701741|way/1082701742
node/4226682338,佳木斯西站,0,0,0,0,0,,not_available,未获取到关联站台源对象,
node/9129186272,依克特站,1,1,0,1,0,,not_available,来源含站台线，不能当作真实面,way/1126434621
node/5697139268,依兰站,2,2,2,0,0,,not_available,源对象与显示一致，实际完整性未核验,way/933861089|way/933861090
node/7319259965,依吞布拉克站,0,0,0,0,0,,not_available,未获取到关联站台源对象,
node/5652369316,依坑站,0,0,0,0,0,,not_available,未获取到关联站台源对象,
node/9129186252,依安站,1,1,0,1,0,,not_available,来源含站台线，不能当作真实面,way/1118842631
node/13739142632,依寻站,0,0,0,0,0,,not_available,未获取到关联站台源对象,
node/6207701358,侯家坪站,0,0,0,0,0,,not_available,未获取到关联站台源对象,
node/7345342407,侯家庙站,1,1,1,0,0,,not_available,源对象与显示一致，实际完整性未核验,way/1156975164
node/3156214517,侯家母站,0,0,0,0,0,,not_available,未获取到关联站台源对象,
node/2336082796,侯杖子站,0,0,0,0,0,,not_available,未获取到关联站台源对象,
node/7272083219,侯潭站,0,0,0,0,0,,not_available,未获取到关联站台源对象,
node/4076206413,侯马北站,0,0,0,0,0,,not_available,未获取到关联站台源对象,
node/5425662246,侯马站,2,2,2,0,0,,not_available,源对象与显示一致，实际完整性未核验,way/1470217793|way/1470217794
node/4766563924,侯马西站,2,2,2,0,0,,not_available,源对象与显示一致，实际完整性未核验,way/467059108|way/467059109
node/7368477865,俄霍布拉克站,0,0,0,0,0,,not_available,未获取到关联站台源对象,
node/843276810,保健站,0,0,0,0,0,,not_available,未获取到关联站台源对象,
node/9169253673,保国站,0,0,0,0,0,,not_available,未获取到关联站台源对象,
node/8401357514,保定东站,1,1,0,1,0,,not_available,来源含站台线，不能当作真实面,way/543882383
node/11297643251,保定南站,0,0,0,0,0,,not_available,未获取到关联站台源对象,
node/9262515450,保定工业站,0,0,0,0,0,,not_available,未获取到关联站台源对象,
node/8308266733,保定站,5,5,5,0,0,,not_available,源对象与显示一致，实际完整性未核验,way/1075574171|way/1075574172|way/1075574173|way/1075574174|way/1075574175
node/2662698099,保家楼站,0,0,0,0,0,,not_available,未获取到关联站台源对象,
node/8341271209,保山北站,0,0,0,0,0,,not_available,未获取到关联站台源对象,
node/8341288522,保山站,3,3,0,3,0,,not_available,来源含站台线，不能当作真实面,way/1036870135|way/1036870136|way/1036870137
node/5575694856,保康县站,2,2,0,2,0,,not_available,来源含站台线，不能当作真实面,way/1304981387|way/1304981388
node/2892566733,保康站,2,2,2,0,0,,not_available,源对象与显示一致，实际完整性未核验,way/519136579|way/519136580
node/4587890203,保德站,0,0,0,0,0,,not_available,未获取到关联站台源对象,
node/13123179966,保田站,0,0,0,0,0,,not_available,未获取到关联站台源对象,
node/8182151354,俞冲站,0,0,0,0,0,,not_available,未获取到关联站台源对象,
node/1359398411,信丰站,0,0,0,0,0,,not_available,未获取到关联站台源对象,
node/8345915095,信丰西站,0,0,0,0,0,,not_available,未获取到关联站台源对象,
node/5041838931,信宜站,2,2,2,0,0,,not_available,源对象与显示一致，实际完整性未核验,way/516483288|way/516483289
node/9226690952,信湖矿站,0,0,0,0,0,,not_available,未获取到关联站台源对象,
node/12732987418,信都站,0,0,0,0,0,,not_available,未获取到关联站台源对象,
node/2264149886,信阳东站,3,3,3,0,0,,not_available,源对象与显示一致，实际完整性未核验,way/246051287|way/246051288|way/246051289
node/3858082961,信阳北站,0,0,0,0,0,,not_available,未获取到关联站台源对象,
node/6237929169,信阳站,4,4,4,0,0,,not_available,源对象与显示一致，实际完整性未核验,way/119264390|way/119264394|way/119264397|way/887007832
node/3858082968,信阳西站,0,0,0,0,0,,not_available,未获取到关联站台源对象,
node/8211935366,修文县站,0,0,0,0,0,,not_available,未获取到关联站台源对象,
node/1668749977,修文站,1,1,0,1,0,,not_available,来源含站台线，不能当作真实面,way/344025845
node/1577895139,修武站,0,0,0,0,0,,not_available,未获取到关联站台源对象,
node/3717101391,修武西站,0,0,0,0,0,,not_available,未获取到关联站台源对象,
node/7042327418,倒湖站,0,0,0,0,0,,not_available,未获取到关联站台源对象,
node/2184985150,倭肯站,1,1,0,1,0,,not_available,来源含站台线，不能当作真实面,way/1113251935
node/5232371904,倮果站,0,0,0,0,0,,not_available,未获取到关联站台源对象,
node/3006174635,偃师站,2,2,2,0,0,,not_available,源对象与显示一致，实际完整性未核验,way/1077145575|way/1077145576
node/3699737031,偏关站,0,0,0,0,0,,not_available,未获取到关联站台源对象,
node/2349633643,偏岭站,0,0,0,0,0,,not_available,未获取到关联站台源对象,
node/9169258506,偏岭镇站,0,0,0,0,0,,not_available,未获取到关联站台源对象,
node/2328405922,偏店站,2,2,2,0,0,,not_available,源对象与显示一致，实际完整性未核验,way/1121881848|way/1121881849
node/9274358850,傅庄站,0,0,0,0,0,,not_available,未获取到关联站台源对象,
node/7638983872,儋州站,0,0,0,0,0,,not_available,未获取到关联站台源对象,
node/9489931062,儿童生态乐园站,0,0,0,0,0,,not_available,未获取到关联站台源对象,
node/8175881695,元坝站,0,0,0,0,0,,not_available,未获取到关联站台源对象,
node/1720956551,元宝山站,1,1,1,0,0,,not_available,源对象与显示一致，实际完整性未核验,way/1184313778
node/9072960181,元宝湾站,0,0,0,0,0,,not_available,未获取到关联站台源对象,
node/7781481486,元山站,0,0,0,0,0,,not_available,未获取到关联站台源对象,
node/2329407072,元氏站,2,2,2,0,0,,not_available,源对象与显示一致，实际完整性未核验,way/1066980686|way/1066980687
node/8344240485,元江站,0,0,0,0,0,,not_available,未获取到关联站台源对象,
node/8308403239,元田坝站,0,0,0,0,0,,not_available,未获取到关联站台源对象,
node/7699201214,元谋站,0,0,0,0,0,,not_available,未获取到关联站台源对象,
node/5230023374,元谋西站,2,2,0,2,0,,not_available,来源含站台线，不能当作真实面,way/824871653|way/824871654
node/10917569596,元龙山站,1,1,1,0,0,,not_available,源对象与显示一致，实际完整性未核验,way/1467492767
node/3026390650,元龙站,2,2,0,2,0,,not_available,来源含站台线，不能当作真实面,way/695820681|way/695820682
node/3410058501,先锋站,2,2,2,0,0,,not_available,源对象与显示一致，实际完整性未核验,way/1042243444|way/1042243445
node/9846723810,先锋营站,0,0,0,0,0,,not_available,未获取到关联站台源对象,
node/8280728428,光华门站,0,0,0,0,0,,not_available,未获取到关联站台源对象,
node/2370491433,光山站,0,0,0,0,0,,not_available,未获取到关联站台源对象,
node/7103617869,光明城站,2,2,2,0,0,,not_available,源对象与显示一致，实际完整性未核验,way/655134972|way/655134973
node/1727803023,光明站,1,1,0,1,0,,not_available,来源含站台线，不能当作真实面,way/1125532037
node/1583788084,光泽站,0,0,0,0,0,,not_available,未获取到关联站台源对象,
node/9162699851,光辉村站,0,0,0,0,0,,not_available,未获取到关联站台源对象,
node/9126260259,克一河站,1,1,0,1,0,,not_available,来源含站台线，不能当作真实面,way/1125332623
node/10219936787,克东站,2,2,0,2,0,,not_available,来源含站台线，不能当作真实面,way/1118861524|way/1118861525
node/7368677845,克什克站,0,0,0,0,0,,not_available,未获取到关联站台源对象,
node/7368477863,克孜勒亚站,0,0,0,0,0,,not_available,未获取到关联站台源对象,
node/7365811222,克孜勒站,0,0,0,0,0,,not_available,未获取到关联站台源对象,
node/9129186250,克山站,2,2,0,2,0,,not_available,来源含站台线，不能当作真实面,way/1118842672|way/1118842673
node/7368677854,克拉玛依北站,1,1,1,0,0,,not_available,源对象与显示一致，实际完整性未核验,way/880599221
node/9094856520,克拉玛依站,4,4,4,0,0,,not_available,源对象与显示一致，实际完整性未核验,way/879247720|way/879247721|way/879247722|way/879247723
node/7369154309,克音沟站,0,0,0,0,0,,not_available,未获取到关联站台源对象,
node/1595854626,免渡河站,2,2,0,2,0,,not_available,来源含站台线，不能当作真实面,way/1095572357|way/1095572358
node/2328308912,兑镇站,0,0,0,0,0,,not_available,未获取到关联站台源对象,
node/8455171505,兖州北站,0,0,0,0,0,,not_available,未获取到关联站台源对象,
node/8452913704,兖州站,3,3,3,0,0,,not_available,源对象与显示一致，实际完整性未核验,way/1039025489|way/1039025490|way/1039025491
node/8446034574,兖州西站,0,0,0,0,0,,not_available,未获取到关联站台源对象,
node/5171146202,党家庄站,2,2,1,1,0,,not_available,来源含站台线，不能当作真实面,way/778735839|way/778735840
node/2713090866,党峪站,1,1,1,0,0,,not_available,源对象与显示一致，实际完整性未核验,way/1096789642
node/7625151869,党武站,0,0,0,0,0,,not_available,未获取到关联站台源对象,
node/8154570904,全州南站,2,2,2,0,0,,not_available,源对象与显示一致，实际完整性未核验,way/1307479456|way/1307479457
node/1573735882,全州站,0,0,0,0,0,,not_available,未获取到关联站台源对象,
node/7898882542,全旺站,0,0,0,0,0,,not_available,未获取到关联站台源对象,
node/8857330837,全村站,0,0,0,0,0,,not_available,未获取到关联站台源对象,
node/5427515088,全椒站,2,2,2,0,0,,not_available,源对象与显示一致，实际完整性未核验,way/1084426757|way/1084426758
node/7319251385,全集北站,0,0,0,0,0,,not_available,未获取到关联站台源对象,
node/9242869573,八一矿站,0,0,0,0,0,,not_available,未获取到关联站台源对象,
node/7638983871,八一站,0,0,0,0,0,,not_available,未获取到关联站台源对象,
node/844682657,八仙筒站,2,2,2,0,0,,not_available,源对象与显示一致，实际完整性未核验,way/1481209759|way/1481209760
node/12326986399,八坼站,0,0,0,0,0,,not_available,未获取到关联站台源对象,
node/8852911279,八塘站,0,0,0,0,0,,not_available,未获取到关联站台源对象,
node/9174163152,八宝站,0,0,0,0,0,,not_available,未获取到关联站台源对象,
node/9171411656,八家子站,0,0,0,0,0,,not_available,未获取到关联站台源对象,
node/4676485671,八家户站,0,0,0,0,0,,not_available,未获取到关联站台源对象,
node/8740946395,八家旺站,0,0,0,0,0,,not_available,未获取到关联站台源对象,
node/7639801223,八所,0,0,0,0,0,,not_available,未获取到关联站台源对象,
node/9694086110,八斗岭站,0,0,0,0,0,,not_available,未获取到关联站台源对象,
node/1614132448,八斗站,0,0,0,0,0,,not_available,未获取到关联站台源对象,
node/7072113720,八方山站,0,0,0,0,0,,not_available,未获取到关联站台源对象,
node/1727802981,八方站,1,1,0,1,0,,not_available,来源含站台线，不能当作真实面,way/1125532049
node/2456670714,八景站,0,0,0,0,0,,not_available,未获取到关联站台源对象,
node/3699736998,八柳树站,0,0,0,0,0,,not_available,未获取到关联站台源对象,
node/5408138793,八步站,0,0,0,0,0,,not_available,未获取到关联站台源对象,
node/5537379125,八渡站,0,0,0,0,0,,not_available,未获取到关联站台源对象,
node/9193526296,八甲站,0,0,0,0,0,,not_available,未获取到关联站台源对象,
node/3958138723,八盘峡站,0,0,0,0,0,,not_available,未获取到关联站台源对象,
node/7365811227,八盘磨站,0,0,0,0,0,,not_available,未获取到关联站台源对象,
node/13928568110,八矿站,0,0,0,0,0,,not_available,未获取到关联站台源对象,
node/8163363268,八矿站,0,0,0,0,0,,not_available,未获取到关联站台源对象,
node/1597596167,八苏木站,0,0,0,0,0,,not_available,未获取到关联站台源对象,
node/2662698081,八角台站,0,0,0,0,0,,not_available,未获取到关联站台源对象,
node/7805044408,八达岭站,4,4,0,4,0,,not_available,来源含站台线，不能当作真实面,way/127590722|way/127590723|way/256295116|way/256295118
node/6472124842,八达岭长城站,2,2,2,0,0,,not_available,源对象与显示一致，实际完整性未核验,way/787455282|way/787455283
node/5980498116,八达沟站,2,2,0,2,0,,not_available,来源含站台线，不能当作真实面,way/967446909|way/967446910
node/2340355342,八道壕站,0,0,0,0,0,,not_available,未获取到关联站台源对象,
node/6711712945,八道河站,0,0,0,0,0,,not_available,未获取到关联站台源对象,
node/2662698040,八都站,0,0,0,0,0,,not_available,未获取到关联站台源对象,
node/9131669909,八里坪站,0,0,0,0,0,,not_available,未获取到关联站台源对象,
node/2329491710,八里庄站,2,2,2,0,0,,not_available,源对象与显示一致，实际完整性未核验,way/1051220311|way/1051220312
node/11753229070,八里店站,0,0,0,0,0,,not_available,未获取到关联站台源对象,
node/2758430366,八里店站,0,0,0,0,0,,not_available,未获取到关联站台源对象,
node/3316389462,八里湾站,0,0,0,0,0,,not_available,未获取到关联站台源对象,
node/9174163133,八里甸子站,0,0,0,0,0,,not_available,未获取到关联站台源对象,
node/12942017910,八里站,2,2,0,2,0,,not_available,来源含站台线，不能当作真实面,way/895246327|way/895246328
node/8389663570,八里铺站,0,0,0,0,0,,not_available,未获取到关联站台源对象,
node/9246201040,八陡站,0,0,0,0,0,,not_available,未获取到关联站台源对象,
node/2662698087,八面城站,0,0,0,0,0,,not_available,未获取到关联站台源对象,
node/2662698088,八面通站,2,2,0,2,0,,not_available,来源含站台线，不能当作真实面,way/602286237|way/602286238
node/4111704869,公主岭南站,0,0,0,0,0,,not_available,未获取到关联站台源对象,
node/5413859423,公主岭站,3,3,3,0,0,,not_available,源对象与显示一致，实际完整性未核验,way/969804056|way/1307434472|way/1307434473
node/9098127461,公乌素站,0,0,0,0,0,,not_available,未获取到关联站台源对象,
node/1588514368,公兴站,0,0,0,0,0,,not_available,未获取到关联站台源对象,
node/10917569592,公园站,1,1,1,0,0,,not_available,源对象与显示一致，实际完整性未核验,way/1467262965
node/8236492544,公坪站,0,0,0,0,0,,not_available,未获取到关联站台源对象,
node/7740322583,公安站,0,0,0,0,0,,not_available,未获取到关联站台源对象,
node/5108216933,公平墟站,0,0,0,0,0,,not_available,未获取到关联站台源对象,
node/4075255922,公庄站,0,0,0,0,0,,not_available,未获取到关联站台源对象,
node/9111268213,公庙子站,2,2,2,0,0,,not_available,源对象与显示一致，实际完整性未核验,way/1282133378|way/1282133379
node/9081732815,公沟站,0,0,0,0,0,,not_available,未获取到关联站台源对象,
node/8686094505,公积坂站,2,2,2,0,0,,not_available,源对象与显示一致，实际完整性未核验,way/1283304035|way/1283306649
node/2336764044,公营子站,2,2,2,0,0,,not_available,源对象与显示一致，实际完整性未核验,way/1496756345|way/1496756346
node/4571484268,六个鸡站,0,0,0,0,0,,not_available,未获取到关联站台源对象,
node/13506321537,六井站,0,0,0,0,0,,not_available,未获取到关联站台源对象,
node/1943110242,六公里站,1,1,0,1,0,,not_available,来源含站台线，不能当作真实面,way/422448810
node/6318126109,六十六团站,0,0,0,0,0,,not_available,未获取到关联站台源对象,
node/8506548624,六十里铺站,0,0,0,0,0,,not_available,未获取到关联站台源对象,
node/1666058769,六合站,2,2,2,0,0,,not_available,源对象与显示一致，实际完整性未核验,way/93684884|way/93684885
node/11327619641,六合西站,0,0,0,0,0,,not_available,未获取到关联站台源对象,
node/9129186268,六合镇站,1,1,0,1,0,,not_available,来源含站台线，不能当作真实面,way/1125532043
node/8856363385,六孟站,0,0,0,0,0,,not_available,未获取到关联站台源对象,
node/11710655083,六安北站,0,0,0,0,0,,not_available,未获取到关联站台源对象,
node/5157242006,六安站,4,4,4,0,0,,not_available,源对象与显示一致，实际完整性未核验,way/1082460429|way/1082460433|way/1082460434|way/1082460435
node/8453216520,六摆渡站,0,0,0,0,0,,not_available,未获取到关联站台源对象,
node/8158566831,六景东站,0,0,0,0,0,,not_available,未获取到关联站台源对象,
node/5211473138,六景站,0,0,0,0,0,,not_available,未获取到关联站台源对象,
node/7704451132,六枝南站,2,2,2,0,0,,not_available,源对象与显示一致，实际完整性未核验,way/1492497777|way/1492497778
node/2341864262,六枝站,0,0,0,0,0,,not_available,未获取到关联站台源对象,
node/13505654474,六栋房站,0,0,0,0,0,,not_available,未获取到关联站台源对象,
node/14156675326,六槽站,0,0,0,0,0,,not_available,未获取到关联站台源对象,
node/8857192174,六甲站,0,0,0,0,0,,not_available,未获取到关联站台源对象,
node/1783909024,六盘山站,0,0,0,0,0,,not_available,未获取到关联站台源对象,
node/7704451130,六盘水东站,0,0,0,0,0,,not_available,未获取到关联站台源对象,
node/4663087677,六盘水南站,0,0,0,0,0,,not_available,未获取到关联站台源对象,
node/7704433025,六盘水站,3,3,3,0,0,,not_available,源对象与显示一致，实际完整性未核验,way/1503155234|way/1503155235|way/1503155236
node/4018879802,六道河子站,2,2,0,2,0,,not_available,来源含站台线，不能当作真实面,way/1110918978|way/1110918979
node/9178152017,六道河站,0,0,0,0,0,,not_available,未获取到关联站台源对象,
node/8204063699,兰城站,0,0,0,0,0,,not_available,未获取到关联站台源对象,
node/10108687221,兰家沟站,0,0,0,0,0,,not_available,未获取到关联站台源对象,
node/9081732733,兰家窑站,0,0,0,0,0,,not_available,未获取到关联站台源对象,
node/12744883800,兰家站,0,0,0,0,0,,not_available,未获取到关联站台源对象,
node/1604842617,兰岗站,1,1,0,1,0,,not_available,来源含站台线，不能当作真实面,way/1115717767
node/9137873812,兰岭站,1,1,0,1,0,,not_available,来源含站台线，不能当作真实面,way/601045310
node/9303518364,兰州东川站,0,0,0,0,0,,not_available,未获取到关联站台源对象,
node/6568513151,兰州东站,1,1,0,1,0,,not_available,来源含站台线，不能当作真实面,way/921508889
node/9299765127,兰州北站,0,0,0,0,0,,not_available,未获取到关联站台源对象,
node/4088610999,兰州新区站,3,3,3,0,0,,not_available,源对象与显示一致，实际完整性未核验,way/409219867|way/409219872|way/1361439144
node/269826006,兰州站,6,6,6,0,0,,not_available,源对象与显示一致，实际完整性未核验,way/133287463|way/133287464|way/216895836|way/216895837|way/216895840|way/364945374
node/3481086575,兰州西站,24,24,24,0,0,,not_available,源对象与显示一致，实际完整性未核验,way/588216400|way/588216402|way/588216405|way/588216407|way/588216409|way/588216412|way/588216414|way/588216417|way/588216419|way/588216422|way/588216424|way/588216426|way/1257127694|way/1349065906|way/1349065907|way/1349065908|way/1349065909|way/1349065910|way/1349065911|way/1349065912|way/1349065913|way/1349065914|way/1349065915|way/1349065916
node/7935632118,兰巨站,0,0,0,0,0,,not_available,未获取到关联站台源对象,
node/4615504837,兰店站,0,0,0,0,0,,not_available,未获取到关联站台源对象,
node/6357489709,兰棱站,2,2,0,2,0,,not_available,来源含站台线，不能当作真实面,way/1093824435|way/1093824436
node/9302014474,兰溪东站,0,0,0,0,0,,not_available,未获取到关联站台源对象,
node/1979139432,兰溪站,0,0,0,0,0,,not_available,未获取到关联站台源对象,
node/3311834108,兰考南站,0,0,0,0,0,,not_available,未获取到关联站台源对象,
node/1775221273,兰考站,2,2,0,2,0,,not_available,来源含站台线，不能当作真实面,way/1050666099|way/1050666100
node/8176138570,兰草站,0,0,0,0,0,,not_available,未获取到关联站台源对象,
node/2417820308,兰陵北站,1,1,1,0,0,,not_available,源对象与显示一致，实际完整性未核验,way/1395677659
node/3178717101,兰陵西站,0,0,0,0,0,,not_available,未获取到关联站台源对象,
node/1588514366,共和站,0,0,0,0,0,,not_available,未获取到关联站台源对象,
node/7213210232,共青城东站,0,0,0,0,0,,not_available,未获取到关联站台源对象,
node/2447053249,共青城站,0,0,0,0,0,,not_available,未获取到关联站台源对象,
node/10120264009,关口老站,0,0,0,0,0,,not_available,未获取到关联站台源对象,
node/2341864261,关寨站,0,0,0,0,0,,not_available,未获取到关联站台源对象,
node/3012148388,关山站,0,0,0,0,0,,not_available,未获取到关联站台源对象,
node/3328325801,关岭站,2,2,0,2,0,,not_available,来源含站台线，不能当作真实面,way/1254701099|way/1254701100
node/6952606886,关帝庙站,0,0,0,0,0,,not_available,未获取到关联站台源对象,
node/5655797146,关春站,0,0,0,0,0,,not_available,未获取到关联站台源对象,
node/1588514386,关村坝站,0,0,0,0,0,,not_available,未获取到关联站台源对象,
node/10897832920,关村站,0,0,0,0,0,,not_available,未获取到关联站台源对象,
node/6752636232,关林站,2,2,2,0,0,,not_available,源对象与显示一致，实际完整性未核验,way/305423030|way/305423034
node/3060551491,关田站,0,0,0,0,0,,not_available,未获取到关联站台源对象,
node/4071015341,关碾房站,0,0,0,0,0,,not_available,未获取到关联站台源对象,
node/3182773626,关西镇站,2,2,2,0,0,,not_available,源对象与显示一致，实际完整性未核验,way/897998404|way/1424387238
node/8198233372,关龙桥站,0,0,0,0,0,,not_available,未获取到关联站台源对象,
node/11330665364,兴业南站,0,0,0,0,0,,not_available,未获取到关联站台源对象,
node/1692209509,兴业站,0,0,0,0,0,,not_available,未获取到关联站台源对象,
node/10724756176,兴义南站,0,0,0,0,0,,not_available,未获取到关联站台源对象,
node/4353564606,兴义站,1,1,1,0,0,,not_available,源对象与显示一致，实际完整性未核验,way/525494804
node/9137873803,兴凯站,1,1,0,1,0,,not_available,来源含站台线，不能当作真实面,way/808223206
node/8524358521,兴化站,0,0,0,0,0,,not_available,未获取到关联站台源对象,
node/5697139282,兴华站,0,0,0,0,0,,not_available,未获取到关联站台源对象,
node/1709793868,兴卫村站,0,0,0,0,0,,not_available,未获取到关联站台源对象,
node/8393394858,兴县站,0,0,0,0,0,,not_available,未获取到关联站台源对象,
node/4693191082,兴和北站,0,0,0,0,0,,not_available,未获取到关联站台源对象,
node/843276814,兴和站,0,0,0,0,0,,not_available,未获取到关联站台源对象,
node/4283508204,兴和西站,2,2,2,0,0,,not_available,源对象与显示一致，实际完整性未核验,way/543802994|way/543802995
node/1641971971,兴国站,2,2,2,0,0,,not_available,源对象与显示一致，实际完整性未核验,way/370870302|way/370870303
node/2941992827,兴国西站,2,2,2,0,0,,not_available,源对象与显示一致，实际完整性未核验,way/1012125988|way/1012125989
node/2609234203,兴城站,2,2,2,0,0,,not_available,源对象与显示一致，实际完整性未核验,way/1434772368|way/1434772369
node/7949510450,兴城西站,0,0,0,0,0,,not_available,未获取到关联站台源对象,
node/9992012167,兴宁南站,0,0,0,0,0,,not_available,未获取到关联站台源对象,
node/1619080445,兴宁站,0,0,0,0,0,,not_available,未获取到关联站台源对象,
node/9980091031,兴宁西站,0,0,0,0,0,,not_available,未获取到关联站台源对象,
node/7830203476,兴安北站,2,2,2,0,0,,not_available,源对象与显示一致，实际完整性未核验,way/1307031057|way/1307031058
node/1595854645,兴安岭站,1,1,0,1,0,,not_available,来源含站台线，不能当作真实面,way/1095600399
node/14156675340,兴安站,0,0,0,0,0,,not_available,未获取到关联站台源对象,
node/1573735883,兴安站,0,0,0,0,0,,not_available,未获取到关联站台源对象,
node/3822196733,兴寿站,2,2,0,2,0,,not_available,来源含站台线，不能当作真实面,way/1031965652|way/1031965653
node/14156675327,兴山站,0,0,0,0,0,,not_available,未获取到关联站台源对象,
node/5575694842,兴山站,2,2,0,2,0,,not_available,来源含站台线，不能当作真实面,way/1394910059|way/1394910060
node/9634216172,兴平站,0,0,0,0,0,,not_available,未获取到关联站台源对象,
node/10108678013,兴文南站,1,1,0,1,0,,not_available,来源含站台线，不能当作真实面,way/1229908489
node/5822178037,兴文站,2,2,0,2,0,,not_available,来源含站台线，不能当作真实面,way/691391533|way/691391534
node/1731938337,兴无站,1,1,0,1,0,,not_available,来源含站台线，不能当作真实面,way/1112314604
node/14072867292,兴旺村站,0,0,0,0,0,,not_available,未获取到关联站台源对象,
node/2340696431,兴泉堡站,0,0,0,0,0,,not_available,未获取到关联站台源对象,
node/2154670879,兴福站,2,2,0,2,0,,not_available,来源含站台线，不能当作真实面,way/1120165252|way/1148510729
node/4025119050,兴福镇站,0,0,0,0,0,,not_available,未获取到关联站台源对象,
node/9137876519,兴莲站,1,1,0,1,0,,not_available,来源含站台线，不能当作真实面,way/1086330797
node/4017761245,兴隆县站,2,2,0,2,0,,not_available,来源含站台线，不能当作真实面,way/1112147530|way/1112147531
node/4507823280,兴隆县西站,0,0,0,0,0,,not_available,未获取到关联站台源对象,
node/2616210383,兴隆场,0,0,0,0,0,,not_available,未获取到关联站台源对象,
node/2332707900,兴隆山站,0,0,0,0,0,,not_available,未获取到关联站台源对象,
node/7053359013,兴隆庄站,0,0,0,0,0,,not_available,未获取到关联站台源对象,
node/1655741348,兴隆店站,2,2,2,0,0,,not_available,源对象与显示一致，实际完整性未核验,way/1251282620|way/1251282628
node/9176129492,兴隆河站,0,0,0,0,0,,not_available,未获取到关联站台源对象,
node/8182496501,兴隆站,0,0,0,0,0,,not_available,未获取到关联站台源对象,
node/9242869547,兴隆站,0,0,0,0,0,,not_available,未获取到关联站台源对象,
node/9322545559,兴隆站,0,0,0,0,0,,not_available,未获取到关联站台源对象,
node/2344167678,兴隆镇站,2,2,0,2,0,,not_available,来源含站台线，不能当作真实面,way/1110734695|way/1110734696
node/12750131952,兴隆镇西站,0,0,0,0,0,,not_available,未获取到关联站台源对象,
node/8948999365,兴隆镇（窄轨）,0,0,0,0,0,,not_available,未获取到关联站台源对象,
node/8547282910,兴隆集站,0,0,0,0,0,,not_available,未获取到关联站台源对象,
node/3956115071,兵马营站,1,1,0,1,0,,not_available,来源含站台线，不能当作真实面,way/1033229258
node/8172984763,养马河站,0,0,0,0,0,,not_available,未获取到关联站台源对象,
node/8310060703,养龙司站,0,0,0,0,0,,not_available,未获取到关联站台源对象,
node/3949965025,冀州站,0,0,0,0,0,,not_available,未获取到关联站台源对象,
node/1589822196,内乡站,0,0,0,0,0,,not_available,未获取到关联站台源对象,
node/7740322570,内乡西站,0,0,0,0,0,,not_available,未获取到关联站台源对象,
node/7781469274,内山村站,0,0,0,0,0,,not_available,未获取到关联站台源对象,
node/8437135034,内江东站,2,2,0,2,0,,not_available,来源含站台线，不能当作真实面,way/1304059025|way/1304059026
node/8869763827,内江北站,6,6,0,6,0,,not_available,来源含站台线，不能当作真实面,way/908291463|way/908291464|way/908291465|way/908291466|way/908291469|way/908291472
node/7555690994,内江南站,0,0,0,0,0,,not_available,未获取到关联站台源对象,
node/1587112363,内江站,2,2,0,2,0,,not_available,来源含站台线，不能当作真实面,way/1283228960|way/1283228961
node/2329407069,内邱站,4,4,4,0,0,,not_available,源对象与显示一致，实际完整性未核验,way/1067672800|way/1067672801|way/1067672802|way/1067672803
node/9521570748,内黄站,0,0,0,0,0,,not_available,未获取到关联站台源对象,
node/8478393901,内黄集站,0,0,0,0,0,,not_available,未获取到关联站台源对象,
node/9069910634,冈干特乌拉站,0,0,0,0,0,,not_available,未获取到关联站台源对象,
node/1532826994,冉家河站,0,0,0,0,0,,not_available,未获取到关联站台源对象,
node/4349874037,册亨站,0,0,0,0,0,,not_available,未获取到关联站台源对象,
node/11180444686,冕宁站,0,0,0,0,0,,not_available,未获取到关联站台源对象,
node/2092190024,冕山站,0,0,0,0,0,,not_available,未获取到关联站台源对象,
node/8320813167,冗贝站,1,1,0,1,0,,not_available,来源含站台线，不能当作真实面,way/1240089246
node/9524455317,军垦站,2,2,0,2,0,,not_available,来源含站台线，不能当作真实面,way/1525227153|way/1525227172
node/2112867309,军庄站,1,1,0,1,0,,not_available,来源含站台线，不能当作真实面,way/201330541
node/8373909179,军田站,0,0,0,0,0,,not_available,未获取到关联站台源对象,
node/9274358865,军粮城北站,3,3,3,0,0,,not_available,源对象与显示一致，实际完整性未核验,way/1086276253|way/1086276254|way/1086276255
node/9274358860,军粮城站,2,2,2,0,0,,not_available,源对象与显示一致，实际完整性未核验,way/346507209|way/1086276172
node/8163363259,军营沟站,0,0,0,0,0,,not_available,未获取到关联站台源对象,
node/4676485641,农业大学站,3,3,0,3,0,,not_available,来源含站台线，不能当作真实面,way/434722665|way/1417173170|way/1417173171
node/8457132633,农中站,0,0,0,0,0,,not_available,未获取到关联站台源对象,
node/9069910627,农乃庙站,0,0,0,0,0,,not_available,未获取到关联站台源对象,
node/13506321565,农场,0,0,0,0,0,,not_available,未获取到关联站台源对象,
node/5233987484,农垦四团站,1,1,1,0,0,,not_available,源对象与显示一致，实际完整性未核验,way/1466364848
node/1273441187,农安站,2,2,2,0,0,,not_available,源对象与显示一致，实际完整性未核验,way/781418812|way/781418813
node/8444259398,冠县站,2,2,2,0,0,,not_available,源对象与显示一致，实际完整性未核验,way/1113400765|way/1113400766
way/1090963468,冠岩小火车站,0,0,0,0,0,,not_available,未获取到关联站台源对象,
node/3182658839,冠朝站,0,0,0,0,0,,not_available,未获取到关联站台源对象,
node/2838818230,冠豸山南站,2,2,2,0,0,,not_available,源对象与显示一致，实际完整性未核验,way/385141168|way/385141169
node/7780346102,冠豸山站,0,0,0,0,0,,not_available,未获取到关联站台源对象,
node/8319382860,冬瓜铺站,0,0,0,0,0,,not_available,未获取到关联站台源对象,
node/4485375612,冯井站,0,0,0,0,0,,not_available,未获取到关联站台源对象,
node/5548164601,冯家坝站,0,0,0,0,0,,not_available,未获取到关联站台源对象,
node/1545860364,冯家山站,0,0,0,0,0,,not_available,未获取到关联站台源对象,
node/9287647738,冯家川站,0,0,0,0,0,,not_available,未获取到关联站台源对象,
node/1728086189,冯屯站,2,2,0,2,0,,not_available,来源含站台线，不能当作真实面,way/1118549986|way/1118549987
node/8093975746,冯庄站,0,0,0,0,0,,not_available,未获取到关联站台源对象,
node/9118904954,冯记沟站,0,0,0,0,0,,not_available,未获取到关联站台源对象,
node/14064241890,冰沟站,0,0,0,0,0,,not_available,未获取到关联站台源对象,
node/10901470925,冰湖沟站,0,0,0,0,0,,not_available,未获取到关联站台源对象,
node/5999657687,冰草湾站,0,0,0,0,0,,not_available,未获取到关联站台源对象,
node/11837753486,冲康（预留）,0,0,0,0,0,,not_available,未获取到关联站台源对象,
node/8395249616,冶源站,0,0,0,0,0,,not_available,未获取到关联站台源对象,
node/12753975887,冶金园区站,0,0,0,0,0,,not_available,未获取到关联站台源对象,
node/8212315728,冷坝站,3,3,1,2,0,,not_available,来源含站台线，不能当作真实面,way/1503146393|way/1503146391|way/1503146392
node/8739186970,冷水井站,0,0,0,0,0,,not_available,未获取到关联站台源对象,
node/8204507930,冷水江东站,0,0,0,0,0,,not_available,未获取到关联站台源对象,
node/8727106275,冷水江西站,0,0,0,0,0,,not_available,未获取到关联站台源对象,
node/3081853221,冷水站,0,0,0,0,0,,not_available,未获取到关联站台源对象,
node/5236564858,冷水铺站,0,0,0,0,0,,not_available,未获取到关联站台源对象,
node/7202547227,冷水镇站,0,0,0,0,0,,not_available,未获取到关联站台源对象,
node/4076265639,冷泉站,0,0,0,0,0,,not_available,未获取到关联站台源对象,
node/6308157532,准东北站,0,0,0,0,0,,not_available,未获取到关联站台源对象,
node/6308158125,准东站,0,0,0,0,0,,not_available,未获取到关联站台源对象,
node/9081732816,准格尔召站,0,0,0,0,0,,not_available,未获取到关联站台源对象,
node/5166914644,准格尔站,2,2,2,0,0,,not_available,源对象与显示一致，实际完整性未核验,way/1292237103|way/1292237104
node/8738649611,凉亭坳站,0,0,0,0,0,,not_available,未获取到关联站台源对象,
node/9242148050,凉亭河站,0,0,0,0,0,,not_available,未获取到关联站台源对象,
node/1964642696,凉水井站,0,0,0,0,0,,not_available,未获取到关联站台源对象,
node/9171411665,凉水站,0,0,0,0,0,,not_available,未获取到关联站台源对象,
node/2092190000,凉红站,1,1,0,1,0,,not_available,来源含站台线，不能当作真实面,way/1158575511
node/3499334914,凉雾站,0,0,0,0,0,,not_available,未获取到关联站台源对象,
node/5779176951,凉风垭站,0,0,0,0,0,,not_available,未获取到关联站台源对象,
node/8154570914,凉风桥站,0,0,0,0,0,,not_available,未获取到关联站台源对象,
node/12091508868,凌云站,0,0,0,0,0,,not_available,未获取到关联站台源对象,
node/7555690993,凌家场,0,0,0,0,0,,not_available,未获取到关联站台源对象,
node/13437566554,凌河站,0,0,0,0,0,,not_available,未获取到关联站台源对象,
node/8156943652,凌海南站,0,0,0,0,0,,not_available,未获取到关联站台源对象,
node/8226400767,凌海站,3,3,1,2,0,,not_available,来源含站台线，不能当作真实面,way/1460171886|way/1450703403|way/1450703405
node/2336082800,凌源东站,0,0,0,0,0,,not_available,未获取到关联站台源对象,
node/2336764049,凌源站,1,1,1,0,0,,not_available,源对象与显示一致，实际完整性未核验,way/1496764173
node/9544816611,凤凰古城站,2,2,2,0,0,,not_available,源对象与显示一致，实际完整性未核验,way/1308393299|way/1308393300
node/3525595222,凤凰城站,0,0,0,0,0,,not_available,未获取到关联站台源对象,
node/1569253485,凤凰山站,0,0,0,0,0,,not_available,未获取到关联站台源对象,
node/9729529799,凤凰岭站,1,1,0,1,0,,not_available,来源含站台线，不能当作真实面,way/159546539
node/9729591800,凤凰岭站,0,0,0,0,0,,not_available,未获取到关联站台源对象,
node/8239658421,凤凰店站,0,0,0,0,0,,not_available,未获取到关联站台源对象,
node/3926614045,凤凰机场,0,0,0,0,0,,not_available,未获取到关联站台源对象,
node/3153830009,凤凰村站,0,0,0,0,0,,not_available,未获取到关联站台源对象,
node/8154580333,凤凰站,0,0,0,0,0,,not_available,未获取到关联站台源对象,
node/2373342112,凤县站,1,1,0,1,0,,not_available,来源含站台线，不能当作真实面,way/958192314
node/4592125078,凤台南站,2,2,2,0,0,,not_available,源对象与显示一致，实际完整性未核验,way/1305784925|way/1305784926
node/9226664074,凤台电厂站,0,0,0,0,0,,not_available,未获取到关联站台源对象,
node/6037693464,凤台站,0,0,0,0,0,,not_available,未获取到关联站台源对象,
node/9179735855,凤城东站,2,2,2,0,0,,not_available,源对象与显示一致，实际完整性未核验,way/891112012|way/891112013
node/13614157094,凤山站,0,0,0,0,0,,not_available,未获取到关联站台源对象,
node/9259607261,凤山站,0,0,0,0,0,,not_available,未获取到关联站台源对象,
node/7249740465,凤岩站,0,0,0,0,0,,not_available,未获取到关联站台源对象,
node/1545968418,凤州站,1,1,0,1,0,,not_available,来源含站台线，不能当作真实面,way/1256564901
node/9320122086,凤洼站,0,0,0,0,0,,not_available,未获取到关联站台源对象,
node/1545860366,凤翔站,0,0,0,0,0,,not_available,未获取到关联站台源对象,
node/3753841665,凤翔西站,0,0,0,0,0,,not_available,未获取到关联站台源对象,
node/3026390659,凤阁岭站,0,0,0,0,0,,not_available,未获取到关联站台源对象,
node/8454361469,凤阳站,0,0,0,0,0,,not_available,未获取到关联站台源对象,
node/8852812886,凤鸣站,0,0,0,0,0,,not_available,未获取到关联站台源对象,
node/8447564477,凫村站,0,0,0,0,0,,not_available,未获取到关联站台源对象,
node/11278710052,凭祥东站,3,3,3,0,0,,not_available,源对象与显示一致，实际完整性未核验,way/1533905321|way/1533905322|way/1533905323
node/1577103523,凭祥站,1,1,0,1,0,,not_available,来源含站台线，不能当作真实面,way/1393420338
node/9137873801,凯北站,1,1,0,1,0,,not_available,来源含站台线，不能当作真实面,way/808228823
node/2953809299,凯里南站,3,3,3,0,0,,not_available,源对象与显示一致，实际完整性未核验,way/1284416387|way/1284416388|way/1284416389
node/4460276303,凯里站,3,3,3,0,0,,not_available,源对象与显示一致，实际完整性未核验,way/1284420215|way/1284420216|way/1284420217
node/8313638248,凯里西站,0,0,0,0,0,,not_available,未获取到关联站台源对象,
node/2514251053,刀尔登站,0,0,0,0,0,,not_available,未获取到关联站台源对象,
node/13508900515,分场,0,0,0,0,0,,not_available,未获取到关联站台源对象,
node/9118892100,分守岭站,0,0,0,0,0,,not_available,未获取到关联站台源对象,
node/6322602586,分宜北站,0,0,0,0,0,,not_available,未获取到关联站台源对象,
node/1579621876,分宜站,2,2,2,0,0,,not_available,源对象与显示一致，实际完整性未核验,way/1282842427|way/1282842428
node/4999763859,分水寺站,0,0,0,0,0,,not_available,未获取到关联站台源对象,
node/9178344024,分水站,0,0,0,0,0,,not_available,未获取到关联站台源对象,
node/9229648667,分路口站,0,0,0,0,0,,not_available,未获取到关联站台源对象,
node/9728700883,刘元头站,0,0,0,0,0,,not_available,未获取到关联站台源对象,
node/840299212,刘召站,2,2,2,0,0,,not_available,源对象与显示一致，实际完整性未核验,way/536276943|way/536276945
node/9269060399,刘官营站,0,0,0,0,0,,not_available,未获取到关联站台源对象,
node/5348593372,刘家场,0,0,0,0,0,,not_available,未获取到关联站台源对象,
node/6948470581,刘家峡站,0,0,0,0,0,,not_available,未获取到关联站台源对象,
node/6436067243,刘家店站,1,1,1,0,0,,not_available,源对象与显示一致，实际完整性未核验,way/929596814
node/2584265429,刘家沟站,0,0,0,0,0,,not_available,未获取到关联站台源对象,
node/1660818526,刘家河站,1,1,0,1,0,,not_available,来源含站台线，不能当作真实面,way/1527635097
node/10973711956,刘山站,2,2,2,0,0,,not_available,源对象与显示一致，实际完整性未核验,way/1467492750|way/1467492751
node/9226664094,刘庄矿站,0,0,0,0,0,,not_available,未获取到关联站台源对象,
node/8229961825,刘庄站,0,0,0,0,0,,not_available,未获取到关联站台源对象,
node/9226690954,刘店站,0,0,0,0,0,,not_available,未获取到关联站台源对象,
node/9577248882,刘庙站,0,0,0,0,0,,not_available,未获取到关联站台源对象,
node/8012738236,刘府站,0,0,0,0,0,,not_available,未获取到关联站台源对象,
node/8093813875,刘征站,0,0,0,0,0,,not_available,未获取到关联站台源对象,
node/3860611403,刘村站,0,0,0,0,0,,not_available,未获取到关联站台源对象,
node/9226664108,刘村集站,0,0,0,0,0,,not_available,未获取到关联站台源对象,
node/9226690967,刘桥一矿站,0,0,0,0,0,,not_available,未获取到关联站台源对象,
node/9226690968,刘桥二矿站,0,0,0,0,0,,not_available,未获取到关联站台源对象,
node/1588514426,刘沟站,0,0,0,0,0,,not_available,未获取到关联站台源对象,
node/8163363243,刘碑站,0,0,0,0,0,,not_available,未获取到关联站台源对象,
node/9223366432,刘集站,0,0,0,0,0,,not_available,未获取到关联站台源对象,
node/12379039198,则岔站,0,0,0,0,0,,not_available,未获取到关联站台源对象,
node/9900082001,则巴站,0,0,0,0,0,,not_available,未获取到关联站台源对象,
node/1602495957,刚察站,0,0,0,0,0,,not_available,未获取到关联站台源对象,
node/8341205025,初一铺站,0,0,0,0,0,,not_available,未获取到关联站台源对象,
node/9193526292,初城站,0,0,0,0,0,,not_available,未获取到关联站台源对象,
node/14072867290,利华站,0,0,0,0,0,,not_available,未获取到关联站台源对象,
node/7950385243,利国站,0,0,0,0,0,,not_available,未获取到关联站台源对象,
node/12747885400,利国镇站,0,0,0,0,0,,not_available,未获取到关联站台源对象,
node/2843985541,利川站,0,0,0,0,0,,not_available,未获取到关联站台源对象,
node/7236126631,利水站,0,0,0,0,0,,not_available,未获取到关联站台源对象,
node/8069276053,利津南站,2,2,2,0,0,,not_available,源对象与显示一致，实际完整性未核验,way/886604765|way/886604766
node/8069276054,利津站,0,0,0,0,0,,not_available,未获取到关联站台源对象,
node/9251972105,利津西站,0,0,0,0,0,,not_available,未获取到关联站台源对象,
node/5168561348,利略站,0,0,0,0,0,,not_available,未获取到关联站台源对象,
node/11332278137,利辛站,0,0,0,0,0,,not_available,未获取到关联站台源对象,
node/8506186906,利辛西站,2,2,0,2,0,,not_available,来源含站台线，不能当作真实面,way/1450762561|way/1450762562
node/11524708100,别勒站,0,0,0,0,0,,not_available,未获取到关联站台源对象,
node/8431451891,别山站,2,2,2,0,0,,not_available,源对象与显示一致，实际完整性未核验,way/1130693191|way/1130693192
node/1273440099,到保站,0,0,0,0,0,,not_available,未获取到关联站台源对象,
node/8356810470,制气厂站,0,0,0,0,0,,not_available,未获取到关联站台源对象,
node/7950079970,前亭站,0,0,0,0,0,,not_available,未获取到关联站台源对象,
node/9179735861,前卫站,2,2,2,0,0,,not_available,源对象与显示一致，实际完整性未核验,way/1430115982|way/1430115983
node/3694551474,前场,0,0,0,0,0,,not_available,未获取到关联站台源对象,
node/3699706752,前寨站,0,0,0,0,0,,not_available,未获取到关联站台源对象,
node/7710011714,前山站,2,2,2,0,0,,not_available,源对象与显示一致，实际完整性未核验,way/525186769|way/525186771
node/9111251382,前朱堡站,0,0,0,0,0,,not_available,未获取到关联站台源对象,
node/1590471464,前河站,0,0,0,0,0,,not_available,未获取到关联站台源对象,
node/2758337191,前河镇站,0,0,0,0,0,,not_available,未获取到关联站台源对象,
node/7844659549,前洲站,0,0,0,0,0,,not_available,未获取到关联站台源对象,
node/12511699089,前湾港站,0,0,0,0,0,,not_available,未获取到关联站台源对象,
node/9176129500,前甸站,0,0,0,0,0,,not_available,未获取到关联站台源对象,
node/2329491725,前磨头站,0,0,0,0,0,,not_available,未获取到关联站台源对象,
node/8585160522,前程站,0,0,0,0,0,,not_available,未获取到关联站台源对象,
node/13938081070,前窑站,0,0,0,0,0,,not_available,未获取到关联站台源对象,
node/4018879800,前苇塘站,1,1,0,1,0,,not_available,来源含站台线，不能当作真实面,way/1111796722
node/2329566272,前进镇站,1,1,0,1,0,,not_available,来源含站台线，不能当作真实面,way/1124894235
node/9226664114,前邱寨站,0,0,0,0,0,,not_available,未获取到关联站台源对象,
node/9129925021,前锋站,1,1,0,1,0,,not_available,来源含站台线，不能当作真实面,way/1124919927
node/9118892081,前长川站,0,0,0,0,0,,not_available,未获取到关联站台源对象,
node/4615481534,前阳南站,0,0,0,0,0,,not_available,未获取到关联站台源对象,
node/4615477737,前阳站,0,0,0,0,0,,not_available,未获取到关联站台源对象,
node/9131669869,前霍家屯站,0,0,0,0,0,,not_available,未获取到关联站台源对象,
node/9218083777,前黄站,0,0,0,0,0,,not_available,未获取到关联站台源对象,
node/13593194988,剑斗站,0,0,0,0,0,,not_available,未获取到关联站台源对象,
node/9527263757,剑门关站,1,1,0,1,0,,not_available,来源含站台线，不能当作真实面,way/527596894
node/7821699291,功塘站,0,0,0,0,0,,not_available,未获取到关联站台源对象,
node/8311466865,加劳站,0,0,0,0,0,,not_available,未获取到关联站台源对象,
node/9129186262,加南站,1,1,0,1,0,,not_available,来源含站台线，不能当作真实面,way/1127463150
node/7329144913,加查站,0,0,0,0,0,,not_available,未获取到关联站台源对象,
node/9126260256,加格达奇站,2,2,0,2,0,,not_available,来源含站台线，不能当作真实面,way/1086011593|way/1086011594
node/4676361135,加气场,0,0,0,0,0,,not_available,未获取到关联站台源对象,
node/8757937722,加福站,0,0,0,0,0,,not_available,未获取到关联站台源对象,
node/1252233943,劲松站,1,1,0,1,0,,not_available,来源含站台线，不能当作真实面,way/1127803927
node/2329802050,勃利站,2,2,0,2,0,,not_available,来源含站台线，不能当作真实面,way/1082956680|way/1082956681
node/11901257631,勇士站,0,0,0,0,0,,not_available,未获取到关联站台源对象,
node/3024659063,勉县站,1,1,0,1,0,,not_available,来源含站台线，不能当作真实面,way/1491856499
node/13072237763,勉西站,0,0,0,0,0,,not_available,未获取到关联站台源对象,
node/8360132527,勐腊北站,0,0,0,0,0,,not_available,未获取到关联站台源对象,
node/5241062776,勐腊站,1,1,1,0,0,,not_available,源对象与显示一致，实际完整性未核验,way/1009193436
node/8360024363,勐远站,0,0,0,0,0,,not_available,未获取到关联站台源对象,
node/8337229958,勤丰营站,0,0,0,0,0,,not_available,未获取到关联站台源对象,
node/843140591,包头东站,3,3,3,0,0,,not_available,源对象与显示一致，实际完整性未核验,way/417513432|way/417513436|way/417513439
node/840299765,包头北站,0,0,0,0,0,,not_available,未获取到关联站台源对象,
node/3045703093,包头南站,0,0,0,0,0,,not_available,未获取到关联站台源对象,
node/1691425745,包头站,0,0,0,0,0,,not_available,未获取到关联站台源对象,
node/9111251397,包头西站,0,0,0,0,0,,not_available,未获取到关联站台源对象,
node/9274358852,包官营站,2,2,2,0,0,,not_available,源对象与显示一致，实际完整性未核验,way/1090322703|way/1090322704
node/9069903367,包尔呼东站,0,0,0,0,0,,not_available,未获取到关联站台源对象,
node/3375279510,包尔海站,0,0,0,0,0,,not_available,未获取到关联站台源对象,
node/3377078435,包尔海站,0,0,0,0,0,,not_available,未获取到关联站台源对象,
node/8406254934,包庄站,0,0,0,0,0,,not_available,未获取到关联站台源对象,
node/9121997532,包木少勒站,0,0,0,0,0,,not_available,未获取到关联站台源对象,
node/9072960141,包门陶勒盖站,0,0,0,0,0,,not_available,未获取到关联站台源对象,
node/4068178364,化北屯站,0,0,0,0,0,,not_available,未获取到关联站台源对象,
node/4527901811,化城站,2,2,0,2,0,,not_available,来源含站台线，不能当作真实面,way/937519898|way/937519899
node/1565858520,化处站,0,0,0,0,0,,not_available,未获取到关联站台源对象,
node/5078329376,化州站,0,0,0,0,0,,not_available,未获取到关联站台源对象,
node/3156146807,化工南站,0,0,0,0,0,,not_available,未获取到关联站台源对象,
node/7036495785,化工厂（吉化）,0,0,0,0,0,,not_available,未获取到关联站台源对象,
node/7202565683,化工站,0,0,0,0,0,,not_available,未获取到关联站台源对象,
node/843276763,化德站,2,2,2,0,0,,not_available,源对象与显示一致，实际完整性未核验,way/547743890|way/547743891
node/8344111740,化念站,0,0,0,0,0,,not_available,未获取到关联站台源对象,
node/3474726963,化稍营站,0,0,0,0,0,,not_available,未获取到关联站台源对象,
node/11113252102,化隆站,0,0,0,0,0,,not_available,未获取到关联站台源对象,
node/9720919816,化龙南站,2,2,2,0,0,,not_available,源对象与显示一致，实际完整性未核验,way/1467964972|way/1467964973
node/5303369729,化龙站,0,0,0,0,0,,not_available,未获取到关联站台源对象,
node/14040548925,北1门站,0,0,0,0,0,,not_available,未获取到关联站台源对象,
node/2327511881,北三家站,0,0,0,0,0,,not_available,未获取到关联站台源对象,
node/9320122078,北东闸站,0,0,0,0,0,,not_available,未获取到关联站台源对象,
node/1668749906,北义井站,0,0,0,0,0,,not_available,未获取到关联站台源对象,
node/9166853508,北井子站,2,2,2,0,0,,not_available,源对象与显示一致，实际完整性未核验,way/988323568|way/988323570
node/8383157274,北亩站,0,0,0,0,0,,not_available,未获取到关联站台源对象,
node/7907338281,北京东站,8,8,1,7,0,,not_available,来源含站台线，不能当作真实面,way/169594752|way/115330821|way/115330823|way/115330829|way/115330832|way/115330833|way/115330845|way/169594751
node/124205138,北京丰台站,17,17,0,17,0,,not_available,来源含站台线，不能当作真实面,way/1034894198|way/1034894200|way/1034894201|way/1034894202|way/1034894203|way/1034894204|way/1034894205|way/1034894206|way/1034894207|way/1034894208|way/1035129379|way/1035129380|way/1035129381|way/1035129382|way/1035129383|way/1035129384|way/1035129397
node/8016534536,北京北站,18,18,0,18,0,,not_available,来源含站台线，不能当作真实面,way/109497813|way/115617827|way/115617828|way/115617829|way/115617830|way/115617832|way/120275291|way/120275295|way/120275300|way/120275301|way/122003022|way/122003028|way/122358006|way/1055703929|way/1055703930|way/1055703931|way/1055703932|way/1055703933
node/539260172,北京南站,21,21,13,8,0,,not_available,来源含站台线，不能当作真实面,way/43045226|way/43045227|way/43045228|way/43045229|way/43045230|way/43045231|way/43045232|way/43045233|way/43045234|way/43045235|way/43045236|way/43045238|way/43045239|way/154894457|way/154894458|way/934266598|way/934266599|way/1164969434|way/1164969435|way/1164969436|way/1164969437
node/6817368518,北京大兴站,2,2,2,0,0,,not_available,源对象与显示一致，实际完整性未核验,way/1064027124|way/1064027125
node/1824913462,北京朝阳站,7,7,0,7,0,,not_available,来源含站台线，不能当作真实面,way/883074220|way/1030710719|way/1030710720|way/1030710724|way/1030710727|way/1030713142|way/1030713145
node/269996666,北京站,18,18,0,18,0,,not_available,来源含站台线，不能当作真实面,way/45788591|way/45788593|way/45788594|way/45788596|way/45788597|way/45788599|way/45788600|way/45788602|way/114916479|way/114916480|way/114916484|way/114916486|way/115254702|way/115254706|way/121241944|way/121241957|way/121362921|way/121362924
node/7780210950,北京西站,10,10,10,0,0,,not_available,源对象与显示一致，实际完整性未核验,way/102968914|way/102968919|way/102968923|way/102968926|way/102968928|way/102968933|way/102968935|way/102968939|way/102968941|way/103094928
node/6124474481,北京通州站,10,10,10,0,0,,not_available,源对象与显示一致，实际完整性未核验,way/1463968588|way/1463968589|way/1463968603|way/1463968604|way/1463968605|way/1463968606|way/1463968607|way/1463968608|way/1463968609|way/1463968610
node/7699546989,北仑港区站,0,0,0,0,0,,not_available,未获取到关联站台源对象,
node/7687024680,北仑站,0,0,0,0,0,,not_available,未获取到关联站台源对象,
node/4128945015,北仓站,1,1,0,1,0,,not_available,来源含站台线，不能当作真实面,way/1043797817
node/5023671113,北召店站,0,0,0,0,0,,not_available,未获取到关联站台源对象,
node/2349438691,北台站,0,0,0,0,0,,not_available,未获取到关联站台源对象,
node/8380188353,北合流站,0,0,0,0,0,,not_available,未获取到关联站台源对象,
node/8375231401,北周庄站,0,0,0,0,0,,not_available,未获取到关联站台源对象,
node/13974578808,北和公路站,0,0,0,0,0,,not_available,未获取到关联站台源对象,
node/2001416765,北园站,0,0,0,0,0,,not_available,未获取到关联站台源对象,
node/9265808494,北坊站,0,0,0,0,0,,not_available,未获取到关联站台源对象,
node/7272083217,北坑站,0,0,0,0,0,,not_available,未获取到关联站台源对象,
node/7369092521,北坡泉子站,0,0,0,0,0,,not_available,未获取到关联站台源对象,
node/9322545560,北城站,0,0,0,0,0,,not_available,未获取到关联站台源对象,
node/270625758,北塘站,2,2,2,0,0,,not_available,源对象与显示一致，实际完整性未核验,relation/14466245|way/1086727425
node/8259096344,北塘西站,0,0,0,0,0,,not_available,未获取到关联站台源对象,
node/3698187688,北塬站,0,0,0,0,0,,not_available,未获取到关联站台源对象,
node/3914534097,北大牛站,0,0,0,0,0,,not_available,未获取到关联站台源对象,
node/3956109209,北宅站,1,1,0,1,0,,not_available,来源含站台线，不能当作真实面,way/1032963409
node/5384795491,北安站,2,2,0,2,0,,not_available,来源含站台线，不能当作真实面,way/1054419789|way/1054419790
node/9251972106,北宋站,0,0,0,0,0,,not_available,未获取到关联站台源对象,
node/6308214105,北屯市站,0,0,0,0,0,,not_available,未获取到关联站台源对象,
node/9512571941,北屯站,0,0,0,0,0,,not_available,未获取到关联站台源对象,
node/7368618933,北山北站,0,0,0,0,0,,not_available,未获取到关联站台源对象,
node/7368618931,北山站,0,0,0,0,0,,not_available,未获取到关联站台源对象,
node/8418440633,北师店站,0,0,0,0,0,,not_available,未获取到关联站台源对象,
node/4676485657,北广场,0,0,0,0,0,,not_available,未获取到关联站台源对象,
node/8383065288,北庄口站,0,0,0,0,0,,not_available,未获取到关联站台源对象,
node/2349729507,北戴河站,5,5,5,0,0,,not_available,源对象与显示一致，实际完整性未核验,way/1093425843|relation/14564526|relation/14564527|way/1093425866|relation/14564529
node/8341184013,北斗站,0,0,0,0,0,,not_available,未获取到关联站台源对象,
node/9202090139,北斗站,0,0,0,0,0,,not_available,未获取到关联站台源对象,
node/8025293292,北朱村站,0,0,0,0,0,,not_available,未获取到关联站台源对象,
node/4022919435,北杨庄站,0,0,0,0,0,,not_available,未获取到关联站台源对象,
node/9131669865,北松浦站,1,1,0,1,0,,not_available,来源含站台线，不能当作真实面,way/1055110982
node/2322953958,北板桥站,0,0,0,0,0,,not_available,未获取到关联站台源对象,
node/7792095150,北格站,0,0,0,0,0,,not_available,未获取到关联站台源对象,
node/8402762256,北沟东站,0,0,0,0,0,,not_available,未获取到关联站台源对象,
node/9251152705,北沟站,0,0,0,0,0,,not_available,未获取到关联站台源对象,
node/8382763906,北河店站,2,2,2,0,0,,not_available,源对象与显示一致，实际完整性未核验,way/1076147311|way/1076147312
node/9524455334,北河站,0,0,0,0,0,,not_available,未获取到关联站台源对象,
node/8859352839,北流东站,0,0,0,0,0,,not_available,未获取到关联站台源对象,
node/4858245585,北流站,0,0,0,0,0,,not_available,未获取到关联站台源对象,
node/13374222464,北海北站,0,0,0,0,0,,not_available,未获取到关联站台源对象,
node/7692389333,北海港站,0,0,0,0,0,,not_available,未获取到关联站台源对象,
node/1541942450,北海站,3,3,3,0,0,,not_available,源对象与显示一致，实际完整性未核验,way/805128675|way/805128676|way/805128677
node/9242869556,北渐站,0,0,0,0,0,,not_available,未获取到关联站台源对象,
node/9218083768,北渔站,1,1,1,0,0,,not_available,源对象与显示一致，实际完整性未核验,way/1002127479
node/9263232731,北港农场,0,0,0,0,0,,not_available,未获取到关联站台源对象,
node/7710011709,北滘站,0,0,0,0,0,,not_available,未获取到关联站台源对象,
node/11932116429,北滘西站,2,2,2,0,0,,not_available,源对象与显示一致，实际完整性未核验,way/1434130066|way/1434130067
node/9740539443,北滩站,2,2,0,2,0,,not_available,来源含站台线，不能当作真实面,way/1363656670|way/1363656671
node/9246201050,北牟站,0,0,0,0,0,,not_available,未获取到关联站台源对象,
node/8390570273,北田受站,0,0,0,0,0,,not_available,未获取到关联站台源对象,
node/7939109389,北界站,0,0,0,0,0,,not_available,未获取到关联站台源对象,
node/11490095515,北石窟站,0,0,0,0,0,,not_available,未获取到关联站台源对象,
node/11233257587,北碚南站,0,0,0,0,0,,not_available,未获取到关联站台源对象,
node/12732718442,北碚站,2,2,2,0,0,,not_available,源对象与显示一致，实际完整性未核验,way/930541781|way/930541783
node/5259133369,北社站,0,0,0,0,0,,not_available,未获取到关联站台源对象,
node/9169258488,北票东站,0,0,0,0,0,,not_available,未获取到关联站台源对象,
node/4507849536,北票站,2,2,2,0,0,,not_available,源对象与显示一致，实际完整性未核验,way/1481771195|way/1481771196
node/9259607263,北舍站,1,1,1,0,0,,not_available,源对象与显示一致，实际完整性未核验,way/1124498254
node/4017557362,北辛堡站,0,0,0,0,0,,not_available,未获取到关联站台源对象,
node/10296507042,北辰站,3,3,3,0,0,,not_available,源对象与显示一致，实际完整性未核验,way/1173619794|way/1173619795|way/1173619796
node/848234307,北郊站,0,0,0,0,0,,not_available,未获取到关联站台源对象,
node/8503926533,北部站,0,0,0,0,0,,not_available,未获取到关联站台源对象,
node/8455171503,北集坡站,0,0,0,0,0,,not_available,未获取到关联站台源对象,
node/3939022842,北霍布逊站,0,0,0,0,0,,not_available,未获取到关联站台源对象,
node/4017761235,北马圈子站,2,2,0,2,0,,not_available,来源含站台线，不能当作真实面,way/1112380158|way/1112380159
node/8186122057,北马村站,0,0,0,0,0,,not_available,未获取到关联站台源对象,
node/9081732787,北黄土沟站,0,0,0,0,0,,not_available,未获取到关联站台源对象,
node/10917569600,北龙凤站,0,0,0,0,0,,not_available,未获取到关联站台源对象,
node/4676361125,医学院站,11,11,2,9,0,,not_available,来源含站台线，不能当作真实面,way/433288850|way/433288860|way/433252718|way/433255996|way/433255997|way/433255999|way/433256000|way/433288839|way/433288845|way/434342930|way/653867847
node/10973711952,十一道街站,1,1,1,0,0,,not_available,源对象与显示一致，实际完整性未核验,way/1467492757
node/8163363256,十三矿站,0,0,0,0,0,,not_available,未获取到关联站台源对象,
node/9524436506,十三间房站,0,0,0,0,0,,not_available,未获取到关联站台源对象,
node/9081732788,十九沟站,0,0,0,0,0,,not_available,未获取到关联站台源对象,
node/4676361092,十二中站,0,0,0,0,0,,not_available,未获取到关联站台源对象,
node/9980091029,十二排站,0,0,0,0,0,,not_available,未获取到关联站台源对象,
node/8455171496,十二里阁站,0,0,0,0,0,,not_available,未获取到关联站台源对象,
node/6282283239,十八台站,0,0,0,0,0,,not_available,未获取到关联站台源对象,
node/4531894734,十八站,1,1,0,1,0,,not_available,来源含站台线，不能当作真实面,way/1184938575
node/7713231789,十堰东站,3,3,0,3,0,,not_available,来源含站台线，不能当作真实面,way/1533249264|way/1533249265|way/1533249266
node/1532826995,十堰站,2,2,2,0,0,,not_available,源对象与显示一致，实际完整性未核验,way/539875571|way/847887750
node/2483457193,十字铺站,0,0,0,0,0,,not_available,未获取到关联站台源对象,
node/2936895096,十字门站,0,0,0,0,0,2,osm_station_tags,未获取到关联站台源对象；源对象数量与标注或参考不一致，待核验,
node/8434915583,十家堡站,0,0,0,0,0,,not_available,未获取到关联站台源对象,
node/3404875130,十渡站,3,3,3,0,0,,not_available,源对象与显示一致，实际完整性未核验,way/1086083923|way/1086083926|way/1086083930
node/9320122098,十矿站,0,0,0,0,0,,not_available,未获取到关联站台源对象,
node/5808928069,十里冲站,0,0,0,0,0,,not_available,未获取到关联站台源对象,
node/9171411653,十里坪站,0,0,0,0,0,,not_available,未获取到关联站台源对象,
node/13431715514,十里坪（预留）,0,0,0,0,0,,not_available,未获取到关联站台源对象,
node/4545964164,十里村站,0,0,0,0,0,,not_available,未获取到关联站台源对象,
node/10278210941,十里海站,0,0,0,0,0,,not_available,未获取到关联站台源对象,
node/3335876195,十里画廊观光电车上站,0,0,0,0,0,,not_available,未获取到关联站台源对象,
node/3337515049,十里画廊观光电车下站,0,0,0,0,0,,not_available,未获取到关联站台源对象,
node/3204071294,十里站,0,0,0,0,0,,not_available,未获取到关联站台源对象,
node/3931615583,十陵站,0,0,0,0,0,,not_available,未获取到关联站台源对象,
node/7203536183,千岛湖南站,0,0,0,0,0,,not_available,未获取到关联站台源对象,
node/5907965300,千岛湖站,2,2,2,0,0,,not_available,源对象与显示一致，实际完整性未核验,way/768963982|way/768963983
node/7473471989,千条沟站,0,0,0,0,0,,not_available,未获取到关联站台源对象,
node/1545860369,千河站,0,0,0,0,0,,not_available,未获取到关联站台源对象,
node/1545860370,千阳站,0,0,0,0,0,,not_available,未获取到关联站台源对象,
node/2330634149,升昌站,1,1,0,1,0,,not_available,来源含站台线，不能当作真实面,way/1124613781
node/2328405926,午汲站,2,2,2,0,0,,not_available,源对象与显示一致，实际完整性未核验,way/1117850012|way/1117850013
node/4076149833,半坡村站,0,0,0,0,0,,not_available,未获取到关联站台源对象,
node/8163363237,半坡站,0,0,0,0,0,,not_available,未获取到关联站台源对象,
node/3970036216,半壁山站,2,2,0,2,0,,not_available,来源含站台线，不能当作真实面,way/1102225009|way/1102225010
node/9119773613,半截店站,0,0,0,0,0,,not_available,未获取到关联站台源对象,
node/9129186226,半截河站,1,1,0,1,0,,not_available,来源含站台线，不能当作真实面,way/1116561126
node/12249018131,半边山站,0,0,0,0,0,,not_available,未获取到关联站台源对象,
node/8313828491,半边街站,0,0,0,0,0,,not_available,未获取到关联站台源对象,
node/8429540714,华丰站,2,2,1,1,0,,not_available,来源含站台线，不能当作真实面,way/1450632819|way/1450632818
node/3640219997,华亭站,1,1,1,0,0,,not_available,源对象与显示一致，实际完整性未核验,way/410253501
node/1619080437,华城站,0,0,0,0,0,,not_available,未获取到关联站台源对象,
node/11835248960,华安站,0,0,0,0,0,,not_available,未获取到关联站台源对象,
node/1273440681,华家站,0,0,0,0,0,,not_available,未获取到关联站台源对象,
node/4714756571,华容东站,0,0,0,0,0,,not_available,未获取到关联站台源对象,
node/3097129502,华容南站,2,2,2,0,0,,not_available,源对象与显示一致，实际完整性未核验,way/1066922370|way/1066922371
node/7740357586,华容县站,0,0,0,0,0,,not_available,未获取到关联站台源对象,
node/3387438193,华容站,2,2,2,0,0,,not_available,源对象与显示一致，实际完整性未核验,way/331636433|way/331636434
node/5315070687,华山北站,2,2,2,0,0,,not_available,源对象与显示一致，实际完整性未核验,way/1094353326|way/1094353327
node/3658461057,华山站,2,2,2,0,0,,not_available,源对象与显示一致，实际完整性未核验,way/1235512014|way/1235512015
node/4676485650,华山街站,0,0,0,0,0,,not_available,未获取到关联站台源对象,
node/8390323662,华岩站,0,0,0,0,0,,not_available,未获取到关联站台源对象,
node/2940419851,华州站,2,2,2,0,0,,not_available,源对象与显示一致，实际完整性未核验,way/1235511993|way/1235511994
node/2824331879,华桥站,0,0,0,0,0,,not_available,未获取到关联站台源对象,
node/9451694525,华桥站,0,0,0,0,0,,not_available,未获取到关联站台源对象,
node/6267918153,华泰站,0,0,0,0,0,,not_available,未获取到关联站台源对象,
node/12070292547,华能车场,0,0,0,0,0,,not_available,未获取到关联站台源对象,
node/4999256344,华蓥站,0,0,0,0,0,,not_available,未获取到关联站台源对象,
node/2456756756,协塘站,0,0,0,0,0,,not_available,未获取到关联站台源对象,
node/2894949391,协荣站,2,2,2,0,0,,not_available,源对象与显示一致，实际完整性未核验,way/888764221|way/888764222
node/7781338010,卑家店站,3,3,3,0,0,,not_available,源对象与显示一致，实际完整性未核验,way/1098087780|way/1098087781|way/1098087790
node/7236103631,卓宅站,0,0,0,0,0,,not_available,未获取到关联站台源对象,
node/4958240444,卓山站,1,1,0,1,0,,not_available,来源含站台线，不能当作真实面,way/1086125611
node/4693191075,卓资东站,0,0,0,0,0,,not_available,未获取到关联站台源对象,
node/1597596288,卓资山站,1,1,1,0,0,,not_available,源对象与显示一致，实际完整性未核验,way/539910510
node/4022919436,单侯站,0,0,0,0,0,,not_available,未获取到关联站台源对象,
node/12203265804,南三道站,0,0,0,0,0,,not_available,未获取到关联站台源对象,
node/2501345649,南丰站,2,2,2,0,0,,not_available,源对象与显示一致，实际完整性未核验,way/295792225|way/295792226
node/4615476307,南丹东站,0,0,0,0,0,,not_available,未获取到关联站台源对象,
node/1566833365,南丹站,0,0,0,0,0,,not_available,未获取到关联站台源对象,
node/10650882517,南乐站,0,0,0,0,0,,not_available,未获取到关联站台源对象,
node/8141617705,南五台站,0,0,0,0,0,,not_available,未获取到关联站台源对象,
node/1337206981,南京东站,0,0,0,0,0,,not_available,未获取到关联站台源对象,
node/11327619644,南京北站,0,0,0,0,0,,not_available,未获取到关联站台源对象,
node/2483530943,南京南站,1,1,1,0,0,,not_available,源对象与显示一致，实际完整性未核验,way/279027080
node/267225237,南京站,8,8,8,0,0,,not_available,源对象与显示一致，实际完整性未核验,way/662205471|way/662205472|way/662205473|way/662205474|way/662205475|way/662205476|way/662205477|way/662205478
node/9218083763,南京西站,4,4,0,4,0,,not_available,来源含站台线，不能当作真实面,way/156616732|way/156616733|way/156616734|way/156616735
node/8093813876,南仇站,0,0,0,0,0,,not_available,未获取到关联站台源对象,
node/269618532,南仓站,0,0,0,0,0,,not_available,未获取到关联站台源对象,
node/1916163128,南充东站,0,0,0,0,0,,not_available,未获取到关联站台源对象,
node/3500325327,南充北站,8,8,0,8,0,,not_available,来源含站台线，不能当作真实面,way/1272469221|way/1272469222|way/1272469223|way/1272469224|way/1272469225|way/1272469228|way/1272469231|way/1302266145
node/8163532928,南充南站,0,0,0,0,0,,not_available,未获取到关联站台源对象,
node/1916163102,南充站,4,4,0,4,0,,not_available,来源含站台线，不能当作真实面,way/1051502511|way/1051502512|way/1051502513|way/1051502514
node/8154613413,南充西站,0,0,0,0,0,,not_available,未获取到关联站台源对象,
node/13171216145,南充高坪站,0,0,0,0,0,,not_available,未获取到关联站台源对象,
node/1659133906,南关岭站,0,0,0,0,0,,not_available,未获取到关联站台源对象,
node/3629288249,南关站,0,0,0,0,0,,not_available,未获取到关联站台源对象,
node/5340949139,南分路站,0,0,0,0,0,,not_available,未获取到关联站台源对象,
node/8050775700,南化站,0,0,0,0,0,,not_available,未获取到关联站台源对象,
node/9126260264,南千里站,0,0,0,0,0,,not_available,未获取到关联站台源对象,
node/3159071367,南华北站,0,0,0,0,0,,not_available,未获取到关联站台源对象,
node/5845757092,南华站,2,2,2,0,0,,not_available,源对象与显示一致，实际完整性未核验,way/1003198015|way/1003198016
node/9246201048,南博山站,2,2,2,0,0,,not_available,源对象与显示一致，实际完整性未核验,way/1362778967|way/1362778968
node/2327511890,南口前站,2,2,2,0,0,,not_available,源对象与显示一致，实际完整性未核验,way/1366010275|way/1366010277
node/7798847270,南口站,5,5,0,5,0,,not_available,来源含站台线，不能当作真实面,way/128482658|way/128482673|way/128482674|way/852908816|way/1078927390
node/1577895099,南召站,0,0,0,0,0,,not_available,未获取到关联站台源对象,
node/11524934727,南台子站,0,0,0,0,0,,not_available,未获取到关联站台源对象,
node/10917569598,南台站,1,1,1,0,0,,not_available,源对象与显示一致，实际完整性未核验,way/1467492753
node/2349464753,南台站,0,0,0,0,0,,not_available,未获取到关联站台源对象,
node/5162096662,南园村站,0,0,0,0,0,,not_available,未获取到关联站台源对象,
node/2361437267,南坡底站,0,0,0,0,0,,not_available,未获取到关联站台源对象,
node/9081732800,南坪矿站,0,0,0,0,0,,not_available,未获取到关联站台源对象,
node/3699736992,南坪站,0,0,0,0,0,,not_available,未获取到关联站台源对象,
node/2097330674,南坪镇站,0,0,0,0,0,,not_available,未获取到关联站台源对象,
node/1984410984,南城司站,2,2,2,0,0,,not_available,源对象与显示一致，实际完整性未核验,way/1138468384|way/1138468387
node/2501336698,南城站,2,2,2,0,0,,not_available,源对象与显示一致，实际完整性未核验,way/295204958|way/295204964
node/7783459219,南堡北站,2,2,0,2,0,,not_available,来源含站台线，不能当作真实面,way/1103938943|way/1103938944
node/6367235212,南堡站,0,0,0,0,0,,not_available,未获取到关联站台源对象,
node/8377234990,南塔底站,0,0,0,0,0,,not_available,未获取到关联站台源对象,
node/8154570911,南塘站,0,0,0,0,0,,not_available,未获取到关联站台源对象,
node/3182651407,南塘镇站,0,0,0,0,0,,not_available,未获取到关联站台源对象,
node/9365769451,南大寺站,2,2,2,0,0,,not_available,源对象与显示一致，实际完整性未核验,way/1093425814|way/1093425817
node/3956103730,南大庙站,1,1,0,1,0,,not_available,来源含站台线，不能当作真实面,way/1033580124
node/7710011712,南头站,0,0,0,0,0,,not_available,未获取到关联站台源对象,
node/9262515448,南奇站,0,0,0,0,0,,not_available,未获取到关联站台源对象,
node/7691075908,南宁东站,15,15,13,2,0,,not_available,来源含站台线，不能当作真实面,way/823890938|way/823890939|way/823890940|way/823890941|way/823890942|way/823890943|way/823890944|way/823890945|way/823890946|way/823890947|way/823890948|way/823890949|way/823890950|way/1191443147|way/1191443152
node/8813693941,南宁北站,0,0,0,0,0,,not_available,未获取到关联站台源对象,
node/1184786579,南宁南站,0,0,0,0,0,,not_available,未获取到关联站台源对象,
node/7775776484,南宁站,7,7,7,0,0,,not_available,源对象与显示一致，实际完整性未核验,way/685353960|way/685353964|way/685553514|way/685553515|way/685553516|way/685553517|way/685553518
node/4039439552,南宁西站,2,2,2,0,0,,not_available,源对象与显示一致，实际完整性未核验,way/1221703208|way/1221703209
node/7781469266,南安北站,0,0,0,0,0,,not_available,未获取到关联站台源对象,
node/12125759365,南定北站,0,0,0,0,0,,not_available,未获取到关联站台源对象,
node/8463034285,南定站,0,0,0,0,0,,not_available,未获取到关联站台源对象,
node/2351141705,南宫东站,2,2,2,0,0,,not_available,源对象与显示一致，实际完整性未核验,way/1082627015|way/1082627016
node/3949965963,南宫站,1,1,1,0,0,,not_available,源对象与显示一致，实际完整性未核验,way/1112541537
node/2092190042,南尔岗站,0,0,0,0,0,,not_available,未获取到关联站台源对象,
node/9242869554,南屯矿站,0,0,0,0,0,,not_available,未获取到关联站台源对象,
node/8204092217,南屯站,0,0,0,0,0,,not_available,未获取到关联站台源对象,
node/5683003449,南山北站,2,2,2,0,0,,not_available,源对象与显示一致，实际完整性未核验,way/744714314|way/1422948888
node/7296170209,南山口站,0,0,0,0,0,,not_available,未获取到关联站台源对象,
node/14156675337,南山站,0,0,0,0,0,,not_available,未获取到关联站台源对象,
node/9129186240,南岔站,2,2,0,2,0,,not_available,来源含站台线，不能当作真实面,way/1085833709|way/1085833710
node/3006173721,南岗村站,0,0,0,0,0,,not_available,未获取到关联站台源对象,
node/3624896593,南岗站,0,0,0,0,0,,not_available,未获取到关联站台源对象,
node/8846820746,南岗站,0,0,0,0,0,,not_available,未获取到关联站台源对象,
node/8184134155,南岸坝站,0,0,0,0,0,,not_available,未获取到关联站台源对象,
node/4249087973,南岸站,0,0,0,0,0,,not_available,未获取到关联站台源对象,
node/8398757715,南峧站,1,1,1,0,0,,not_available,源对象与显示一致，实际完整性未核验,way/1123412864
node/1668749963,南峪站,2,2,2,0,0,,not_available,源对象与显示一致，实际完整性未核验,way/1056949513|way/1056949514
node/4692374234,南川东站,0,0,0,0,0,,not_available,未获取到关联站台源对象,
node/10561477666,南川北站,0,0,0,0,0,,not_available,未获取到关联站台源对象,
node/2716403721,南川站,2,2,2,0,0,,not_available,源对象与显示一致，实际完整性未核验,way/864641462|way/864641463
node/2941777333,南市站,0,0,0,0,0,,not_available,未获取到关联站台源对象,
node/3218363033,南常站,2,2,2,0,0,,not_available,源对象与显示一致，实际完整性未核验,way/1467986364|way/1467986365
node/7726031896,南平市站,3,3,3,0,0,,not_available,源对象与显示一致，实际完整性未核验,way/376240767|way/376240768|way/376240769
node/8059178932,南平镇站,0,0,0,0,0,,not_available,未获取到关联站台源对象,
node/8405220118,南张村站,2,2,2,0,0,,not_available,源对象与显示一致，实际完整性未核验,way/1056704502|way/1056949512
node/10313432165,南彭站,1,1,1,0,0,,not_available,源对象与显示一致，实际完整性未核验,way/1178313792
node/7213210230,南昌东站,8,8,8,0,0,,not_available,源对象与显示一致，实际完整性未核验,way/1224073801|way/1224073804|way/1224073807|way/1224073809|way/1224073810|way/1224073813|way/1224073816|way/1224073819
node/2370492050,南昌北站,2,2,2,0,0,,not_available,源对象与显示一致，实际完整性未核验,way/230568526|way/230568527
node/1575144244,南昌南站,4,4,4,0,0,,not_available,源对象与显示一致，实际完整性未核验,way/243147586|way/912993501|way/1469792163|way/1485023879
node/1575144250,南昌站,6,6,6,0,0,10,osm_station_tags,源对象数量与标注或参考不一致，待核验,way/218881456|way/218881457|way/218881779|way/218881811|way/479831481|way/479831482
node/2266601966,南昌西站,12,12,12,0,0,12,osm_station_tags,源对象与显示一致，实际完整性未核验,way/308030502|way/308030503|way/308030504|way/308030505|way/308038006|way/308038007|way/308038435|way/308038437|way/308038438|way/308038439|way/308038440|way/308038512
node/604278239,南星桥站,0,0,0,0,0,,not_available,未获取到关联站台源对象,
node/3717120378,南曹站,2,2,2,0,0,,not_available,源对象与显示一致，实际完整性未核验,way/708787412|way/708787413
node/7710011718,南朗站,0,0,0,0,0,,not_available,未获取到关联站台源对象,
node/1595854628,南木站,2,2,0,2,0,,not_available,来源含站台线，不能当作真实面,way/1096193064|way/1096193065
node/2327511892,南杂木站,0,0,0,0,0,,not_available,未获取到关联站台源对象,
node/1657973530,南桥站,2,2,2,0,0,,not_available,源对象与显示一致，实际完整性未核验,way/1498410916|way/1498410917
node/4676485638,南梁坡站,0,0,0,0,0,,not_available,未获取到关联站台源对象,
node/8859793280,南武康站,0,0,0,0,0,,not_available,未获取到关联站台源对象,
node/2958261850,南永宁站,0,0,0,0,0,,not_available,未获取到关联站台源对象,
node/4346644640,南江口站,2,2,2,0,0,,not_available,源对象与显示一致，实际完整性未核验,way/1211157826|way/1211157827
node/3740824337,南江站,2,2,2,0,0,,not_available,源对象与显示一致，实际完整性未核验,way/1534298083|way/1534298084
node/8385846445,南沙北站,2,2,2,0,0,,not_available,源对象与显示一致，实际完整性未核验,way/624077296|way/624077297
node/8455171507,南沙河站,4,4,4,0,0,,not_available,源对象与显示一致，实际完整性未核验,way/1282271334|way/1282271335|way/1282271336|way/1282271337
node/9505740238,南沙港南站,0,0,0,0,0,,not_available,未获取到关联站台源对象,
node/9505740239,南沙港站,0,0,0,0,0,,not_available,未获取到关联站台源对象,
node/9178116409,南沟站,0,0,0,0,0,,not_available,未获取到关联站台源对象,
node/3840292052,南河川站,4,4,0,4,0,,not_available,来源含站台线，不能当作真实面,way/447073103|way/447073105|way/847484072|way/847484073
node/9097307501,南泉站,0,0,0,0,0,,not_available,未获取到关联站台源对象,
node/2432359657,南洞站,0,0,0,0,0,,not_available,未获取到关联站台源对象,
node/4278849586,南津港站,2,2,2,0,0,,not_available,源对象与显示一致，实际完整性未核验,way/1339440485|way/1339440486
node/9125461466,南洼营站,0,0,0,0,0,,not_available,未获取到关联站台源对象,
node/8342166807,南涧站,0,0,0,0,0,,not_available,未获取到关联站台源对象,
node/9276824805,南港东站,0,0,0,0,0,,not_available,未获取到关联站台源对象,
node/9276824806,南港北站,0,0,0,0,0,,not_available,未获取到关联站台源对象,
node/6322602587,南港站,0,0,0,0,0,,not_available,未获取到关联站台源对象,
node/3377844348,南湖东站,1,1,1,0,0,,not_available,源对象与显示一致，实际完整性未核验,way/401610074
node/5010467067,南湖店站,0,0,0,0,0,,not_available,未获取到关联站台源对象,
node/9312874416,南湖站,0,0,0,0,0,,not_available,未获取到关联站台源对象,
node/3914518061,南湾站,0,0,0,0,0,,not_available,未获取到关联站台源对象,
node/5174810878,南溪北站,2,2,0,2,0,,not_available,来源含站台线，不能当作真实面,way/1230313661|way/1230313662
node/8344263875,南溪河站,0,0,0,0,0,,not_available,未获取到关联站台源对象,
node/10246926862,南溪站,2,2,0,2,0,,not_available,来源含站台线，不能当作真实面,way/1319038605|way/1319038606
node/11710655089,南溪站,0,0,0,0,0,,not_available,未获取到关联站台源对象,
node/5575694871,南漳站,0,0,0,0,0,,not_available,未获取到关联站台源对象,
node/8506528770,南照站,0,0,0,0,0,,not_available,未获取到关联站台源对象,
node/8390892203,南王站,0,0,0,0,0,,not_available,未获取到关联站台源对象,
node/9174163132,南甸站,0,0,0,0,0,,not_available,未获取到关联站台源对象,
node/9235497291,南疆港站,0,0,0,0,0,,not_available,未获取到关联站台源对象,
node/9334658552,南白镇站,0,0,0,0,0,,not_available,未获取到关联站台源对象,
node/6361256290,南皮站,1,1,1,0,0,,not_available,源对象与显示一致，实际完整性未核验,way/1111702513
node/1657369364,南票站,1,1,1,0,0,,not_available,源对象与显示一致，实际完整性未核验,way/1465080316
node/9242148031,南翔北站,2,2,2,0,0,,not_available,源对象与显示一致，实际完整性未核验,way/122526840|way/122526841
node/1709861023,南翔站,0,0,0,0,0,,not_available,未获取到关联站台源对象,
node/3628286370,南胡庄站,0,0,0,0,0,,not_available,未获取到关联站台源对象,
node/4622152185,南芬北站,0,0,0,0,0,,not_available,未获取到关联站台源对象,
node/2349438741,南芬站,2,2,0,2,0,,not_available,来源含站台线，不能当作真实面,way/1527338960|way/1527338961
node/9944113270,南药园站,1,1,1,0,0,,not_available,源对象与显示一致，实际完整性未核验,way/1085250453
node/8523272763,南莫站,0,0,0,0,0,,not_available,未获取到关联站台源对象,
node/7461160278,南营井站,0,0,0,0,0,,not_available,未获取到关联站台源对象,
node/2577030414,南观村站,2,2,2,0,0,,not_available,源对象与显示一致，实际完整性未核验,way/251488598|way/1085859835
node/2990299387,南通东站,3,3,3,0,0,,not_available,源对象与显示一致，实际完整性未核验,way/1498836870|way/1498836871|way/1498836875
node/1665500370,南通站,7,7,7,0,0,,not_available,源对象与显示一致，实际完整性未核验,way/316636411|way/316636412|way/316636413|way/1536460330|way/1536464127|way/1536464128|way/1536464130
node/8061438171,南通西站,4,4,4,0,0,,not_available,源对象与显示一致，实际完整性未核验,way/1092300329|way/1092300330|way/1092300331|way/1092300332
node/3500325328,南部站,0,0,0,0,0,,not_available,未获取到关联站台源对象,
node/5575699927,南阳东站,3,3,3,0,0,,not_available,源对象与显示一致，实际完整性未核验,way/1370118041|way/1370118042|way/1370118043
node/3717102991,南阳寨站,6,6,4,2,0,,not_available,来源含站台线，不能当作真实面,way/675696422|way/675696423|way/1446188995|way/1446188996|way/1445977759|way/1445977760
node/12982640791,南阳站,0,0,0,0,0,,not_available,未获取到关联站台源对象,
node/9722713792,南阳站,2,2,0,2,0,,not_available,来源含站台线，不能当作真实面,way/166368871|way/166368872
node/8025229797,南阳西站,0,0,0,0,0,,not_available,未获取到关联站台源对象,
node/8392744858,南陈铺站,0,0,0,0,0,,not_available,未获取到关联站台源对象,
node/9521935585,南陵站,2,2,2,0,0,,not_available,源对象与显示一致，实际完整性未核验,way/929189331|way/929189332
node/8447604703,南陶洛站,0,0,0,0,0,,not_available,未获取到关联站台源对象,
node/2531823886,南雄站,2,2,2,0,0,,not_available,源对象与显示一致，实际完整性未核验,way/376333732|way/376333733
node/7252546309,南雅站,0,0,0,0,0,,not_available,未获取到关联站台源对象,
node/7252318602,南靖站,0,0,0,0,0,,not_available,未获取到关联站台源对象,
node/8429539646,南驿站,1,1,0,1,0,,not_available,来源含站台线，不能当作真实面,way/907810618
node/7368834474,博乐 بۆرتالا ᠪᠣᠷᠣᠲᠠᠯ᠎ᠠ站,1,1,1,0,0,,not_available,源对象与显示一致，实际完整性未核验,way/782417101
node/7368834476,博乐东 شەرقىي بۆرتالا ᠵᠡᠭᠦᠨ ᠪᠣᠷᠣᠲᠠᠯ᠎ᠠ站,1,1,1,0,0,,not_available,源对象与显示一致，实际完整性未核验,way/896925572
node/2662698151,博克图站,2,2,0,2,0,,not_available,来源含站台线，不能当作真实面,way/1095776256|way/1095776272
node/2339632251,博兴站,0,0,0,0,0,,not_available,未获取到关联站台源对象,
node/2061664087,博山站,0,0,0,0,0,,not_available,未获取到关联站台源对象,
node/8444329739,博平站,0,0,0,0,0,,not_available,未获取到关联站台源对象,
node/12379039197,博拉站,0,0,0,0,0,,not_available,未获取到关联站台源对象,
node/13406829168,博源银根站,0,0,0,0,0,,not_available,未获取到关联站台源对象,
node/7969766722,博白站,0,0,0,0,0,,not_available,未获取到关联站台源对象,
node/14096806211,博罗北站,0,0,0,0,0,,not_available,未获取到关联站台源对象,
node/8270803358,博罗北站,0,0,0,0,0,,not_available,未获取到关联站台源对象,
node/10271063788,博罗站,2,2,2,0,0,,not_available,源对象与显示一致，实际完整性未核验,way/1390967631|way/1390967632
node/10302396511,博贺站,0,0,0,0,0,,not_available,未获取到关联站台源对象,
node/3915760736,博野站,1,1,0,1,0,,not_available,来源含站台线，不能当作真实面,way/1448040557
node/7639835668,博鳌站,3,3,3,0,0,,not_available,源对象与显示一致，实际完整性未核验,way/1206370370|way/1422997053|way/1422997054
node/9290860300,卜家沟站,0,0,0,0,0,,not_available,未获取到关联站台源对象,
node/8454361473,卞庄站,0,0,0,0,0,,not_available,未获取到关联站台源对象,
node/8478282709,占杨站,0,0,0,0,0,,not_available,未获取到关联站台源对象,
node/2332707896,卡伦站,0,0,0,0,0,,not_available,未获取到关联站台源对象,
node/3040869663,卡堆站,0,0,0,0,0,,not_available,未获取到关联站台源对象,
node/2895044142,卡如站,0,0,0,0,0,,not_available,未获取到关联站台源对象,
node/7365899724,卡山站,0,0,0,0,0,,not_available,未获取到关联站台源对象,
node/9098127458,卡布其站,0,0,0,0,0,,not_available,未获取到关联站台源对象,
node/8944268243,卡路屯站,1,1,0,1,0,,not_available,来源含站台线，不能当作真实面,way/1082361519
node/7740322565,卢氏站,0,0,0,0,0,,not_available,未获取到关联站台源对象,
node/4623207080,卢龙北站,0,0,0,0,0,,not_available,未获取到关联站台源对象,
node/2542325244,卢龙站,2,2,2,0,0,,not_available,源对象与显示一致，实际完整性未核验,way/1091357357|way/1091357358
node/4014463065,卧佛寺站,0,0,0,0,0,,not_available,未获取到关联站台源对象,
node/3699714010,卧厂站,0,0,0,0,0,,not_available,未获取到关联站台源对象,
node/1595854637,卧牛河站,0,0,0,0,0,,not_available,未获取到关联站台源对象,
node/2340355362,卧虎屯站,0,0,0,0,0,,not_available,未获取到关联站台源对象,
node/4683294077,卧里屯站,1,1,0,1,0,,not_available,来源含站台线，不能当作真实面,way/1097855135
node/3070095245,卧龙寺站,0,0,0,0,0,,not_available,未获取到关联站台源对象,
node/11202356355,卧龙站,0,0,0,0,0,,not_available,未获取到关联站台源对象,
node/9329260393,卫城站,0,0,0,0,0,,not_available,未获取到关联站台源对象,
node/3613959439,卫家店站,0,0,0,0,0,,not_available,未获取到关联站台源对象,
node/2186787956,卫星站,2,2,0,2,0,,not_available,来源含站台线，不能当作真实面,way/808228833|way/808228834
node/9521570747,卫辉南站,0,0,0,0,0,,not_available,未获取到关联站台源对象,
node/8360877105,卫辉站,0,0,0,0,0,,not_available,未获取到关联站台源对象,
node/8814335471,卫闽站,0,0,0,0,0,,not_available,未获取到关联站台源对象,
node/3914198648,即墨北站,2,2,2,0,0,,not_available,源对象与显示一致，实际完整性未核验,way/1253832561|way/1253832562
node/7195969160,即墨站,0,0,0,0,0,,not_available,未获取到关联站台源对象,
node/8184230012,卷子榜站,0,0,0,0,0,,not_available,未获取到关联站台源对象,
node/648177309,厂东门站,0,0,0,0,0,,not_available,未获取到关联站台源对象,
node/9057278694,历城北站,3,3,3,0,0,,not_available,源对象与显示一致，实际完整性未核验,way/1364260578|way/1364260579|way/1364260580
node/10277066232,历城站,0,0,0,0,0,,not_available,未获取到关联站台源对象,
node/9255881282,厉家寨站,2,2,2,0,0,,not_available,源对象与显示一致，实际完整性未核验,way/1378462203|way/1378462204
node/8544457342,厉山站,0,0,0,0,0,,not_available,未获取到关联站台源对象,
node/9613303362,厚坝站,0,0,0,0,0,,not_available,未获取到关联站台源对象,
node/3493038856,厚溪站,0,0,0,0,0,,not_available,未获取到关联站台源对象,
node/8841975451,厚禄站,1,1,0,1,0,,not_available,来源含站台线，不能当作真实面,way/1428950153
node/7063140902,厚街站,0,0,0,0,0,,not_available,未获取到关联站台源对象,
node/7036495784,原一部（吉化）,0,0,0,0,0,,not_available,未获取到关联站台源对象,
node/3914539770,原平南站,0,0,0,0,0,,not_available,未获取到关联站台源对象,
node/1984411031,原平站,2,2,2,0,0,,not_available,源对象与显示一致，实际完整性未核验,way/1540991949|way/1551192922
node/4471055300,原平西站,2,2,0,2,0,,not_available,来源含站台线，不能当作真实面,way/1529479331|way/1529479332
node/2380085346,原庄站,0,0,0,0,0,,not_available,未获取到关联站台源对象,
node/9126260270,原林站,1,1,0,1,0,,not_available,来源含站台线，不能当作真实面,way/1117600167
node/6527623010,厦门北站,7,7,7,0,0,,not_available,源对象与显示一致，实际完整性未核验,way/178144014|way/365438649|way/365438650|way/365438652|way/365438654|way/365438656|way/365438658
node/928056895,厦门站,11,11,11,0,0,,not_available,源对象与显示一致，实际完整性未核验,way/174403121|way/174576906|way/174576907|way/174576910|way/174576913|way/174576914|way/365436752|way/365436753|way/365436754|way/365436755|way/365436756
node/2502478744,厦门高崎站,2,2,2,0,0,,not_available,源对象与显示一致，实际完整性未核验,way/365436460|way/365436474
node/7527313931,叆河站,1,1,1,0,0,,not_available,源对象与显示一致，实际完整性未核验,way/1465613534
node/7638983868,叉河站,0,0,0,0,0,,not_available,未获取到关联站台源对象,
node/4676361122,友好站,7,7,0,7,0,,not_available,来源含站台线，不能当作真实面,way/433252722|way/434722664|way/434722676|way/434722678|way/434722682|way/1417173172|way/1423003026
node/9129186230,友好站,1,1,0,1,0,,not_available,来源含站台线，不能当作真实面,way/1123280514
node/4692536681,友谊水库站,0,0,0,0,0,,not_available,未获取到关联站台源对象,
node/9169258500,友谊站,0,0,0,0,0,,not_available,未获取到关联站台源对象,
node/2154670864,双丰站,0,0,0,0,0,,not_available,未获取到关联站台源对象,
node/11757094631,双井子站,0,0,0,0,0,,not_available,未获取到关联站台源对象,
node/13506342945,双兴站,0,0,0,0,0,,not_available,未获取到关联站台源对象,
node/1892923753,双凤驿站,0,0,0,0,0,,not_available,未获取到关联站台源对象,
node/9229648674,双刘站,0,0,0,0,0,,not_available,未获取到关联站台源对象,
node/12247247153,双加站,0,0,0,0,0,,not_available,未获取到关联站台源对象,
node/3949377567,双口站,2,2,2,0,0,,not_available,源对象与显示一致，实际完整性未核验,relation/14450272|way/1085655730
node/8123335452,双吉站,2,2,2,0,0,,not_available,源对象与显示一致，实际完整性未核验,way/696599901|way/696599902
way/1488712226,双城北站,2,2,2,0,0,,not_available,源对象与显示一致，实际完整性未核验,way/1498820338|way/1498820339
node/8424837468,双城堡站,2,2,0,2,0,,not_available,来源含站台线，不能当作真实面,way/1094433862|way/1094433863
node/11113905993,双城站,0,0,0,0,0,,not_available,未获取到关联站台源对象,
node/11332278122,双堆集站,0,0,0,0,0,,not_available,未获取到关联站台源对象,
node/3956221482,双塔山站,0,0,0,0,0,,not_available,未获取到关联站台源对象,
node/7276774510,双塔站,0,0,0,0,0,,not_available,未获取到关联站台源对象,
node/9019104055,双墩集站,0,0,0,0,0,,not_available,未获取到关联站台源对象,
node/2154670865,双子河站,1,1,0,1,0,,not_available,来源含站台线，不能当作真实面,way/1123280499
node/13506342954,双富站,0,0,0,0,0,,not_available,未获取到关联站台源对象,
node/3688793561,双寨站,0,0,0,0,0,,not_available,未获取到关联站台源对象,
node/7702364107,双屿站,0,0,0,0,0,,not_available,未获取到关联站台源对象,
node/8735302380,双峰北站,0,0,0,0,0,,not_available,未获取到关联站台源对象,
node/3953353570,双峰寺站,1,1,0,1,0,,not_available,来源含站台线，不能当作真实面,way/1151029549
node/7935632088,双平站,0,0,0,0,0,,not_available,未获取到关联站台源对象,
node/8434476649,双庙子站,0,0,0,0,0,,not_available,未获取到关联站台源对象,
node/9192805745,双捷站,0,0,0,0,0,,not_available,未获取到关联站台源对象,
node/2349729513,双望站,2,2,2,0,0,,not_available,源对象与显示一致，实际完整性未核验,way/1091807371|way/1091807372
node/12125759370,双杨站,2,2,2,0,0,,not_available,源对象与显示一致，实际完整性未核验,way/1420318377|way/1420318378
node/9164484549,双板桥站,0,0,0,0,0,,not_available,未获取到关联站台源对象,
node/9066263808,双柳站,1,1,0,1,0,,not_available,来源含站台线，不能当作真实面,way/1124613833
node/6712107183,双桥站,2,2,2,0,0,,not_available,源对象与显示一致，实际完整性未核验,way/713940608|way/713940609
node/9223366435,双楼港站,0,0,0,0,0,,not_available,未获取到关联站台源对象,
node/1964861301,双水站,0,0,0,0,0,,not_available,未获取到关联站台源对象,
node/7114221876,双水镇站,0,0,0,0,0,,not_available,未获取到关联站台源对象,
node/8725117846,双江站,0,0,0,0,0,,not_available,未获取到关联站台源对象,
node/8164640379,双河口站,0,0,0,0,0,,not_available,未获取到关联站台源对象,
node/7368834475,双河市站,0,0,0,0,0,,not_available,未获取到关联站台源对象,
node/11944888827,双河站,0,0,0,0,0,,not_available,未获取到关联站台源对象,
node/12981749289,双河站,0,0,0,0,0,,not_available,未获取到关联站台源对象,
node/1548856842,双河镇站,0,0,0,0,0,,not_available,未获取到关联站台源对象,
node/1720394536,双泡子站,0,0,0,0,0,,not_available,未获取到关联站台源对象,
node/7237831724,双洋站,0,0,0,0,0,,not_available,未获取到关联站台源对象,
node/6594651893,双流机场,0,0,0,0,0,,not_available,未获取到关联站台源对象,
node/1588514496,双流站,0,0,0,0,0,,not_available,未获取到关联站台源对象,
node/9334658568,双流西站,2,2,2,0,0,,not_available,源对象与显示一致，实际完整性未核验,way/674886349|way/674886350
node/9334658565,双流镇站,0,0,0,0,0,,not_available,未获取到关联站台源对象,
node/9164484548,双涟站,0,0,0,0,0,,not_available,未获取到关联站台源对象,
node/2377231984,双清站,0,0,0,0,0,,not_available,未获取到关联站台源对象,
node/4528311944,双湄村站,0,0,0,0,0,,not_available,未获取到关联站台源对象,
node/3500381164,双溪站,0,0,0,0,0,,not_available,未获取到关联站台源对象,
node/7702364112,双潮站,0,0,0,0,0,,not_available,未获取到关联站台源对象,
node/8590127941,双牌站,0,0,0,0,0,,not_available,未获取到关联站台源对象,
node/8190097111,双石桥站,0,0,0,0,0,,not_available,未获取到关联站台源对象,
node/1588514494,双福站,0,0,0,0,0,,not_available,未获取到关联站台源对象,
node/1582507275,双羊店站,1,1,0,1,0,,not_available,来源含站台线，不能当作真实面,way/1450703381
node/12981824332,双蒙站,0,0,0,0,0,,not_available,未获取到关联站台源对象,
node/2340355367,双辽站,2,2,2,0,0,,not_available,源对象与显示一致，实际完整性未核验,way/384150419|way/384150420
node/13506342947,双阳站,0,0,0,0,0,,not_available,未获取到关联站台源对象,
node/1646226920,双阳站,1,1,1,0,0,,not_available,源对象与显示一致，实际完整性未核验,way/1495867661
node/7894350047,双鸭山站,1,1,0,1,0,,not_available,来源含站台线，不能当作真实面,way/1124391308
node/9532243464,双鸭山西站,2,2,2,0,0,,not_available,源对象与显示一致，实际完整性未核验,way/1141635059|way/1141635060
node/3740822501,双龙南站,0,0,0,0,0,,not_available,未获取到关联站台源对象,
node/9129925024,双龙山站,1,1,0,1,0,,not_available,来源含站台线，不能当作真实面,way/1124894207
node/8728869856,双龙峡站,0,0,0,0,0,,not_available,未获取到关联站台源对象,
node/7755544827,双龙桥站,1,1,0,1,0,,not_available,来源含站台线，不能当作真实面,way/959154198
node/5697139252,双龙湖站,0,0,0,0,0,,not_available,未获取到关联站台源对象,
node/13988388992,双龙煤业乘降点站,0,0,0,0,0,,not_available,未获取到关联站台源对象,
node/4999019088,双龙站,0,0,0,0,0,,not_available,未获取到关联站台源对象,
node/9076173204,反修站,0,0,0,0,0,,not_available,未获取到关联站台源对象,
node/2323960863,发耳站,0,0,0,0,0,,not_available,未获取到关联站台源对象,
node/1548856832,取柴河站,0,0,0,0,0,,not_available,未获取到关联站台源对象,
node/10107977688,叙永北站,2,2,0,2,0,,not_available,来源含站台线，不能当作真实面,way/1229929589|way/1229929590
node/5948263051,叙永站,0,0,0,0,0,,not_available,未获取到关联站台源对象,
node/10574674382,叠溪站,0,0,0,0,0,,not_available,未获取到关联站台源对象,
node/2332314841,口前站,0,0,0,0,0,,not_available,未获取到关联站台源对象,
node/8093813877,口头站,0,0,0,0,0,,not_available,未获取到关联站台源对象,
node/9226664093,口孜东矿站,0,0,0,0,0,,not_available,未获取到关联站台源对象,
node/4445455691,口孜集站,0,0,0,0,0,,not_available,未获取到关联站台源对象,
node/9282598402,口泉站,0,0,0,0,0,,not_available,未获取到关联站台源对象,
node/8737942949,古丈站,0,0,0,0,0,,not_available,未获取到关联站台源对象,
node/9544816609,古丈西站,2,2,2,0,0,,not_available,源对象与显示一致，实际完整性未核验,way/1472619276|way/1472619277
node/4066214772,古东站,0,0,0,0,0,,not_available,未获取到关联站台源对象,
node/8401464464,古井站,0,0,0,0,0,,not_available,未获取到关联站台源对象,
node/4066214793,古交站,0,0,0,0,0,,not_available,未获取到关联站台源对象,
node/7781338011,古冶站,3,3,3,0,0,,not_available,源对象与显示一致，实际完整性未核验,way/616646700|way/616646701|way/616646702
node/7805039069,古北口站,1,1,0,1,0,,not_available,来源含站台线，不能当作真实面,way/1113464890
node/8417601180,古城东站,2,2,2,0,0,,not_available,源对象与显示一致，实际完整性未核验,way/1046999805|way/1046999806
node/10973711950,古城子站,0,0,0,0,0,,not_available,未获取到关联站台源对象,
node/8840528310,古城子站,1,1,0,1,0,,not_available,来源含站台线，不能当作真实面,way/1529473710
node/8686105331,古城湾站,0,0,0,0,0,,not_available,未获取到关联站台源对象,
node/9129186251,古城站,1,1,0,1,0,,not_available,来源含站台线，不能当作真实面,way/1118842648
node/2936218355,古城镇站,2,2,0,2,0,,not_available,来源含站台线，不能当作真实面,way/1113722670|way/1113722671
node/12739152874,古城集站,0,0,0,0,0,,not_available,未获取到关联站台源对象,
node/8330381465,古培塘站,0,0,0,0,0,,not_available,未获取到关联站台源对象,
node/1586701877,古家沱站,0,0,0,0,0,,not_available,未获取到关联站台源对象,
node/10574044806,古尔班站,0,0,0,0,0,,not_available,未获取到关联站台源对象,
node/4172561675,古尔班站,0,0,0,0,0,,not_available,未获取到关联站台源对象,
node/3797730465,古市站,0,0,0,0,0,,not_available,未获取到关联站台源对象,
node/7935598870,古市站,0,0,0,0,0,,not_available,未获取到关联站台源对象,
node/8384099362,古店站,0,0,0,0,0,,not_available,未获取到关联站台源对象,
node/3915744472,古月站,0,0,0,0,0,,not_available,未获取到关联站台源对象,
node/9292699673,古水站,0,0,0,0,0,,not_available,未获取到关联站台源对象,
node/7372000105,古河站,0,0,0,0,0,,not_available,未获取到关联站台源对象,
node/11822437402,古浪北站,2,2,2,0,0,,not_available,源对象与显示一致，实际完整性未核验,way/1292594250|way/1292594255
node/3840278537,古浪站,2,2,2,0,0,,not_available,源对象与显示一致，实际完整性未核验,way/1292594261|way/1292594262
node/1252233958,古源站,1,1,0,1,0,,not_available,来源含站台线，不能当作真实面,way/1127803902
node/9189836492,古瓦站,0,0,0,0,0,,not_available,未获取到关联站台源对象,
node/2927491272,古田会址站,2,2,2,0,0,,not_available,源对象与显示一致，实际完整性未核验,way/385141252|way/385141253
node/9524540937,古田北站,2,2,2,0,0,,not_available,源对象与显示一致，实际完整性未核验,way/837431159|way/837431160
node/7252546299,古田站,0,0,0,0,0,,not_available,未获取到关联站台源对象,
node/5026739169,古砦站,0,0,0,0,0,,not_available,未获取到关联站台源对象,
node/9118904864,古窑子站,0,0,0,0,0,,not_available,未获取到关联站台源对象,
node/8856785003,古竹站,0,0,0,0,0,,not_available,未获取到关联站台源对象,
node/6265569362,古荣站,0,0,0,0,0,,not_available,未获取到关联站台源对象,
node/1252171318,古莲站,1,1,0,1,0,,not_available,来源含站台线，不能当作真实面,way/1185185215
node/4693008520,古营盘站,0,0,0,0,0,,not_available,未获取到关联站台源对象,
node/9165204573,古蔺站,0,0,0,0,0,,not_available,未获取到关联站台源对象,
node/10313458331,古路站,2,2,2,0,0,,not_available,源对象与显示一致，实际完整性未核验,way/1175277935|way/1175277936
node/1732229867,古镇站,0,0,0,0,0,,not_available,未获取到关联站台源对象,
node/8199141268,古雄站,0,0,0,0,0,,not_available,未获取到关联站台源对象,
node/7296275985,古露站,0,0,0,0,0,,not_available,未获取到关联站台源对象,
node/10951246228,句容站,2,2,2,0,0,,not_available,源对象与显示一致，实际完整性未核验,way/1464275822|way/1464275823
node/1769095955,句容西站,2,2,2,0,0,,not_available,源对象与显示一致，实际完整性未核验,way/1088097908|way/1088097909
node/4071079334,召壕站,0,0,0,0,0,,not_available,未获取到关联站台源对象,
node/12513805504,可可森林站,0,0,0,0,0,,not_available,未获取到关联站台源对象,
node/7296224590,可可西里站,0,0,0,0,0,,not_available,未获取到关联站台源对象,
node/4254006090,可门站,0,0,0,0,0,,not_available,未获取到关联站台源对象,
node/12501009369,台儿庄站,0,0,0,0,0,,not_available,未获取到关联站台源对象,
node/11296772781,台前东站,2,2,0,2,0,,not_available,来源含站台线，不能当作真实面,way/1548143757|way/1548143758
node/6254324863,台前北站,0,0,0,0,0,,not_available,未获取到关联站台源对象,
node/1925101211,台前站,0,0,0,0,0,,not_available,未获取到关联站台源对象,
node/3247656533,台前西站,0,0,0,0,0,,not_available,未获取到关联站台源对象,
node/8417536125,台头站,2,2,0,2,0,,not_available,来源含站台线，不能当作真实面,way/214879724|way/214879725
node/9167905924,台安南站,0,0,0,0,0,,not_available,未获取到关联站台源对象,
node/8431451879,台安站,0,0,0,0,0,,not_available,未获取到关联站台源对象,
node/5485730430,台山站,0,0,0,0,0,,not_available,未获取到关联站台源对象,
node/7714110155,台州南站,0,0,0,0,0,,not_available,未获取到关联站台源对象,
node/5154991268,台州站,0,0,0,0,0,,not_available,未获取到关联站台源对象,
node/7714110156,台州西站,0,0,0,0,0,,not_available,未获取到关联站台源对象,
node/8390827538,台曲站,0,0,0,0,0,,not_available,未获取到关联站台源对象,
node/9111251402,台格庙站,0,0,0,0,0,,not_available,未获取到关联站台源对象,
node/4072824040,台梁站,0,0,0,0,0,,not_available,未获取到关联站台源对象,
node/12211994995,台特玛湖站,0,0,0,0,0,,not_available,未获取到关联站台源对象,
node/4259953297,台阁牧站,0,0,0,0,0,,not_available,未获取到关联站台源对象,
node/9123967455,台集屯东站,0,0,0,0,0,,not_available,未获取到关联站台源对象,
node/8244544482,史口东站,0,0,0,0,0,,not_available,未获取到关联站台源对象,
node/8244544275,史口站,0,0,0,0,0,,not_available,未获取到关联站台源对象,
node/8173125933,史家乡站,0,0,0,0,0,,not_available,未获取到关联站台源对象,
node/1783909047,史家铺站,0,0,0,0,0,,not_available,未获取到关联站台源对象,
node/4076206412,史店站,0,0,0,0,0,,not_available,未获取到关联站台源对象,
node/8095297272,叶县站,0,0,0,0,0,,not_available,未获取到关联站台源对象,
node/7365811218,叶城 قاغىلىق站,0,0,0,0,0,,not_available,未获取到关联站台源对象,
node/13711560837,叶城路站,0,0,0,0,0,,not_available,未获取到关联站台源对象,
node/9313028643,叶庄站,0,0,0,0,0,,not_available,未获取到关联站台源对象,
node/1722042132,叶柏寿站,0,0,0,0,0,,not_available,未获取到关联站台源对象,
node/7171384792,叶榭站,2,2,0,2,0,,not_available,来源含站台线，不能当作真实面,way/561175163|way/561175164
node/8857333057,叶茂站,0,0,0,0,0,,not_available,未获取到关联站台源对象,
node/4861918438,叶集站,2,2,2,0,0,,not_available,源对象与显示一致，实际完整性未核验,way/1058386631|way/1058386632
node/2371591472,司家岭站,0,0,0,0,0,,not_available,未获取到关联站台源对象,
node/9280035519,司家营站,0,0,0,0,0,,not_available,未获取到关联站台源对象,
way/1380694815,司赵站（已废弃）,0,0,0,0,0,,not_available,未获取到关联站台源对象,
node/11115499274,合作站,0,0,0,0,0,,not_available,未获取到关联站台源对象,
node/9189836490,合山站,0,0,0,0,0,,not_available,未获取到关联站台源对象,
node/11233257584,合川东站,0,0,0,0,0,,not_available,未获取到关联站台源对象,
node/7212001156,合川站,3,3,3,0,0,,not_available,源对象与显示一致，实际完整性未核验,way/1078183243|way/1078183244|way/1078183245
node/7692389334,合浦站,2,2,2,0,0,,not_available,源对象与显示一致，实际完整性未核验,way/808153838|way/808153839
node/9229648677,合肥东站,0,0,0,0,0,,not_available,未获取到关联站台源对象,
node/6233986121,合肥北城站,2,2,2,0,0,,not_available,源对象与显示一致，实际完整性未核验,way/665912801|way/665912802
node/8503068163,合肥北站,0,0,0,0,0,,not_available,未获取到关联站台源对象,
node/7197518162,合肥南站,0,0,0,0,0,,not_available,未获取到关联站台源对象,
node/10210657433,合肥派河港铁路物流基地,0,0,0,0,0,,not_available,未获取到关联站台源对象,
node/6234423783,合肥站,5,5,5,0,0,,not_available,源对象与显示一致，实际完整性未核验,way/291554000|way/291554001|way/291554002|way/291554003|way/291554065
node/8080534350,合肥西站,8,8,8,0,0,,not_available,源对象与显示一致，实际完整性未核验,way/1452637789|way/1452637790|way/1452637791|way/1452637792|way/1452637793|way/1452637794|way/1452637795|way/1452637796
node/10580182192,合肥铁路采石场,0,0,0,0,0,,not_available,未获取到关联站台源对象,
node/9292699684,合阳北站,2,2,2,0,0,,not_available,源对象与显示一致，实际完整性未核验,way/1313269213|way/1313269214
node/2958264469,合阳站,0,0,0,0,0,,not_available,未获取到关联站台源对象,
node/9098127465,吉兰泰站,0,0,0,0,0,,not_available,未获取到关联站台源对象,
node/2488909028,吉安南站,0,0,0,0,0,,not_available,未获取到关联站台源对象,
node/2314081738,吉安站,0,0,0,0,0,,not_available,未获取到关联站台源对象,
node/2941788642,吉安西站,3,3,3,0,0,,not_available,源对象与显示一致，实际完整性未核验,way/1086723269|way/1086723270|way/1086723271
node/6305217536,吉文站,1,1,0,1,0,,not_available,来源含站台线，不能当作真实面,way/1125136626
node/1595854618,吉新河站,2,2,0,2,0,,not_available,来源含站台线，不能当作真实面,way/1096319936|way/1096319937
node/7036495787,吉林北站,1,1,1,0,0,,not_available,源对象与显示一致，实际完整性未核验,way/1208980961
node/7923463054,吉林站,0,0,0,0,0,14,osm_station_tags,未获取到关联站台源对象；源对象数量与标注或参考不一致，待核验,
node/2332314838,吉林西站,2,2,2,0,0,,not_available,源对象与显示一致，实际完整性未核验,way/1037392045|way/1037392046
node/9076173187,吉柯德东站,0,0,0,0,0,,not_available,未获取到关联站台源对象,
node/2314081741,吉水站,2,2,2,0,0,,not_available,源对象与显示一致，实际完整性未核验,way/511481472|way/511481473
node/2941775894,吉水西站,2,2,2,0,0,,not_available,源对象与显示一致，实际完整性未核验,way/1086956908|way/1086956909
node/3290227424,吉舒站,0,0,0,0,0,,not_available,未获取到关联站台源对象,
node/8814335135,吉舟站,0,0,0,0,0,,not_available,未获取到关联站台源对象,
node/9544816610,吉首东站,3,3,3,0,0,,not_available,源对象与显示一致，实际完整性未核验,way/1308393150|way/1308393151|way/1308393152
node/5168561353,吉首南站,0,0,0,0,0,,not_available,未获取到关联站台源对象,
node/1613271746,吉首站,2,2,2,0,0,,not_available,源对象与显示一致，实际完整性未核验,way/1372092536|way/1372092537
node/11113383138,同仁站,0,0,0,0,0,,not_available,未获取到关联站台源对象,
node/4615408975,同兴站,1,1,1,0,0,,not_available,源对象与显示一致，实际完整性未核验,way/1204012252
node/9282598400,同家梁站,0,0,0,0,0,,not_available,未获取到关联站台源对象,
node/840034002,同心站,0,0,0,0,0,,not_available,未获取到关联站台源对象,
node/9129186219,同江北站,0,0,0,0,0,,not_available,未获取到关联站台源对象,
node/3038816725,同江站,1,1,0,1,0,,not_available,来源含站台线，不能当作真实面,way/1124791088
node/7245028945,同田湾站,0,0,0,0,0,,not_available,未获取到关联站台源对象,
node/7715301467,名山站,2,2,0,2,0,,not_available,来源含站台线，不能当作真实面,way/1466063796|way/1466063797
node/4708350145,后吕村站,2,2,2,0,0,,not_available,源对象与显示一致，实际完整性未核验,way/1534548761|way/1534548762
node/5496983804,后坪站,0,0,0,0,0,,not_available,未获取到关联站台源对象,
node/1577895019,后寨站,0,0,0,0,0,,not_available,未获取到关联站台源对象,
node/7781469268,后寮站,0,0,0,0,0,,not_available,未获取到关联站台源对象,
node/8411537995,后封台站,0,0,0,0,0,,not_available,未获取到关联站台源对象,
node/9131669868,后沟屯站,0,0,0,0,0,,not_available,未获取到关联站台源对象,
node/11716384856,后河站,0,0,0,0,0,,not_available,未获取到关联站台源对象,
node/7740322580,后港站,0,0,0,0,0,,not_available,未获取到关联站台源对象,
node/9317600736,后湖站,0,0,0,0,0,,not_available,未获取到关联站台源对象,
node/5488773090,后溪街站,0,0,0,0,0,,not_available,未获取到关联站台源对象,
node/6402626384,后章村站,1,1,0,1,0,,not_available,来源含站台线，不能当作真实面,way/1022749702
node/3972681068,后营站,0,0,0,0,0,,not_available,未获取到关联站台源对象,
node/6223194456,后长川站,0,0,0,0,0,,not_available,未获取到关联站台源对象,
node/8081330370,后马庄站,0,0,0,0,0,,not_available,未获取到关联站台源对象,
node/1720394581,吐列毛杜站,0,0,0,0,0,,not_available,未获取到关联站台源对象,
node/3688882534,吐哈站,0,0,0,0,0,,not_available,未获取到关联站台源对象,
node/7365879198,吐尔洪站,0,0,0,0,0,,not_available,未获取到关联站台源对象,
node/3590285440,吐鲁番 تۇرپان站,1,1,1,0,0,,not_available,源对象与显示一致，实际完整性未核验,way/925783159
node/2987139656,吐鲁番北 شىمالىي تۇرپان站,0,0,0,0,0,,not_available,未获取到关联站台源对象,
way/367056365,吐鲁番北站,3,3,3,0,0,,not_available,源对象与显示一致，实际完整性未核验,way/1445980782|way/1445980783|way/1445980784
node/1575144251,向塘站,3,3,3,0,0,,not_available,源对象与显示一致，实际完整性未核验,way/243148089|way/243148165|way/243148166
node/2279169019,向塘西站,0,0,0,0,0,,not_available,未获取到关联站台源对象,
node/9131675318,向阳山站,0,0,0,0,0,,not_available,未获取到关联站台源对象,
node/2330634150,向阳川站,1,1,0,1,0,,not_available,来源含站台线，不能当作真实面,way/1086980291
node/4066466687,向阳店站,0,0,0,0,0,,not_available,未获取到关联站台源对象,
node/582408458,向阳桥站,0,0,0,0,0,,not_available,未获取到关联站台源对象,
node/8493444662,向阳站,0,0,0,0,0,,not_available,未获取到关联站台源对象,
node/9497085064,向阳站,2,2,0,2,0,,not_available,来源含站台线，不能当作真实面,way/601045318|way/601045319
node/3085853060,向阳镇站,0,0,0,0,0,,not_available,未获取到关联站台源对象,
node/4982401686,向韶站,0,0,0,0,0,,not_available,未获取到关联站台源对象,
node/10863420044,吕四港南站,0,0,0,0,0,,not_available,未获取到关联站台源对象,
node/13665364285,吕四港站,0,0,0,0,0,,not_available,未获取到关联站台源对象,
node/7723050270,吕四站,0,0,0,0,0,,not_available,未获取到关联站台源对象,
node/2666710929,吕城站,0,0,0,0,0,,not_available,未获取到关联站台源对象,
node/8387450533,吕家沟站,0,0,0,0,0,,not_available,未获取到关联站台源对象,
node/5488696648,吕店站,0,0,0,0,0,,not_available,未获取到关联站台源对象,
node/4037619746,吕梁北站,0,0,0,0,0,,not_available,未获取到关联站台源对象,
node/4948920661,吕梁站,1,1,1,0,0,,not_available,源对象与显示一致，实际完整性未核验,way/1054985012
node/3020201803,吕河站,0,0,0,0,0,,not_available,未获取到关联站台源对象,
node/2758349366,吕渠河站,0,0,0,0,0,,not_available,未获取到关联站台源对象,
node/7740286537,君山站,0,0,0,0,0,,not_available,未获取到关联站台源对象,
node/9242148035,含山南站,2,2,0,2,0,,not_available,来源含站台线，不能当作真实面,way/925968738|way/925968739
node/11332813138,含山站,0,0,0,0,0,,not_available,未获取到关联站台源对象,
node/7723050258,启东站,2,2,2,0,0,,not_available,源对象与显示一致，实际完整性未核验,way/1153322319|way/1153322324
node/11327619621,启东西站,0,0,0,0,0,,not_available,未获取到关联站台源对象,
node/12612402421,吴中站,0,0,0,0,0,,not_available,未获取到关联站台源对象,
node/9022798756,吴四圪堵站,0,0,0,0,0,,not_available,未获取到关联站台源对象,
node/10241499928,吴圩机场,6,6,6,0,0,,not_available,源对象与显示一致，实际完整性未核验,way/1193326112|way/1193326113|way/1193326116|way/1193326117|way/1367336089|way/1367336090
node/7692210515,吴圩站,0,0,0,0,0,,not_available,未获取到关联站台源对象,
node/1588584188,吴场,0,0,0,0,0,,not_available,未获取到关联站台源对象,
node/8158566855,吴城站,0,0,0,0,0,,not_available,未获取到关联站台源对象,
node/4074608700,吴城镇站,0,0,0,0,0,,not_available,未获取到关联站台源对象,
node/3508395507,吴堡站,2,2,2,0,0,,not_available,源对象与显示一致，实际完整性未核验,way/1485836387|way/1485836388
node/1759329327,吴官田站,0,0,0,0,0,,not_available,未获取到关联站台源对象,
node/8818386823,吴家塘站,0,0,0,0,0,,not_available,未获取到关联站台源对象,
node/4109184657,吴家山站,0,0,0,0,0,,not_available,未获取到关联站台源对象,
node/1782991881,吴家川站,0,0,0,0,0,,not_available,未获取到关联站台源对象,
node/9118892086,吴家窑站,0,0,0,0,0,,not_available,未获取到关联站台源对象,
node/8513056250,吴川站,2,2,2,0,0,,not_available,源对象与显示一致，实际完整性未核验,way/969969586|way/969969587
node/5649169436,吴忠站,4,4,0,4,0,,not_available,来源含站台线，不能当作真实面,way/1529934312|way/1529934313|way/1529934314|way/1529934315
node/8429540365,吴村站,0,0,0,0,0,,not_available,未获取到关联站台源对象,
node/8410521685,吴桥站,5,5,3,2,0,,not_available,来源含站台线，不能当作真实面,way/1049279775|way/1049279781|way/1049279782|way/1124918880|way/1124918881
node/12612402418,吴江站,0,0,0,0,0,,not_available,未获取到关联站台源对象,
node/5263921177,吴泾调车场,0,0,0,0,0,,not_available,未获取到关联站台源对象,
node/8506610676,吴集站,0,0,0,0,0,,not_available,未获取到关联站台源对象,
node/8856047981,吹塘站,0,0,0,0,0,,not_available,未获取到关联站台源对象,
node/8163363242,告成站,0,0,0,0,0,,not_available,未获取到关联站台源对象,
node/9350376210,周口东站,3,3,3,0,0,,not_available,源对象与显示一致，实际完整性未核验,way/1456564697|way/1456564698|way/1456564699
node/13887517191,周口店站,0,0,0,0,0,,not_available,未获取到关联站台源对象,
node/9023014147,周口站,0,0,0,0,0,,not_available,未获取到关联站台源对象,
node/12147944156,周口西站,0,0,0,0,0,,not_available,未获取到关联站台源对象,
node/3954505582,周士庄站,0,0,0,0,0,,not_available,未获取到关联站台源对象,
node/7935693257,周宁站,0,0,0,0,0,,not_available,未获取到关联站台源对象,
node/8442827811,周宅子站,0,0,0,0,0,,not_available,未获取到关联站台源对象,
node/8327328026,周家坳站,0,0,0,0,0,,not_available,未获取到关联站台源对象,
node/5168561349,周家寨站,0,0,0,0,0,,not_available,未获取到关联站台源对象,
node/3652362063,周家村站,1,1,0,1,0,,not_available,来源含站台线，不能当作真实面,way/696128417
node/8670894833,周家沟站,0,0,0,0,0,,not_available,未获取到关联站台源对象,
node/1557387243,周家湾站,0,0,0,0,0,,not_available,未获取到关联站台源对象,
node/2333085953,周家站,2,2,0,2,0,,not_available,来源含站台线，不能当作真实面,way/1112506873|way/1112506874
node/3686468744,周曲家站,0,0,0,0,0,,not_available,未获取到关联站台源对象,
node/581375688,周村东站,0,0,0,0,0,,not_available,未获取到关联站台源对象,
node/581386965,周村站,2,2,2,0,0,,not_available,源对象与显示一致，实际完整性未核验,way/1046040927|way/1091364745
node/1659133908,周水子站,4,4,4,0,0,,not_available,源对象与显示一致，实际完整性未核验,way/1116200937|way/1116200938|way/1492574949|way/1492574950
node/8453216527,周泾巷站,0,0,0,0,0,,not_available,未获取到关联站台源对象,
node/5488627422,周铁岗站,0,0,0,0,0,,not_available,未获取到关联站台源对象,
node/13406991165,呼仍努如站,0,0,0,0,0,,not_available,未获取到关联站台源对象,
node/12404403785,呼伦河站,0,0,0,0,0,,not_available,未获取到关联站台源对象,
node/12750056578,呼兰北站,0,0,0,0,0,,not_available,未获取到关联站台源对象,
node/2168572656,呼兰站,2,2,1,1,0,,not_available,来源含站台线，不能当作真实面,way/1558145627|way/541912018
node/9121569869,呼和哈达站,0,0,0,0,0,,not_available,未获取到关联站台源对象,
node/4516499677,呼和德尔斯站,0,0,0,0,0,,not_available,未获取到关联站台源对象,
node/1670013561,呼和浩特东站,9,9,9,0,0,,not_available,源对象与显示一致，实际完整性未核验,way/154481376|way/417943393|way/417943394|way/417943396|way/761177494|way/761177495|way/761177496|way/761177497|way/761177498
node/9509616900,呼和浩特南站,0,0,0,0,0,,not_available,未获取到关联站台源对象,
node/843121428,呼和浩特站,0,0,0,0,0,,not_available,未获取到关联站台源对象,
node/5233988680,呼和温都尔站,0,0,0,0,0,,not_available,未获取到关联站台源对象,
node/9111251400,呼和芒哈站,0,0,0,0,0,,not_available,未获取到关联站台源对象,
node/7372047603,呼图壁站,0,0,0,0,0,,not_available,未获取到关联站台源对象,
node/1606443960,呼家塔站,0,0,0,0,0,,not_available,未获取到关联站台源对象,
node/9121997531,呼斯图站,0,0,0,0,0,,not_available,未获取到关联站台源对象,
node/9299765144,呼鲁斯太站,0,0,0,0,0,,not_available,未获取到关联站台源对象,
node/3923176483,和乐站,0,0,0,0,0,,not_available,未获取到关联站台源对象,
node/7368677848,和什托洛盖 قوستولعاي ᠬᠣᠣᠰᠲᠣᠯᠣᠭᠠᠢ站,0,0,0,0,0,,not_available,未获取到关联站台源对象,
node/12741513019,和平北站,2,2,2,0,0,,not_available,源对象与显示一致，实际完整性未核验,way/1263640142|way/1263640143
node/2274076590,和平站,2,2,2,0,0,,not_available,源对象与显示一致，实际完整性未核验,way/1424569919|way/1424569920
node/9121569874,和日木站,0,0,0,0,0,,not_available,未获取到关联站台源对象,
node/2328405919,和村站,1,1,1,0,0,,not_available,源对象与显示一致，实际完整性未核验,way/1117444674
node/9085688393,和田 خوتەن站,0,0,0,0,0,,not_available,未获取到关联站台源对象,
node/9260662619,和田东 شەرقىي خوتەن站,0,0,0,0,0,,not_available,未获取到关联站台源对象,
node/7365692468,和硕站,2,2,2,0,0,,not_available,源对象与显示一致，实际完整性未核验,way/1467954148|way/1467954149
node/5009777021,和静站,2,2,2,0,0,,not_available,源对象与显示一致，实际完整性未核验,way/872151605|way/872151606
node/7747896002,和顺县站,0,0,0,0,0,,not_available,未获取到关联站台源对象,
node/2451635621,和顺站,0,0,0,0,0,,not_available,未获取到关联站台源对象,
node/7572569683,和龙站,2,2,2,0,0,,not_available,源对象与显示一致，实际完整性未核验,way/1287340665|way/1287340666
node/4940608663,咸丰站,0,0,0,0,0,,not_available,未获取到关联站台源对象,
node/7473471986,咸味井站,0,0,0,0,0,,not_available,未获取到关联站台源对象,
node/4246064710,咸塘站,0,0,0,0,0,,not_available,未获取到关联站台源对象,
node/7733587986,咸宁东站,0,0,0,0,0,,not_available,未获取到关联站台源对象,
node/8396912405,咸宁北站,0,0,0,0,0,,not_available,未获取到关联站台源对象,
node/7733587985,咸宁南站,2,2,2,0,0,,not_available,源对象与显示一致，实际完整性未核验,way/1161091696|way/1161091697
node/8308266738,咸宁站,3,3,3,0,0,,not_available,源对象与显示一致，实际完整性未核验,way/629128859|way/629128860|way/629128861
node/9166915287,咸水河站,0,0,0,0,0,,not_available,未获取到关联站台源对象,
node/9274358841,咸水沽站,0,0,0,0,0,,not_available,未获取到关联站台源对象,
node/8154570908,咸水站,0,0,0,0,0,,not_available,未获取到关联站台源对象,
node/7967048506,咸阳北站,2,2,2,0,0,,not_available,源对象与显示一致，实际完整性未核验,way/1180978216|way/1180978217
node/1532510499,咸阳站,2,2,2,0,0,,not_available,源对象与显示一致，实际完整性未核验,way/1180978218|way/1180978219
node/2726644052,咸阳西站,3,3,3,0,0,,not_available,源对象与显示一致，实际完整性未核验,way/959916271|way/959916272|way/959916273
node/8321133430,品甸站,0,0,0,0,0,,not_available,未获取到关联站台源对象,
node/840299579,哈业胡同站,0,0,0,0,0,,not_available,未获取到关联站台源对象,
node/4072805996,哈业脑包站,0,0,0,0,0,,not_available,未获取到关联站台源对象,
node/11524780803,哈克托让格站,0,0,0,0,0,,not_available,未获取到关联站台源对象,
node/1723657613,哈克站,2,2,0,2,0,,not_available,来源含站台线，不能当作真实面,way/1095208979|way/1095208980
node/1252233940,哈力图站,1,1,0,1,0,,not_available,来源含站台线，不能当作真实面,way/1126858186
node/7276635778,哈密 قۇمۇل站,5,5,5,0,0,,not_available,源对象与显示一致，实际完整性未核验,way/1466869093|way/1466869094|way/1466869095|way/1466869096|way/1466869097
node/7473462472,哈密东站,0,0,0,0,0,,not_available,未获取到关联站台源对象,
node/7369008128,哈密南站,2,2,2,0,0,,not_available,源对象与显示一致，实际完整性未核验,way/1466620557|way/1466620564
node/4676361120,哈密路站,3,3,0,3,0,,not_available,来源含站台线，不能当作真实面,way/433252719|way/433252720|way/906966670
node/7160979269,哈尔巴岭站,0,0,0,0,0,,not_available,未获取到关联站台源对象,
node/678564923,哈尔滨东站,3,3,0,3,0,,not_available,来源含站台线，不能当作真实面,way/967289155|way/967289156|way/967289157
node/3701366547,哈尔滨北站,4,4,0,4,0,,not_available,来源含站台线，不能当作真实面,way/967044187|way/967044188|way/967044189|way/967044190
node/7927375383,哈尔滨南站,2,2,0,2,0,,not_available,来源含站台线，不能当作真实面,way/1065393805|way/1164136969
node/334358067,哈尔滨站,8,8,0,8,0,,not_available,来源含站台线，不能当作真实面,way/723089087|way/723089088|way/723089089|way/723089090|way/723089091|way/723089092|way/723089093|way/723089094
node/2155516551,哈尔滨西站,10,10,0,10,0,,not_available,来源含站台线，不能当作真实面,way/1080788470|way/1080788471|way/1080788472|way/1080788473|way/1080788474|way/1080788475|way/1080788476|way/1080788477|way/1080788478|way/1080788479
node/1602495967,哈尔盖站,0,0,0,0,0,,not_available,未获取到关联站台源对象,
node/9069903406,哈尼乎热站,0,0,0,0,0,,not_available,未获取到关联站台源对象,
node/8999125809,哈拉敖包站,0,0,0,0,0,,not_available,未获取到关联站台源对象,
node/1273440529,哈拉海站,2,2,2,0,0,,not_available,源对象与显示一致，实际完整性未核验,way/1499384366|way/1499384367
node/1595854614,哈拉苏站,2,2,0,2,0,,not_available,来源含站台线，不能当作真实面,way/1126194920|way/1126194927
node/1720394438,哈日努拉站,0,0,0,0,0,,not_available,未获取到关联站台源对象,
node/9121997529,哈日根台站,0,0,0,0,0,,not_available,未获取到关联站台源对象,
node/4516499678,哈朱尚德站,0,0,0,0,0,,not_available,未获取到关联站台源对象,
node/2327447488,哈福站,0,0,0,0,0,,not_available,未获取到关联站台源对象,
node/4072951333,哈贝日格站,0,0,0,0,0,,not_available,未获取到关联站台源对象,
node/9295305375,哈达汗站,0,0,0,0,0,,not_available,未获取到关联站台源对象,
node/6542797320,哈达湾站,0,0,0,0,0,,not_available,未获取到关联站台源对象,
node/1552037408,哈达站,1,1,0,1,0,,not_available,来源含站台线，不能当作真实面,way/1118057192
node/13058397777,哈达铺站,3,3,0,3,0,,not_available,来源含站台线，不能当作真实面,way/502753057|way/502753058|way/502753059
node/1252233954,哈达阳站,1,1,0,1,0,,not_available,来源含站台线，不能当作真实面,way/1126858179
node/4050159916,响水县站,0,0,0,0,0,,not_available,未获取到关联站台源对象,
node/9292699675,响水塘站,0,0,0,0,0,,not_available,未获取到关联站台源对象,
node/3045649824,响沙湾站,0,0,0,0,0,,not_available,未获取到关联站台源对象,
node/582408142,哲桥站,0,0,0,0,0,,not_available,未获取到关联站台源对象,
node/9123967440,哲里木站,2,2,2,0,0,,not_available,源对象与显示一致，实际完整性未核验,way/938136653|way/938136655
node/8390212289,唐之洼站,0,0,0,0,0,,not_available,未获取到关联站台源对象,
node/9081732756,唐公塔站,0,0,0,0,0,,not_available,未获取到关联站台源对象,
node/8454361467,唐南集站,0,0,0,0,0,,not_available,未获取到关联站台源对象,
node/11297643257,唐县站,0,0,0,0,0,,not_available,未获取到关联站台源对象,
node/8547255905,唐县镇站,0,0,0,0,0,,not_available,未获取到关联站台源对象,
node/9242869558,唐口站,0,0,0,0,0,,not_available,未获取到关联站台源对象,
node/360150835,唐古拉北站,0,0,0,0,0,,not_available,未获取到关联站台源对象,
node/6274058065,唐古拉南站,1,1,1,0,0,,not_available,源对象与显示一致，实际完整性未核验,way/669940134
node/7296275995,唐古拉站,1,1,0,1,0,,not_available,来源含站台线，不能当作真实面,way/1304882732
node/3840310450,唐家堡站,0,0,0,0,0,,not_available,未获取到关联站台源对象,
node/1681825138,唐家沱站,0,0,0,0,0,,not_available,未获取到关联站台源对象,
node/7710011716,唐家湾站,2,2,2,0,0,,not_available,源对象与显示一致，实际完整性未核验,way/1340062562|way/1340062563
node/1655741336,唐家站,1,1,0,1,0,,not_available,来源含站台线，不能当作真实面,way/1453141099
node/11113693816,唐尕昂站,0,0,0,0,0,,not_available,未获取到关联站台源对象,
node/7897441935,唐山东站,0,0,0,0,0,,not_available,未获取到关联站台源对象,
node/7773645865,唐山北站,2,2,2,0,0,,not_available,源对象与显示一致，实际完整性未核验,way/606340505|relation/14588870
node/7781338012,唐山南站,4,4,4,0,0,,not_available,源对象与显示一致，实际完整性未核验,way/615763287|way/615763290|way/615763293|way/1411522248
node/7783472725,唐山站,7,7,7,0,0,,not_available,源对象与显示一致，实际完整性未核验,way/606598648|way/606598650|way/606598652|way/606598653|way/606598655|way/606598656|way/985175445
node/6124511976,唐山西站,2,2,0,2,0,,not_available,来源含站台线，不能当作真实面,way/1090752420|way/1090752421
node/8375631004,唐林岗站,0,0,0,0,0,,not_available,未获取到关联站台源对象,
node/2326869288,唐河站,2,2,2,0,0,,not_available,源对象与显示一致，实际完整性未核验,way/1511491688|way/1511491689
node/2409490149,唐洞站,0,0,0,0,0,,not_available,未获取到关联站台源对象,
node/4021619845,唐洼站,0,0,0,0,0,,not_available,未获取到关联站台源对象,
node/7783459220,唐海南站,2,2,0,2,0,,not_available,来源含站台线，不能当作真实面,way/1103938977|way/1103938978
node/9169258495,唐王山站,0,0,0,0,0,,not_available,未获取到关联站台源对象,
node/8509731685,唐田站,0,0,0,0,0,,not_available,未获取到关联站台源对象,
node/1709842763,唯亭站,0,0,0,0,0,,not_available,未获取到关联站台源对象,
node/8478942598,商丘东站,2,2,2,0,0,,not_available,源对象与显示一致，实际完整性未核验,way/1041327046|way/1041327047
node/8016226690,商丘北站,0,0,0,0,0,,not_available,未获取到关联站台源对象,
node/1775221284,商丘南站,1,1,0,1,0,,not_available,来源含站台线，不能当作真实面,way/524380149
node/1775221285,商丘站,9,9,0,9,0,,not_available,来源含站台线，不能当作真实面,way/1050664058|way/1050664059|way/1050664060|way/1050664061|way/1050664062|way/1050664063|way/1050664064|way/1050664065|way/1050664066
node/3561932072,商南站,0,0,0,0,0,,not_available,未获取到关联站台源对象,
node/2467424392,商城站,0,0,0,0,0,,not_available,未获取到关联站台源对象,
node/8491509462,商水站,0,0,0,0,0,,not_available,未获取到关联站台源对象,
node/7164830501,商河北站,2,2,2,0,0,,not_available,源对象与显示一致，实际完整性未核验,way/1059462076|way/1059462077
node/12065911424,商河站,0,0,0,0,0,,not_available,未获取到关联站台源对象,
node/2940517365,商洛北站,0,0,0,0,0,,not_available,未获取到关联站台源对象,
node/4593464427,商洛站,2,2,2,0,0,,not_available,源对象与显示一致，实际完整性未核验,way/1302718462|way/1302718463
node/10861970067,商洛西站,2,2,0,2,0,,not_available,来源含站台线，不能当作真实面,way/1493636642|way/1493636645
node/843276742,商都站,2,2,2,0,0,,not_available,源对象与显示一致，实际完整性未核验,way/547123196|way/547123197
node/4976690857,商酒务站,0,0,0,0,0,,not_available,未获取到关联站台源对象,
node/3122045551,商镇站,0,0,0,0,0,,not_available,未获取到关联站台源对象,
node/4440740116,喀什 قەشقەر‎站,2,2,2,0,0,,not_available,源对象与显示一致，实际完整性未核验,way/867342797|way/867342798
node/7365811225,喀什北 شىمالىي قەشقەر站,0,0,0,0,0,,not_available,未获取到关联站台源对象,
node/1726229865,喀喇其站,1,1,0,1,0,,not_available,来源含站台线，不能当作真实面,way/1125332626
node/7319353488,喀尔达坂站,0,0,0,0,0,,not_available,未获取到关联站台源对象,
node/9179735874,喀左站,0,0,0,0,0,,not_available,未获取到关联站台源对象,
node/7365892500,喀拉哲腊站,0,0,0,0,0,,not_available,未获取到关联站台源对象,
node/7365718248,喀拉玉尔滚站,0,0,0,0,0,,not_available,未获取到关联站台源对象,
node/8204071016,喀拉米兰站,0,0,0,0,0,,not_available,未获取到关联站台源对象,
node/7365892526,喀拉通克站,0,0,0,0,0,,not_available,未获取到关联站台源对象,
node/7365879197,喀木斯特站,0,0,0,0,0,,not_available,未获取到关联站台源对象,
node/7365892563,喀腊塑克站,0,0,0,0,0,,not_available,未获取到关联站台源对象,
node/7365879208,喀谷站,0,0,0,0,0,,not_available,未获取到关联站台源对象,
node/1595854620,喇嘛山站,2,2,0,2,0,,not_available,来源含站台线，不能当作真实面,way/1095954823|way/1095954824
node/9157555170,喇嘛甸站,1,1,0,1,0,,not_available,来源含站台线，不能当作真实面,way/1097271429
node/8293209401,喜屯站,0,0,0,0,0,,not_available,未获取到关联站台源对象,
node/2092190129,喜德站,0,0,0,0,0,,not_available,未获取到关联站台源对象,
node/8166750686,喜德西站,0,0,0,0,0,,not_available,未获取到关联站台源对象,
node/4254305665,喜集水站,1,1,0,1,0,,not_available,来源含站台线，不能当作真实面,way/426116301
node/8364156350,喜鹊乐站,0,0,0,0,0,,not_available,未获取到关联站台源对象,
node/11901257634,喵山谷站,0,0,0,0,0,,not_available,未获取到关联站台源对象,
node/9081737228,嘉东站,0,0,0,0,0,,not_available,未获取到关联站台源对象,
node/9660895495,嘉兴东站,0,0,0,0,0,,not_available,未获取到关联站台源对象,
node/14087531797,嘉兴南站,0,0,0,0,0,,not_available,未获取到关联站台源对象,
node/7160140842,嘉兴南站,12,12,12,0,0,,not_available,源对象与显示一致，实际完整性未核验,way/875725617|way/875725618|way/875725619|way/875725620|way/875725621|way/875725622|way/1299318388|way/1299318394|way/1299327342|way/1299327347|way/1299327352|way/1427719508
node/14085402045,嘉兴科技城站,0,0,0,0,0,,not_available,未获取到关联站台源对象,
node/8789087280,嘉兴站,3,3,3,0,0,,not_available,源对象与显示一致，实际完整性未核验,way/949365815|way/949365819|way/949365820
node/9076173194,嘉兴站,0,0,0,0,0,,not_available,未获取到关联站台源对象,
node/9097307500,嘉北站,0,0,0,0,0,,not_available,未获取到关联站台源对象,
node/12609648091,嘉善北站,0,0,0,0,0,,not_available,未获取到关联站台源对象,
node/7160140843,嘉善南站,2,2,2,0,0,,not_available,源对象与显示一致，实际完整性未核验,way/296660878|way/766633788
node/13516002826,嘉善火车站,2,2,0,2,0,,not_available,来源含站台线，不能当作真实面,way/1268543957|way/1268543958
node/9660857768,嘉善站,0,0,0,0,0,,not_available,未获取到关联站台源对象,
node/13711560830,嘉定新城东站,0,0,0,0,0,,not_available,未获取到关联站台源对象,
node/13932576824,嘉峪关IV场,1,1,1,0,0,,not_available,源对象与显示一致，实际完整性未核验,way/1528922123
node/2987127367,嘉峪关南站,3,3,3,0,0,,not_available,源对象与显示一致，实际完整性未核验,way/1472116517|way/1472116518|way/1472116519
node/273171648,嘉峪关站,2,2,2,0,0,,not_available,源对象与显示一致，实际完整性未核验,way/1488748021|way/1488748022
node/2971083433,嘉峰站,0,0,0,0,0,,not_available,未获取到关联站台源对象,
node/8175912649,嘉川站,0,0,0,0,0,,not_available,未获取到关联站台源对象,
node/12247247570,嘉明站,0,0,0,0,0,,not_available,未获取到关联站台源对象,
node/9354508779,嘉祥北站,2,2,2,0,0,,not_available,源对象与显示一致，实际完整性未核验,way/1378584028|way/1378584029
node/808126207,嘉祥站,1,1,1,0,0,,not_available,源对象与显示一致，实际完整性未核验,way/1434011552
node/9081737229,嘉西站,0,0,0,0,0,,not_available,未获取到关联站台源对象,
node/1720956478,嘎什吐站,1,1,0,1,0,,not_available,来源含站台线，不能当作真实面,way/1481209778
node/1720956465,嘎什甸子站,1,1,0,1,0,,not_available,来源含站台线，不能当作真实面,way/1481209753
node/11837753481,嘎扎（预留）,0,0,0,0,0,,not_available,未获取到关联站台源对象,
node/12307568124,嘎拉德斯汰站,0,0,0,0,0,,not_available,未获取到关联站台源对象,
node/7296275989,噶恰站,0,0,0,0,0,,not_available,未获取到关联站台源对象,
node/5652369262,四会站,4,4,4,0,0,,not_available,源对象与显示一致，实际完整性未核验,way/1434652028|way/1434652029|way/1434652030|way/1434652031
node/9118904619,四分滩站,0,0,0,0,0,,not_available,未获取到关联站台源对象,
node/9282598414,四台沟站,0,0,0,0,0,,not_available,未获取到关联站台源对象,
node/9506868287,四合永站,2,2,2,0,0,,not_available,源对象与显示一致，实际完整性未核验,way/553355646|way/1435550334
node/1720956530,四合站,1,1,0,1,0,,not_available,来源含站台线，不能当作真实面,way/1481209806
node/7161803592,四团站,0,0,0,0,0,,not_available,未获取到关联站台源对象,
node/11202356358,四姑娘山站,0,0,0,0,0,,not_available,未获取到关联站台源对象,
node/12383977214,四季花海站,0,0,0,0,0,,not_available,未获取到关联站台源对象,
node/7276779889,四工农场,0,0,0,0,0,,not_available,未获取到关联站台源对象,
node/2155516446,四平东站,2,2,0,2,0,,not_available,来源含站台线，不能当作真实面,way/701330503|way/701330504
node/2340355361,四平站,3,3,0,3,0,,not_available,来源含站台线，不能当作真实面,way/701330430|way/701330431|way/701330432
node/13506321530,四方台站,0,0,0,0,0,,not_available,未获取到关联站台源对象,
node/2344167674,四方台站,3,3,1,2,0,,not_available,来源含站台线，不能当作真实面,way/1111042231|way/1111042232|way/1111042233
node/634878085,四方台站,0,0,0,0,0,,not_available,未获取到关联站台源对象,
node/1608118434,四方站,1,1,0,1,0,,not_available,来源含站台线，不能当作真实面,way/1052204035
node/3943039213,四棵树 شىگىشور站,0,0,0,0,0,,not_available,未获取到关联站台源对象,
node/7252546319,四渡站,0,0,0,0,0,,not_available,未获取到关联站台源对象,
node/9072960176,四眼井站,0,0,0,0,0,,not_available,未获取到关联站台源对象,
node/13928568111,四矿站,0,0,0,0,0,,not_available,未获取到关联站台源对象,
node/1596579472,四老沟站,0,0,0,0,0,,not_available,未获取到关联站台源对象,
node/9081732814,四道柳站,0,0,0,0,0,,not_available,未获取到关联站台源对象,
node/10536269280,四道沙河站,0,0,0,0,0,,not_available,未获取到关联站台源对象,
node/2336082820,四道沟站,0,0,0,0,0,,not_available,未获取到关联站台源对象,
node/2348136437,四道湾站,0,0,0,0,0,,not_available,未获取到关联站台源对象,
node/9129925034,四马架站,0,0,0,0,0,,not_available,未获取到关联站台源对象,
node/6715109146,四马站,0,0,0,0,0,,not_available,未获取到关联站台源对象,
node/3914544154,回凤站,0,0,0,0,0,,not_available,未获取到关联站台源对象,
node/8737578390,回龙站,0,0,0,0,0,,not_available,未获取到关联站台源对象,
node/4039373251,回龙镇站,0,0,0,0,0,,not_available,未获取到关联站台源对象,
node/1623929715,团山站,2,2,2,0,0,,not_available,源对象与显示一致，实际完整性未核验,way/1422805477|way/1422805478
node/4162472432,团山站,1,1,0,1,0,,not_available,来源含站台线，不能当作真实面,way/511321898
node/9171411648,团林站,0,0,0,0,0,,not_available,未获取到关联站台源对象,
node/7202376846,团林铺站,0,0,0,0,0,,not_available,未获取到关联站台源对象,
node/12725879767,团溪站,0,0,0,0,0,,not_available,未获取到关联站台源对象,
node/3969960737,团瓢庄站,2,2,0,2,0,,not_available,来源含站台线，不能当作真实面,way/1099936699|way/1099936700
node/4676361137,团结小区站,0,0,0,0,0,,not_available,未获取到关联站台源对象,
node/3500244573,团结村站,0,0,0,0,0,,not_available,未获取到关联站台源对象,
node/1727803113,团结站,1,1,0,1,0,,not_available,来源含站台线，不能当作真实面,way/1125532014
node/11209622979,团风东站,0,0,0,0,0,,not_available,未获取到关联站台源对象,
node/5488619687,团风站,0,0,0,0,0,,not_available,未获取到关联站台源对象,
node/8739334513,园冲站,0,0,0,0,0,,not_available,未获取到关联站台源对象,
node/2340595348,园墩站,0,0,0,0,0,,not_available,未获取到关联站台源对象,
node/4498091591,园岱站,0,0,0,0,0,,not_available,未获取到关联站台源对象,
node/10120263992,园村站,0,0,0,0,0,,not_available,未获取到关联站台源对象,
node/12136399093,固原北站,0,0,0,0,0,,not_available,未获取到关联站台源对象,
node/10120263954,固原站,0,0,0,0,0,,not_available,未获取到关联站台源对象,
node/8382763907,固城站,3,3,3,0,0,,not_available,源对象与显示一致，实际完整性未核验,way/1076147332|way/1076147333|way/1076147349
node/11334686620,固始站,2,2,2,0,0,,not_available,源对象与显示一致，实际完整性未核验,way/1040817766|way/1040817767
node/6819545357,固安东站,4,4,4,0,0,,not_available,源对象与显示一致，实际完整性未核验,way/1152245805|way/1152245806|way/1152245807|way/1152245808
node/2351141702,固安站,2,2,2,0,0,,not_available,源对象与显示一致，实际完整性未核验,way/995548678|way/995548679
node/3026390663,固川站,0,0,0,0,0,,not_available,未获取到关联站台源对象,
node/9750178886,固庄站,0,0,0,0,0,,not_available,未获取到关联站台源对象,
node/11332278125,固镇南站,0,0,0,0,0,,not_available,未获取到关联站台源对象,
node/2493727321,固镇站,0,0,0,0,0,,not_available,未获取到关联站台源对象,
node/12674175578,国华厂内站,0,0,0,0,0,,not_available,未获取到关联站台源对象,
node/6650863285,图们北站,3,3,3,0,0,,not_available,源对象与显示一致，实际完整性未核验,way/708289977|way/708289978|way/708289979
node/9171411667,图们站,3,3,3,0,0,,not_available,源对象与显示一致，实际完整性未核验,way/1231117704|way/1231117706|way/1231117707
node/7473373521,图克木庙站,0,0,0,0,0,,not_available,未获取到关联站台源对象,
node/3157943286,图克站,0,0,0,0,0,,not_available,未获取到关联站台源对象,
node/12744888104,图呼木站,0,0,0,0,0,,not_available,未获取到关联站台源对象,
node/1252171115,图强站,1,1,0,1,0,,not_available,来源含站台线，不能当作真实面,way/1185066182
node/11753220644,图影站,0,0,0,0,0,,not_available,未获取到关联站台源对象,
node/7369154344,图拉尔根站,0,0,0,0,0,,not_available,未获取到关联站台源对象,
node/9072960165,图木舒克南站,0,0,0,0,0,,not_available,未获取到关联站台源对象,
node/6332834576,图木舒克站,0,0,0,0,0,,not_available,未获取到关联站台源对象,
node/1552037416,图里河站,1,1,0,1,0,,not_available,来源含站台线，不能当作真实面,way/1117834496
node/8017754343,圃田站,0,0,0,0,0,,not_available,未获取到关联站台源对象,
node/6970221147,圃田西站,6,6,4,2,0,,not_available,来源含站台线，不能当作真实面,way/1446669420|way/1448549136|way/1448549137|way/1448549138|way/1448646039|way/1448646040
node/2375124727,土们岭站,0,0,0,0,0,,not_available,未获取到关联站台源对象,
node/5952244473,土地堂东站,0,0,0,0,0,,not_available,未获取到关联站台源对象,
node/1681825153,土坎站,0,0,0,0,0,,not_available,未获取到关联站台源对象,
node/9223898607,土型站,0,0,0,0,0,,not_available,未获取到关联站台源对象,
node/9171411673,土城子站,0,0,0,0,0,,not_available,未获取到关联站台源对象,
node/4066204001,土堂站,0,0,0,0,0,,not_available,未获取到关联站台源对象,
node/12736790501,土塘站,0,0,0,0,0,,not_available,未获取到关联站台源对象,
node/13630150254,土塘站,0,0,0,0,0,,not_available,未获取到关联站台源对象,
node/9246201061,土庄站,0,0,0,0,0,,not_available,未获取到关联站台源对象,
node/9509616897,土木站,1,1,1,0,0,,not_available,源对象与显示一致，实际完整性未核验,way/323000957
node/1783909049,土桥子站,0,0,0,0,0,,not_available,未获取到关联站台源对象,
node/4999085917,土溪站,2,2,0,2,0,,not_available,来源含站台线，不能当作真实面,way/1023290556|way/1023290557
node/843202341,土牧尔台站,0,0,0,0,0,,not_available,未获取到关联站台源对象,
node/1694262037,土贵乌拉站,2,2,2,0,0,,not_available,源对象与显示一致，实际完整性未核验,way/541801119|way/541801311
node/2340595345,土门子站,1,1,1,0,0,,not_available,源对象与显示一致，实际完整性未核验,way/1448271455
node/4128354315,土龙川站,1,1,1,0,0,,not_available,源对象与显示一致，实际完整性未核验,way/411101665
node/3628532725,圣佛站,4,4,3,1,0,,not_available,来源含站台线，不能当作真实面,way/1461441388|way/1461441389|way/1461441390|way/1461441391
node/13979330390,圣泉站,2,2,0,2,0,,not_available,来源含站台线，不能当作真实面,way/1492793597|way/1494456731
node/2154670861,圣浪站,1,1,0,1,0,,not_available,来源含站台线，不能当作真实面,way/1120759201
node/13228555018,圣都火车站,0,0,0,0,0,,not_available,未获取到关联站台源对象,
node/7935693233,地州站,0,0,0,0,0,,not_available,未获取到关联站台源对象,
node/2913735192,地方站,0,0,0,0,0,,not_available,未获取到关联站台源对象,
way/1431166202,地方铁路古贤车站站房站,0,0,0,0,0,,not_available,未获取到关联站台源对象,
way/1431166203,地方铁路杨磊车站站房遗址站,0,0,0,0,0,,not_available,未获取到关联站台源对象,
way/1430904234,地方铁路温县车站遗址站,0,0,0,0,0,,not_available,未获取到关联站台源对象,
node/7368621234,地窝铺站,0,0,0,0,0,,not_available,未获取到关联站台源对象,
node/8740991973,地阳坪站,0,0,0,0,0,,not_available,未获取到关联站台源对象,
node/4666461820,圳上站,0,0,0,0,0,,not_available,未获取到关联站台源对象,
node/2662698093,坂尾站,0,0,0,0,0,,not_available,未获取到关联站台源对象,
node/2313840301,坂田站,0,0,0,0,0,,not_available,未获取到关联站台源对象,
node/7780322124,均口站,0,0,0,0,0,,not_available,未获取到关联站台源对象,
node/9676218792,均安站,2,2,0,2,0,,not_available,来源含站台线，不能当作真实面,way/1252198332|way/1252198333
node/3026390676,坊塘铺站,0,0,0,0,0,,not_available,未获取到关联站台源对象,
node/8327589167,坊子站,0,0,0,0,0,,not_available,未获取到关联站台源对象,
node/7473462475,坎儿井站,0,0,0,0,0,,not_available,未获取到关联站台源对象,
node/9980091038,坎市站,0,0,0,0,0,,not_available,未获取到关联站台源对象,
node/8764449719,坑口站,0,0,0,0,0,,not_available,未获取到关联站台源对象,
node/8175982065,坑坑店站,0,0,0,0,0,,not_available,未获取到关联站台源对象,
node/8757937723,坑边站,0,0,0,0,0,,not_available,未获取到关联站台源对象,
node/478548316,坝心站,0,0,0,0,0,,not_available,未获取到关联站台源对象,
node/2662698083,坝梁站,0,0,0,0,0,,not_available,未获取到关联站台源对象,
node/9513113918,坞坭站,0,0,0,0,0,,not_available,未获取到关联站台源对象,
node/8860156495,坡圩站,0,0,0,0,0,,not_available,未获取到关联站台源对象,
node/8380049522,坡头站,0,0,0,0,0,,not_available,未获取到关联站台源对象,
node/4223371569,坡底下站,1,1,0,1,0,,not_available,来源含站台线，不能当作真实面,way/422591425
node/1607295756,坡底村站,0,0,0,0,0,,not_available,未获取到关联站台源对象,
node/8856992320,坡朝站,0,0,0,0,0,,not_available,未获取到关联站台源对象,
node/2343318815,坦途站,0,0,0,0,0,,not_available,未获取到关联站台源对象,
node/9166915288,坨台站,0,0,0,0,0,,not_available,未获取到关联站台源对象,
node/9265808493,坨里站,0,0,0,0,0,,not_available,未获取到关联站台源对象,
node/8448819908,坪上站,0,0,0,0,0,,not_available,未获取到关联站台源对象,
node/5655797147,坪南站,0,0,0,0,0,,not_available,未获取到关联站台源对象,
node/3026390662,坪头站,1,1,0,1,0,,not_available,来源含站台线，不能当作真实面,way/695821243
node/9329260401,坪子上站,0,0,0,0,0,,not_available,未获取到关联站台源对象,
node/7740286542,坪田站,0,0,0,0,0,,not_available,未获取到关联站台源对象,
node/1687160578,坪石站,1,1,1,0,0,,not_available,源对象与显示一致，实际完整性未核验,way/521885343
node/7167634588,坳上站,0,0,0,0,0,,not_available,未获取到关联站台源对象,
node/3500369575,垫江站,2,2,0,2,0,,not_available,来源含站台线，不能当作真实面,way/753711069|way/753711085
node/1558445028,垭口站,0,0,0,0,0,,not_available,未获取到关联站台源对象,
node/2092189923,埃岱站,1,1,0,1,0,,not_available,来源含站台线，不能当作真实面,way/1144343195
node/8859150439,埌南站,0,0,0,0,0,,not_available,未获取到关联站台源对象,
node/13711560861,城北路站,0,0,0,0,0,,not_available,未获取到关联站台源对象,
node/8111810331,城厢站,0,0,0,0,0,,not_available,未获取到关联站台源对象,
node/11233257572,城口站,0,0,0,0,0,,not_available,未获取到关联站台源对象,
node/7236103634,城口站,0,0,0,0,0,,not_available,未获取到关联站台源对象,
node/3826011096,城固北站,2,2,2,0,0,,not_available,源对象与显示一致，实际完整性未核验,way/1304018478|way/1304018479
node/1555369805,城固站,2,2,2,0,0,,not_available,源对象与显示一致，实际完整性未核验,way/1287058703|way/1287058704
node/7934242277,城子坦东站,0,0,0,0,0,,not_available,未获取到关联站台源对象,
node/7934242278,城子坦站,0,0,0,0,0,,not_available,未获取到关联站台源对象,
node/4730443125,城西站,0,0,0,0,0,,not_available,未获取到关联站台源对象,
node/9226690981,城郊站,0,0,0,0,0,,not_available,未获取到关联站台源对象,
node/7236103633,城门站,0,0,0,0,0,,not_available,未获取到关联站台源对象,
node/5582581360,城阳站,4,4,4,0,0,,not_available,源对象与显示一致，实际完整性未核验,way/402989931|way/583965618|way/583965619|way/1074759363
node/2974091103,埔上站,0,0,0,0,0,,not_available,未获取到关联站台源对象,
node/8417536172,埔前站,1,1,1,0,0,,not_available,源对象与显示一致，实际完整性未核验,way/1239409408
node/5864598409,基太站,0,0,0,0,0,,not_available,未获取到关联站台源对象,
node/8444275806,堂邑站,0,0,0,0,0,,not_available,未获取到关联站台源对象,
node/526904599,堅尼地道 Kennedy Road站,0,0,0,0,0,,not_available,未获取到关联站台源对象,
node/13043317977,堡东沟（预留）,0,0,0,0,0,,not_available,未获取到关联站台源对象,
node/9287647718,堡则站,0,0,0,0,0,,not_available,未获取到关联站台源对象,
node/8384182960,堡子湾站,0,0,0,0,0,,not_available,未获取到关联站台源对象,
node/8244169117,堡集站,0,0,0,0,0,,not_available,未获取到关联站台源对象,
node/5009778444,塔什店站,0,0,0,0,0,,not_available,未获取到关联站台源对象,
node/8204071010,塔什萨依站,0,0,0,0,0,,not_available,未获取到关联站台源对象,
node/4039376320,塔儿坪站,0,0,0,0,0,,not_available,未获取到关联站台源对象,
node/1675718467,塔前站,0,0,0,0,0,,not_available,未获取到关联站台源对象,
node/1728086228,塔哈站,2,2,0,2,0,,not_available,来源含站台线，不能当作真实面,way/1118617002|way/1118617003
node/7368810563,塔城 شاۋەشەك站,1,1,1,0,0,,not_available,源对象与显示一致，实际完整性未核验,way/787697168
node/5013115940,塔塔尔站,0,0,0,0,0,,not_available,未获取到关联站台源对象,
node/7319313627,塔尔丁站,0,0,0,0,0,,not_available,未获取到关联站台源对象,
node/9129186259,塔尔根站,1,1,0,1,0,,not_available,来源含站台线，不能当作真实面,way/1145192322
node/2476481452,塔尔气站,1,1,0,1,0,,not_available,来源含站台线，不能当作真实面,way/541903188
node/7368822656,塔尔站,0,0,0,0,0,,not_available,未获取到关联站台源对象,
node/1657245438,塔山站,2,2,2,0,0,,not_available,源对象与显示一致，实际完整性未核验,way/678396857|way/678396868
node/9287647751,塔山站,0,0,0,0,0,,not_available,未获取到关联站台源对象,
node/1984411005,塔崖驿站,2,2,2,0,0,,not_available,源对象与显示一致，实际完整性未核验,way/1143640062|way/1143640063
node/9072960137,塔布都格站,0,0,0,0,0,,not_available,未获取到关联站台源对象,
node/7473373515,塔拉哈尔站,0,0,0,0,0,,not_available,未获取到关联站台源对象,
node/9069903385,塔拉站,0,0,0,0,0,,not_available,未获取到关联站台源对象,
node/7365783604,塔拉肖尔站,0,0,0,0,0,,not_available,未获取到关联站台源对象,
node/12212964525,塔木切站,0,0,0,0,0,,not_available,未获取到关联站台源对象,
node/9069903392,塔林高勒站,0,0,0,0,0,,not_available,未获取到关联站台源对象,
node/1768168795,塔桥站,2,2,0,2,0,,not_available,来源含站台线，不能当作真实面,way/346884217|way/346884219
node/9126260246,塔河站,2,2,0,2,0,,not_available,来源含站台线，不能当作真实面,way/1088051303|way/1088051304
node/10917569595,塔湾站,1,1,1,0,0,,not_available,源对象与显示一致，实际完整性未核验,way/1467492764
node/9129186261,塔源站,1,1,0,1,0,,not_available,来源含站台线，不能当作真实面,way/1144849242
node/9081737221,塔然高勒站,0,0,0,0,0,,not_available,未获取到关联站台源对象,
node/1758381733,塔石咀站,0,0,0,0,0,,not_available,未获取到关联站台源对象,
node/8491327933,塔铺站,0,0,0,0,0,,not_available,未获取到关联站台源对象,
node/7372291395,塔门站,1,1,1,0,0,,not_available,源对象与显示一致，实际完整性未核验,way/1064475863
node/3970079080,塔黄旗东站,0,0,0,0,0,,not_available,未获取到关联站台源对象,
node/3970078048,塔黄旗站,0,0,0,0,0,,not_available,未获取到关联站台源对象,
node/8269111606,塘口站,0,0,0,0,0,,not_available,未获取到关联站台源对象,
node/4637933741,塘头厦站,2,2,2,0,0,,not_available,源对象与显示一致，实际完整性未核验,way/469490989|way/469490990
node/8364344567,塘子站,0,0,0,0,0,,not_available,未获取到关联站台源对象,
node/7296275997,塘岗站,0,0,0,0,0,,not_available,未获取到关联站台源对象,
node/10599205224,塘布站,0,0,0,0,0,,not_available,未获取到关联站台源对象,
node/7794861975,塘库站,0,0,0,0,0,,not_available,未获取到关联站台源对象,
node/2349729514,塘沽站,3,3,3,0,0,,not_available,源对象与显示一致，实际完整性未核验,way/1086455458|relation/14462102|way/1086455463
node/2423050560,塘渡口站,0,0,0,0,0,,not_available,未获取到关联站台源对象,
node/9192805735,塘缀站,0,0,0,0,0,,not_available,未获取到关联站台源对象,
node/8741000147,塘豹站,0,0,0,0,0,,not_available,未获取到关联站台源对象,
node/3022141419,塘雅站,0,0,0,0,0,,not_available,未获取到关联站台源对象,
node/13588835322,塘霞俚街站,0,0,0,0,0,,not_available,未获取到关联站台源对象,
node/7473462477,塞北山站,0,0,0,0,0,,not_available,未获取到关联站台源对象,
node/13042499818,塞北管理区站,0,0,0,0,0,,not_available,未获取到关联站台源对象,
node/4018879794,墙子路站,2,2,0,2,0,,not_available,来源含站台线，不能当作真实面,way/1109831076|way/1109831077
node/11222481080,增城站,2,2,2,0,0,,not_available,源对象与显示一致，实际完整性未核验,way/1531338542|way/1531338543
node/8939465341,增城西站,2,2,2,0,0,,not_available,源对象与显示一致，实际完整性未核验,way/966252818|way/966252819
node/9223366455,墟沟北站,0,0,0,0,0,,not_available,未获取到关联站台源对象,
node/9223366456,墟沟站,1,1,0,1,0,,not_available,来源含站台线，不能当作真实面,way/861053891
node/8307822362,墨冲站,0,0,0,0,0,,not_available,未获取到关联站台源对象,
node/9123967451,墨台子站,0,0,0,0,0,,not_available,未获取到关联站台源对象,
node/6924642420,墨江站,0,0,0,0,0,,not_available,未获取到关联站台源对象,
node/8173041522,墨池坝站,0,0,0,0,0,,not_available,未获取到关联站台源对象,
node/7365811213,墨玉 قاراقاش站,0,0,0,0,0,,not_available,未获取到关联站台源对象,
node/2380167846,墨镫站,0,0,0,0,0,,not_available,未获取到关联站台源对象,
node/7199441365,墩义堂站,0,0,0,0,0,,not_available,未获取到关联站台源对象,
node/12211994996,墩吕克站,0,0,0,0,0,,not_available,未获取到关联站台源对象,
node/13521571025,墩墩山站,0,0,0,0,0,,not_available,未获取到关联站台源对象,
node/9196767917,墩美站,2,2,2,0,0,,not_available,源对象与显示一致，实际完整性未核验,way/459928008|way/459928009
node/1731938360,壮志站,1,1,0,1,0,,not_available,来源含站台线，不能当作真实面,way/1112187149
node/3645329641,壶关站,0,0,0,0,0,,not_available,未获取到关联站台源对象,
node/8742341996,壶天站,0,0,0,0,0,,not_available,未获取到关联站台源对象,
node/8526666000,壶镇站,0,0,0,0,0,,not_available,未获取到关联站台源对象,
node/9131669902,复兴站,0,0,0,0,0,,not_available,未获取到关联站台源对象,
node/9166844976,复州湾站,0,0,0,0,0,,not_available,未获取到关联站台源对象,
node/3500370030,复盛站,3,3,3,0,0,,not_available,源对象与显示一致，实际完整性未核验,way/1176528406|way/1176528407|way/1176528408
node/8190885462,夏坝站,0,0,0,0,0,,not_available,未获取到关联站台源对象,
node/1782660376,夏官营站,0,0,0,0,0,,not_available,未获取到关联站台源对象,
node/7418522137,夏家桥站,0,0,0,0,0,,not_available,未获取到关联站台源对象,
node/9131669859,夏家站,0,0,0,0,0,,not_available,未获取到关联站台源对象,
node/8392534046,夏店站,0,0,0,0,0,,not_available,未获取到关联站台源对象,
node/9117619569,夏拉哈马站,0,0,0,0,0,,not_available,未获取到关联站台源对象,
node/9524436496,夏普吐勒站,0,0,0,0,0,,not_available,未获取到关联站台源对象,
node/7721237366,夏格庄站,2,2,2,0,0,,not_available,源对象与显示一致，实际完整性未核验,way/1363818960|way/1363818961
node/11113561094,夏河站,0,0,0,0,0,,not_available,未获取到关联站台源对象,
node/7368477861,夏玛勒巴格站,0,0,0,0,0,,not_available,未获取到关联站台源对象,
node/3182599976,夏畈站,0,0,0,0,0,,not_available,未获取到关联站台源对象,
node/1577103546,夏石站,0,0,0,0,0,,not_available,未获取到关联站台源对象,
node/2501360812,夏茂站,0,0,0,0,0,,not_available,未获取到关联站台源对象,
node/13629141471,夏邑县站,0,0,0,0,0,,not_available,未获取到关联站台源对象,
node/9900984437,夏里站,0,0,0,0,0,,not_available,未获取到关联站台源对象,
node/8158566846,夏集站,0,0,0,0,0,,not_available,未获取到关联站台源对象,
node/3688803422,外力哈达站,0,0,0,0,0,,not_available,未获取到关联站台源对象,
node/7702364108,外垟站,0,0,0,0,0,,not_available,未获取到关联站台源对象,
node/4498461027,外洋站,0,0,0,0,0,,not_available,未获取到关联站台源对象,
node/9081732764,外西沟站,0,0,0,0,0,,not_available,未获取到关联站台源对象,
node/8453216529,外跨塘站,0,0,0,0,0,,not_available,未获取到关联站台源对象,
node/9072960161,多伦站,0,0,0,0,0,,not_available,未获取到关联站台源对象,
node/11850354146,多吉站,0,0,0,0,0,,not_available,未获取到关联站台源对象,
node/7369008115,多头山站,0,0,0,0,0,,not_available,未获取到关联站台源对象,
node/4981006727,多尔本毛道站,0,0,0,0,0,,not_available,未获取到关联站台源对象,
node/7365784930,多来提巴格站,0,0,0,0,0,,not_available,未获取到关联站台源对象,
node/9174163151,大东站,0,0,0,0,0,,not_available,未获取到关联站台源对象,
node/9242869557,大东章站,0,0,0,0,0,,not_available,未获取到关联站台源对象,
node/13721670670,大丰南站,0,0,0,0,0,,not_available,未获取到关联站台源对象,
node/12923458079,大丰港站,0,0,0,0,0,,not_available,未获取到关联站台源对象,
node/8480158185,大丰站,2,2,2,0,0,,not_available,源对象与显示一致，实际完整性未核验,way/912869763|way/912869764
node/8524348465,大丰西站,1,1,1,0,0,,not_available,源对象与显示一致，实际完整性未核验,way/1498284168
node/12404403781,大乌斯站,0,0,0,0,0,,not_available,未获取到关联站台源对象,
node/9129186260,大乌苏站,1,1,0,1,0,,not_available,来源含站台线，不能当作真实面,way/1145022828
node/2483450131,大云站,1,1,1,0,0,,not_available,源对象与显示一致，实际完整性未核验,way/1239348226
node/8073204173,大亚湾站,0,0,0,0,0,,not_available,未获取到关联站台源对象,
node/8342141482,大仓站,0,0,0,0,0,,not_available,未获取到关联站台源对象,
node/3885769230,大仲村站,0,0,0,0,0,,not_available,未获取到关联站台源对象,
node/4072824047,大余太站,0,0,0,0,0,,not_available,未获取到关联站台源对象,
node/2531799715,大余站,2,2,2,0,0,,not_available,源对象与显示一致，实际完整性未核验,way/376334688|way/376334689
node/3462876043,大佛寺站,0,0,0,0,0,,not_available,未获取到关联站台源对象,
node/3156134249,大保当站,0,0,0,0,0,,not_available,未获取到关联站台源对象,
node/1535265373,大元站,0,0,0,0,0,,not_available,未获取到关联站台源对象,
node/2903598918,大光山站,0,0,0,0,0,,not_available,未获取到关联站台源对象,
node/8310282887,大关冲站,0,0,0,0,0,,not_available,未获取到关联站台源对象,
node/1964179110,大关站,0,0,0,0,0,,not_available,未获取到关联站台源对象,
node/6817368517,大兴机场,4,4,4,0,0,,not_available,源对象与显示一致，实际完整性未核验,way/727462651|way/727462654|way/1379210360|way/1379210361
node/1590460699,大兴沟站,0,0,0,0,0,,not_available,未获取到关联站台源对象,
node/1267537893,大兴站,2,2,0,2,0,,not_available,来源含站台线，不能当作真实面,way/1112001698|way/1112001699
node/9123967456,大兴站,0,0,0,0,0,,not_available,未获取到关联站台源对象,
node/2327447486,大兴镇站,0,0,0,0,0,,not_available,未获取到关联站台源对象,
node/3097125157,大冶北站,2,2,2,0,0,2,osm_station_tags,源对象与显示一致，实际完整性未核验,way/1067911702|way/1067911703
node/3305863719,大冶站,2,2,2,0,0,,not_available,源对象与显示一致，实际完整性未核验,way/1220172158|way/1220172159
node/13509452388,大凹子站,0,0,0,0,0,,not_available,未获取到关联站台源对象,
node/8378245803,大刘庄站,0,0,0,0,0,,not_available,未获取到关联站台源对象,
node/8158566854,大刘站,0,0,0,0,0,,not_available,未获取到关联站台源对象,
node/8429754319,大协站,0,0,0,0,0,,not_available,未获取到关联站台源对象,
node/7369008125,大南湖站,0,0,0,0,0,,not_available,未获取到关联站台源对象,
node/8410936838,大厂县站,2,2,2,0,0,,not_available,源对象与显示一致，实际完整性未核验,way/1131698736|way/1131698737
node/10293210794,大厂站,2,2,2,0,0,,not_available,源对象与显示一致，实际完整性未核验,way/1174915918|way/1174915919
node/810112410,大口屯站,2,2,2,0,0,,not_available,源对象与显示一致，实际完整性未核验,way/1135259285|way/1135259286
node/2332314834,大口钦站,0,0,0,0,0,,not_available,未获取到关联站台源对象,
node/9182286769,大古城站,0,0,0,0,0,,not_available,未获取到关联站台源对象,
node/1597596175,大同东站,0,0,0,0,0,,not_available,未获取到关联站台源对象,
node/9287647750,大同南站,0,0,0,0,0,,not_available,未获取到关联站台源对象,
node/4615408263,大同县站,0,0,0,0,0,,not_available,未获取到关联站台源对象,
node/620760655,大同站,0,0,0,0,0,,not_available,未获取到关联站台源对象,
node/7167637462,大名站,1,1,1,0,0,,not_available,源对象与显示一致，实际完整性未核验,way/1113400867
node/3944215258,大咀子站,1,1,1,0,0,,not_available,源对象与显示一致，实际完整性未核验,way/1448267419
node/3060545266,大土站,0,0,0,0,0,,not_available,未获取到关联站台源对象,
node/8319382855,大坑口站,0,0,0,0,0,,not_available,未获取到关联站台源对象,
node/9118904844,大坝站,0,0,0,0,0,,not_available,未获取到关联站台源对象,
node/8859320874,大坡村站,0,0,0,0,0,,not_available,未获取到关联站台源对象,
node/8738626027,大坡站,0,0,0,0,0,,not_available,未获取到关联站台源对象,
node/2855588660,大垌站,0,0,0,0,0,,not_available,未获取到关联站台源对象,
node/4018879793,大城子站,2,2,0,2,0,,not_available,来源含站台线，不能当作真实面,way/1109831082|way/1109831083
node/1620224250,大埔站,0,0,0,0,0,,not_available,未获取到关联站台源对象,
node/11209622978,大埠站,0,0,0,0,0,,not_available,未获取到关联站台源对象,
node/2662698287,大堡站,0,0,0,0,0,,not_available,未获取到关联站台源对象,
node/4014483946,大堡镇站,0,0,0,0,0,,not_available,未获取到关联站台源对象,
node/4071018844,大塔北站,0,0,0,0,0,,not_available,未获取到关联站台源对象,
node/4545840845,大塔站,0,0,0,0,0,,not_available,未获取到关联站台源对象,
node/3182700049,大塘埠站,0,0,0,0,0,,not_available,未获取到关联站台源对象,
node/7692331706,大塘站,0,0,0,0,0,,not_available,未获取到关联站台源对象,
node/11328549616,大墅站,0,0,0,0,0,,not_available,未获取到关联站台源对象,
node/5010533066,大头羊站,0,0,0,0,0,,not_available,未获取到关联站台源对象,
node/9507383342,大孙台站,0,0,0,0,0,,not_available,未获取到关联站台源对象,
node/5075522354,大季家北站,0,0,0,0,0,,not_available,未获取到关联站台源对象,
node/9166853509,大孤山站,2,2,2,0,0,,not_available,源对象与显示一致，实际完整性未核验,way/988323625|way/988323631
node/1273440575,大安北站,0,0,0,0,0,,not_available,未获取到关联站台源对象,
node/7873323376,大安站,2,2,2,0,0,,not_available,源对象与显示一致，实际完整性未核验,way/1539513633|way/1539513634
node/9171411686,大安西站,0,0,0,0,0,,not_available,未获取到关联站台源对象,
node/7160251670,大宗坪站,0,0,0,0,0,,not_available,未获取到关联站台源对象,
node/8846820770,大官塘站,0,0,0,0,0,,not_available,未获取到关联站台源对象,
node/2662698295,大官屯站,0,0,0,0,0,,not_available,未获取到关联站台源对象,
node/7837226369,大家洼站,0,0,0,0,0,,not_available,未获取到关联站台源对象,
node/12723634023,大寨坝（预留）,0,0,0,0,0,,not_available,未获取到关联站台源对象,
node/3640208179,大寨岭站,0,0,0,0,0,,not_available,未获取到关联站台源对象,
node/9223366417,大屯电厂站,0,0,0,0,0,,not_available,未获取到关联站台源对象,
node/8436995007,大屯站,0,0,0,0,0,,not_available,未获取到关联站台源对象,
node/3644642693,大山头站,0,0,0,0,0,,not_available,未获取到关联站台源对象,
node/8856985994,大山站,0,0,0,0,0,,not_available,未获取到关联站台源对象,
node/9334658580,大山铺站,0,0,0,0,0,,not_available,未获取到关联站台源对象,
node/2995662947,大岗站,0,0,0,0,0,,not_available,未获取到关联站台源对象,
node/3907776774,大岭站,0,0,0,0,0,,not_available,未获取到关联站台源对象,
node/2975808868,大岭铺站,0,0,0,0,0,,not_available,未获取到关联站台源对象,
node/3957937644,大峡站,0,0,0,0,0,,not_available,未获取到关联站台源对象,
node/2336082776,大平房站,0,0,0,0,0,,not_available,未获取到关联站台源对象,
node/12519624557,大平站,0,0,0,0,0,,not_available,未获取到关联站台源对象,
node/8163363245,大平站,0,0,0,0,0,,not_available,未获取到关联站台源对象,
node/8390968778,大平站,0,0,0,0,0,,not_available,未获取到关联站台源对象,
node/9265488873,大庄子站,0,0,0,0,0,,not_available,未获取到关联站台源对象,
node/8163363260,大庄矿站,1,1,1,0,0,,not_available,源对象与显示一致，实际完整性未核验,way/654369843
node/8163363266,大庄站,0,0,0,0,0,,not_available,未获取到关联站台源对象,
node/3701360573,大庆东站,3,3,0,3,0,,not_available,来源含站台线，不能当作真实面,way/1097655823|way/1097655824|way/1097655825
node/1731938259,大庆站,2,2,0,2,0,,not_available,来源含站台线，不能当作真实面,way/1126982528|way/1126982529
node/1731938313,大庆西站,5,5,0,5,0,,not_available,来源含站台线，不能当作真实面,way/1092030015|way/1092030017|way/1092030018|way/1092310506|way/1092310507
node/8406233615,大庙站,0,0,0,0,0,,not_available,未获取到关联站台源对象,
node/3931849639,大弯镇站,0,0,0,0,0,,not_available,未获取到关联站台源对象,
node/9169253623,大强矿站,0,0,0,0,0,,not_available,未获取到关联站台源对象,
node/1758381608,大德站,0,0,0,0,0,,not_available,未获取到关联站台源对象,
node/677180563,大成站,0,0,0,0,0,,not_available,未获取到关联站台源对象,
node/840034046,大战场,0,0,0,0,0,,not_available,未获取到关联站台源对象,
node/4574238637,大托铺站,0,0,0,0,0,,not_available,未获取到关联站台源对象,
node/1252233951,大扬气站,1,1,0,1,0,,not_available,来源含站台线，不能当作真实面,way/1127803915
node/1234841199,大拐弯站,0,0,0,0,0,,not_available,未获取到关联站台源对象,
node/2661130699,大拟站,0,0,0,0,0,,not_available,未获取到关联站台源对象,
node/3699706763,大新站,0,0,0,0,0,,not_available,未获取到关联站台源对象,
node/5040321633,大方南站,0,0,0,0,0,,not_available,未获取到关联站台源对象,
node/3740915229,大方站,2,2,0,2,0,,not_available,来源含站台线，不能当作真实面,way/691406377|way/691406378
node/1758381614,大旧庄站,0,0,0,0,0,,not_available,未获取到关联站台源对象,
node/6169134982,大旺站,2,2,2,0,0,,not_available,源对象与显示一致，实际完整性未核验,way/1434652026|way/1434652027
node/8462998257,大昆仑站,0,0,0,0,0,,not_available,未获取到关联站台源对象,
node/6211223929,大明湖站,2,2,2,0,0,,not_available,源对象与显示一致，实际完整性未核验,way/200165998|way/200165999
node/7826309937,大朗站,0,0,0,0,0,,not_available,未获取到关联站台源对象,
node/6289527666,大朗镇站,2,2,2,0,0,,not_available,源对象与显示一致，实际完整性未核验,way/1509474223|way/1509474224
node/9121997541,大木头沟站,0,0,0,0,0,,not_available,未获取到关联站台源对象,
node/10973711949,大朴屯站,2,2,2,0,0,,not_available,源对象与显示一致，实际完整性未核验,way/1467492761|way/1467492769
node/8154570891,大村甸站,0,0,0,0,0,,not_available,未获取到关联站台源对象,
node/9165204575,大村站,0,0,0,0,0,,not_available,未获取到关联站台源对象,
node/2336082782,大杖子站,2,2,2,0,0,,not_available,源对象与显示一致，实际完整性未核验,way/1160230029|way/1160230030
node/6308727638,大杨树东站,1,1,0,1,0,,not_available,来源含站台线，不能当作真实面,way/1126858215
node/9129186263,大杨树站,2,2,0,2,0,,not_available,来源含站台线，不能当作真实面,way/1126858224|way/1126858225
node/8364130833,大松树站,0,0,0,0,0,,not_available,未获取到关联站台源对象,
node/5382207646,大板东站,0,0,0,0,0,,not_available,未获取到关联站台源对象,
node/9122624798,大板北站,0,0,0,0,0,,not_available,未获取到关联站台源对象,
node/9119790820,大板站,2,2,2,0,0,,not_available,源对象与显示一致，实际完整性未核验,way/550319653|way/1109543221
node/2340355346,大林站,0,0,0,0,0,,not_available,未获取到关联站台源对象,
node/3685511919,大柳塔站,0,0,0,0,0,,not_available,未获取到关联站台源对象,
node/5010529588,大柴旦站,1,1,1,0,0,,not_available,源对象与显示一致，实际完整性未核验,way/1450734339
node/9846723809,大树村站,0,0,0,0,0,,not_available,未获取到关联站台源对象,
node/4071020922,大树湾站,0,0,0,0,0,,not_available,未获取到关联站台源对象,
node/9076173201,大树里站,0,0,0,0,0,,not_available,未获取到关联站台源对象,
node/9118892090,大格达站,0,0,0,0,0,,not_available,未获取到关联站台源对象,
node/9178116410,大桥站,0,0,0,0,0,,not_available,未获取到关联站台源对象,
node/9176129489,大梨树站,0,0,0,0,0,,not_available,未获取到关联站台源对象,
node/9189836465,大榄坪站,0,0,0,0,0,,not_available,未获取到关联站台源对象,
node/9507383341,大榆树站,0,0,0,0,0,,not_available,未获取到关联站台源对象,
node/9192805738,大槐站,0,0,0,0,0,,not_available,未获取到关联站台源对象,
node/9524436505,大步站,0,0,0,0,0,,not_available,未获取到关联站台源对象,
node/2757766467,大武口站,0,0,0,0,0,,not_available,未获取到关联站台源对象,
node/8259080342,大毕庄站,2,2,2,0,0,,not_available,源对象与显示一致，实际完整性未核验,way/1107785037|relation/14743096
node/2343318805,大民屯站,2,2,0,2,0,,not_available,来源含站台线，不能当作真实面,way/546141201|way/546141202
node/13077904458,大水乘降所,0,0,0,0,0,,not_available,未获取到关联站台源对象,
node/4071848322,大水坑站,0,0,0,0,0,,not_available,未获取到关联站台源对象,
node/9334658563,大水沟站,0,0,0,0,0,,not_available,未获取到关联站台源对象,
node/8727610639,大江口站,2,2,2,0,0,,not_available,源对象与显示一致，实际完整性未核验,way/1194168317|way/1194168318
node/8455171504,大汶口站,1,1,1,0,0,,not_available,源对象与显示一致，实际完整性未核验,way/1273285212
node/9122624808,大沁他拉站,0,0,0,0,0,,not_available,未获取到关联站台源对象,
node/8093002740,大沙坪站,0,0,0,0,0,,not_available,未获取到关联站台源对象,
node/8739286262,大沙田站,0,0,0,0,0,,not_available,未获取到关联站台源对象,
node/5652369315,大沙站,0,0,0,0,0,,not_available,未获取到关联站台源对象,
node/5348593339,大河口站,0,0,0,0,0,,not_available,未获取到关联站台源对象,
node/3191192381,大河坝站,0,0,0,0,0,,not_available,未获取到关联站台源对象,
node/2987140437,大河沿 داخىيەن站,0,0,0,0,0,,not_available,未获取到关联站台源对象,
node/8455171501,大河站,0,0,0,0,0,,not_available,未获取到关联站台源对象,
node/7276635775,大泉南站,0,0,0,0,0,,not_available,未获取到关联站台源对象,
node/8840528309,大泉源站,0,0,0,0,0,,not_available,未获取到关联站台源对象,
node/1601166962,大泉站,0,0,0,0,0,,not_available,未获取到关联站台源对象,
node/2314081729,大洋洲站,0,0,0,0,0,,not_available,未获取到关联站台源对象,
node/9302014473,大洋站,0,0,0,0,0,,not_available,未获取到关联站台源对象,
node/7235375608,大洲站,0,0,0,0,0,,not_available,未获取到关联站台源对象,
node/9167905922,大洼站,0,0,0,0,0,,not_available,未获取到关联站台源对象,
node/8327327837,大浦街站,0,0,0,0,0,,not_available,未获取到关联站台源对象,
node/9292699669,大海则站,0,0,0,0,0,,not_available,未获取到关联站台源对象,
node/1984410962,大涧站,2,2,2,0,0,,not_available,源对象与显示一致，实际完整性未核验,way/1151037495|way/1151037497
node/1529879341,大深站,0,0,0,0,0,,not_available,未获取到关联站台源对象,
node/9899713909,大渔溪站,0,0,0,0,0,,not_available,未获取到关联站台源对象,
node/8162951990,大渡口站,0,0,0,0,0,,not_available,未获取到关联站台源对象,
node/8169623407,大港南站,2,2,2,0,0,,not_available,源对象与显示一致，实际完整性未核验,way/1366986369|way/1366986373
node/8406285271,大湖站,0,0,0,0,0,,not_available,未获取到关联站台源对象,
node/8320403905,大湾站,0,0,0,0,0,,not_available,未获取到关联站台源对象,
node/4498335987,大源村站,0,0,0,0,0,,not_available,未获取到关联站台源对象,
node/12712336080,大源站,2,2,2,0,0,,not_available,源对象与显示一致，实际完整性未核验,way/1434060601|way/1434060602
node/8154580318,大溪河站,0,0,0,0,0,,not_available,未获取到关联站台源对象,
node/8158566836,大溶江北站,0,0,0,0,0,,not_available,未获取到关联站台源对象,
node/7828484846,大溶江站,0,0,0,0,0,,not_available,未获取到关联站台源对象,
node/8455171494,大满庄站,0,0,0,0,0,,not_available,未获取到关联站台源对象,
node/1532826988,大滩站,0,0,0,0,0,,not_available,未获取到关联站台源对象,
node/7798816471,大灰厂站,2,2,2,0,0,,not_available,源对象与显示一致，实际完整性未核验,way/178716241|way/251488600
node/7319313631,大灶火站,0,0,0,0,0,,not_available,未获取到关联站台源对象,
node/4035963398,大牛地站,0,0,0,0,0,,not_available,未获取到关联站台源对象,
node/8375528419,大牛店站,0,0,0,0,0,,not_available,未获取到关联站台源对象,
node/7692210516,大王滩站,0,0,0,0,0,,not_available,未获取到关联站台源对象,
node/553661156,大理东站,0,0,0,0,0,,not_available,未获取到关联站台源对象,
node/553073225,大理洱海站,1,1,1,0,0,,not_available,源对象与显示一致，实际完整性未核验,way/1309958473
node/2215381943,大理站,3,3,3,0,0,,not_available,源对象与显示一致，实际完整性未核验,way/1426709718|way/1426709719|way/1426709720
node/8341134977,大理西站,0,0,0,0,0,,not_available,未获取到关联站台源对象,
node/7781469275,大田北站,0,0,0,0,0,,not_available,未获取到关联站台源对象,
node/9329260399,大田坝站,0,0,0,0,0,,not_available,未获取到关联站台源对象,
node/7707072348,大田站,0,0,0,0,0,,not_available,未获取到关联站台源对象,
node/520979589,大田边站,0,0,0,0,0,,not_available,未获取到关联站台源对象,
node/9179735863,大甸站,0,0,0,0,0,,not_available,未获取到关联站台源对象,
node/9512571942,大盘石站,1,1,1,0,0,,not_available,源对象与显示一致，实际完整性未核验,way/1141589970
node/7252546295,大目埕站,0,0,0,0,0,,not_available,未获取到关联站台源对象,
node/12712336085,大石东站,2,2,2,0,0,,not_available,源对象与显示一致，实际完整性未核验,way/1434130058|way/1434130059
node/4038068157,大石头南站,0,0,0,0,0,,not_available,未获取到关联站台源对象,
node/1590460695,大石头站,0,0,0,0,0,,not_available,未获取到关联站台源对象,
node/12953900745,大石家站,0,0,0,0,0,,not_available,未获取到关联站台源对象,
node/1730851514,大石寨站,0,0,0,0,0,,not_available,未获取到关联站台源对象,
node/3824598535,大石庄站,0,0,0,0,0,,not_available,未获取到关联站台源对象,
node/2349495346,大石桥站,0,0,0,0,0,,not_available,未获取到关联站台源对象,
node/9269060401,大石河站,0,0,0,0,0,,not_available,未获取到关联站台源对象,
node/7935693236,大碑站,0,0,0,0,0,,not_available,未获取到关联站台源对象,
node/7687024679,大碶站,0,0,0,0,0,,not_available,未获取到关联站台源对象,
node/9299765145,大磴沟站,0,0,0,0,0,,not_available,未获取到关联站台源对象,
node/7199531262,大福站,0,0,0,0,0,,not_available,未获取到关联站台源对象,
node/4498092789,大禾山站,0,0,0,0,0,,not_available,未获取到关联站台源对象,
node/2956832938,大程站,1,1,1,0,0,,not_available,源对象与显示一致，实际完整性未核验,way/1456405618
node/9166853511,大窑湾港站,0,0,0,0,0,,not_available,未获取到关联站台源对象,
node/13437568762,大窝铺站,0,0,0,0,0,,not_available,未获取到关联站台源对象,
node/8154580325,大端河站,0,0,0,0,0,,not_available,未获取到关联站台源对象,
node/2894977575,大竹卡站,0,0,0,0,0,,not_available,未获取到关联站台源对象,
node/2325983508,大竹园站,0,0,0,0,0,,not_available,未获取到关联站台源对象,
node/3182617644,大箕铺站,0,0,0,0,0,,not_available,未获取到关联站台源对象,
node/7252546296,大箬站,0,0,0,0,0,,not_available,未获取到关联站台源对象,
node/9081732762,大红城站,0,0,0,0,0,,not_available,未获取到关联站台源对象,
node/2662698297,大红旗站,2,2,2,0,0,,not_available,源对象与显示一致，实际完整性未核验,way/1453572860|way/1453572861
node/6817579579,大红门站,5,5,0,5,0,,not_available,来源含站台线，不能当作真实面,way/155022091|way/155022092|way/155022097|way/155022098|way/1105920744
node/13202304912,大绥河站,0,0,0,0,0,,not_available,未获取到关联站台源对象,
node/2662698296,大罕站,0,0,0,0,0,,not_available,未获取到关联站台源对象,
node/10029194513,大良站,1,1,0,1,0,,not_available,来源含站台线，不能当作真实面,way/1095127214
node/9312908622,大花岭南站,0,0,0,0,0,,not_available,未获取到关联站台源对象,
node/11273525106,大花岭站,0,0,0,0,0,,not_available,未获取到关联站台源对象,
node/8337379787,大花岭站,0,0,0,0,0,,not_available,未获取到关联站台源对象,
node/3196466450,大英东站,2,2,2,0,0,,not_available,源对象与显示一致，实际完整性未核验,way/1474424775|way/1474424776
node/2375898322,大英站,0,0,0,0,0,,not_available,未获取到关联站台源对象,
node/9186758543,大苴站,0,0,0,0,0,,not_available,未获取到关联站台源对象,
node/7740263592,大茅站,0,0,0,0,0,,not_available,未获取到关联站台源对象,
node/1607295743,大荔北站,0,0,0,0,0,,not_available,未获取到关联站台源对象,
node/2876179002,大荔站,2,2,2,0,0,,not_available,源对象与显示一致，实际完整性未核验,way/1235512032|way/1235512033
node/8857186898,大莫站,0,0,0,0,0,,not_available,未获取到关联站台源对象,
node/1984410963,大营站,0,0,0,0,0,,not_available,未获取到关联站台源对象,
node/2351141701,大营镇站,2,2,2,0,0,,not_available,源对象与显示一致，实际完整性未核验,way/1082627052|way/1082627053
node/8419766775,大葛村站,2,2,2,0,0,,not_available,源对象与显示一致，实际完整性未核验,way/1082627102|way/1082627103
node/2340355345,大虎山站,3,3,3,0,0,,not_available,源对象与显示一致，实际完整性未核验,way/1539506137|way/1539506138|way/1539506139
node/12211994987,大西海子站,0,0,0,0,0,,not_available,未获取到关联站台源对象,
node/12091508862,大观站,0,0,0,0,0,,not_available,未获取到关联站台源对象,
node/8402779618,大许南站,0,0,0,0,0,,not_available,未获取到关联站台源对象,
node/8406251199,大许家站,0,0,0,0,0,,not_available,未获取到关联站台源对象,
node/12712850243,大豫站,0,0,0,0,0,,not_available,未获取到关联站台源对象,
node/9334658570,大足南站,2,2,2,0,0,,not_available,源对象与显示一致，实际完整性未核验,way/739156918|way/739156919
node/11335770721,大足石刻站,0,0,0,0,0,,not_available,未获取到关联站台源对象,
node/8190026294,大足站,0,0,0,0,0,,not_available,未获取到关联站台源对象,
node/8856697787,大路底站,0,0,0,0,0,,not_available,未获取到关联站台源对象,
node/3840225700,大路站,2,2,0,2,0,,not_available,来源含站台线，不能当作真实面,way/482078658|way/884483602
node/9111251380,大路西站,0,0,0,0,0,,not_available,未获取到关联站台源对象,
node/5133616502,大路铺站,0,0,0,0,0,,not_available,未获取到关联站台源对象,
node/4079506642,大辛庄站,0,0,0,0,0,,not_available,未获取到关联站台源对象,
node/8756066323,大连东站,0,0,0,0,0,,not_available,未获取到关联站台源对象,
node/8083924038,大连北站,10,10,10,0,0,,not_available,源对象与显示一致，实际完整性未核验,way/1491709665|way/1491709666|way/1491709667|way/1491709668|way/1491709669|way/1491709670|way/1491709671|way/1491709672|way/1491709673|way/1491709674
node/8756066324,大连湾站,0,0,0,0,0,,not_available,未获取到关联站台源对象,
node/7913022526,大连站,0,0,0,0,0,,not_available,未获取到关联站台源对象,
node/1659133902,大连西站,1,1,1,0,0,,not_available,源对象与显示一致，实际完整性未核验,way/1492468625
node/2987111333,大通县站,0,0,0,0,0,,not_available,未获取到关联站台源对象,
node/8154633304,大通站,0,0,0,0,0,,not_available,未获取到关联站台源对象,
node/9226664096,大通站,0,0,0,0,0,,not_available,未获取到关联站台源对象,
node/2987111334,大通西站,2,2,2,0,0,,not_available,源对象与显示一致，实际完整性未核验,way/1472117933|way/1472117934
node/9186758536,大道站,0,0,0,0,0,,not_available,未获取到关联站台源对象,
node/4585422027,大邑站,3,3,2,1,0,,not_available,来源含站台线，不能当作真实面,way/1544779205|way/1544779206|way/1544786528
node/12627525336,大郑站,0,0,0,0,0,,not_available,未获取到关联站台源对象,
node/9171411669,大长屯站,0,0,0,0,0,,not_available,未获取到关联站台源对象,
node/1575631449,大阳岔站,0,0,0,0,0,,not_available,未获取到关联站台源对象,
node/9174163134,大阳站,0,0,0,0,0,,not_available,未获取到关联站台源对象,
node/843276724,大陆号站,0,0,0,0,0,,not_available,未获取到关联站台源对象,
node/14156675338,大陆站,0,0,0,0,0,,not_available,未获取到关联站台源对象,
node/9129186221,大陆站,1,1,0,1,0,,not_available,来源含站台线，不能当作真实面,way/1122584758
node/9193526290,大降坪站,0,0,0,0,0,,not_available,未获取到关联站台源对象,
node/5169885590,大院东站,0,0,0,0,0,,not_available,未获取到关联站台源对象,
node/12519624549,大隆站,0,0,0,0,0,,not_available,未获取到关联站台源对象,
node/9160197911,大雁站,2,2,0,2,0,,not_available,来源含站台线，不能当作真实面,way/1095301162|way/1095301163
node/4250072741,大雅河站,0,0,0,0,0,,not_available,未获取到关联站台源对象,
node/10973711953,大集站,0,0,0,0,0,,not_available,未获取到关联站台源对象,
node/6536662718,大青沟站,1,1,1,0,0,,not_available,源对象与显示一致，实际完整性未核验,way/1539508547
node/9169253669,大青站,0,0,0,0,0,,not_available,未获取到关联站台源对象,
node/9524455330,大青阳口站,0,0,0,0,0,,not_available,未获取到关联站台源对象,
node/4999697869,大风站,0,0,0,0,0,,not_available,未获取到关联站台源对象,
node/3153985459,大饭铺站,0,0,0,0,0,,not_available,未获取到关联站台源对象,
node/7692389330,大马站,0,0,0,0,0,,not_available,未获取到关联站台源对象,
node/4020938879,大骡子沟站,0,0,0,0,0,,not_available,未获取到关联站台源对象,
node/9176129488,大黑山站,0,0,0,0,0,,not_available,未获取到关联站台源对象,
node/8360151916,大龙哈站,0,0,0,0,0,,not_available,未获取到关联站台源对象,
node/9329260398,大龙场,0,0,0,0,0,,not_available,未获取到关联站台源对象,
node/5168561345,大龙村站,0,0,0,0,0,,not_available,未获取到关联站台源对象,
node/8310509738,大龙站,0,0,0,0,0,,not_available,未获取到关联站台源对象,
node/9524436494,天业站,0,0,0,0,0,,not_available,未获取到关联站台源对象,
node/1722042123,天义站,0,0,0,0,0,,not_available,未获取到关联站台源对象,
node/12247246812,天仙站,0,0,0,0,0,,not_available,未获取到关联站台源对象,
node/9899713908,天全站,2,2,0,2,0,,not_available,来源含站台线，不能当作真实面,way/1271464171|way/1271464172
node/8786286703,天台山站,0,0,0,0,0,,not_available,未获取到关联站台源对象,
node/3191203571,天台站,0,0,0,0,0,,not_available,未获取到关联站台源对象,
node/3931850871,天回镇站,0,0,0,0,0,,not_available,未获取到关联站台源对象,
node/7199441366,天堂寨站,0,0,0,0,0,,not_available,未获取到关联站台源对象,
node/8440342287,天堂站,1,1,1,0,0,,not_available,源对象与显示一致，实际完整性未核验,way/584393908
node/8440244101,天宝站,0,0,0,0,0,,not_available,未获取到关联站台源对象,
node/7372253800,天山站,0,0,0,0,0,,not_available,未获取到关联站台源对象,
node/2408994545,天岗站,0,0,0,0,0,,not_available,未获取到关联站台源对象,
node/3306292897,天峻站,2,2,2,0,0,,not_available,源对象与显示一致，实际完整性未核验,way/323859128|way/323859129
node/8456941082,天平店站,0,0,0,0,0,,not_available,未获取到关联站台源对象,
node/10931476414,天府机场,0,0,0,0,0,,not_available,未获取到关联站台源对象,
node/10598617809,天府站,12,12,0,12,0,,not_available,来源含站台线，不能当作真实面,way/1546552720|way/1546552721|way/1546552722|way/1546552723|way/1546552724|way/1546552725|way/1546552738|way/1546552739|way/1546552740|way/1546552741|way/1546552742|way/1546552743
node/9081732784,天成站,0,0,0,0,0,,not_available,未获取到关联站台源对象,
node/9747042332,天成站,0,0,0,0,0,,not_available,未获取到关联站台源对象,
node/12723576516,天文站,0,0,0,0,0,,not_available,未获取到关联站台源对象,
node/9242148051,天柱山站,2,2,0,2,0,,not_available,来源含站台线，不能当作真实面,way/1551430337|way/1551430338
node/2333212320,天桥岭站,0,0,0,0,0,,not_available,未获取到关联站台源对象,
node/9174163139,天桥沟站,0,0,0,0,0,,not_available,未获取到关联站台源对象,
node/7527334064,天桥站,0,0,0,0,0,,not_available,未获取到关联站台源对象,
node/9123967457,天桥站,0,0,0,0,0,,not_available,未获取到关联站台源对象,
node/3956195237,天桥镇站,0,0,0,0,0,,not_available,未获取到关联站台源对象,
node/3682237011,天水南站,3,3,0,3,0,,not_available,来源含站台线，不能当作真实面,way/441813336|way/441813337|way/441813338
node/770448206,天水站,6,6,4,2,0,,not_available,来源含站台线，不能当作真实面,way/412952061|way/412952067|way/1364528011|way/1364528012|way/695820622|way/1364528010
node/12736762600,天河东站,0,0,0,0,0,,not_available,未获取到关联站台源对象,
node/9317600734,天河机场,2,2,0,2,0,,not_available,来源含站台线，不能当作真实面,way/1523805511|way/1523805512
node/3740822572,天河潭站,2,2,2,0,0,,not_available,源对象与显示一致，实际完整性未核验,way/1013231758|way/1020720998
node/8100253873,天河站,0,0,0,0,0,,not_available,未获取到关联站台源对象,
node/3377717641,天河街站,0,0,0,0,0,,not_available,未获取到关联站台源对象,
node/270203072,天津北站,3,3,3,0,0,,not_available,源对象与显示一致，实际完整性未核验,way/850317615|way/850317616|way/1086113205
node/10589687035,天津南站,2,2,2,0,0,,not_available,源对象与显示一致，实际完整性未核验,relation/15015539|relation/15015542
node/10142334038,天津散货物流中心站,0,0,0,0,0,,not_available,未获取到关联站台源对象,
node/12405137683,天津机场,0,0,0,0,0,,not_available,未获取到关联站台源对象,
node/273088049,天津站,8,8,8,0,0,,not_available,源对象与显示一致，实际完整性未核验,way/410925918|way/410925920|way/410925921|way/410925922|way/410925923|way/410925924|way/410925925|way/410925926
node/4126740846,天津西站,11,11,11,0,0,,not_available,源对象与显示一致，实际完整性未核验,way/410940735|way/410940736|way/410940737|way/410940738|way/410940739|way/410940740|way/410940741|way/410940742|way/410940743|way/410940744|way/410940745
node/7140606345,天涯海角站,0,0,0,0,0,,not_available,未获取到关联站台源对象,
node/12747906903,天涯站,0,0,0,0,0,,not_available,未获取到关联站台源对象,
node/8364353363,天生桥站,0,0,0,0,0,,not_available,未获取到关联站台源对象,
node/10142331909,天碱车场,0,0,0,0,0,,not_available,未获取到关联站台源对象,
node/840181646,天祝站,2,2,2,0,0,,not_available,源对象与显示一致，实际完整性未核验,way/1487621007|way/1487621008
node/10941424948,天祝西站,0,0,0,0,0,,not_available,未获取到关联站台源对象,
node/5823223403,天空之镜站,2,2,2,0,0,,not_available,源对象与显示一致，实际完整性未核验,way/1366662232|way/1366662233
node/7473471990,天草站,0,0,0,0,0,,not_available,未获取到关联站台源对象,
node/1577103536,天西站,0,0,0,0,0,,not_available,未获取到关联站台源对象,
node/1597596254,天镇站,0,0,0,0,0,,not_available,未获取到关联站台源对象,
node/12355777369,天长站,0,0,0,0,0,,not_available,未获取到关联站台源对象,
node/3738701063,天门东站,0,0,0,0,0,,not_available,未获取到关联站台源对象,
node/2381028366,天门北站,2,2,2,0,0,,not_available,源对象与显示一致，实际完整性未核验,way/691512127|way/771526757
node/3053765017,天门南站,2,2,2,0,0,,not_available,源对象与显示一致，实际完整性未核验,way/1084423971|way/1084423972
node/9933676260,天门站,3,3,3,0,0,,not_available,源对象与显示一致，实际完整性未核验,way/1387837778|way/1387837780|way/1387837783
node/7473373512,天鹅湖站,0,0,0,0,0,,not_available,未获取到关联站台源对象,
node/7473325535,天鹅湖西站,0,0,0,0,0,,not_available,未获取到关联站台源对象,
node/9223898614,天齐庙站,0,0,0,0,0,,not_available,未获取到关联站台源对象,
node/8317319473,天龙站,0,0,0,0,0,,not_available,未获取到关联站台源对象,
node/13042499815,太仆寺旗站,0,0,0,0,0,,not_available,未获取到关联站台源对象,
node/9218083767,太仓南站,2,2,2,0,0,,not_available,源对象与显示一致，实际完整性未核验,way/1156880063|way/1156880064
node/4714975256,太仓港站,0,0,0,0,0,,not_available,未获取到关联站台源对象,
node/7434948409,太仓站,4,4,4,0,0,,not_available,源对象与显示一致，实际完整性未核验,way/1153193091|way/1153193092|way/1230785982|way/1230785983
node/3500351612,太公站,0,0,0,0,0,,not_available,未获取到关联站台源对象,
node/1668497965,太原东站,0,0,0,0,0,,not_available,未获取到关联站台源对象,
node/843479829,太原北站,0,0,0,0,0,,not_available,未获取到关联站台源对象,
node/1880719610,太原南站,3,3,3,0,0,,not_available,源对象与显示一致，实际完整性未核验,way/738393973|way/738393975|way/738393977
node/273217367,太原站,0,0,0,0,0,,not_available,未获取到关联站台源对象,
node/8205661855,太原西站,0,0,0,0,0,,not_available,未获取到关联站台源对象,
node/7013047628,太和东站,2,2,2,0,0,,not_available,源对象与显示一致，实际完整性未核验,way/1047003378|way/1047003379
node/5237940872,太和北站,0,0,0,0,0,,not_available,未获取到关联站台源对象,
node/1588514509,太和站,0,0,0,0,0,,not_available,未获取到关联站台源对象,
way/385190327,太姥山动车站,0,0,0,0,0,,not_available,未获取到关联站台源对象,
node/7714110145,太姥山站,0,0,0,0,0,,not_available,未获取到关联站台源对象,
node/6405832271,太子城站,3,3,0,3,0,,not_available,来源含站台线，不能当作真实面,way/1064392122|way/1064392123|way/1064392124
node/3003934516,太峪站,0,0,0,0,0,,not_available,未获取到关联站台源对象,
node/3915694961,太师庄站,1,1,0,1,0,,not_available,来源含站台线，不能当作真实面,way/1233201487
node/9178116411,太平岭站,0,0,0,0,0,,not_available,未获取到关联站台源对象,
node/1267537503,太平川站,0,0,0,0,0,,not_available,未获取到关联站台源对象,
node/8948967845,太平桥站,0,0,0,0,0,,not_available,未获取到关联站台源对象,
node/2913752530,太平站,0,0,0,0,0,,not_available,未获取到关联站台源对象,
node/8341181634,太平站,0,0,0,0,0,,not_available,未获取到关联站台源对象,
node/7167634587,太平里站,0,0,0,0,0,,not_available,未获取到关联站台源对象,
node/9129925033,太平镇站,1,1,0,1,0,,not_available,来源含站台线，不能当作真实面,way/1124364534
node/9121997530,太本庙站,0,0,0,0,0,,not_available,未获取到关联站台源对象,
node/8498511451,太湖南站,0,0,0,0,0,,not_available,未获取到关联站台源对象,
node/1642992168,太湖站,1,1,1,0,0,,not_available,源对象与显示一致，实际完整性未核验,way/1487482508
node/11753220639,太湖路站,0,0,0,0,0,,not_available,未获取到关联站台源对象,
node/8308146686,太白站,0,0,0,0,0,,not_available,未获取到关联站台源对象,
node/11134133679,太石站,0,0,0,0,0,,not_available,未获取到关联站台源对象,
node/2940237261,太要站,0,0,0,0,0,,not_available,未获取到关联站台源对象,
node/8208342114,太谷东站,2,2,2,0,0,,not_available,源对象与显示一致，实际完整性未核验,way/1473434400|way/1473434401
node/5157238246,太谷站,1,1,0,1,0,,not_available,来源含站台线，不能当作真实面,way/344025849
node/3012075980,太谷西站,2,2,2,0,0,,not_available,源对象与显示一致，实际完整性未核验,way/1029909319|way/1029909320
node/6356074761,太阳升站,1,1,0,1,0,,not_available,来源含站台线，不能当作真实面,way/1094030086
node/8740869243,太阳坪站,0,0,0,0,0,,not_available,未获取到关联站台源对象,
node/4071848331,太阳山站,0,0,0,0,0,,not_available,未获取到关联站台源对象,
node/8858769590,太阳村站,0,0,0,0,0,,not_available,未获取到关联站台源对象,
node/1252233977,太阳沟站,0,0,0,0,0,,not_available,未获取到关联站台源对象,
node/7319353490,央塔克站,0,0,0,0,0,,not_available,未获取到关联站台源对象,
node/3840279226,头坝河站,0,0,0,0,0,,not_available,未获取到关联站台源对象,
node/9524436507,头堡 سۇمقاغا站,0,0,0,0,0,,not_available,未获取到关联站台源对象,
node/7368932421,头屯河站,0,0,0,0,0,,not_available,未获取到关联站台源对象,
node/9118904618,头道桥站,1,1,1,0,0,,not_available,源对象与显示一致，实际完整性未核验,way/1408716515
node/9182286759,头道水站,0,0,0,0,0,,not_available,未获取到关联站台源对象,
node/10559351227,头门港站,0,0,0,0,0,,not_available,未获取到关联站台源对象,
node/1659252257,夹心子站,0,0,0,0,0,,not_available,未获取到关联站台源对象,
node/1588514418,夹江站,0,0,0,0,0,,not_available,未获取到关联站台源对象,
node/8454361464,夹沟站,0,0,0,0,0,,not_available,未获取到关联站台源对象,
node/9223324912,夹河寨站,0,0,0,0,0,,not_available,未获取到关联站台源对象,
node/7353784884,夹浦站,0,0,0,0,0,,not_available,未获取到关联站台源对象,
node/1984410994,奇峰塔站,1,1,1,0,0,,not_available,源对象与显示一致，实际完整性未核验,way/1138981162
node/12500846358,奇梁洞（暂未开放）,0,0,0,0,0,,not_available,未获取到关联站台源对象,
node/844682153,奈曼站,2,2,2,0,0,,not_available,源对象与显示一致，实际完整性未核验,way/556937832|way/556937833
node/4507841540,奈林皋站,2,2,2,0,0,,not_available,源对象与显示一致，实际完整性未核验,way/1353190482|way/1353190483
node/7714110160,奉化站,0,0,0,0,0,,not_available,未获取到关联站台源对象,
node/5575694417,奉节站,2,2,0,2,0,,not_available,来源含站台线，不能当作真实面,way/1394893735|way/1394893736
node/13124881859,奉贤站,0,0,0,0,0,,not_available,未获取到关联站台源对象,
node/7371981476,奎屯东站,0,0,0,0,0,,not_available,未获取到关联站台源对象,
node/7368677859,奎屯北站,0,0,0,0,0,,not_available,未获取到关联站台源对象,
node/7368677861,奎屯河站,0,0,0,0,0,,not_available,未获取到关联站台源对象,
node/7368652199,奎屯站,1,1,0,1,0,,not_available,来源含站台线，不能当作真实面,way/183827197
node/5008643698,奎屯西站,0,0,0,0,0,,not_available,未获取到关联站台源对象,
node/9137873816,奎山站,1,1,0,1,0,,not_available,来源含站台线，不能当作真实面,way/601045313
node/11835182658,奔中（预留）,0,0,0,0,0,,not_available,未获取到关联站台源对象,
node/6199049698,奔牛站,0,0,0,0,0,,not_available,未获取到关联站台源对象,
node/9174163160,奢岭站,0,0,0,0,0,,not_available,未获取到关联站台源对象,
node/1657245414,女儿河站,0,0,0,0,0,,not_available,未获取到关联站台源对象,
node/843276744,好鲁库站,0,0,0,0,0,,not_available,未获取到关联站台源对象,
node/4503716497,如东站,2,2,2,0,0,,not_available,源对象与显示一致，实际完整性未核验,way/1002140879|way/1002140880
node/7561195837,如皋南站,2,2,2,0,0,,not_available,源对象与显示一致，实际完整性未核验,way/947219796|way/947219797
node/1665500371,如皋站,2,2,2,0,0,,not_available,源对象与显示一致，实际完整性未核验,way/813145878|way/813145887
node/11327619627,如皋西（在建）,0,0,0,0,0,,not_available,未获取到关联站台源对象,
node/7342323557,妙西站,0,0,0,0,0,,not_available,未获取到关联站台源对象,
node/7296275986,妥如站,0,0,0,0,0,,not_available,未获取到关联站台源对象,
node/7781481487,妥楼岭站,0,0,0,0,0,,not_available,未获取到关联站台源对象,
node/2531823889,始兴站,2,2,2,0,0,,not_available,源对象与显示一致，实际完整性未核验,way/376333053|way/376333054
node/1597596197,姑家堡站,2,2,2,0,0,,not_available,源对象与显示一致，实际完整性未核验,way/1288769912|way/1288769913
node/9176129509,姚千户屯站,0,0,0,0,0,,not_available,未获取到关联站台源对象,
node/6205775154,姚哥庄站,1,1,0,1,0,,not_available,来源含站台线，不能当作真实面,way/1356810729
node/9171411690,姚堡站,0,0,0,0,0,,not_available,未获取到关联站台源对象,
node/8095297279,姚孟站,0,0,0,0,0,,not_available,未获取到关联站台源对象,
node/1758381768,姚安站,0,0,0,0,0,,not_available,未获取到关联站台源对象,
node/2849708344,姚家洲站,0,0,0,0,0,,not_available,未获取到关联站台源对象,
node/9307694648,姚家港站,0,0,0,0,0,,not_available,未获取到关联站台源对象,
node/8436995001,姚家站,0,0,0,0,0,,not_available,未获取到关联站台源对象,
node/13516002824,姚庄站,0,0,0,0,0,,not_available,未获取到关联站台源对象,
node/8506889392,姚李庙站,0,0,0,0,0,,not_available,未获取到关联站台源对象,
node/8429540384,姚村站,0,0,0,0,0,,not_available,未获取到关联站台源对象,
node/9223366418,姚桥矿站,0,0,0,0,0,,not_available,未获取到关联站台源对象,
node/9226690979,姚楼站,0,0,0,0,0,,not_available,未获取到关联站台源对象,
node/3500351613,姚渡站,2,2,0,2,0,,not_available,来源含站台线，不能当作真实面,way/955292913|way/955292914
node/7709478565,姜堰站,0,0,0,0,0,,not_available,未获取到关联站台源对象,
node/8449145145,姜家坡站,0,0,0,0,0,,not_available,未获取到关联站台源对象,
node/9282598407,姜家湾站,0,0,0,0,0,,not_available,未获取到关联站台源对象,
node/9137873794,姜家站,2,2,0,2,0,,not_available,来源含站台线，不能当作真实面,way/1098021887|way/1098021888
node/4068182366,姜庄站,0,0,0,0,0,,not_available,未获取到关联站台源对象,
node/8158566861,姜庄站,0,0,0,0,0,,not_available,未获取到关联站台源对象,
node/7635531004,威信站,2,2,0,2,0,,not_available,来源含站台线，不能当作真实面,way/1229929572|way/1229929573
node/2349633677,威宁站,0,0,0,0,0,,not_available,未获取到关联站台源对象,
node/7901797430,威岭站,1,1,0,1,0,,not_available,来源含站台线，不能当作真实面,way/1121382869
node/4253918671,威海北站,2,2,2,0,0,,not_available,源对象与显示一致，实际完整性未核验,way/1307888091|way/1307888092
node/12637924812,威海南海站,2,2,2,0,0,,not_available,源对象与显示一致，实际完整性未核验,way/1324101422|way/1324101423
node/5530871859,威海南站,0,0,0,0,0,,not_available,未获取到关联站台源对象,
node/1565198993,威海站,5,5,5,0,0,,not_available,源对象与显示一致，实际完整性未核验,way/1367493829|way/1367493830|way/1367493871|way/1367493872|way/1367493873
node/8320666176,威箐站,0,0,0,0,0,,not_available,未获取到关联站台源对象,
node/520978380,威舍站,2,2,2,0,0,,not_available,源对象与显示一致，实际完整性未核验,way/673772572|way/673772573
node/4038110655,威虎岭北站,0,0,0,0,0,,not_available,未获取到关联站台源对象,
node/1590470996,威虎岭站,0,0,0,0,0,,not_available,未获取到关联站台源对象,
node/10931476417,威远站,2,2,0,2,0,,not_available,来源含站台线，不能当作真实面,way/1240375996|way/1240375997
node/9169253677,娄家店站,0,0,0,0,0,,not_available,未获取到关联站台源对象,
node/3695336868,娄山关南站,0,0,0,0,0,,not_available,未获取到关联站台源对象,
node/6170790719,娄山关站,1,1,1,0,0,,not_available,源对象与显示一致，实际完整性未核验,way/985852399
node/8081928887,娄山站,1,1,1,0,0,,not_available,源对象与显示一致，实际完整性未核验,way/583539842
node/8725186467,娄底东站,0,0,0,0,0,,not_available,未获取到关联站台源对象,
node/2953769618,娄底南站,4,4,4,0,0,,not_available,源对象与显示一致，实际完整性未核验,way/1472939710|way/1472939711|way/1472939712|way/1472939713
node/1571743515,娄底站,0,0,0,0,0,,not_available,未获取到关联站台源对象,
node/8733277350,娄底西站,0,0,0,0,0,,not_available,未获取到关联站台源对象,
node/4067966875,娄烦站,0,0,0,0,0,,not_available,未获取到关联站台源对象,
node/1783909028,娘娘庙站,0,0,0,0,0,,not_available,未获取到关联站台源对象,
node/1668749965,娘子关站,2,2,2,0,0,,not_available,源对象与显示一致，实际完整性未核验,way/1057719181|way/1057719182
node/2517241085,婺源站,4,4,4,0,0,,not_available,源对象与显示一致，实际完整性未核验,way/370570306|way/370570307|way/550388922|way/550388923
node/11953008789,嫘祖站,0,0,0,0,0,,not_available,未获取到关联站台源对象,
node/9129186275,嫩江北站,1,1,0,1,0,,not_available,来源含站台线，不能当作真实面,way/1126143881
node/1252233963,嫩江站,2,2,0,2,0,,not_available,来源含站台线，不能当作真实面,way/1125992894|way/1125992895
node/3122180958,子洲站,2,2,0,2,0,,not_available,来源含站台线，不能当作真实面,way/807530678|way/807530679
node/1606444071,子长站,2,2,2,0,0,,not_available,源对象与显示一致，实际完整性未核验,way/1550631735|way/1550631736
node/1642883465,孔垄站,0,0,0,0,0,,not_available,未获取到关联站台源对象,
node/4682791391,孔家庄站,2,2,2,0,0,,not_available,源对象与显示一致，实际完整性未核验,way/807705082|way/1073350788
node/9223366423,孔庄矿站,0,0,0,0,0,,not_available,未获取到关联站台源对象,
node/9513113919,孔庄站,0,0,0,0,0,,not_available,未获取到关联站台源对象,
node/5669251660,孔滩站,0,0,0,0,0,,not_available,未获取到关联站台源对象,
node/8859086365,孔良站,0,0,0,0,0,,not_available,未获取到关联站台源对象,
node/7457814028,存车场,0,0,0,0,0,,not_available,未获取到关联站台源对象,
node/9129186246,孙吴北站,0,0,0,0,0,,not_available,未获取到关联站台源对象,
node/9129186247,孙吴站,1,1,1,0,0,,not_available,源对象与显示一致，实际完整性未核验,way/893555468
node/7272083193,孙家埠站,0,0,0,0,0,,not_available,未获取到关联站台源对象,
node/7319112431,孙家寨站,0,0,0,0,0,,not_available,未获取到关联站台源对象,
node/3949965028,孙家庄站,0,0,0,0,0,,not_available,未获取到关联站台源对象,
node/717572642,孙家站,4,4,2,2,0,,not_available,来源含站台线，不能当作真实面,way/986860152|way/986860153|way/511178352|way/511178353
node/9242869571,孙岗站,0,0,0,0,0,,not_available,未获取到关联站台源对象,
node/4075255927,孙常站,0,0,0,0,0,,not_available,未获取到关联站台源对象,
node/7202547230,孙桥站,0,0,0,0,0,,not_available,未获取到关联站台源对象,
node/9226690934,孙疃站,0,0,0,0,0,,not_available,未获取到关联站台源对象,
node/1607295762,孙镇站,0,0,0,0,0,,not_available,未获取到关联站台源对象,
node/9246201044,孝义站,1,1,1,0,0,,not_available,源对象与显示一致，实际完整性未核验,way/565712426
node/8187157369,孝儿站,0,0,0,0,0,,not_available,未获取到关联站台源对象,
node/3697044160,孝北堡站,0,0,0,0,0,,not_available,未获取到关联站台源对象,
node/2328374340,孝南站,0,0,0,0,0,,not_available,未获取到关联站台源对象,
node/9312908630,孝子店站,0,0,0,0,0,,not_available,未获取到关联站台源对象,
node/3377737086,孝感东站,0,0,0,0,0,,not_available,未获取到关联站台源对象,
node/9263921398,孝感北站,2,2,2,0,0,,not_available,源对象与显示一致，实际完整性未核验,way/1031648886|way/1031648887
node/13227238994,孝感南站,0,0,0,0,0,,not_available,未获取到关联站台源对象,
node/8014005486,孝感站,3,3,3,0,0,,not_available,源对象与显示一致，实际完整性未核验,way/210426232|way/210426234|way/210426235
node/9327370178,孝泉站,0,0,0,0,0,,not_available,未获取到关联站台源对象,
node/2328374341,孝西站,0,0,0,0,0,,not_available,未获取到关联站台源对象,
node/3740822485,孟关站,0,0,0,0,0,,not_available,未获取到关联站台源对象,
node/787700715,孟塬站,0,0,0,0,0,,not_available,未获取到关联站台源对象,
node/5702663297,孟孔站,0,0,0,0,0,,not_available,未获取到关联站台源对象,
node/3156146806,孟家壕站,0,0,0,0,0,,not_available,未获取到关联站台源对象,
node/2329802061,孟家岗站,1,1,0,1,0,,not_available,来源含站台线，不能当作真实面,way/1113251912
node/8481094419,孟家湾站,0,0,0,0,0,,not_available,未获取到关联站台源对象,
node/9292699667,孟家湾站,0,0,0,0,0,,not_available,未获取到关联站台源对象,
node/3717120379,孟庄站,2,2,2,0,0,,not_available,源对象与显示一致，实际完整性未核验,way/708813776|way/708813777
node/8013004349,孟庙站,0,0,0,0,0,,not_available,未获取到关联站台源对象,
node/3949949969,孟村站,1,1,1,0,0,,not_available,源对象与显示一致，实际完整性未核验,way/1111702559
node/11992244233,孟根站,1,1,0,1,0,,not_available,来源含站台线，不能当作真实面,way/1293676358
node/9242869553,孟楼站,0,0,0,0,0,,not_available,未获取到关联站台源对象,
node/1577895095,孟津站,0,0,0,0,0,,not_available,未获取到关联站台源对象,
node/4066597470,孟门站,0,0,0,0,0,,not_available,未获取到关联站台源对象,
node/2349656758,孤家子站,0,0,0,0,0,,not_available,未获取到关联站台源对象,
node/1984410970,孤山口站,2,2,2,0,0,,not_available,源对象与显示一致，实际完整性未核验,way/1086083944|way/1086083949
node/1720956479,孤山子站,1,1,0,1,0,,not_available,来源含站台线，不能当作真实面,way/1481198780
node/3156029334,孤山川站,0,0,0,0,0,,not_available,未获取到关联站台源对象,
node/1597350729,孤山站,0,0,0,0,0,,not_available,未获取到关联站台源对象,
node/2332707894,孤店子站,0,0,0,0,0,,not_available,未获取到关联站台源对象,
node/12519624550,孤榆树站,0,0,0,0,0,,not_available,未获取到关联站台源对象,
node/5684911277,学庄站,0,0,0,0,0,,not_available,未获取到关联站台源对象,
node/3589651634,宁东北站,0,0,0,0,0,,not_available,未获取到关联站台源对象,
node/4071295750,宁东南站,0,0,0,0,0,,not_available,未获取到关联站台源对象,
node/8039455367,宁东站,2,2,0,2,0,,not_available,来源含站台线，不能当作真实面,way/862982548|way/862982549
node/7296234981,宁中站,0,0,0,0,0,,not_available,未获取到关联站台源对象,
node/1613124735,宁乡站,2,2,2,0,0,,not_available,源对象与显示一致，实际完整性未核验,way/1260548814|way/1260548815
node/9521843730,宁乡西站,2,2,2,0,0,,not_available,源对象与显示一致，实际完整性未核验,way/1245207545|way/1245207546
node/7780322120,宁化站,0,0,0,0,0,,not_available,未获取到关联站台源对象,
node/3004843849,宁县南站,0,0,0,0,0,,not_available,未获取到关联站台源对象,
node/8315153997,宁县站,0,0,0,0,0,,not_available,未获取到关联站台源对象,
node/11222071214,宁国南站,0,0,0,0,0,,not_available,未获取到关联站台源对象,
node/9179735870,宁城站,0,0,0,0,0,,not_available,未获取到关联站台源对象,
node/4373913761,宁安站,2,2,0,2,0,,not_available,来源含站台线，不能当作真实面,way/1115522435|way/1115522436
node/1730851559,宁家站,0,0,0,0,0,,not_available,未获取到关联站台源对象,
node/3946003276,宁强南站,2,2,2,0,0,,not_available,源对象与显示一致，实际完整性未核验,way/837736889|way/837736890
node/2372114887,宁强站,1,1,1,0,0,,not_available,源对象与显示一致，实际完整性未核验,way/1304028505
node/7377472995,宁德北站,0,0,0,0,0,,not_available,未获取到关联站台源对象,
node/5614557340,宁德站,0,0,0,0,0,,not_available,未获取到关联站台源对象,
node/11278671526,宁明东站,0,0,0,0,0,,not_available,未获取到关联站台源对象,
node/1577103520,宁明站,0,0,0,0,0,,not_available,未获取到关联站台源对象,
node/1535265377,宁村站,0,0,0,0,0,,not_available,未获取到关联站台源对象,
node/4040060191,宁条梁站,0,0,0,0,0,,not_available,未获取到关联站台源对象,
node/843479827,宁武站,0,0,0,0,0,,not_available,未获取到关联站台源对象,
node/3699706417,宁武西站,0,0,0,0,0,,not_available,未获取到关联站台源对象,
node/7686886385,宁波东站,0,0,0,0,0,,not_available,未获取到关联站台源对象,
node/7687112631,宁波北站,0,0,0,0,0,,not_available,未获取到关联站台源对象,
node/7714110161,宁波站,8,8,8,0,0,,not_available,源对象与显示一致，实际完整性未核验,way/893892358|way/893892359|way/893892360|way/893892361|way/893892362|way/893892363|way/893892364|way/893892365
node/5242767722,宁洱站,2,2,2,0,0,,not_available,源对象与显示一致，实际完整性未核验,way/1011002564|way/1011002565
node/7714110159,宁海站,3,3,3,0,0,,not_available,源对象与显示一致，实际完整性未核验,way/576948835|way/576948836|way/939639832
node/8383075510,宁艾站,0,0,0,0,0,,not_available,未获取到关联站台源对象,
node/4019707140,宁都站,2,2,2,0,0,,not_available,源对象与显示一致，实际完整性未核验,way/971574633|way/971574634
node/12501009358,宁阳东站,0,0,0,0,0,,not_available,未获取到关联站台源对象,
node/8429529323,宁阳东站,2,2,2,0,0,,not_available,源对象与显示一致，实际完整性未核验,way/1422599872|way/1422599873
node/1775221283,宁陵县站,0,0,0,0,0,,not_available,未获取到关联站台源对象,
node/7128808607,宅科站,0,0,0,0,0,,not_available,未获取到关联站台源对象,
node/843276700,宇宙地站,0,0,0,0,0,,not_available,未获取到关联站台源对象,
node/9630961323,安乐站,0,0,0,0,0,,not_available,未获取到关联站台源对象,
node/824530194,安亭北站,2,2,2,0,0,,not_available,源对象与显示一致，实际完整性未核验,way/424241666|way/424241667
node/8453216531,安亭站,0,0,0,0,0,,not_available,未获取到关联站台源对象,
node/7448000468,安亭西站,2,2,2,0,0,,not_available,源对象与显示一致，实际完整性未核验,way/821555054|way/821555055
node/3360858459,安仁站,2,2,2,0,0,,not_available,源对象与显示一致，实际完整性未核验,way/456310385|way/456310387
node/8669791118,安化站,2,2,2,0,0,,not_available,源对象与显示一致，实际完整性未核验,way/1326092100|way/1326092101
node/11134136671,安化镇站,0,0,0,0,0,,not_available,未获取到关联站台源对象,
node/9524436515,安北站,0,0,0,0,0,,not_available,未获取到关联站台源对象,
node/4507816735,安匠站,0,0,0,0,0,,not_available,未获取到关联站台源对象,
node/3640219996,安口南站,1,1,1,0,0,,not_available,源对象与显示一致，实际完整性未核验,way/410253504
node/2369200350,安口窑站,1,1,1,0,0,,not_available,源对象与显示一致，实际完整性未核验,way/410253499
node/5655200309,安口站,0,0,0,0,0,,not_available,未获取到关联站台源对象,
node/9242148032,安吉站,2,2,2,0,0,,not_available,源对象与显示一致，实际完整性未核验,way/1487077676|way/1487077677
node/3915737872,安国站,0,0,0,0,0,,not_available,未获取到关联站台源对象,
node/9738697403,安国镇站,0,0,0,0,0,,not_available,未获取到关联站台源对象,
node/1590460668,安图站,0,0,0,0,0,,not_available,未获取到关联站台源对象,
node/4038062746,安图西站,0,0,0,0,0,,not_available,未获取到关联站台源对象,
node/1698277407,安塘站,0,0,0,0,0,,not_available,未获取到关联站台源对象,
node/6268255753,安多南站,0,0,0,0,0,,not_available,未获取到关联站台源对象,
node/7296275993,安多站,2,2,2,0,0,,not_available,源对象与显示一致，实际完整性未核验,way/669985090|way/669985091
node/9287647747,安太堡站,0,0,0,0,0,,not_available,未获取到关联站台源对象,
node/2758338403,安子沟站,0,0,0,0,0,,not_available,未获取到关联站台源对象,
way/414449474,安宁站,0,0,0,0,0,,not_available,未获取到关联站台源对象,
node/9287647748,安家岭站,0,0,0,0,0,,not_available,未获取到关联站台源对象,
node/9265808486,安家庄站,0,0,0,0,0,,not_available,未获取到关联站台源对象,
node/9123967444,安家楼站,0,0,0,0,0,,not_available,未获取到关联站台源对象,
node/8014378764,安家湾站,0,0,0,0,0,,not_available,未获取到关联站台源对象,
node/2333085936,安家站,2,2,0,2,0,,not_available,来源含站台线，不能当作真实面,way/1112506902|way/1112506910
node/8189955806,安富镇站,0,0,0,0,0,,not_available,未获取到关联站台源对象,
node/3644667948,安居站,0,0,0,0,0,,not_available,未获取到关联站台源对象,
node/7740215256,安山站,0,0,0,0,0,,not_available,未获取到关联站台源对象,
node/11745723800,安岳站,0,0,0,0,0,,not_available,未获取到关联站台源对象,
node/10574674380,安州站,0,0,0,0,0,,not_available,未获取到关联站台源对象,
node/2662698018,安平站,0,0,0,0,0,,not_available,未获取到关联站台源对象,
node/2662698013,安广站,2,2,2,0,0,,not_available,源对象与显示一致，实际完整性未核验,way/1028633859|way/1028633860
node/5211777601,安庆北站,0,0,0,0,0,,not_available,未获取到关联站台源对象,
node/1720956432,安庆沟站,2,2,2,0,0,,not_available,源对象与显示一致，实际完整性未核验,way/1187018578|way/1187018579
node/7882515905,安庆站,8,8,8,0,0,,not_available,源对象与显示一致，实际完整性未核验,way/1081042382|way/1081042383|way/1081042384|way/1081042385|way/1503906494|way/1503906507|way/1503906520|way/1503906522
node/5968244721,安庆西站,3,3,3,0,0,,not_available,源对象与显示一致，实际完整性未核验,way/1422515117|way/1422515118|way/1422515119
node/8163363239,安庙站,0,0,0,0,0,,not_available,未获取到关联站台源对象,
node/3024721311,安康东站,0,0,0,0,0,,not_available,未获取到关联站台源对象,
node/1575728431,安康站,4,4,4,0,0,,not_available,源对象与显示一致，实际完整性未核验,way/863585191|way/863585192|way/863585193|way/1303294962
node/10855657242,安康西站,4,4,0,4,0,,not_available,来源含站台线，不能当作真实面,way/1521682670|way/1521682671|way/1521682672|way/1521682673
node/7951474432,安德站,2,2,0,2,0,,not_available,来源含站台线，不能当作真实面,way/542926636|way/542926637
node/2382136965,安恕站,0,0,0,0,0,,not_available,未获取到关联站台源对象,
node/8485980103,安棚站,0,0,0,0,0,,not_available,未获取到关联站台源对象,
node/9457049792,安次站,0,0,0,0,0,,not_available,未获取到关联站台源对象,
node/9174163153,安民站,0,0,0,0,0,,not_available,未获取到关联站台源对象,
node/7263485693,安江东站,2,2,2,0,0,,not_available,源对象与显示一致，实际完整性未核验,way/1293079870|way/1293079871
node/1776176405,安江站,0,0,0,0,0,,not_available,未获取到关联站台源对象,
node/4074623469,安泽站,0,0,0,0,0,,not_available,未获取到关联站台源对象,
node/8166750317,安洛站,0,0,0,0,0,,not_available,未获取到关联站台源对象,
node/7252546305,安济站,0,0,0,0,0,,not_available,未获取到关联站台源对象,
node/7781469267,安溪东站,0,0,0,0,0,,not_available,未获取到关联站台源对象,
node/8568516735,安福寺站,0,0,0,0,0,,not_available,未获取到关联站台源对象,
node/2502946151,安福站,0,0,0,0,0,,not_available,未获取到关联站台源对象,
node/1948759715,安边镇站,0,0,0,0,0,,not_available,未获取到关联站台源对象,
node/2662698010,安达站,3,3,0,3,0,,not_available,来源含站台线，不能当作真实面,way/1097916739|way/1097916740|way/1097916741
node/4076149831,安邑站,1,1,1,0,0,,not_available,源对象与显示一致，实际完整性未核验,way/1469951325
node/8397056467,安阳东站,1,1,1,0,0,,not_available,源对象与显示一致，实际完整性未核验,way/907683675
node/9320122087,安阳城站,0,0,0,0,0,,not_available,未获取到关联站台源对象,
node/6727504065,安阳站,0,0,0,0,0,,not_available,未获取到关联站台源对象,
node/4074915621,安阳西站,0,0,0,0,0,,not_available,未获取到关联站台源对象,
node/1589666687,安陆站,0,0,0,0,0,,not_available,未获取到关联站台源对象,
node/8535913689,安陆西站,0,0,0,0,0,,not_available,未获取到关联站台源对象,
node/8059008256,安靖站,3,3,3,0,0,,not_available,源对象与显示一致，实际完整性未核验,way/408832687|way/813414096|way/813414097
node/1565858517,安顺站,0,0,0,0,0,,not_available,未获取到关联站台源对象,
node/2874016753,安顺西站,4,4,4,0,0,,not_available,源对象与显示一致，实际完整性未核验,way/766857841|way/766857842|way/766857843|way/766857844
node/5112419144,安龙站,0,0,0,0,0,,not_available,未获取到关联站台源对象,
node/6708802185,宋城路站,2,2,2,0,0,,not_available,源对象与显示一致，实际完整性未核验,way/713530002|way/713530003
node/7202574478,宋埠站,0,0,0,0,0,,not_available,未获取到关联站台源对象,
node/3628286392,宋家峪站,0,0,0,0,0,,not_available,未获取到关联站台源对象,
node/8375166978,宋家庄站,0,0,0,0,0,,not_available,未获取到关联站台源对象,
node/9329260408,宋家铺站,0,0,0,0,0,,not_available,未获取到关联站台源对象,
node/679339572,宋寨站,0,0,0,0,0,,not_available,未获取到关联站台源对象,
node/9226690917,宋庄站,0,0,0,0,0,,not_available,未获取到关联站台源对象,
node/9118904956,宋新庄站,0,0,0,0,0,,not_available,未获取到关联站台源对象,
node/8664177567,宋站,2,2,0,2,0,,not_available,来源含站台线，不能当作真实面,way/1097916766|way/1097916767
node/8491493156,宋阁站,0,0,0,0,0,,not_available,未获取到关联站台源对象,
node/7601595322,完县站,3,3,3,0,0,,not_available,源对象与显示一致，实际完整性未核验,way/1074638696|way/1074638697|way/1074638698
node/9160197908,完工站,2,2,0,2,0,,not_available,来源含站台线，不能当作真实面,way/231860254|way/231860255
node/14072867291,宏伟站,0,0,0,0,0,,not_available,未获取到关联站台源对象,
node/5697139275,宏克力站,0,0,0,0,0,,not_available,未获取到关联站台源对象,
node/2373342119,宏庆站,0,0,0,0,0,,not_available,未获取到关联站台源对象,
node/2888472267,官亭站,0,0,0,0,0,,not_available,未获取到关联站台源对象,
node/6672562646,官亭站,0,0,0,0,0,,not_available,未获取到关联站台源对象,
node/9265808481,官厅站,1,1,1,0,0,,not_available,源对象与显示一致，实际完整性未核验,way/323405631
node/9265808482,官厅西站,1,1,1,0,0,,not_available,源对象与显示一致，实际完整性未核验,way/323405626
node/8244544750,官台站,0,0,0,0,0,,not_available,未获取到关联站台源对象,
node/13882570039,官地站,0,0,0,0,0,,not_available,未获取到关联站台源对象,
node/9111251381,官地营站,0,0,0,0,0,,not_available,未获取到关联站台源对象,
node/8737559838,官坝站,0,0,0,0,0,,not_available,未获取到关联站台源对象,
node/7740243084,官塘站,0,0,0,0,0,,not_available,未获取到关联站台源对象,
node/8334871482,官塘驿站,0,0,0,0,0,,not_available,未获取到关联站台源对象,
node/4498350071,官墩站,0,0,0,0,0,,not_available,未获取到关联站台源对象,
node/4528385605,官家山站,0,0,0,0,0,,not_available,未获取到关联站台源对象,
node/1662255988,官家站,0,0,0,0,0,,not_available,未获取到关联站台源对象,
node/5570066662,官庄站,2,2,2,0,0,,not_available,源对象与显示一致，实际完整性未核验,relation/14228756|way/1067694158
node/8901184328,官桥北站,2,2,2,0,0,,not_available,源对象与显示一致，实际完整性未核验,way/1295990986|way/1295990987
node/8455171508,官桥站,0,0,0,0,0,,not_available,未获取到关联站台源对象,
node/4054362233,官渡站,0,0,0,0,0,,not_available,未获取到关联站台源对象,
node/7740215247,官渡镇站,0,0,0,0,0,,not_available,未获取到关联站台源对象,
node/8289124494,官港站,0,0,0,0,0,,not_available,未获取到关联站台源对象,
node/8194588317,官牛犋站,0,0,0,0,0,,not_available,未获取到关联站台源对象,
node/3677116665,官窑站,0,0,0,0,0,,not_available,未获取到关联站台源对象,
node/12626083718,官道站,0,0,0,0,0,,not_available,未获取到关联站台源对象,
node/13447717046,官马站,0,0,0,0,0,,not_available,未获取到关联站台源对象,
node/3822196746,官高站,0,0,0,0,0,,not_available,未获取到关联站台源对象,
node/3968220233,定兴站,4,4,4,0,0,,not_available,源对象与显示一致，实际完整性未核验,way/1076147246|way/1076147247|way/1076147248|way/1076147295
node/8761012355,定南南站,2,2,0,2,0,,not_available,来源含站台线，不能当作真实面,way/1511791226|way/1511791227
node/3182773625,定南站,2,2,2,0,0,,not_available,源对象与显示一致，实际完整性未核验,way/999460049|way/999460050
node/3915753122,定州东站,0,0,0,0,0,,not_available,未获取到关联站台源对象,
node/8401357513,定州东站,2,2,2,0,0,,not_available,源对象与显示一致，实际完整性未核验,way/499494818|way/499494819
node/7890361040,定州站,2,2,2,0,0,,not_available,源对象与显示一致，实际完整性未核验,way/553227144|way/611715827
node/3628302022,定州西站,0,0,0,0,0,,not_available,未获取到关联站台源对象,
node/11297681772,定襄北站,0,0,0,0,0,,not_available,未获取到关联站台源对象,
node/4520679371,定襄站,0,0,0,0,0,,not_available,未获取到关联站台源对象,
node/7276282771,定西北站,2,2,0,2,0,,not_available,来源含站台线，不能当作真实面,way/531189008|way/531189009
node/3840316912,定西站,2,2,2,0,0,,not_available,源对象与显示一致，实际完整性未核验,way/408333409|way/408333412
node/1948759714,定边站,0,0,0,0,0,,not_available,未获取到关联站台源对象,
node/11332232841,定远东站,0,0,0,0,0,,not_available,未获取到关联站台源对象,
node/7104703253,定远站,2,2,0,2,0,,not_available,来源含站台线，不能当作真实面,way/1508904082|way/1508904083
node/8419766780,定陶站,2,2,0,2,0,,not_available,来源含站台线，不能当作真实面,way/1050787992|way/1050787993
node/6322602589,宜丰南站,0,0,0,0,0,,not_available,未获取到关联站台源对象,
node/8524923315,宜兴北站,0,0,0,0,0,,not_available,未获取到关联站台源对象,
node/7260208795,宜兴站,6,6,6,0,0,,not_available,源对象与显示一致，实际完整性未核验,way/870251830|way/870251831|way/1518388195|way/1518388198|way/1518388201|way/1518388203
node/11124350882,宜君站,0,0,0,0,0,,not_available,未获取到关联站台源对象,
node/2381093541,宜城南站,2,2,2,0,0,,not_available,源对象与显示一致，实际完整性未核验,way/1041569100|way/1041569110
node/10669812179,宜城站,4,4,2,2,0,,not_available,来源含站台线，不能当作真实面,way/1532257627|way/1532257628|way/1533076934|way/1533076935
node/3628286371,宜安站,0,0,0,0,0,,not_available,未获取到关联站台源对象,
node/10246926860,宜宾东站,2,2,0,2,0,,not_available,来源含站台线，不能当作真实面,way/1159111983|way/1159111987
node/8182280909,宜宾北站,0,0,0,0,0,,not_available,未获取到关联站台源对象,
node/8182272020,宜宾南站,0,0,0,0,0,,not_available,未获取到关联站台源对象,
node/12813381921,宜宾港站,0,0,0,0,0,,not_available,未获取到关联站台源对象,
node/9878566698,宜宾站,4,4,0,4,0,,not_available,来源含站台线，不能当作真实面,way/917657468|way/917657469|way/917657470|way/917657471
node/9334658566,宜宾西站,3,3,0,3,0,,not_available,来源含站台线，不能当作真实面,way/917657473|way/917657474|way/917657475
node/7740376258,宜川站,0,0,0,0,0,,not_available,未获取到关联站台源对象,
node/7775792086,宜州站,2,2,2,0,0,,not_available,源对象与显示一致，实际完整性未核验,way/514341332|way/514341333
node/539460541,宜昌东站,5,5,5,0,0,,not_available,源对象与显示一致，实际完整性未核验,way/973199445|way/973199446|way/973199447|way/973199448|way/973199449
node/13431715511,宜昌北站,5,5,0,5,0,,not_available,来源含站台线，不能当作真实面,way/1518501449|way/1518501450|way/1518501451|way/1518501452|way/1518501453
node/3486462974,宜昌南站,0,0,0,0,0,,not_available,未获取到关联站台源对象,
node/506077822,宜昌站,2,2,2,0,0,,not_available,源对象与显示一致，实际完整性未核验,way/973199443|way/973199444
node/2453762119,宜春站,4,4,4,0,0,,not_available,源对象与显示一致，实际完整性未核验,way/338814814|way/338814816|way/338814817|way/338814819
node/3316847894,宜春西站,0,0,0,0,0,4,osm_station_tags,未获取到关联站台源对象；源对象数量与标注或参考不一致，待核验,
node/8360877024,宜沟站,0,0,0,0,0,,not_available,未获取到关联站台源对象,
node/8334187500,宜耐站,0,0,0,0,0,,not_available,未获取到关联站台源对象,
node/1569661883,宜良北站,1,1,1,0,0,,not_available,源对象与显示一致，实际完整性未核验,way/959443259
node/13267095684,宜都站,0,0,0,0,0,,not_available,未获取到关联站台源对象,
node/2667149103,宜阳站,0,0,0,0,0,,not_available,未获取到关联站台源对象,
node/9137873800,宝东站,1,1,0,1,0,,not_available,来源含站台线，不能当作真实面,way/1120035684
node/9118904879,宝丰厂前站,0,0,0,0,0,,not_available,未获取到关联站台源对象,
node/9118904878,宝丰物流园站,0,0,0,0,0,,not_available,未获取到关联站台源对象,
node/8018461286,宝丰站,0,0,0,0,0,,not_available,未获取到关联站台源对象,
node/9312908617,宝丰站,0,0,0,0,0,,not_available,未获取到关联站台源对象,
node/9182286763,宝兴站,0,0,0,0,0,,not_available,未获取到关联站台源对象,
node/9069903408,宝力格站,0,0,0,0,0,,not_available,未获取到关联站台源对象,
node/8283601960,宝华山站,2,2,2,0,0,,not_available,源对象与显示一致，实际完整性未核验,way/757923432|way/757923433
node/1582348722,宝坻北站,1,1,1,0,0,,not_available,源对象与显示一致，实际完整性未核验,way/1134947341
node/10604527790,宝坻南站,0,0,0,0,0,,not_available,未获取到关联站台源对象,
node/6124512542,宝坻站,2,2,2,0,0,,not_available,源对象与显示一致，实际完整性未核验,way/1173741358|way/1173741359
node/13506321554,宝山站,0,0,0,0,0,,not_available,未获取到关联站台源对象,
node/9176129490,宝山站,0,0,0,0,0,,not_available,未获取到关联站台源对象,
node/8730877394,宝峰站,2,2,0,2,0,,not_available,来源含站台线，不能当作真实面,way/933936520|way/933936521
node/7687024678,宝幢站,0,0,0,0,0,,not_available,未获取到关联站台源对象,
node/8517786933,宝应站,0,0,0,0,0,,not_available,未获取到关联站台源对象,
node/2662698102,宝拉格站,0,0,0,0,0,,not_available,未获取到关联站台源对象,
node/9069903384,宝日格站,0,0,0,0,0,,not_available,未获取到关联站台源对象,
node/9069903368,宝日温都尔站,0,0,0,0,0,,not_available,未获取到关联站台源对象,
node/2662698106,宝木吐站,0,0,0,0,0,,not_available,未获取到关联站台源对象,
node/2662698104,宝林站,2,2,0,2,0,,not_available,来源含站台线，不能当作真实面,way/601045325|way/601045328
node/2662698107,宝泉岭站,1,1,0,1,0,,not_available,来源含站台线，不能当作真实面,way/1117144352
node/5344371130,宝清站,1,1,0,1,0,,not_available,来源含站台线，不能当作真实面,way/1088118949
node/11777560848,宝矿交接站,1,1,0,1,0,,not_available,来源含站台线，不能当作真实面,way/1268058630
node/13077904440,宝秀站,0,0,0,0,0,,not_available,未获取到关联站台源对象,
node/2662698103,宝老山站,0,0,0,0,0,,not_available,未获取到关联站台源对象,
node/3256496082,宝莲寺站,0,0,0,0,0,,not_available,未获取到关联站台源对象,
node/13974578807,宝钱公路站,0,0,0,0,0,,not_available,未获取到关联站台源对象,
node/9164484581,宝镜站,0,0,0,0,0,,not_available,未获取到关联站台源对象,
node/2989027227,宝鸡东站,0,0,0,0,0,,not_available,未获取到关联站台源对象,
node/7276282773,宝鸡南站,5,5,0,5,0,,not_available,来源含站台线，不能当作真实面,way/935903336|way/935903337|way/935903338|way/935903339|way/935903340
node/7728028162,宝鸡站,3,3,3,0,0,,not_available,源对象与显示一致，实际完整性未核验,way/302708283|way/302708284|way/302708285
node/9500070312,宝龙山站,1,1,1,0,0,,not_available,源对象与显示一致，实际完整性未核验,way/559537250
node/3949950053,审坡站,0,0,0,0,0,,not_available,未获取到关联站台源对象,
node/4759822025,宣化北站,0,0,0,0,0,,not_available,未获取到关联站台源对象,
node/843052503,宣化站,2,2,2,0,0,,not_available,源对象与显示一致，实际完整性未核验,way/783841660|way/783841661
node/840033594,宣和站,0,0,0,0,0,,not_available,未获取到关联站台源对象,
node/6240058953,宣城站,5,5,5,0,0,,not_available,源对象与显示一致，实际完整性未核验,way/1211179733|way/1211179734|way/1211184417|way/1211184418|way/1211184421
node/1569253486,宣威站,0,0,0,0,0,,not_available,未获取到关联站台源对象,
node/11233257578,宣汉南站,0,0,0,0,0,,not_available,未获取到关联站台源对象,
node/1586077503,宣汉站,2,2,2,0,0,,not_available,源对象与显示一致，实际完整性未核验,way/1303727241|way/1303727242
node/13328263533,家竹箐站,0,0,0,0,0,,not_available,未获取到关联站台源对象,
node/11645146215,容县南站,0,0,0,0,0,,not_available,未获取到关联站台源对象,
node/4858076963,容县站,2,2,2,0,0,,not_available,源对象与显示一致，实际完整性未核验,way/853240959|way/853240960
node/1669426966,容桂站,0,0,0,0,0,,not_available,未获取到关联站台源对象,
node/1592559566,宽甸站,1,1,1,0,0,,not_available,源对象与显示一致，实际完整性未核验,way/710519060
node/5697139256,宾安站,0,0,0,0,0,,not_available,未获取到关联站台源对象,
node/5697139255,宾州站,0,0,0,0,0,,not_available,未获取到关联站台源对象,
node/5697139239,宾西东站,0,0,0,0,0,,not_available,未获取到关联站台源对象,
node/5697139240,宾西北站,0,0,0,0,0,,not_available,未获取到关联站台源对象,
node/9131669870,宾西站,0,0,0,0,0,,not_available,未获取到关联站台源对象,
node/4804713181,宾阳站,3,3,3,0,0,,not_available,源对象与显示一致，实际完整性未核验,way/1369893932|way/1369893933|way/1369893934
node/7733885003,宿州东站,0,0,0,0,0,,not_available,未获取到关联站台源对象,
node/8454361465,宿州南站,0,0,0,0,0,,not_available,未获取到关联站台源对象,
node/8449407604,宿州站,3,3,3,0,0,,not_available,源对象与显示一致，实际完整性未核验,way/1122746302|way/1479747062|way/1479747078
node/11332278119,宿州西站,0,0,0,0,0,,not_available,未获取到关联站台源对象,
node/8498528070,宿松东站,0,0,0,0,0,,not_available,未获取到关联站台源对象,
node/1642883476,宿松站,0,0,0,0,0,,not_available,未获取到关联站台源对象,
node/8223644856,宿迁站,2,2,2,0,0,,not_available,源对象与显示一致，实际完整性未核验,way/884269332|way/884269333
node/7805109679,密云北站,1,1,1,0,0,,not_available,源对象与显示一致，实际完整性未核验,way/857963468
node/6717674851,密云站,2,2,2,0,0,,not_available,源对象与显示一致，实际完整性未核验,way/1182775045|way/1182775049
node/5232371905,密地站,0,0,0,0,0,,not_available,未获取到关联站台源对象,
node/9137873806,密山站,2,2,0,2,0,,not_available,来源含站台线，不能当作真实面,way/1119851740|way/1119851741
node/9137873805,密山西站,1,1,0,1,0,,not_available,来源含站台线，不能当作真实面,way/1119870279
node/9131669903,密江站,0,0,0,0,0,,not_available,未获取到关联站台源对象,
node/9171411664,密江站,0,0,0,0,0,,not_available,未获取到关联站台源对象,
node/1758381694,密马龙站,0,0,0,0,0,,not_available,未获取到关联站台源对象,
node/4589602573,寇庄站,0,0,0,0,0,,not_available,未获取到关联站台源对象,
node/14156675339,富力站,0,0,0,0,0,,not_available,未获取到关联站台源对象,
node/2958549715,富县东站,0,0,0,0,0,,not_available,未获取到关联站台源对象,
node/11124438533,富县北站,0,0,0,0,0,,not_available,未获取到关联站台源对象,
node/2958549714,富县站,0,0,0,0,0,,not_available,未获取到关联站台源对象,
node/8859164011,富埇站,0,0,0,0,0,,not_available,未获取到关联站台源对象,
node/4039923101,富宁站,5,5,2,3,0,,not_available,来源含站台线，不能当作真实面,way/1338965811|way/1338965812|way/537975222|way/537975224|way/1338965810
node/1665822771,富安站,0,0,0,0,0,,not_available,未获取到关联站台源对象,
node/8742862746,富家桥站,0,0,0,0,0,,not_available,未获取到关联站台源对象,
node/8835788899,富岭站,0,0,0,0,0,,not_available,未获取到关联站台源对象,
node/5072511977,富川站,2,2,2,0,0,,not_available,源对象与显示一致，实际完整性未核验,way/1472747641|way/1472747642
node/12513878220,富平南站,2,2,0,2,0,,not_available,来源含站台线，不能当作真实面,way/1524359922|way/1524359923
node/2758430367,富平站,1,1,1,0,0,,not_available,源对象与显示一致，实际完整性未核验,way/1211832005
node/8431451888,富庄子站,0,0,0,0,0,,not_available,未获取到关联站台源对象,
node/4666461819,富庶岭站,0,0,0,0,0,,not_available,未获取到关联站台源对象,
node/3840243133,富强堡站,1,1,0,1,0,,not_available,来源含站台线，不能当作真实面,way/954030272
node/13508852373,富强站,0,0,0,0,0,,not_available,未获取到关联站台源对象,
node/1595925150,富拉尔基站,2,2,0,2,0,,not_available,来源含站台线，不能当作真实面,way/1096864898|way/1096864899
node/8814335320,富文站,0,0,0,0,0,,not_available,未获取到关联站台源对象,
node/8846877292,富民站,0,0,0,0,0,,not_available,未获取到关联站台源对象,
node/6339908047,富海站,1,1,0,1,0,,not_available,来源含站台线，不能当作真实面,way/1118842602
node/3328330803,富源北站,1,1,1,0,0,,not_available,源对象与显示一致，实际完整性未核验,way/833116876
node/2323529356,富源站,0,0,0,0,0,,not_available,未获取到关联站台源对象,
node/8856369199,富用站,0,0,0,0,0,,not_available,未获取到关联站台源对象,
node/7365892527,富蕴站,1,1,1,0,0,,not_available,源对象与显示一致，实际完整性未核验,way/881291559
node/1727803016,富裕站,2,2,0,2,0,,not_available,来源含站台线，不能当作真实面,way/1086324692|way/1086324693
node/10285479238,富锦园区站,1,1,0,1,0,,not_available,来源含站台线，不能当作真实面,way/1124741277
node/9129925025,富锦站,1,1,0,1,0,,not_available,来源含站台线，不能当作真实面,way/967008997
node/5907956116,富阳站,2,2,2,0,0,,not_available,源对象与显示一致，实际完整性未核验,way/872895786|way/872895787
node/12693325019,富阳西站,0,0,0,0,0,,not_available,未获取到关联站台源对象,
node/9059413685,富顺站,2,2,0,2,0,,not_available,来源含站台线，不能当作真实面,way/1231309036|way/1231309037
node/13505681744,富龙山站,0,0,0,0,0,,not_available,未获取到关联站台源对象,
node/7128808609,寒亭站,0,0,0,0,0,,not_available,未获取到关联站台源对象,
node/2349438715,寒岭站,0,0,0,0,0,,not_available,未获取到关联站台源对象,
node/2380085341,寒王站,0,0,0,0,0,,not_available,未获取到关联站台源对象,
node/2075745777,寒葱沟站,1,1,0,1,0,,not_available,来源含站台线，不能当作真实面,way/299789754
node/2662698175,察尔汗站,0,0,0,0,0,,not_available,未获取到关联站台源对象,
node/4472531698,察汗诺站,0,0,0,0,0,,not_available,未获取到关联站台源对象,
node/1709764696,察素齐站,3,3,3,0,0,,not_available,源对象与显示一致，实际完整性未核验,way/532879415|way/532879416|way/835919664
node/9265808488,寨口站,0,0,0,0,0,,not_available,未获取到关联站台源对象,
node/8382763909,寨西店站,3,3,1,2,0,,not_available,来源含站台线，不能当作真实面,way/1072759519|way/1072759517|way/1072759518
node/8856779635,寨隆站,0,0,0,0,0,,not_available,未获取到关联站台源对象,
node/6289527611,寮步站,2,2,2,0,0,,not_available,源对象与显示一致，实际完整性未核验,way/1509474219|way/1509474220
node/8154580329,对亭站,1,1,1,0,0,,not_available,源对象与显示一致，实际完整性未核验,way/1370497789
node/9137873796,对青山站,2,2,0,2,0,,not_available,来源含站台线，不能当作真实面,way/1098021914|way/1098021915
node/8093975747,寺坡站,0,0,0,0,0,,not_available,未获取到关联站台源对象,
node/3653614729,寺沟站,0,0,0,0,0,,not_available,未获取到关联站台源对象,
node/10649058856,寻甸东站,0,0,0,0,0,,not_available,未获取到关联站台源对象,
node/8364361958,寻甸站,0,0,0,0,0,,not_available,未获取到关联站台源对象,
node/12066013376,寿光东站,0,0,0,0,0,,not_available,未获取到关联站台源对象,
node/5517787951,寿光北站,0,0,0,0,0,,not_available,未获取到关联站台源对象,
node/6758716668,寿光站,2,2,2,0,0,,not_available,源对象与显示一致，实际完整性未核验,way/1453825479|way/1453825480
node/6758716662,寿光西站,0,0,0,0,0,,not_available,未获取到关联站台源对象,
node/4592125064,寿县站,0,0,0,0,0,,not_available,未获取到关联站台源对象,
node/10598598288,寿安站,2,2,0,2,0,,not_available,来源含站台线，不能当作真实面,way/1548620505|way/1548620506
node/7816787315,寿昌站,0,0,0,0,0,,not_available,未获取到关联站台源对象,
node/2318026357,寿阳站,0,0,0,0,0,,not_available,未获取到关联站台源对象,
node/2371670079,封丘站,0,0,0,0,0,,not_available,未获取到关联站台源对象,
node/3024250988,封浜站,0,0,0,0,0,,not_available,未获取到关联站台源对象,
node/7856211589,射阳站,0,0,0,0,0,,not_available,未获取到关联站台源对象,
node/2501355015,将乐站,2,2,2,0,0,,not_available,源对象与显示一致，实际完整性未核验,way/381459666|way/381459667
node/8407343074,将军川站,0,0,0,0,0,,not_available,未获取到关联站台源对象,
node/7368618934,将军庙东站,0,0,0,0,0,,not_available,未获取到关联站台源对象,
node/6308157535,将军庙站,0,0,0,0,0,,not_available,未获取到关联站台源对象,
node/7252546314,将口站,1,1,1,0,0,,not_available,源对象与显示一致，实际完整性未核验,way/1191338696
node/7319330883,尉犁站,2,2,2,0,0,,not_available,源对象与显示一致，实际完整性未核验,way/981846360|way/981846361
node/1655741338,小东站,0,0,0,0,0,,not_available,未获取到关联站台源对象,
node/10599205245,小中甸站,0,0,0,0,0,,not_available,未获取到关联站台源对象,
node/9292699638,小保当站,0,0,0,0,0,,not_available,未获取到关联站台源对象,
node/8323475049,小儿坪站,0,0,0,0,0,,not_available,未获取到关联站台源对象,
node/8323680333,小关溪站,0,0,0,0,0,,not_available,未获取到关联站台源对象,
node/12516715158,小兴安站,0,0,0,0,0,,not_available,未获取到关联站台源对象,
node/9334658559,小南垭站,0,0,0,0,0,,not_available,未获取到关联站台源对象,
node/7296170208,小南川站,0,0,0,0,0,,not_available,未获取到关联站台源对象,
node/1587088565,小南海站,0,0,0,0,0,,not_available,未获取到关联站台源对象,
node/1273438120,小合隆站,0,0,0,0,0,,not_available,未获取到关联站台源对象,
node/2001913825,小哨站,0,0,0,0,0,,not_available,未获取到关联站台源对象,
node/8378245801,小商桥站,0,0,0,0,0,,not_available,未获取到关联站台源对象,
node/9118892103,小坝站,0,0,0,0,0,,not_available,未获取到关联站台源对象,
node/9174163137,小堡站,0,0,0,0,0,,not_available,未获取到关联站台源对象,
node/9193526307,小塘站,0,0,0,0,0,,not_available,未获取到关联站台源对象,
node/9193526306,小塘西站,0,0,0,0,0,,not_available,未获取到关联站台源对象,
node/7702364121,小处站,0,0,0,0,0,,not_available,未获取到关联站台源对象,
node/9178116413,小姑家站,0,0,0,0,0,,not_available,未获取到关联站台源对象,
node/3645328094,小宋站,0,0,0,0,0,,not_available,未获取到关联站台源对象,
node/7276779891,小宛站,0,0,0,0,0,,not_available,未获取到关联站台源对象,
node/8310107343,小寨坝站,0,0,0,0,0,,not_available,未获取到关联站台源对象,
node/3024657029,小寨站,0,0,0,0,0,,not_available,未获取到关联站台源对象,
node/2336082833,小寺沟站,0,0,0,0,0,,not_available,未获取到关联站台源对象,
node/12404403777,小尖山东站,0,0,0,0,0,,not_available,未获取到关联站台源对象,
node/7319313625,小尖山站,0,0,0,0,0,,not_available,未获取到关联站台源对象,
node/8184227423,小尚站,0,0,0,0,0,,not_available,未获取到关联站台源对象,
node/2349438762,小屯站,1,1,1,0,0,,not_available,源对象与显示一致，实际完整性未核验,way/879278554
node/4976690855,小屯街站,0,0,0,0,0,,not_available,未获取到关联站台源对象,
node/2156363609,小山站,0,0,0,0,0,,not_available,未获取到关联站台源对象,
node/333760355,小岭站,2,2,0,2,0,,not_available,来源含站台线，不能当作真实面,way/1098866696|way/1098866697
node/2349633693,小市站,0,0,0,0,0,,not_available,未获取到关联站台源对象,
node/9072960169,小布盖齐站,0,0,0,0,0,,not_available,未获取到关联站台源对象,
node/2336082829,小平房站,0,0,0,0,0,,not_available,未获取到关联站台源对象,
node/8154580336,小平阳站,0,0,0,0,0,,not_available,未获取到关联站台源对象,
node/8015997054,小康庄站,2,2,2,0,0,,not_available,源对象与显示一致，实际完整性未核验,way/1068311524|way/1068311525
node/9169253665,小康站,0,0,0,0,0,,not_available,未获取到关联站台源对象,
node/2324108332,小得江站,0,0,0,0,0,,not_available,未获取到关联站台源对象,
node/7679262640,小房身站,0,0,0,0,0,,not_available,未获取到关联站台源对象,
node/1725778036,小扬气站,1,1,0,1,0,,not_available,来源含站台线，不能当作真实面,way/1127666970
node/8503926531,小攀枝花站,0,0,0,0,0,,not_available,未获取到关联站台源对象,
node/1759329328,小新街站,0,0,0,0,0,,not_available,未获取到关联站台源对象,
node/4076457023,小景站,0,0,0,0,0,,not_available,未获取到关联站台源对象,
node/9186758546,小月旧站,0,0,0,0,0,,not_available,未获取到关联站台源对象,
node/8378245798,小李庄站,0,0,0,0,0,,not_available,未获取到关联站台源对象,
node/1758381742,小村站,0,0,0,0,0,,not_available,未获取到关联站台源对象,
node/5895931044,小林站,0,0,0,0,0,,not_available,未获取到关联站台源对象,
node/4366580973,小柴旦站,0,0,0,0,0,,not_available,未获取到关联站台源对象,
node/5010533065,小柴旦站,0,0,0,0,0,,not_available,未获取到关联站台源对象,
node/7315534542,小桥站,0,0,0,0,0,,not_available,未获取到关联站台源对象,
node/8278853416,小梁庄站,0,0,0,0,0,,not_available,未获取到关联站台源对象,
node/7710011721,小榄站,0,0,0,0,0,,not_available,未获取到关联站台源对象,
node/1727803138,小榆树站,2,2,0,2,0,,not_available,来源含站台线，不能当作真实面,way/1125531999|way/1125532002
node/2920243795,小水峪站,1,1,0,1,0,,not_available,来源含站台线，不能当作真实面,way/1032876041
node/3182773627,小江站,0,0,0,0,0,,not_available,未获取到关联站台源对象,
node/8417536128,小池口站,2,2,0,2,0,,not_available,来源含站台线，不能当作真实面,way/1558618201|way/1558618206
node/8509054227,小池站,0,0,0,0,0,,not_available,未获取到关联站台源对象,
node/2838826705,小池镇站,0,0,0,0,0,,not_available,未获取到关联站台源对象,
node/9287647740,小河头站,0,0,0,0,0,,not_available,未获取到关联站台源对象,
node/2348136438,小河沿站,1,1,0,1,0,,not_available,来源含站台线，不能当作真实面,way/1481198794
node/12428681648,小河港站,0,0,0,0,0,,not_available,未获取到关联站台源对象,
node/1585549999,小河镇站,2,2,2,0,0,,not_available,源对象与显示一致，实际完整性未核验,way/1303289076|way/1303289077
node/8244544702,小清河西站,0,0,0,0,0,,not_available,未获取到关联站台源对象,
node/7781469276,小湖站,0,0,0,0,0,,not_available,未获取到关联站台源对象,
node/9226690947,小湖集站,0,0,0,0,0,,not_available,未获取到关联站台源对象,
node/8342287688,小湾东站,1,1,1,0,0,,not_available,源对象与显示一致，实际完整性未核验,way/999874036
node/5130311992,小溪坝站,0,0,0,0,0,,not_available,未获取到关联站台源对象,
node/7202320835,小溪塔站,0,0,0,0,0,,not_available,未获取到关联站台源对象,
node/8454361471,小溪河站,0,0,0,0,0,,not_available,未获取到关联站台源对象,
way/71297774,小火车北园站,0,0,0,0,0,,not_available,未获取到关联站台源对象,
node/7319313630,小灶火站,0,0,0,0,0,,not_available,未获取到关联站台源对象,
node/8568508323,小烟墩站,0,0,0,0,0,,not_available,未获取到关联站台源对象,
node/2154670877,小白站,1,1,0,1,0,,not_available,来源含站台线，不能当作真实面,way/1120788876
node/4068178340,小石家庄站,0,0,0,0,0,,not_available,未获取到关联站台源对象,
node/8364119777,小箐站,0,0,0,0,0,,not_available,未获取到关联站台源对象,
node/7473462484,小红井站,0,0,0,0,0,,not_available,未获取到关联站台源对象,
node/9118892092,小红山站,0,0,0,0,0,,not_available,未获取到关联站台源对象,
node/9265808487,小红门站,3,3,0,3,0,,not_available,来源含站台线，不能当作真实面,way/164946954|way/164946957|way/1064553256
node/9292699668,小纪汗北站,0,0,0,0,0,,not_available,未获取到关联站台源对象,
node/9295305376,小纪汗站,0,0,0,0,0,,not_available,未获取到关联站台源对象,
node/7935693225,小绍站,0,0,0,0,0,,not_available,未获取到关联站台源对象,
node/8833940923,小舟站,0,0,0,0,0,,not_available,未获取到关联站台源对象,
node/8597721377,小花果站,0,0,0,0,0,,not_available,未获取到关联站台源对象,
node/9524436504,小草湖站,0,0,0,0,0,,not_available,未获取到关联站台源对象,
node/7276635780,小草湖西站,0,0,0,0,0,,not_available,未获取到关联站台源对象,
node/8069175976,小营站,0,0,0,0,0,,not_available,未获取到关联站台源对象,
node/2661130711,小董站,0,0,0,0,0,,not_available,未获取到关联站台源对象,
node/7692331707,小董西站,0,0,0,0,0,,not_available,未获取到关联站台源对象,
node/4692536680,小蒜沟站,2,2,2,0,0,,not_available,源对象与显示一致，实际完整性未核验,way/1157128595|way/1157128596
node/1984411015,小西庄站,1,1,1,0,0,,not_available,源对象与显示一致，实际完整性未核验,way/1150531116
node/2351995607,小觉站,0,0,0,0,0,,not_available,未获取到关联站台源对象,
node/1758381746,小路溪站,0,0,0,0,0,,not_available,未获取到关联站台源对象,
node/9262515449,小车乡站,0,0,0,0,0,,not_available,未获取到关联站台源对象,
node/11297643246,小里站,0,0,0,0,0,,not_available,未获取到关联站台源对象,
node/9196767920,小金口站,4,4,4,0,0,,not_available,源对象与显示一致，实际完整性未核验,way/1509538629|way/1509538630|way/1509538631|way/1509538632
node/2324108333,小雨谷站,0,0,0,0,0,,not_available,未获取到关联站台源对象,
node/12519624547,小青站,0,0,0,0,0,,not_available,未获取到关联站台源对象,
node/9320122094,小马站,0,0,0,0,0,,not_available,未获取到关联站台源对象,
node/1558445020,小高站,0,0,0,0,0,,not_available,未获取到关联站台源对象,
node/11945267393,小鱼沱站,0,0,0,0,0,,not_available,未获取到关联站台源对象,
node/6308158130,小黄山站,0,0,0,0,0,,not_available,未获取到关联站台源对象,
node/8728079137,小龙门站,0,0,0,0,0,,not_available,未获取到关联站台源对象,
node/2092189947,尔赛河站,0,0,0,0,0,,not_available,未获取到关联站台源对象,
node/12404403783,尕斯湖站,0,0,0,0,0,,not_available,未获取到关联站台源对象,
node/13505962533,尖山站,0,0,0,0,0,,not_available,未获取到关联站台源对象,
node/9204348259,尖山站,0,0,0,0,0,,not_available,未获取到关联站台源对象,
node/12747885399,尖峰北站,0,0,0,0,0,,not_available,未获取到关联站台源对象,
node/3926611494,尖峰站,2,2,2,0,0,,not_available,源对象与显示一致，实际完整性未核验,way/1035768998|way/1035768999
node/8742913289,尚仁里站,0,0,0,0,0,,not_available,未获取到关联站台源对象,
node/9137873793,尚家站,2,2,0,2,0,,not_available,来源含站台线，不能当作真实面,way/1097916782|way/1097916783
node/8175765364,尚庄站,0,0,0,0,0,,not_available,未获取到关联站台源对象,
node/4684549549,尚志南站,0,0,0,0,0,,not_available,未获取到关联站台源对象,
node/333757159,尚志站,2,2,0,2,0,,not_available,来源含站台线，不能当作真实面,way/967033191|way/967033192
node/8175886886,尚武站,0,0,0,0,0,,not_available,未获取到关联站台源对象,
node/7369154306,尤尔敦东站,0,0,0,0,0,,not_available,未获取到关联站台源对象,
node/7369154305,尤尔敦站,0,0,0,0,0,,not_available,未获取到关联站台源对象,
node/2501327340,尤溪站,2,2,2,0,0,,not_available,源对象与显示一致，实际完整性未核验,way/381460393|way/381460394
node/8283601959,尧化门站,0,0,0,0,0,,not_available,未获取到关联站台源对象,
node/8334886055,尹地站,0,0,0,0,0,,not_available,未获取到关联站台源对象,
node/9242869570,尹洼站,0,0,0,0,0,,not_available,未获取到关联站台源对象,
node/7368822657,尼勒克站,0,0,0,0,0,,not_available,未获取到关联站台源对象,
node/4518496301,尼日站,0,0,0,0,0,,not_available,未获取到关联站台源对象,
node/2894963051,尼木站,1,1,1,0,0,,not_available,源对象与显示一致，实际完整性未核验,way/576679355
node/2092190048,尼波站,0,0,0,0,0,,not_available,未获取到关联站台源对象,
node/9524436512,尾亚站,0,0,0,0,0,,not_available,未获取到关联站台源对象,
node/8320759765,尾芽站,0,0,0,0,0,,not_available,未获取到关联站台源对象,
node/7843554046,居庸关站,2,2,0,2,0,,not_available,来源含站台线，不能当作真实面,way/122353661|way/185883992
node/7473325534,居延海站,0,0,0,0,0,,not_available,未获取到关联站台源对象,
node/10599205319,居都谷站,0,0,0,0,0,,not_available,未获取到关联站台源对象,
node/8485210273,屈原岗站,0,0,0,0,0,,not_available,未获取到关联站台源对象,
node/7935693261,屏南站,0,0,0,0,0,,not_available,未获取到关联站台源对象,
node/5507309248,屏山站,2,2,0,2,0,,not_available,来源含站台线，不能当作真实面,way/1419753875|way/1419753876
node/3438638221,屏边站,0,0,0,0,0,,not_available,未获取到关联站台源对象,
node/7702364129,履坦站,0,0,0,0,0,,not_available,未获取到关联站台源对象,
node/9524455323,屯升站,0,0,0,0,0,,not_available,未获取到关联站台源对象,
node/3677188104,屯里站,0,0,0,0,0,,not_available,未获取到关联站台源对象,
node/12739507004,山丹北站,0,0,0,0,0,,not_available,未获取到关联站台源对象,
node/9524436495,山丹湖站,0,0,0,0,0,,not_available,未获取到关联站台源对象,
node/1650149193,山丹站,2,2,0,2,0,,not_available,来源含站台线，不能当作真实面,way/1107935640|way/1107935641
node/3688836605,山丹马场,2,2,2,0,0,,not_available,源对象与显示一致，实际完整性未核验,way/1475529286|way/1475529287
node/11944888810,山南站,0,0,0,0,0,,not_available,未获取到关联站台源对象,
node/4022925840,山南站,0,0,0,0,0,,not_available,未获取到关联站台源对象,
node/9087403304,山南站,0,0,0,0,0,,not_available,未获取到关联站台源对象,
node/9223366449,山南站,0,0,0,0,0,,not_available,未获取到关联站台源对象,
node/7369016949,山口站,2,2,1,1,0,,not_available,来源含站台线，不能当作真实面,way/261828022|way/261828021
node/9131669901,山嘴子站,0,0,0,0,0,,not_available,未获取到关联站台源对象,
node/2340355360,山场屯站,0,0,0,0,0,,not_available,未获取到关联站台源对象,
node/3700684521,山坡东站,2,2,0,2,0,,not_available,来源含站台线，不能当作真实面,way/1157131620|way/1157131621
node/8337379795,山坡站,0,0,0,0,0,,not_available,未获取到关联站台源对象,
node/2327511895,山城镇站,2,2,2,0,0,,not_available,源对象与显示一致，实际完整性未核验,way/1035338547|way/1035338548
node/9246201041,山头站,0,0,0,0,0,,not_available,未获取到关联站台源对象,
node/8432585812,山家林站,0,0,0,0,0,,not_available,未获取到关联站台源对象,
node/7828127977,山岭子站,0,0,0,0,0,,not_available,未获取到关联站台源对象,
node/1603990245,山市站,2,2,0,2,0,,not_available,来源含站台线，不能当作真实面,way/1108150228|way/1108150229
node/14156675342,山庄站,0,0,0,0,0,,not_available,未获取到关联站台源对象,
node/8689278108,山底岭站,0,0,0,0,0,,not_available,未获取到关联站台源对象,
node/2333085947,山河屯站,0,0,0,0,0,,not_available,未获取到关联站台源对象,
node/5581519431,山河站,1,1,0,1,0,,not_available,来源含站台线，不能当作真实面,way/1113722662
node/9174163159,山河镇站,0,0,0,0,0,,not_available,未获取到关联站台源对象,
node/7809638499,山海关站,6,6,6,0,0,,not_available,源对象与显示一致，实际完整性未核验,way/471861017|way/471861019|way/471861020|way/471861022|way/1136536070|way/1228874319
node/1720956511,山湾子站,1,1,0,1,0,,not_available,来源含站台线，不能当作真实面,way/1481198798
node/9263223092,山神庙站,0,0,0,0,0,,not_available,未获取到关联站台源对象,
node/3739156389,山腰站,0,0,0,0,0,,not_available,未获取到关联站台源对象,
node/12753978477,山钢站,0,0,0,0,0,,not_available,未获取到关联站台源对象,
node/10861970007,山阳站,2,2,0,2,0,,not_available,来源含站台线，不能当作真实面,way/1493642886|way/1493642887
node/10297769455,山阴南站,0,0,0,0,0,,not_available,未获取到关联站台源对象,
node/4471051508,山阴站,0,0,0,0,0,,not_available,未获取到关联站台源对象,
node/2820611675,岐山站,2,2,2,0,0,,not_available,源对象与显示一致，实际完整性未核验,way/1208703171|way/1208703172
node/7740286559,岑川站,0,0,0,0,0,,not_available,未获取到关联站台源对象,
node/4742584040,岑村站,2,2,2,0,0,,not_available,源对象与显示一致，实际完整性未核验,way/1434060605|way/1434060606
node/11645146216,岑溪东站,0,0,0,0,0,,not_available,未获取到关联站台源对象,
node/8859199265,岑溪北站,0,0,0,0,0,,not_available,未获取到关联站台源对象,
node/5625820075,岑溪站,2,2,2,0,0,,not_available,源对象与显示一致，实际完整性未核验,way/1369922971|way/1369922972
node/11524917652,岔哈泉站,0,0,0,0,0,,not_available,未获取到关联站台源对象,
node/2324108331,岔江站,0,0,0,0,0,,not_available,未获取到关联站台源对象,
node/5033211505,岔河站,0,0,0,0,0,,not_available,未获取到关联站台源对象,
node/8192996909,岔滩站,0,0,0,0,0,,not_available,未获取到关联站台源对象,
node/7329138459,岗嘎站,0,0,0,0,0,,not_available,未获取到关联站台源对象,
node/7296275988,岗秀站,0,0,0,0,0,,not_available,未获取到关联站台源对象,
node/9192805746,岗美站,0,0,0,0,0,,not_available,未获取到关联站台源对象,
node/12404403780,岗茨站,0,0,0,0,0,,not_available,未获取到关联站台源对象,
node/4067931193,岚县站,0,0,0,0,0,,not_available,未获取到关联站台源对象,
node/12753977166,岚山港站,0,0,0,0,0,,not_available,未获取到关联站台源对象,
node/8454064913,岚山站,0,0,0,0,0,,not_available,未获取到关联站台源对象,
node/9549447314,岚山西站,4,4,2,2,0,,not_available,来源含站台线，不能当作真实面,way/1371153022|way/1371153024|way/687493959|way/687493962
node/12753977167,岚桥港站,0,0,0,0,0,,not_available,未获取到关联站台源对象,
node/11233257569,岚皋站,0,0,0,0,0,,not_available,未获取到关联站台源对象,
node/8857216869,岜仑站,0,0,0,0,0,,not_available,未获取到关联站台源对象,
node/8349669772,岞山站,2,2,0,2,0,,not_available,来源含站台线，不能当作真实面,way/1357655360|way/1357655361
node/1698277412,岢岚站,0,0,0,0,0,,not_available,未获取到关联站台源对象,
node/1668749979,岩会站,2,2,0,2,0,,not_available,来源含站台线，不能当作真实面,way/1058183392|way/1058183393
node/7272083215,岩前站,0,0,0,0,0,,not_available,未获取到关联站台源对象,
node/7272083211,岩寺站,1,1,1,0,0,,not_available,源对象与显示一致，实际完整性未核验,way/1487179581
node/8568528381,岩屋庙站,0,0,0,0,0,,not_available,未获取到关联站台源对象,
node/9126260268,岩山站,1,1,0,1,0,,not_available,来源含站台线，不能当作真实面,way/1117600158
node/7878280135,岩峰站,2,2,1,1,0,,not_available,来源含站台线，不能当作真实面,way/1056949509|way/1056949508
node/5047565016,岩泊渡站,0,0,0,0,0,,not_available,未获取到关联站台源对象,
node/9329260402,岩脚站,0,0,0,0,0,,not_available,未获取到关联站台源对象,
node/8293151033,岩龙站,0,0,0,0,0,,not_available,未获取到关联站台源对象,
node/4615517246,岫岩站,0,0,0,0,0,,not_available,未获取到关联站台源对象,
node/13505962546,岭东站,0,0,0,0,0,,not_available,未获取到关联站台源对象,
node/14156675335,岭东站,0,0,0,0,0,,not_available,未获取到关联站台源对象,
node/9126260271,岭北站,1,1,0,1,0,,not_available,来源含站台线，不能当作真实面,way/1117834485
node/2331935776,岭南站,1,1,0,1,0,,not_available,来源含站台线，不能当作真实面,way/1117789235
node/7236072723,岭头站,0,0,0,0,0,,not_available,未获取到关联站台源对象,
node/9274358847,岭庄站,0,0,0,0,0,,not_available,未获取到关联站台源对象,
node/13505962535,岭西站,0,0,0,0,0,,not_available,未获取到关联站台源对象,
node/13454424823,岭顶站,0,0,0,0,0,,not_available,未获取到关联站台源对象,
node/1697955555,岱岳站,0,0,0,0,0,,not_available,未获取到关联站台源对象,
node/9242869559,岱庄站,0,0,0,0,0,,not_available,未获取到关联站台源对象,
node/3624925002,岱河站,0,0,0,0,0,,not_available,未获取到关联站台源对象,
node/7202372382,岳口站,0,0,0,0,0,,not_available,未获取到关联站台源对象,
node/5149515712,岳池站,0,0,0,0,0,,not_available,未获取到关联站台源对象,
node/581851038,岳阳东站,4,4,4,0,0,,not_available,源对象与显示一致，实际完整性未核验,way/757210748|way/757210749|way/757210750|way/757210751
node/8312461954,岳阳北站,0,0,0,0,0,,not_available,未获取到关联站台源对象,
node/12855205050,岳阳南站,1,1,1,0,0,,not_available,源对象与显示一致，实际完整性未核验,way/1388746539
node/8308266739,岳阳站,2,2,2,0,0,2,osm_station_tags,源对象与显示一致，实际完整性未核验,way/1201706865|way/1201706877
node/3500351614,岷县站,3,3,0,3,0,,not_available,来源含站台线，不能当作真实面,way/528115950|way/528115951|way/1075588134
node/8386361771,峙峪站,0,0,0,0,0,,not_available,未获取到关联站台源对象,
node/1675935530,峙滩站,0,0,0,0,0,,not_available,未获取到关联站台源对象,
node/9524436513,峡口站,0,0,0,0,0,,not_available,未获取到关联站台源对象,
node/6205624598,峡山站,0,0,0,0,0,,not_available,未获取到关联站台源对象,
node/2314081758,峡江站,2,2,2,0,0,,not_available,源对象与显示一致，实际完整性未核验,way/1087715261|way/1087715262
node/8728869855,峡谷站,0,0,0,0,0,,not_available,未获取到关联站台源对象,
node/4498403715,峡阳站,0,0,0,0,0,,not_available,未获取到关联站台源对象,
node/9246201053,峤山站,0,0,0,0,0,,not_available,未获取到关联站台源对象,
node/11330540416,峦城站,0,0,0,0,0,,not_available,未获取到关联站台源对象,
node/7454666944,峨山站,0,0,0,0,0,,not_available,未获取到关联站台源对象,
node/8509525977,峨桥站,1,1,0,1,0,,not_available,来源含站台线，不能当作真实面,way/1476417374
node/3740929616,峨眉山站,2,2,0,2,0,,not_available,来源含站台线，不能当作真实面,way/652570833|way/652570834
node/1588514347,峨眉站,4,4,0,4,0,,not_available,来源含站台线，不能当作真实面,way/1545997796|way/1545997797|way/1545997798|way/1545997799
node/5230065211,峨边南站,0,0,0,0,0,,not_available,未获取到关联站台源对象,
node/3328325346,峨边站,0,0,0,0,0,,not_available,未获取到关联站台源对象,
node/7694882110,峰洞站,0,0,0,0,0,,not_available,未获取到关联站台源对象,
node/8190017002,峰高铺站,0,0,0,0,0,,not_available,未获取到关联站台源对象,
node/14156675344,峻德站,0,0,0,0,0,,not_available,未获取到关联站台源对象,
node/9129186223,峻德站,1,1,0,1,0,,not_available,来源含站台线，不能当作真实面,way/1116561118
node/14156675343,峻立站,0,0,0,0,0,,not_available,未获取到关联站台源对象,
node/2449480731,崇仁站,0,0,0,0,0,,not_available,未获取到关联站台源对象,
node/1783909006,崇信站,1,1,0,1,0,,not_available,来源含站台线，不能当作真实面,way/1293719862
node/4585404860,崇州站,2,2,2,0,0,,not_available,源对象与显示一致，实际完整性未核验,way/1147263154|way/1147263155
node/7781698840,崇左南站,3,3,3,0,0,,not_available,源对象与显示一致，实际完整性未核验,way/1482474435|way/1482474436|way/1482474438
node/1577103484,崇左站,1,1,0,1,0,,not_available,来源含站台线，不能当作真实面,way/556843728
node/11327619618,崇明站,0,0,0,0,0,,not_available,未获取到关联站台源对象,
node/8930800105,崇礼站,2,2,2,0,0,,not_available,源对象与显示一致，实际完整性未核验,way/1432564121|way/1432564122
node/4022919459,崔家寨站,0,0,0,0,0,,not_available,未获取到关联站台源对象,
node/10120264003,崔家屯站,1,1,1,0,0,,not_available,源对象与显示一致，实际完整性未核验,way/815781094
node/3949950019,崔家庙站,0,0,0,0,0,,not_available,未获取到关联站台源对象,
node/9223366429,崔寨站,0,0,0,0,0,,not_available,未获取到关联站台源对象,
node/7897441936,崔马庄站,0,0,0,0,0,,not_available,未获取到关联站台源对象,
node/2662698280,崔黄口站,1,1,1,0,0,,not_available,源对象与显示一致，实际完整性未核验,way/1135259251
node/12495157623,崖州湾站,0,0,0,0,0,,not_available,未获取到关联站台源对象,
node/3926611765,崖州站,4,4,4,0,0,,not_available,源对象与显示一致，实际完整性未核验,way/1035768977|way/1035768978|way/1035768979|way/1233858848
node/12747906901,崖州西站,0,0,0,0,0,,not_available,未获取到关联站台源对象,
node/8390453039,崞阳镇站,0,0,0,0,0,,not_available,未获取到关联站台源对象,
node/8455171497,崮山站,2,2,2,0,0,,not_available,源对象与显示一致，实际完整性未核验,way/464948355|way/778850880
node/9536779007,嵊州北站,0,0,0,0,0,,not_available,未获取到关联站台源对象,
node/8786263678,嵊州新昌站,4,4,0,4,0,,not_available,来源含站台线，不能当作真实面,way/1323865428|way/1323865429|way/1323865435|way/1323865436
node/11309231855,嵊州西站,0,0,0,0,0,,not_available,未获取到关联站台源对象,
node/3003934515,嵩店站,0,0,0,0,0,,not_available,未获取到关联站台源对象,
node/3328336259,嵩明站,0,0,0,0,0,,not_available,未获取到关联站台源对象,
node/2662698281,嵯岗站,2,2,0,2,0,,not_available,来源含站台线，不能当作真实面,way/1095104119|way/1095104120
node/8342139015,巍山站,2,2,2,0,0,,not_available,源对象与显示一致，实际完整性未核验,way/1357827549|way/1357827550
node/4072951363,川井站,0,0,0,0,0,,not_available,未获取到关联站台源对象,
node/7473410514,川地托站,0,0,0,0,0,,not_available,未获取到关联站台源对象,
node/8330381532,川山坪站,0,0,0,0,0,,not_available,未获取到关联站台源对象,
node/8727550314,川水站,1,1,1,0,0,,not_available,源对象与显示一致，实际完整性未核验,way/1390912716
node/8184167803,巡场,0,0,0,0,0,,not_available,未获取到关联站台源对象,
node/7197289096,巢北站,2,2,2,0,0,,not_available,源对象与显示一致，实际完整性未核验,way/1085354242|way/1085354243
node/9242148036,巢湖东站,4,4,4,0,0,,not_available,源对象与显示一致，实际完整性未核验,way/1053065280|way/1053065281|way/1053065282|way/1053065283
node/2662698219,巢湖站,2,2,2,0,0,,not_available,源对象与显示一致，实际完整性未核验,way/1287118863|way/1287118864
node/8503473771,巢湖西站,1,1,1,0,0,,not_available,源对象与显示一致，实际完整性未核验,way/1287106957
node/9226690970,工业园站,0,0,0,0,0,,not_available,未获取到关联站台源对象,
node/13508852351,工人村站,0,0,0,0,0,,not_available,未获取到关联站台源对象,
node/1732027867,工农湖站,0,0,0,0,0,,not_available,未获取到关联站台源对象,
node/12982669161,工农站,0,0,0,0,0,,not_available,未获取到关联站台源对象,
node/9509322809,工厂站,1,1,1,0,0,,not_available,源对象与显示一致，实际完整性未核验,way/1031856425
node/9282598411,左云站,0,0,0,0,0,,not_available,未获取到关联站台源对象,
node/1548856871,左家站,2,2,2,0,0,,not_available,源对象与显示一致，实际完整性未核验,way/696601943|way/708422274
node/3377805382,左岭站,2,2,2,0,0,,not_available,源对象与显示一致，实际完整性未核验,way/691807137|way/691807140
node/2380085355,左权站,0,0,0,0,0,,not_available,未获取到关联站台源对象,
node/12513805582,巧克力学院站,0,0,0,0,0,,not_available,未获取到关联站台源对象,
node/2324653272,巨亭站,0,0,0,0,0,,not_available,未获取到关联站台源对象,
node/4018879789,巨各庄站,1,1,0,1,0,,not_available,来源含站台线，不能当作真实面,way/1109781206
node/1732027878,巨宝站,0,0,0,0,0,,not_available,未获取到关联站台源对象,
node/3259307096,巨峰站,0,0,0,0,0,,not_available,未获取到关联站台源对象,
node/9354508780,巨野北站,0,0,0,0,0,,not_available,未获取到关联站台源对象,
node/808126461,巨野站,0,0,0,0,0,,not_available,未获取到关联站台源对象,
node/3949965979,巨鹿站,1,1,1,0,0,,not_available,源对象与显示一致，实际完整性未核验,way/1112541538
node/3006178420,巩义东站,0,0,0,0,0,,not_available,未获取到关联站台源对象,
node/742604118,巩义南站,2,2,2,0,0,,not_available,源对象与显示一致，实际完整性未核验,way/1513068637|way/1513068638
node/2541047079,巩义站,1,1,0,1,0,,not_available,来源含站台线，不能当作真实面,way/954928979
node/5575694829,巫山站,2,2,0,2,0,,not_available,来源含站台线，不能当作真实面,way/1507274707|way/1507274708
node/5575694835,巴东站,2,2,0,2,0,,not_available,来源含站台线，不能当作真实面,way/1533454284|way/1533454288
node/5166043347,巴中东站,4,4,0,4,0,,not_available,来源含站台线，不能当作真实面,way/1296676809|way/1296676817|way/1296676818|way/1296676819
node/4357630358,巴中站,2,2,0,2,0,,not_available,来源含站台线，不能当作真实面,way/498545952|way/998290434
node/11067492048,巴中西站,2,2,0,2,0,,not_available,来源含站台线，不能当作真实面,way/1374397147|way/1374397148
node/7319259962,巴什考拱站,0,0,0,0,0,,not_available,未获取到关联站台源对象,
node/2662698086,巴伦台站,0,0,0,0,0,,not_available,未获取到关联站台源对象,
node/5232376020,巴关河站,0,0,0,0,0,,not_available,未获取到关联站台源对象,
node/10561477589,巴南站,0,0,0,0,0,,not_available,未获取到关联站台源对象,
node/9524436500,巴哥站,0,0,0,0,0,,not_available,未获取到关联站台源对象,
node/3685511916,巴图塔站,0,0,0,0,0,,not_available,未获取到关联站台源对象,
node/8156943654,巴图营站,0,0,0,0,0,,not_available,未获取到关联站台源对象,
node/9900025731,巴塘站,0,0,0,0,0,,not_available,未获取到关联站台源对象,
node/2662698113,巴山站,0,0,0,0,0,,not_available,未获取到关联站台源对象,
node/11992239555,巴彦托海站,1,1,0,1,0,,not_available,来源含站台线，不能当作真实面,way/1293676344
node/9072960149,巴彦敖包站,0,0,0,0,0,,not_available,未获取到关联站台源对象,
node/12078170082,巴彦浩特站,0,0,0,0,0,,not_available,未获取到关联站台源对象,
node/10913546181,巴彦淖尔站,7,7,2,5,0,,not_available,来源含站台线，不能当作真实面,way/1459549603|way/1462463254|way/1459549591|way/1459549592|way/1459549593|way/1557502341|way/1557502342
node/9100062973,巴彦淖站,0,0,0,0,0,,not_available,未获取到关联站台源对象,
node/9072960146,巴彦温多尔站,0,0,0,0,0,,not_available,未获取到关联站台源对象,
node/9121997536,巴彦站,0,0,0,0,0,,not_available,未获取到关联站台源对象,
node/9069910626,巴彦胡硕站,0,0,0,0,0,,not_available,未获取到关联站台源对象,
node/9117619572,巴彦郭勒站,0,0,0,0,0,,not_available,未获取到关联站台源对象,
node/9117619566,巴彦陶勒盖站,0,0,0,0,0,,not_available,未获取到关联站台源对象,
node/2662698116,巴彦高勒站,0,0,0,0,0,,not_available,未获取到关联站台源对象,
node/9111251406,巴彦高勒站,0,0,0,0,0,,not_available,未获取到关联站台源对象,
node/7769478550,巴拉素站,0,0,0,0,0,,not_available,未获取到关联站台源对象,
node/9122624801,巴日图站,0,0,0,0,0,,not_available,未获取到关联站台源对象,
node/9125461476,巴日图站,1,1,0,1,0,,not_available,来源含站台线，不能当作真实面,way/1117205593
node/11202356357,巴朗山站,0,0,0,0,0,,not_available,未获取到关联站台源对象,
node/1595854597,巴林站,2,2,0,2,0,,not_available,来源含站台线，不能当作真实面,way/1095954843|way/1095954844
node/9182286777,巴楚 مارالبېشى站,0,0,0,0,0,,not_available,未获取到关联站台源对象,
node/12078133684,巴润别立站,0,0,0,0,0,,not_available,未获取到关联站台源对象,
node/3155747344,巴润哈岱站,0,0,0,0,0,,not_available,未获取到关联站台源对象,
node/13406991166,巴润海日汉站,0,0,0,0,0,,not_available,未获取到关联站台源对象,
node/7369008123,巴特站,0,0,0,0,0,,not_available,未获取到关联站台源对象,
node/5503181180,巴玉站,0,0,0,0,0,,not_available,未获取到关联站台源对象,
node/7365811226,巴羌站,0,0,0,0,0,,not_available,未获取到关联站台源对象,
node/6308214106,巴里巴盖站,0,0,0,0,0,,not_available,未获取到关联站台源对象,
node/4072951339,巴音杭盖站,0,0,0,0,0,,not_available,未获取到关联站台源对象,
node/9072960168,巴音花站,0,0,0,0,0,,not_available,未获取到关联站台源对象,
node/7368677847,巴音达拉站,0,0,0,0,0,,not_available,未获取到关联站台源对象,
node/1768168820,巷口桥站,0,0,0,0,0,,not_available,未获取到关联站台源对象,
node/583129128,布列开站,0,0,0,0,0,,not_available,未获取到关联站台源对象,
node/7740376247,布寨站,0,0,0,0,0,,not_available,未获取到关联站台源对象,
node/9081737217,布尔陶亥南站,0,0,0,0,0,,not_available,未获取到关联站台源对象,
node/4071079367,布尔陶亥站,0,0,0,0,0,,not_available,未获取到关联站台源对象,
node/7296275996,布强格站,0,0,0,0,0,,not_available,未获取到关联站台源对象,
node/11524990503,布拉克站,0,0,0,0,0,,not_available,未获取到关联站台源对象,
node/1720394364,布敦化站,0,0,0,0,0,,not_available,未获取到关联站台源对象,
node/2348271082,布海站,0,0,0,0,0,,not_available,未获取到关联站台源对象,
node/6339822976,布玛德站,0,0,0,0,0,,not_available,未获取到关联站台源对象,
node/9126260257,布苏里站,1,1,0,1,0,,not_available,来源含站台线，不能当作真实面,way/1125136621
node/8334104641,师宗站,0,0,0,0,0,,not_available,未获取到关联站台源对象,
node/9137876526,带岭站,2,2,0,2,0,,not_available,来源含站台线，不能当作真实面,way/1121000397|way/1121000398
node/6732058638,常山站,2,2,2,0,0,,not_available,源对象与显示一致，实际完整性未核验,way/716716062|way/716716063
node/9262932759,常州北站,2,2,2,0,0,,not_available,源对象与显示一致，实际完整性未核验,way/966060825|way/966060826
node/8453216523,常州站,6,6,6,0,0,,not_available,源对象与显示一致，实际完整性未核验,way/662137221|way/662137223|way/662137225|way/662137226|way/966060814|way/966060815
node/6165855572,常平东站,2,2,2,0,0,,not_available,源对象与显示一致，实际完整性未核验,way/658422725|way/658422726
node/7101114420,常平南站,2,2,2,0,0,,not_available,源对象与显示一致，实际完整性未核验,way/1509538621|way/1509538622
node/4502133906,常平站,3,3,3,0,0,,not_available,源对象与显示一致，实际完整性未核验,way/453483165|way/453483166|way/453483167
node/9246201047,常庄站,0,0,0,0,0,,not_available,未获取到关联站台源对象,
node/7266092586,常德东站,0,0,0,0,0,,not_available,未获取到关联站台源对象,
node/1613124729,常德站,9,9,9,0,0,,not_available,源对象与显示一致，实际完整性未核验,way/616201710|way/616201711|way/1291288723|way/1291288724|way/1291288726|way/1291288727|way/1291288728|way/1291288729|way/1446007493
node/10885904305,常村站,0,0,0,0,0,,not_available,未获取到关联站台源对象,
node/8398804169,常村站,2,2,2,0,0,,not_available,源对象与显示一致，实际完整性未核验,way/1124280162|way/1124280165
node/4714979977,常熟站,0,0,0,0,0,,not_available,未获取到关联站台源对象,
node/12604108462,常熟西站,0,0,0,0,0,,not_available,未获取到关联站台源对象,
node/9242869550,常营站,0,0,0,0,0,,not_available,未获取到关联站台源对象,
node/1603990187,帽儿山站,2,2,0,2,0,,not_available,来源含站台线，不能当作真实面,way/1099340831|way/1099340832
node/9160197904,帽儿山西站,2,2,2,0,0,,not_available,源对象与显示一致，实际完整性未核验,way/1543023821|way/1543023822
node/12387014249,帽峰山站,2,2,2,0,0,,not_available,源对象与显示一致，实际完整性未核验,way/1339121297|way/1339121298
node/9069903393,干其毛德站,0,0,0,0,0,,not_available,未获取到关联站台源对象,
node/2340595334,干塘站,2,2,2,0,0,,not_available,源对象与显示一致，实际完整性未核验,way/1487570518|way/1487570519
node/1550539251,干沟站,0,0,0,0,0,,not_available,未获取到关联站台源对象,
node/1681825080,干溪沟站,0,0,0,0,0,,not_available,未获取到关联站台源对象,
node/2327447493,平东站,0,0,0,0,0,,not_available,未获取到关联站台源对象,
node/3822196715,平义分站,1,1,0,1,0,,not_available,来源含站台线，不能当作真实面,way/1031813793
node/3949977029,平乡站,0,0,0,0,0,,not_available,未获取到关联站台源对象,
node/2323529386,平关站,0,0,0,0,0,,not_available,未获取到关联站台源对象,
node/1783909030,平凉南站,0,0,0,0,0,,not_available,未获取到关联站台源对象,
node/10120263955,平凉站,2,2,0,2,0,,not_available,来源含站台线，不能当作真实面,way/906660624|way/906660625
node/11874046844,平南北站,0,0,0,0,0,,not_available,未获取到关联站台源对象,
node/4440864400,平南南站,1,1,1,0,0,,not_available,源对象与显示一致，实际完整性未核验,way/1335998286
node/8382763912,平南站,0,0,0,0,0,,not_available,未获取到关联站台源对象,
node/4039416860,平原东站,2,2,2,0,0,,not_available,源对象与显示一致，实际完整性未核验,way/663996541|way/663996542
node/9524455327,平原堡站,0,0,0,0,0,,not_available,未获取到关联站台源对象,
node/8437848569,平原站,2,2,2,0,0,,not_available,源对象与显示一致，实际完整性未核验,way/1181506586|way/1181506587
node/1730851583,平台站,0,0,0,0,0,,not_available,未获取到关联站台源对象,
node/8158566834,平吉站,0,0,0,0,0,,not_available,未获取到关联站台源对象,
node/9229648681,平圩电厂站,0,0,0,0,0,,not_available,未获取到关联站台源对象,
node/3956215997,平坊站,1,1,0,1,0,,not_available,来源含站台线，不能当作真实面,way/1033558521
node/3328318453,平坝南站,0,0,0,0,0,,not_available,未获取到关联站台源对象,
node/12714048670,平坝站,0,0,0,0,0,,not_available,未获取到关联站台源对象,
node/9898800633,平坡站,0,0,0,0,0,,not_available,未获取到关联站台源对象,
node/1984410986,平型关站,0,0,0,0,0,,not_available,未获取到关联站台源对象,
node/8154580335,平塘站,0,0,0,0,0,,not_available,未获取到关联站台源对象,
node/9119773615,平安地站,0,0,0,0,0,,not_available,未获取到关联站台源对象,
node/8414125037,平安城站,0,0,0,0,0,,not_available,未获取到关联站台源对象,
node/3889846793,平安站,0,0,0,0,0,,not_available,未获取到关联站台源对象,
node/3310590144,平安驿站,0,0,0,0,0,,not_available,未获取到关联站台源对象,
node/8383045233,平定站,0,0,0,0,0,,not_available,未获取到关联站台源对象,
node/8318662232,平定营站,0,0,0,0,0,,not_available,未获取到关联站台源对象,
node/10973711957,平山站,0,0,0,0,0,,not_available,未获取到关联站台源对象,
node/2337943710,平山站,2,2,0,2,0,,not_available,来源含站台线，不能当作真实面,way/1099340827|way/1099340828
node/3628286797,平山站,0,0,0,0,0,,not_available,未获取到关联站台源对象,
node/2327447494,平岗站,0,0,0,0,0,,not_available,未获取到关联站台源对象,
node/3404875131,平峪站,0,0,0,0,0,,not_available,未获取到关联站台源对象,
node/7609920784,平川西站,2,2,0,2,0,,not_available,来源含站台线，不能当作真实面,way/961284116|way/961284117
node/4676485645,平川路站,4,4,0,4,0,,not_available,来源含站台线，不能当作真实面,way/434722670|way/434722671|way/434722679|way/1417173169
node/1720956500,平庄北站,0,0,0,0,0,,not_available,未获取到关联站台源对象,
node/1722042122,平庄南站,0,0,0,0,0,,not_available,未获取到关联站台源对象,
node/9179735869,平庄站,0,0,0,0,0,,not_available,未获取到关联站台源对象,
node/7128808611,平度北站,0,0,0,0,0,,not_available,未获取到关联站台源对象,
node/5485698345,平度站,2,2,2,0,0,,not_available,源对象与显示一致，实际完整性未核验,way/1364011093|way/1364011094
node/3315761473,平度西站,2,2,0,2,0,,not_available,来源含站台线，不能当作真实面,way/815464765|way/815464766
node/2333085945,平房站,1,1,0,1,0,,not_available,来源含站台线，不能当作真实面,way/1112506851
node/9282598403,平旺站,0,0,0,0,0,,not_available,未获取到关联站台源对象,
node/4899865064,平昌站,0,0,0,0,0,,not_available,未获取到关联站台源对象,
node/12612402407,平望站,0,0,0,0,0,,not_available,未获取到关联站台源对象,
node/8398724672,平松站,0,0,0,0,0,,not_available,未获取到关联站台源对象,
node/8293151044,平林村站,0,0,0,0,0,,not_available,未获取到关联站台源对象,
node/8544413856,平林站,0,0,0,0,0,,not_available,未获取到关联站台源对象,
node/2666736648,平果站,0,0,0,0,0,,not_available,未获取到关联站台源对象,
node/2264465496,平桥站,0,0,0,0,0,,not_available,未获取到关联站台源对象,
node/7740243082,平江站,0,0,0,0,0,,not_available,未获取到关联站台源对象,
node/1759329323,平河口站,0,0,0,0,0,,not_available,未获取到关联站台源对象,
node/4507808013,平泉北站,0,0,0,0,0,,not_available,未获取到关联站台源对象,
node/2336082805,平泉站,3,3,3,0,0,,not_available,源对象与显示一致，实际完整性未核验,way/1160711537|way/1160711545|way/1160711546
node/2343318811,平洋站,2,2,0,2,0,,not_available,来源含站台线，不能当作真实面,way/1112001726|way/1112001727
node/7703982669,平湖南站,0,0,0,0,0,,not_available,未获取到关联站台源对象,
node/13124881865,平湖站,0,0,0,0,0,,not_available,未获取到关联站台源对象,
node/4637945401,平湖站,3,3,3,0,0,,not_available,源对象与显示一致，实际完整性未核验,way/469082975|way/469082976|way/760423511
node/9207275763,平潭站,2,2,2,0,0,,not_available,源对象与显示一致，实际完整性未核验,way/917631690|way/917631691
node/8856409727,平琴站,0,0,0,0,0,,not_available,未获取到关联站台源对象,
node/2323529390,平田站,0,0,0,0,0,,not_available,未获取到关联站台源对象,
node/3671675731,平社站,0,0,0,0,0,,not_available,未获取到关联站台源对象,
node/8856267032,平竂站,0,0,0,0,0,,not_available,未获取到关联站台源对象,
node/1586701907,平等站,0,0,0,0,0,,not_available,未获取到关联站台源对象,
node/840179022,平罗站,0,0,0,0,0,,not_available,未获取到关联站台源对象,
node/9287647717,平舒站,0,0,0,0,0,,not_available,未获取到关联站台源对象,
node/3824581961,平谷站,2,2,2,0,0,,not_available,源对象与显示一致，实际完整性未核验,way/1132269387|way/1132269388
node/3012070515,平遥古城站,2,2,2,0,0,,not_available,源对象与显示一致，实际完整性未核验,way/1029676275|way/1029676276
node/2372888814,平遥站,0,0,0,0,0,,not_available,未获取到关联站台源对象,
node/9242869600,平邑站,2,2,1,1,0,,not_available,来源含站台线，不能当作真实面,way/905942377|way/905942393
node/7714110147,平阳站,2,2,2,0,0,,not_available,源对象与显示一致，实际完整性未核验,way/1013581468|way/1418337431
node/7740322560,平陆站,0,0,0,0,0,,not_available,未获取到关联站台源对象,
node/8163363244,平陌站,0,0,0,0,0,,not_available,未获取到关联站台源对象,
node/7532871900,平陵城站,0,0,0,0,0,,not_available,未获取到关联站台源对象,
node/8434476652,平顶堡站,0,0,0,0,0,,not_available,未获取到关联站台源对象,
node/8041771714,平顶山东站,0,0,0,0,0,,not_available,未获取到关联站台源对象,
node/12147743329,平顶山南站,0,0,0,0,0,,not_available,未获取到关联站台源对象,
node/8041771715,平顶山站,2,2,2,0,0,,not_available,源对象与显示一致，实际完整性未核验,way/1333749206|way/1333749207
node/5575699923,平顶山西站,3,3,3,0,0,,not_available,源对象与显示一致，实际完整性未核验,way/1556817620|way/1556817621|way/1556817622
node/843276794,平顶庙站,0,0,0,0,0,,not_available,未获取到关联站台源对象,
node/4074616745,平顺站,0,0,0,0,0,,not_available,未获取到关联站台源对象,
node/9287647745,平鲁站,0,0,0,0,0,,not_available,未获取到关联站台源对象,
node/3699714008,平鲁西站,0,0,0,0,0,,not_available,未获取到关联站台源对象,
node/8012738239,年家岗站,0,0,0,0,0,,not_available,未获取到关联站台源对象,
node/8317322041,幺铺站,0,0,0,0,0,,not_available,未获取到关联站台源对象,
node/357140956,幻想世界 Fantasyland站,1,1,0,1,0,,not_available,来源含站台线，不能当作真实面,way/197853078
node/12091626112,幼平站,0,0,0,0,0,,not_available,未获取到关联站台源对象,
node/8154580327,幽兰站,0,0,0,0,0,,not_available,未获取到关联站台源对象,
node/5192908317,广丰站,0,0,0,0,0,,not_available,未获取到关联站台源对象,
node/7715445609,广元东站,0,0,0,0,0,,not_available,未获取到关联站台源对象,
node/7715445610,广元南站,1,1,0,1,0,,not_available,来源含站台线，不能当作真实面,way/859346618
node/1532826989,广元站,6,6,0,6,0,,not_available,来源含站台线，不能当作真实面,way/729178202|way/729178203|way/729178204|way/729178205|way/729178206|way/729178207
node/7719283429,广元西站,0,0,0,0,0,,not_available,未获取到关联站台源对象,
node/9334658558,广兴站,0,0,0,0,0,,not_available,未获取到关联站台源对象,
node/7781469278,广前站,0,0,0,0,0,,not_available,未获取到关联站台源对象,
node/1534144155,广南卫站,1,1,1,0,0,,not_available,源对象与显示一致，实际完整性未核验,way/1435049062
node/4039900173,广南县站,2,2,0,2,0,,not_available,来源含站台线，不能当作真实面,way/537991261|way/537991262
node/1659133903,广宁寺站,0,0,0,0,0,,not_available,未获取到关联站台源对象,
node/3676379819,广宁站,2,2,2,0,0,,not_available,源对象与显示一致，实际完整性未核验,way/580348478|way/580348481
node/11233257580,广安东站,0,0,0,0,0,,not_available,未获取到关联站台源对象,
node/9322545561,广安南站,3,3,0,3,0,,not_available,来源含站台线，不能当作真实面,way/530498489|way/530498490|way/530498491
node/12732718440,广安站,0,0,0,0,0,,not_available,未获取到关联站台源对象,
node/6817425178,广安门站,0,0,0,0,0,,not_available,未获取到关联站台源对象,
node/3949977011,广宗站,0,0,0,0,0,,not_available,未获取到关联站台源对象,
node/7890691571,广州东站,7,7,7,0,0,,not_available,源对象与显示一致，实际完整性未核验,way/1501818793|way/1501818794|way/1501818796|way/1501818797|way/1501818798|way/1501818799|way/1501818800
node/8308266744,广州北站,3,3,3,0,0,,not_available,源对象与显示一致，实际完整性未核验,way/276208081|way/276208083|way/276208094
node/11572997022,广州南沙站,4,4,0,4,0,,not_available,来源含站台线，不能当作真实面,way/1540695702|way/1540695703|way/1540695704|way/1540695705
node/3677030154,广州南站,15,15,15,0,0,,not_available,源对象与显示一致，实际完整性未核验,way/363477015|way/363477016|way/363477017|way/363477019|way/363477020|way/363477021|way/363477022|way/363477023|way/363477024|way/363477025|way/363477026|way/363477027|way/363477028|way/363477029|way/363477075
node/12490274890,广州国际港站,0,0,0,0,0,,not_available,未获取到关联站台源对象,
node/12712336084,广州大学城站,2,2,2,0,0,,not_available,源对象与显示一致，实际完整性未核验,way/1434060619|way/1434060620
node/8383166683,广州新塘站,7,7,7,0,0,,not_available,源对象与显示一致，实际完整性未核验,way/1308560277|way/1308560280|way/1308560283|way/1308560284|way/1308560287|way/1308560290|way/1308560298
node/11458372313,广州白云站,12,12,2,10,0,,not_available,来源含站台线，不能当作真实面,way/1236190407|way/1496145184|way/1236190397|way/1236190398|way/1236190399|way/1236190400|way/1236190401|way/1236190402|way/1236190403|way/1236190404|way/1236190405|way/1236190406
node/7855785186,广州站,4,4,4,0,0,,not_available,源对象与显示一致，实际完整性未核验,way/327071391|way/327071392|way/327071394|way/327071395
node/8901184329,广州莲花山站,6,6,6,0,0,,not_available,源对象与显示一致，实际完整性未核验,way/942983621|way/942983622|way/962200359|way/962200370|way/1467964957|way/1467964974
node/8901184364,广州长隆站,3,3,3,0,0,,not_available,源对象与显示一致，实际完整性未核验,way/962273581|way/962273582|way/1509474198
node/7134468969,广平站,2,2,2,0,0,,not_available,源对象与显示一致，实际完整性未核验,way/1113400888|way/1113400889
node/9242148033,广德南站,2,2,2,0,0,,not_available,源对象与显示一致，实际完整性未核验,way/1347408582|way/1347408583
node/8428772257,广德号站,1,1,0,1,0,,not_available,来源含站台线，不能当作真实面,way/1453114854
node/9215831993,广德站,0,0,0,0,0,,not_available,未获取到关联站台源对象,
node/9118892102,广武堡站,0,0,0,0,0,,not_available,未获取到关联站台源对象,
node/8308266736,广武站,0,0,0,0,0,,not_available,未获取到关联站台源对象,
node/4441733026,广水站,1,1,0,1,0,,not_available,来源含站台线，不能当作真实面,way/446963257
node/9312908632,广水西站,0,0,0,0,0,,not_available,未获取到关联站台源对象,
node/7369194522,广汇站,0,0,0,0,0,,not_available,未获取到关联站台源对象,
node/3815021470,广汉北站,2,2,0,2,0,,not_available,来源含站台线，不能当作真实面,way/1120780207|way/1120780208
node/1796732962,广汉站,2,2,0,2,0,,not_available,来源含站台线，不能当作真实面,way/923801660|way/1483397077
node/4528280671,广通北站,4,4,2,2,0,,not_available,来源含站台线，不能当作真实面,way/1004214709|way/1004214710|way/973515584|way/973515585
node/1758381638,广通站,0,0,0,0,0,,not_available,未获取到关联站台源对象,
node/3697044153,广阳站,0,0,0,0,0,,not_available,未获取到关联站台源对象,
node/7733885006,广阳站,3,3,3,0,0,,not_available,源对象与显示一致，实际完整性未核验,way/1041974076|way/1041974077|way/1041974078
node/8190000127,广顺场,0,0,0,0,0,,not_available,未获取到关联站台源对象,
node/2361436882,庄儿上站,0,0,0,0,0,,not_available,未获取到关联站台源对象,
node/1665918342,庄圩站,0,0,0,0,0,,not_available,未获取到关联站台源对象,
node/9081732783,庄头窑站,0,0,0,0,0,,not_available,未获取到关联站台源对象,
node/10889237960,庄头站,0,0,0,0,0,,not_available,未获取到关联站台源对象,
node/9169253679,庄头营站,0,0,0,0,0,,not_available,未获取到关联站台源对象,
node/9354508782,庄寨站,2,2,2,0,0,,not_available,源对象与显示一致，实际完整性未核验,way/1378589648|way/1378589649
node/7714110162,庄桥站,2,2,0,2,0,,not_available,来源含站台线，不能当作真实面,way/852548991|way/852548992
node/7934261996,庄河北站,3,3,3,0,0,,not_available,源对象与显示一致，实际完整性未核验,way/1147754654|way/1147754655|way/1147754656
node/12627525337,庄河站,0,0,0,0,0,,not_available,未获取到关联站台源对象,
node/8233544501,庄河西站,0,0,0,0,0,,not_available,未获取到关联站台源对象,
node/3001672843,庄里站,0,0,0,0,0,,not_available,未获取到关联站台源对象,
node/1732027898,庆丰站,0,0,0,0,0,,not_available,未获取到关联站台源对象,
node/1665825560,庆丰镇站,1,1,0,1,0,,not_available,来源含站台线，不能当作真实面,way/469050709
node/7935632138,庆元站,0,0,0,0,0,,not_available,未获取到关联站台源对象,
node/8914665863,庆城站,2,2,0,2,0,,not_available,来源含站台线，不能当作真实面,way/1290741290|way/1290741291
node/12750175449,庆安南站,0,0,0,0,0,,not_available,未获取到关联站台源对象,
node/9137876529,庆安站,3,3,0,3,0,,not_available,来源含站台线，不能当作真实面,way/927085578|way/1120249674|way/1120249677
node/9171411666,庆荣站,0,0,0,0,0,,not_available,未获取到关联站台源对象,
node/8315110661,庆阳站,9,9,6,3,0,,not_available,来源含站台线，不能当作真实面,way/1343885924|way/1343885925|way/1343885926|way/1343885927|way/1343885928|way/1343885929|way/963985693|way/963985694|way/963985695
node/7213210233,庐山南站,0,0,0,0,0,,not_available,未获取到关联站台源对象,
node/1769587482,庐山站,8,8,8,0,0,,not_available,源对象与显示一致，实际完整性未核验,way/243606430|way/243606431|way/243606432|way/243606543|way/447946083|way/447946084|way/1239552151|way/1239552152
node/5058306764,庐江南站,0,0,0,0,0,,not_available,未获取到关联站台源对象,
node/9242148053,庐江站,2,2,0,2,0,,not_available,来源含站台线，不能当作真实面,way/1551010674|way/1551010675
node/7647440638,庐江西站,2,2,2,0,0,,not_available,源对象与显示一致，实际完整性未核验,way/1050732371|way/1050732372
node/9169253671,库伦站,1,1,1,0,0,,not_available,源对象与显示一致，实际完整性未核验,way/557836122
node/7368677846,库伦铁布克站,0,0,0,0,0,,not_available,未获取到关联站台源对象,
node/3501736632,库前站,0,0,0,0,0,,not_available,未获取到关联站台源对象,
node/7365692467,库北站,0,0,0,0,0,,not_available,未获取到关联站台源对象,
node/7368477864,库台克力克站,0,0,0,0,0,,not_available,未获取到关联站台源对象,
node/5559297479,库宗桥站,0,0,0,0,0,,not_available,未获取到关联站台源对象,
node/7319308250,库尔勒 كورلا站,3,3,3,0,0,,not_available,源对象与显示一致，实际完整性未核验,way/329731413|way/684424541|way/684424543
node/7319330882,库尔勒东站,0,0,0,0,0,,not_available,未获取到关联站台源对象,
node/7319353486,库尔木依站,0,0,0,0,0,,not_available,未获取到关联站台源对象,
node/5009794575,库尔楚站,0,0,0,0,0,,not_available,未获取到关联站台源对象,
node/11524780871,库木苏站,0,0,0,0,0,,not_available,未获取到关联站台源对象,
node/5009786771,库西站,0,0,0,0,0,,not_available,未获取到关联站台源对象,
node/4440851033,库车站,2,2,2,0,0,,not_available,源对象与显示一致，实际完整性未核验,way/1459941211|way/1459941212
node/7365718252,库车西站,0,0,0,0,0,,not_available,未获取到关联站台源对象,
node/2331935772,库都尔站,2,2,0,2,0,,not_available,来源含站台线，不能当作真实面,way/1117789211|way/1117789212
node/4471046650,应县站,2,2,2,0,0,,not_available,源对象与显示一致，实际完整性未核验,way/660934866|way/660934867
node/10297785571,应县西站,0,0,0,0,0,,not_available,未获取到关联站台源对象,
node/6223371686,应城东站,0,0,0,0,0,,not_available,未获取到关联站台源对象,
node/1589666701,应城站,0,0,0,0,0,,not_available,未获取到关联站台源对象,
node/7296275990,底吾玛站,0,0,0,0,0,,not_available,未获取到关联站台源对象,
node/3644691729,店上站,0,0,0,0,0,,not_available,未获取到关联站台源对象,
node/8378364076,店坡站,0,0,0,0,0,,not_available,未获取到关联站台源对象,
node/9287595916,店坪南站,0,0,0,0,0,,not_available,未获取到关联站台源对象,
node/3699706764,店坪站,0,0,0,0,0,,not_available,未获取到关联站台源对象,
node/9295305370,店塔站,0,0,0,0,0,,not_available,未获取到关联站台源对象,
node/4976681279,庙下站,0,0,0,0,0,,not_available,未获取到关联站台源对象,
node/5003354058,庙台子站,0,0,0,0,0,,not_available,未获取到关联站台源对象,
node/1681825115,庙坝站,0,0,0,0,0,,not_available,未获取到关联站台源对象,
node/844821216,庙城站,2,2,0,2,0,,not_available,来源含站台线，不能当作真实面,way/573916201|way/573916203
node/8154570899,庙头站,0,0,0,0,0,,not_available,未获取到关联站台源对象,
node/8158566838,庙头西站,0,0,0,0,0,,not_available,未获取到关联站台源对象,
node/13367171881,庙头镇站,0,0,0,0,0,,not_available,未获取到关联站台源对象,
node/8172999775,庙子沟站,0,0,0,0,0,,not_available,未获取到关联站台源对象,
node/8428741233,庙宫站,1,1,0,1,0,,not_available,来源含站台线，不能当作真实面,way/1434874045
node/3917347243,庙山站,0,0,0,0,0,,not_available,未获取到关联站台源对象,
node/1590460731,庙岭站,0,0,0,0,0,,not_available,未获取到关联站台源对象,
node/1783909027,庙庄站,0,0,0,0,0,,not_available,未获取到关联站台源对象,
node/8163363249,庙庄站,0,0,0,0,0,,not_available,未获取到关联站台源对象,
way/1300759806,庙梁站,0,0,0,0,0,,not_available,未获取到关联站台源对象,
node/3006142157,庙沟站,0,0,0,0,0,,not_available,未获取到关联站台源对象,
node/1592559592,庙阳站,0,0,0,0,0,,not_available,未获取到关联站台源对象,
node/7272083197,府祝站,0,0,0,0,0,,not_available,未获取到关联站台源对象,
node/3156029305,府谷站,0,0,0,0,0,,not_available,未获取到关联站台源对象,
node/9320122097,庞村站,0,0,0,0,0,,not_available,未获取到关联站台源对象,
node/9207275766,度下站,0,0,0,0,0,,not_available,未获取到关联站台源对象,
node/1726959249,座虎滩站,1,1,0,1,0,,not_available,来源含站台线，不能当作真实面,way/1126143900
node/11134133702,康县站,0,0,0,0,0,,not_available,未获取到关联站台源对象,
node/2329019140,康城站,0,0,0,0,0,,not_available,未获取到关联站台源对象,
node/9899713910,康定站,3,3,0,3,0,,not_available,来源含站台线，不能当作真实面,way/1279231358|way/1279231359|way/1279231360
node/7805038907,康庄站,2,2,2,0,0,,not_available,源对象与显示一致，实际完整性未核验,way/322860192|way/322860193
node/7368477862,康村站,0,0,0,0,0,,not_available,未获取到关联站台源对象,
node/7692210520,康熙岭站,0,0,0,0,0,,not_available,未获取到关联站台源对象,
node/9087403301,康萨站,0,0,0,0,0,,not_available,未获取到关联站台源对象,
node/2379151406,康金井站,2,2,0,2,0,,not_available,来源含站台线，不能当作真实面,way/1110734637|way/1110734638
node/12732987416,廉桥站,0,0,0,0,0,,not_available,未获取到关联站台源对象,
node/13685903984,廉江南站,0,0,0,0,0,,not_available,未获取到关联站台源对象,
node/1692209463,廉江站,2,2,2,0,0,,not_available,源对象与显示一致，实际完整性未核验,way/813154293|way/813154294
node/9065844661,廊坊北站,5,5,5,0,0,,not_available,源对象与显示一致，实际完整性未核验,way/1430919815|way/1430919816|way/1430919817|way/1430919818|way/1430919819
node/7733885007,廊坊站,2,2,2,0,0,,not_available,源对象与显示一致，实际完整性未核验,way/460189198|way/460189199
node/9085329466,延吉站,2,2,2,0,0,,not_available,源对象与显示一致，实际完整性未核验,way/1232960765|way/1232960766
node/6655757505,延吉西 연길서站,7,7,7,0,0,,not_available,源对象与显示一致，实际完整性未核验,way/708307558|way/708307559|way/708307560|way/1221993233|way/1221993234|way/1221993235|way/1221993236
node/7740376256,延安东站,0,0,0,0,0,,not_available,未获取到关联站台源对象,
node/4040015585,延安北站,0,0,0,0,0,,not_available,未获取到关联站台源对象,
node/12520717089,延安新区站,0,0,0,0,0,,not_available,未获取到关联站台源对象,
node/7765120777,延安站,3,3,3,0,0,,not_available,源对象与显示一致，实际完整性未核验,way/1208698841|way/1208698842|way/1208698843
node/12520763498,延川站,0,0,0,0,0,,not_available,未获取到关联站台源对象,
node/7014731879,延平东站,2,2,2,0,0,,not_available,源对象与显示一致，实际完整性未核验,way/775832014|way/775832015
node/7014731878,延平站,2,2,2,0,0,,not_available,源对象与显示一致，实际完整性未核验,way/376241932|way/376241933
node/6103626029,延平西站,3,3,3,0,0,,not_available,源对象与显示一致，实际完整性未核验,way/949135746|way/949135747|way/949135748
node/4256148315,延庆北站,2,2,0,2,0,,not_available,来源含站台线，不能当作真实面,way/570852857|way/570852858
node/4912450673,延庆站,3,3,0,3,0,,not_available,来源含站台线，不能当作真实面,way/26679466|way/128480578|way/128480579
node/2371670081,延津站,0,0,0,0,0,,not_available,未获取到关联站台源对象,
node/2329566270,建三江站,1,1,0,1,0,,not_available,来源含站台线，不能当作真实面,way/1124894218
node/1941455551,建丰站,0,0,0,0,0,,not_available,未获取到关联站台源对象,
node/7740376255,建华镇站,0,0,0,0,0,,not_available,未获取到关联站台源对象,
node/8512795829,建国站,0,0,0,0,0,,not_available,未获取到关联站台源对象,
node/2616683421,建国营站,0,0,0,0,0,,not_available,未获取到关联站台源对象,
node/3499299959,建始站,2,2,0,2,0,,not_available,来源含站台线，不能当作真实面,way/750957488|way/750957489
node/7780322126,建宁南站,0,0,0,0,0,,not_available,未获取到关联站台源对象,
node/2501352080,建宁县北站,2,2,2,0,0,,not_available,源对象与显示一致，实际完整性未核验,way/381458030|way/381458031
node/13784005831,建宁站,0,0,0,0,0,,not_available,未获取到关联站台源对象,
node/9174163157,建安站,0,0,0,0,0,,not_available,未获取到关联站台源对象,
node/2456759107,建山站,0,0,0,0,0,,not_available,未获取到关联站台源对象,
node/9179735871,建平站,0,0,0,0,0,,not_available,未获取到关联站台源对象,
node/9302050795,建德南站,0,0,0,0,0,,not_available,未获取到关联站台源对象,
node/5907965299,建德站,2,2,2,0,0,,not_available,源对象与显示一致，实际完整性未核验,way/778155358|way/778155359
node/8510278042,建新站,0,0,0,0,0,,not_available,未获取到关联站台源对象,
node/1657973505,建昌站,1,1,1,0,0,,not_available,源对象与显示一致，实际完整性未核验,way/1466362814
node/9263223090,建明站,0,0,0,0,0,,not_available,未获取到关联站台源对象,
node/13061379940,建桥站,0,0,0,0,0,,not_available,未获取到关联站台源对象,
node/4527856939,建水北站,0,0,0,0,0,,not_available,未获取到关联站台源对象,
node/2203273019,建水站,2,2,2,0,0,,not_available,源对象与显示一致，实际完整性未核验,way/835226698|way/835226699
node/3026390649,建河站,2,2,0,2,0,,not_available,来源含站台线，不能当作真实面,way/425390460|way/425390461
node/1665822813,建湖站,0,0,0,0,0,,not_available,未获取到关联站台源对象,
node/12713843276,建瓯东站,0,0,0,0,0,,not_available,未获取到关联站台源对象,
node/7252546311,建瓯站,2,2,2,0,0,,not_available,源对象与显示一致，实际完整性未核验,way/836783949|way/836783950
node/9524540936,建瓯西站,2,2,2,0,0,,not_available,源对象与显示一致，实际完整性未核验,way/376241584|way/376241585
node/4498392603,建西站,0,0,0,0,0,,not_available,未获取到关联站台源对象,
node/3958003260,建设坪站,0,0,0,0,0,,not_available,未获取到关联站台源对象,
node/6715109132,建设站,0,0,0,0,0,,not_available,未获取到关联站台源对象,
node/2458071812,建阳站,2,2,2,0,0,,not_available,源对象与显示一致，实际完整性未核验,way/1190740352|way/1190740353
node/8076915520,廿里堡站,0,0,0,0,0,,not_available,未获取到关联站台源对象,
node/12725916868,开上（预留）,0,0,0,0,0,,not_available,未获取到关联站台源对象,
node/2988925896,开化站,2,2,2,0,0,,not_available,源对象与显示一致，实际完整性未核验,way/549496680|way/549496681
node/2348271086,开原站,0,0,0,0,0,,not_available,未获取到关联站台源对象,
node/3881554929,开原西站,0,0,0,0,0,,not_available,未获取到关联站台源对象,
node/9263223099,开埠地站,0,0,0,0,0,,not_available,未获取到关联站台源对象,
node/2375089448,开安站,2,2,2,0,0,,not_available,源对象与显示一致，实际完整性未核验,way/1499384385|way/1499384386
node/6736774928,开封北站,2,2,2,0,0,,not_available,源对象与显示一致，实际完整性未核验,way/717321657|way/717321658
node/3476981835,开封站,4,4,0,4,0,,not_available,来源含站台线，不能当作真实面,way/1364425169|way/1364425170|way/1364425171|way/1364425172
node/11067492106,开州南站,0,0,0,0,0,,not_available,未获取到关联站台源对象,
node/11233257583,开州站,0,0,0,0,0,,not_available,未获取到关联站台源对象,
node/8020545908,开平南站,3,3,3,0,0,,not_available,源对象与显示一致，实际完整性未核验,way/860538894|way/970101912|way/970101913
node/7781356273,开平站,2,2,2,0,0,,not_available,源对象与显示一致，实际完整性未核验,way/1101303994|way/1101303995
node/6339810455,开心岭站,0,0,0,0,0,,not_available,未获取到关联站台源对象,
node/9287647720,开村站,0,0,0,0,0,,not_available,未获取到关联站台源对象,
node/1763859669,开江南站,0,0,0,0,0,,not_available,未获取到关联站台源对象,
node/11067492107,开江站,0,0,0,0,0,,not_available,未获取到关联站台源对象,
node/3410058503,开福寺站,0,0,0,0,0,,not_available,未获取到关联站台源对象,
node/8168457078,开远南站,2,2,2,0,0,,not_available,源对象与显示一致，实际完整性未核验,way/1502430832|way/1502430833
node/4545843126,开远站,0,0,0,0,0,,not_available,未获取到关联站台源对象,
node/1603990160,开道站,2,2,0,2,0,,not_available,来源含站台线，不能当作真实面,way/1107739576|way/1107739577
node/3060364298,开阳站,2,2,2,0,0,,not_available,源对象与显示一致，实际完整性未核验,way/1361149693|way/1361149694
node/843319819,开鲁站,2,2,2,0,0,,not_available,源对象与显示一致，实际完整性未核验,way/1536635611|way/1536635612
node/5232371899,弄弄坪站,0,0,0,0,0,,not_available,未获取到关联站台源对象,
node/655354700,弋阳站,3,3,3,0,0,,not_available,源对象与显示一致，实际完整性未核验,way/373745667|way/373745668|way/373745669
node/4162472429,弓棚子站,0,0,0,0,0,,not_available,未获取到关联站台源对象,
node/3012138072,引镇站,2,2,2,0,0,,not_available,源对象与显示一致，实际完整性未核验,way/256709219|way/1154918181
node/8428684999,张三营站,2,2,0,2,0,,not_available,来源含站台线，不能当作真实面,way/1434402496|way/1434402497
node/8454361477,张八岭站,0,0,0,0,0,,not_available,未获取到关联站台源对象,
node/4076329836,张兰站,0,0,0,0,0,,not_available,未获取到关联站台源对象,
node/9226664082,张北矿站,0,0,0,0,0,,not_available,未获取到关联站台源对象,
node/13042499809,张北站,0,0,0,0,0,,not_available,未获取到关联站台源对象,
node/9223366425,张双楼矿站,0,0,0,0,0,,not_available,未获取到关联站台源对象,
node/9178344029,张台子站,0,0,0,0,0,,not_available,未获取到关联站台源对象,
node/7740215248,张坊站,0,0,0,0,0,,not_available,未获取到关联站台源对象,
node/8455171498,张夏站,2,2,2,0,0,,not_available,源对象与显示一致，实际完整性未核验,way/1239563553|way/1239563554
node/3885972887,张家口南站,2,2,2,0,0,,not_available,源对象与显示一致，实际完整性未核验,way/696284703|way/696284705
node/843052502,张家口站,6,6,6,0,0,,not_available,源对象与显示一致，实际完整性未核验,way/965197858|way/965197861|way/965197862|way/965197863|way/965197865|way/965197866
node/1569051635,张家山站,0,0,0,0,0,,not_available,未获取到关联站台源对象,
node/3685524106,张家峁站,0,0,0,0,0,,not_available,未获取到关联站台源对象,
node/3640220053,张家川站,1,1,0,1,0,,not_available,来源含站台线，不能当作真实面,way/425711840
node/6369731904,张家庄站,0,0,0,0,0,,not_available,未获取到关联站台源对象,
node/8396321414,张家河站,0,0,0,0,0,,not_available,未获取到关联站台源对象,
node/4714983421,张家港北站,0,0,0,0,0,,not_available,未获取到关联站台源对象,
node/4714983432,张家港站,0,0,0,0,0,,not_available,未获取到关联站台源对象,
node/2940285306,张家湾站,0,0,0,0,0,,not_available,未获取到关联站台源对象,
node/4269858105,张家界北站,0,0,0,0,0,,not_available,未获取到关联站台源对象,
node/5047862549,张家界站,3,3,3,0,0,,not_available,源对象与显示一致，实际完整性未核验,way/413092714|way/413092715|way/413092716
node/6615309047,张家界西站,7,7,7,0,0,,not_available,源对象与显示一致，实际完整性未核验,way/1185271406|way/1185271407|way/1185271408|way/1185271409|way/1185271410|way/1185271411|way/1185271419
node/3958182651,张家祠站,1,1,0,1,0,,not_available,来源含站台线，不能当作真实面,way/863627448
node/9274358845,张家窝站,0,0,0,0,0,,not_available,未获取到关联站台源对象,
node/5721596579,张家站,0,0,0,0,0,,not_available,未获取到关联站台源对象,
node/1607295766,张家船站,0,0,0,0,0,,not_available,未获取到关联站台源对象,
node/9223366428,张寨站,0,0,0,0,0,,not_available,未获取到关联站台源对象,
node/2936532130,张巷站,0,0,0,0,0,,not_available,未获取到关联站台源对象,
node/8437839707,张庄站,0,0,0,0,0,,not_available,未获取到关联站台源对象,
node/9223898609,张庄站,0,0,0,0,0,,not_available,未获取到关联站台源对象,
node/4714845108,张庙站,0,0,0,0,0,,not_available,未获取到关联站台源对象,
node/2897338934,张掖站,2,2,1,1,0,,not_available,来源含站台线，不能当作真实面,way/451555451|way/451555450
node/2987122176,张掖西站,3,3,0,3,0,,not_available,来源含站台线，不能当作真实面,way/527940032|way/527940033|way/527940034
node/13722351866,张新站,0,0,0,0,0,,not_available,未获取到关联站台源对象,
node/3949949981,张旗屯站,0,0,0,0,0,,not_available,未获取到关联站台源对象,
node/8509133271,张旗杆站,0,0,0,0,0,,not_available,未获取到关联站台源对象,
node/1607295768,张桥站,1,1,1,0,0,,not_available,源对象与显示一致，实际完整性未核验,way/1214102435
node/9226690951,张楼站,0,0,0,0,0,,not_available,未获取到关联站台源对象,
node/11932116427,张槎站,2,2,0,2,0,,not_available,来源含站台线，不能当作真实面,way/1295991680|way/1295991681
node/8510217934,张溪站,0,0,0,0,0,,not_available,未获取到关联站台源对象,
node/2588167863,张滩站,0,0,0,0,0,,not_available,未获取到关联站台源对象,
node/3956223671,张百湾站,2,2,0,2,0,,not_available,来源含站台线，不能当作真实面,way/1033318077|way/1033318078
node/3589034461,张礼站,0,0,0,0,0,,not_available,未获取到关联站台源对象,
node/2344167683,张维屯站,2,2,0,2,0,,not_available,来源含站台线，不能当作真实面,way/1111075516|way/1111075517
node/3006129133,张茅站,0,0,0,0,0,,not_available,未获取到关联站台源对象,
node/9123967447,张营子站,0,0,0,0,0,,not_available,未获取到关联站台源对象,
node/3949949807,张褚站,0,0,0,0,0,,not_available,未获取到关联站台源对象,
node/9274358861,张贵庄站,2,2,2,0,0,,not_available,源对象与显示一致，实际完整性未核验,way/1086218882|way/1086218883
node/7855950711,张辛站,3,3,1,2,0,,not_available,来源含站台线，不能当作真实面,way/1071122832|way/252613103|way/252613104
node/12643489097,张郭站,0,0,0,0,0,,not_available,未获取到关联站台源对象,
node/8017754342,张阁庄站,0,0,0,0,0,,not_available,未获取到关联站台源对象,
node/9226664081,张集矿站,0,0,0,0,0,,not_available,未获取到关联站台源对象,
node/6037693735,张集站,1,1,0,1,0,,not_available,来源含站台线，不能当作真实面,way/640996964
node/3695433676,弥勒站,0,0,0,0,0,,not_available,未获取到关联站台源对象,
node/4039952187,弥家河站,0,0,0,0,0,,not_available,未获取到关联站台源对象,
node/8395249614,弥河站,0,0,0,0,0,,not_available,未获取到关联站台源对象,
node/1758381688,弥渡站,0,0,0,0,0,,not_available,未获取到关联站台源对象,
node/4323698780,弯坵站,0,0,0,0,0,,not_available,未获取到关联站台源对象,
node/1727803127,弯道站,1,1,0,1,0,,not_available,来源含站台线，不能当作真实面,way/1125992828
node/9223366461,归仁站,0,0,0,0,0,,not_available,未获取到关联站台源对象,
node/6013154794,归德乡站,0,0,0,0,0,,not_available,未获取到关联站台源对象,
node/5380534764,归昌站,0,0,0,0,0,,not_available,未获取到关联站台源对象,
node/1730851549,归流河站,0,0,0,0,0,,not_available,未获取到关联站台源对象,
node/13533424940,归谷站,0,0,0,0,0,,not_available,未获取到关联站台源对象,
node/2987518504,当涂东站,2,2,2,0,0,,not_available,源对象与显示一致，实际完整性未核验,way/1088097910|way/1088097911
node/1768168796,当涂站,0,0,0,0,0,,not_available,未获取到关联站台源对象,
node/5010512521,当金山站,0,0,0,0,0,,not_available,未获取到关联站台源对象,
node/1589178241,当阳站,0,0,0,0,0,,not_available,未获取到关联站台源对象,
node/10296364139,当阳西站,2,2,0,2,0,,not_available,来源含站台线，不能当作真实面,way/1533266192|way/1533266193
node/6266000537,当雄站,2,2,2,0,0,,not_available,源对象与显示一致，实际完整性未核验,way/669140960|way/669140962
node/10720363226,彝良北站,1,1,0,1,0,,not_available,来源含站台线，不能当作真实面,way/1356125050
node/5033589222,彝良南站,0,0,0,0,0,,not_available,未获取到关联站台源对象,
node/1964179113,彝良站,1,1,1,0,0,,not_available,源对象与显示一致，实际完整性未核验,way/515404682
node/9069910635,彦吉嘎站,0,0,0,0,0,,not_available,未获取到关联站台源对象,
node/3462876028,彬县西站,0,0,0,0,0,,not_available,未获取到关联站台源对象,
node/7966315898,彬州东站,2,2,2,0,0,,not_available,源对象与显示一致，实际完整性未核验,way/1302874932|way/1302874933
node/3462876026,彬州站,2,2,2,0,0,,not_available,源对象与显示一致，实际完整性未核验,way/1302874454|way/1302874455
node/1579621858,彬江站,1,1,1,0,0,,not_available,源对象与显示一致，实际完整性未核验,way/1282846429
node/3226072060,彭县站,0,0,0,0,0,,not_available,未获取到关联站台源对象,
node/2329134714,彭城站,0,0,0,0,0,,not_available,未获取到关联站台源对象,
node/3621005002,彭家湾站,0,0,0,0,0,,not_available,未获取到关联站台源对象,
node/4087268660,彭山北站,2,2,0,2,0,,not_available,来源含站台线，不能当作真实面,way/1443935590|way/1443935591
node/1588514469,彭山站,2,2,2,0,0,,not_available,源对象与显示一致，实际完整性未核验,way/1313773069|way/1313773070
node/7951474430,彭州南站,2,2,0,2,0,,not_available,来源含站台线，不能当作真实面,way/542926733|way/542926734
node/7951474428,彭州站,0,0,0,0,0,,not_available,未获取到关联站台源对象,
node/8163363257,彭庄站,0,0,0,0,0,,not_available,未获取到关联站台源对象,
node/5549317613,彭水站,1,1,0,1,0,,not_available,来源含站台线，不能当作真实面,way/902417177
node/10561718990,彭水西站,0,0,0,0,0,,not_available,未获取到关联站台源对象,
node/2381264577,彭泽站,0,0,0,0,0,,not_available,未获取到关联站台源对象,
node/1783909029,彭阳站,0,0,0,0,0,,not_available,未获取到关联站台源对象,
node/1655741373,彰武站,3,3,3,0,0,,not_available,源对象与显示一致，实际完整性未核验,way/1481764578|way/1481764579|way/1481764580
node/8429540784,徂阳站,0,0,0,0,0,,not_available,未获取到关联站台源对象,
node/1577895002,待王站,0,0,0,0,0,,not_available,未获取到关联站台源对象,
node/12018732471,徐圩站,0,0,0,0,0,,not_available,未获取到关联站台源对象,
node/8406252704,徐塘庄站,0,0,0,0,0,,not_available,未获取到关联站台源对象,
node/7252546312,徐墩站,0,0,0,0,0,,not_available,未获取到关联站台源对象,
node/2324653304,徐家坪站,0,0,0,0,0,,not_available,未获取到关联站台源对象,
node/3724551270,徐家店站,2,2,2,0,0,,not_available,源对象与显示一致，实际完整性未核验,way/1365456825|way/1365456826
node/3697044154,徐家沟站,0,0,0,0,0,,not_available,未获取到关联站台源对象,
node/2344167681,徐家站,1,1,0,1,0,,not_available,来源含站台线，不能当作真实面,way/1055110994
node/7733885004,徐州东站,7,7,7,0,0,,not_available,源对象与显示一致，实际完整性未核验,way/402811811|way/402811812|way/402811813|way/402811814|way/402811816|way/402811817|way/675216528
node/4607355378,徐州北站,0,0,0,0,0,,not_available,未获取到关联站台源对象,
node/8454361462,徐州南站,1,1,1,0,0,,not_available,源对象与显示一致，实际完整性未核验,way/452973167
node/5570292382,徐州站,9,9,9,0,0,,not_available,源对象与显示一致，实际完整性未核验,way/452973168|way/675170833|way/675170834|way/675170835|way/675170836|way/675187859|way/1455925698|way/1455925699|way/1455925700
node/7949642386,徐州西站,0,0,0,0,0,,not_available,未获取到关联站台源对象,
node/9223366422,徐庄矿站,0,0,0,0,0,,not_available,未获取到关联站台源对象,
node/8506018243,徐楼站,0,0,0,0,0,,not_available,未获取到关联站台源对象,
node/3823793489,徐水东站,0,0,0,0,0,,not_available,未获取到关联站台源对象,
node/2329466302,徐水站,2,2,2,0,0,,not_available,源对象与显示一致，实际完整性未核验,way/1075869325|way/1075869326
node/1665917368,徐溜站,0,0,0,0,0,,not_available,未获取到关联站台源对象,
node/10983612983,徐行站,0,0,0,0,0,,not_available,未获取到关联站台源对象,
node/8440210938,徐闻站,0,0,0,0,0,,not_available,未获取到关联站台源对象,
node/9178344019,得利寺站,0,0,0,0,0,,not_available,未获取到关联站台源对象,
node/9246201059,得利斯站,0,0,0,0,0,,not_available,未获取到关联站台源对象,
node/1594860816,得耳布尔站,1,1,0,1,0,,not_available,来源含站台线，不能当作真实面,way/1118087379
node/1656306622,得胜台站,0,0,0,0,0,,not_available,未获取到关联站台源对象,
node/5697139259,得莫利站,0,0,0,0,0,,not_available,未获取到关联站台源对象,
node/7461167188,徘徊北站,2,2,2,0,0,,not_available,源对象与显示一致，实际完整性未核验,way/1120648152|way/1120648153
node/2329166655,微子镇站,3,3,3,0,0,,not_available,源对象与显示一致，实际完整性未核验,way/1124279972|way/1124279973|way/1124279974
node/9125461473,德仁站,1,1,0,1,0,,not_available,来源含站台线，不能当作真实面,way/1117205577
node/4333828719,德令哈站,2,2,2,0,0,,not_available,源对象与显示一致，实际完整性未核验,way/1348454601|way/1348454602
node/1730851525,德伯斯站,0,0,0,0,0,,not_available,未获取到关联站台源对象,
node/4971997623,德保站,0,0,0,0,0,,not_available,未获取到关联站台源对象,
node/2988925897,德兴东站,0,0,0,0,0,,not_available,未获取到关联站台源对象,
node/2517236620,德兴站,2,2,2,0,0,,not_available,源对象与显示一致，实际完整性未核验,way/370571227|way/370571228
node/5348692441,德兴铜矿站,0,0,0,0,0,,not_available,未获取到关联站台源对象,
node/7781469272,德化站,0,0,0,0,0,,not_available,未获取到关联站台源对象,
node/2447146918,德安站,3,3,3,0,0,,not_available,源对象与显示一致，实际完整性未核验,way/503533795|way/503533796|way/503533797
node/7266092585,德山站,0,0,0,0,0,,not_available,未获取到关联站台源对象,
node/6214911057,德州东站,5,5,5,0,0,,not_available,源对象与显示一致，实际完整性未核验,way/660574311|way/660574312|way/660574313|way/660574314|way/660574315
node/6198704798,德州站,3,3,3,0,0,,not_available,源对象与显示一致，实际完整性未核验,way/662102292|way/662102295|way/1049097629
node/8436995005,德惠站,2,2,2,0,0,,not_available,源对象与显示一致，实际完整性未核验,way/1035078306|way/1035078307
node/3878763459,德惠西站,2,2,2,0,0,,not_available,源对象与显示一致，实际完整性未核验,way/1035131787|way/1035131788
node/9117619571,德日斯图站,0,0,0,0,0,,not_available,未获取到关联站台源对象,
node/1558444904,德昌站,0,0,0,0,0,,not_available,未获取到关联站台源对象,
node/8166863511,德昌西站,0,0,0,0,0,,not_available,未获取到关联站台源对象,
node/7342323559,德清站,0,0,0,0,0,,not_available,未获取到关联站台源对象,
node/7342299458,德清西站,2,2,2,0,0,,not_available,源对象与显示一致，实际完整性未核验,way/785504595|way/785504598
node/8857293635,德胜站,0,0,0,0,0,,not_available,未获取到关联站台源对象,
node/2099675139,德阳站,1,1,1,0,0,,not_available,源对象与显示一致，实际完整性未核验,way/833121657
node/2373216516,徽县站,1,1,0,1,0,,not_available,来源含站台线，不能当作真实面,way/1173674115
node/9069903399,忙嘎拉站,0,0,0,0,0,,not_available,未获取到关联站台源对象,
node/2476700817,忙罕屯站,0,0,0,0,0,,not_available,未获取到关联站台源对象,
node/582337058,忠义站,0,0,0,0,0,,not_available,未获取到关联站台源对象,
node/11302329930,忠县站,0,0,0,0,0,,not_available,未获取到关联站台源对象,
node/1595854652,忠工屯站,0,0,0,0,0,,not_available,未获取到关联站台源对象,
node/8375659146,忻口站,3,3,3,0,0,,not_available,源对象与显示一致，实际完整性未核验,way/1091341492|way/1091341503|way/1091341504
node/9282598397,忻州窑站,0,0,0,0,0,,not_available,未获取到关联站台源对象,
node/3561638564,忻州站,0,0,0,0,0,,not_available,未获取到关联站台源对象,
node/9513113929,忻州西站,2,2,0,2,0,,not_available,来源含站台线，不能当作真实面,way/344186267|way/344186269
node/4284217909,怀仁东站,2,2,2,0,0,,not_available,源对象与显示一致，实际完整性未核验,way/784532835|way/784532836
node/843479825,怀仁站,0,0,0,0,0,,not_available,未获取到关联站台源对象,
node/5505374153,怀化东站,0,0,0,0,0,,not_available,未获取到关联站台源对象,
node/2953790848,怀化南站,8,8,8,0,0,,not_available,源对象与显示一致，实际完整性未核验,way/382652387|way/382652388|way/382652389|way/661170372|way/661172449|way/661172455|way/1346119084|way/1348653717
node/1579354013,怀化站,5,5,5,0,0,,not_available,源对象与显示一致，实际完整性未核验,way/382652169|way/382652170|way/382652171|way/382652172|way/382652173
node/8262045654,怀化西站,0,0,0,0,0,,not_available,未获取到关联站台源对象,
node/12753978999,怀古站,0,0,0,0,0,,not_available,未获取到关联站台源对象,
node/1642883459,怀宁站,0,0,0,0,0,,not_available,未获取到关联站台源对象,
node/4693191083,怀安站,0,0,0,0,0,,not_available,未获取到关联站台源对象,
node/4014396780,怀来南站,0,0,0,0,0,,not_available,未获取到关联站台源对象,
node/4759815998,怀来站,2,2,0,2,0,,not_available,来源含站台线，不能当作真实面,way/1081596971|way/1081596972
node/7805076368,怀柔北站,2,2,0,2,0,,not_available,来源含站台线，不能当作真实面,way/237351923|way/1032723975
node/7114099684,怀柔南站,2,2,2,0,0,,not_available,源对象与显示一致，实际完整性未核验,way/1167499948|way/1167499949
node/7805118844,怀柔站,2,2,0,2,0,,not_available,来源含站台线，不能当作真实面,way/237264435|way/237264437
node/8857321650,怀远站,0,0,0,0,0,,not_available,未获取到关联站台源对象,
node/3060297703,怀集站,2,2,2,0,0,,not_available,源对象与显示一致，实际完整性未核验,way/1253117987|way/1253117988
node/7128064824,怒江站,0,0,0,0,0,,not_available,未获取到关联站台源对象,
node/5573596677,思濛站,0,0,0,0,0,,not_available,未获取到关联站台源对象,
node/7276635776,思甜南站,0,0,0,0,0,,not_available,未获取到关联站台源对象,
node/9524436510,思甜站,0,0,0,0,0,,not_available,未获取到关联站台源对象,
node/12714048664,思蒙站,2,2,2,0,0,,not_available,源对象与显示一致，实际完整性未核验,way/1435849502|way/1435849503
node/3797723048,总甫站,0,0,0,0,0,,not_available,未获取到关联站台源对象,
node/3020183052,恒口站,0,0,0,0,0,,not_available,未获取到关联站台源对象,
node/1593383650,恒地营站,1,1,0,1,0,,not_available,来源含站台线，不能当作真实面,way/1125798312
node/10839801597,恒山矿新站,0,0,0,0,0,,not_available,未获取到关联站台源对象,
node/7342429581,恒山站,0,0,0,0,0,,not_available,未获取到关联站台源对象,
node/5485730496,恩平站,2,2,2,0,0,,not_available,源对象与显示一致，实际完整性未核验,way/1420396596|way/1420396597
node/11716384865,恩施南站,0,0,0,0,0,,not_available,未获取到关联站台源对象,
node/3467426477,恩施站,0,0,0,0,0,,not_available,未获取到关联站台源对象,
node/3676366827,恭城站,2,2,2,0,0,,not_available,源对象与显示一致，实际完整性未核验,way/375924620|way/375924621
node/9516066034,息县站,0,0,0,0,0,,not_available,未获取到关联站台源对象,
node/1763164530,息烽站,0,0,0,0,0,,not_available,未获取到关联站台源对象,
node/12211994982,恰央河站,0,0,0,0,0,,not_available,未获取到关联站台源对象,
node/7365784931,恰尔巴格站,0,0,0,0,0,,not_available,未获取到关联站台源对象,
node/7369154346,恰干站,0,0,0,0,0,,not_available,未获取到关联站台源对象,
node/7365891036,恰库尔图 شاكۇرتى站,0,0,0,0,0,,not_available,未获取到关联站台源对象,
node/12211994984,恰拉站,0,0,0,0,0,,not_available,未获取到关联站台源对象,
node/9202680204,恰阳河站,0,0,0,0,0,,not_available,未获取到关联站台源对象,
node/2328405928,悬钟站,1,1,1,0,0,,not_available,源对象与显示一致，实际完整性未核验,way/1123079945
node/2719758932,惠东南站,2,2,2,0,0,,not_available,源对象与显示一致，实际完整性未核验,way/1010240924|way/1010240925
node/8301434852,惠东站,2,2,2,0,0,,not_available,源对象与显示一致，实际完整性未核验,way/1323245275|way/1323245276
node/10908472608,惠农南站,2,2,0,2,0,,not_available,来源含站台线，不能当作真实面,way/1306544064|way/1306544065
node/13808856976,惠农南站,0,0,0,0,0,,not_available,未获取到关联站台源对象,
node/9118892115,惠农站,0,0,0,0,0,,not_available,未获取到关联站台源对象,
node/2956850477,惠刘站,0,0,0,0,0,,not_available,未获取到关联站台源对象,
node/12103960071,惠南站,2,2,0,2,0,,not_available,来源含站台线，不能当作真实面,way/460584067|way/460584073
node/3378402909,惠安南站,0,0,0,0,0,,not_available,未获取到关联站台源对象,
node/11910000304,惠安堡站,0,0,0,0,0,,not_available,未获取到关联站台源对象,
node/3378402906,惠安站,0,0,0,0,0,,not_available,未获取到关联站台源对象,
node/1983465568,惠山站,0,0,0,0,0,,not_available,未获取到关联站台源对象,
node/14162436280,惠州北站,4,4,4,0,0,,not_available,源对象与显示一致，实际完整性未核验,way/1499626270|way/1499626271|way/1499626272|way/1499626273
node/8270551258,惠州北站,5,5,0,5,0,,not_available,来源含站台线，不能当作真实面,way/1504509810|way/1504509811|way/1504509812|way/1504509813|way/1504509814
node/10787152718,惠州南站,4,4,4,0,0,,not_available,源对象与显示一致，实际完整性未核验,way/1390995906|way/1390995907|way/1390995908|way/1390995909
node/5590889820,惠州站,2,2,2,0,0,,not_available,源对象与显示一致，实际完整性未核验,way/658600714|way/658600715
node/2460428936,惠州西站,2,2,2,0,0,,not_available,源对象与显示一致，实际完整性未核验,way/584955060|way/584955061
node/10554312395,惠来站,0,0,0,0,0,,not_available,未获取到关联站台源对象,
node/12065949878,惠民站,0,0,0,0,0,,not_available,未获取到关联站台源对象,
node/6169449259,惠环站,2,2,2,0,0,,not_available,源对象与显示一致，实际完整性未核验,way/658280636|way/658280638
node/9198249297,惠环西站,0,0,0,0,0,,not_available,未获取到关联站台源对象,
node/8073204172,惠阳东站,0,0,0,0,0,,not_available,未获取到关联站台源对象,
node/2719758933,惠阳站,5,5,5,0,0,,not_available,源对象与显示一致，实际完整性未核验,way/705888860|way/705888861|way/705888862|way/1159905840|way/1159905841
node/7638983865,感城站,0,0,0,0,0,,not_available,未获取到关联站台源对象,
node/1529879350,感德站,0,0,0,0,0,,not_available,未获取到关联站台源对象,
node/3098454440,慈义站,0,0,0,0,0,,not_available,未获取到关联站台源对象,
node/1613124730,慈利站,1,1,1,0,0,,not_available,源对象与显示一致，实际完整性未核验,way/498533366
node/7719096922,慈城站,0,0,0,0,0,,not_available,未获取到关联站台源对象,
node/1029070953,慈湖站,0,0,0,0,0,,not_available,未获取到关联站台源对象,
node/12609689255,慈溪站,0,0,0,0,0,,not_available,未获取到关联站台源对象,
node/4976690854,戎庄站,0,0,0,0,0,,not_available,未获取到关联站台源对象,
node/11134133625,成县站,0,0,0,0,0,,not_available,未获取到关联站台源对象,
node/2662698237,成吉思汗站,2,2,0,2,0,,not_available,来源含站台线，不能当作真实面,way/1096319917|way/1096319918
node/4730506522,成团站,0,0,0,0,0,,not_available,未获取到关联站台源对象,
node/7212021583,成都东站,14,14,0,14,0,,not_available,来源含站台线，不能当作真实面,way/917731465|way/917731466|way/917731467|way/917731468|way/917731469|way/917731470|way/917731471|way/917731472|way/917731473|way/917731474|way/917731475|way/917731476|way/917731477|way/917731478
node/2203786815,成都北站,0,0,0,0,0,,not_available,未获取到关联站台源对象,
node/9334658569,成都南站,5,5,5,0,0,,not_available,源对象与显示一致，实际完整性未核验,way/666838813|way/666838814|way/666838815|way/666838816|way/666838817
node/7714547745,成都站,0,0,0,0,0,,not_available,未获取到关联站台源对象,
node/7201435293,成都西站,5,5,5,0,0,,not_available,源对象与显示一致，实际完整性未核验,way/675578005|way/675578008|way/675578015|way/888537278|way/888537279
node/14114209531,成都龙泉驿站,5,5,0,5,0,,not_available,来源含站台线，不能当作真实面,way/1490612390|way/1551670831|way/1551670832|way/1551670833|way/1551670834
node/2662698235,成高子站,2,2,0,2,0,,not_available,来源含站台线，不能当作真实面,way/1086118559|way/1086118560
node/8453216524,戚墅堰站,2,2,2,0,0,,not_available,源对象与显示一致，实际完整性未核验,way/823571567|way/823571568
node/9524455333,截河坝站,0,0,0,0,0,,not_available,未获取到关联站台源对象,
node/9228801017,戴楼站,0,0,0,0,0,,not_available,未获取到关联站台源对象,
node/8009300154,戴集站,0,0,0,0,0,,not_available,未获取到关联站台源对象,
node/9226690950,戴集站,0,0,0,0,0,,not_available,未获取到关联站台源对象,
node/2971189978,户县站,2,2,2,0,0,,not_available,源对象与显示一致，实际完整性未核验,way/1293646168|way/1293646169
node/10095160629,房子村站,0,0,0,0,0,,not_available,未获取到关联站台源对象,
node/13706600750,房山东站,2,2,2,0,0,,not_available,源对象与显示一致，实际完整性未核验,relation/21056121|relation/21056123
node/2391192221,房山站,1,1,1,0,0,,not_available,源对象与显示一致，实际完整性未核验,way/230629299
node/8158566848,房庄站,0,0,0,0,0,,not_available,未获取到关联站台源对象,
node/8154570905,才湾站,0,0,0,0,0,,not_available,未获取到关联站台源对象,
node/9334658550,扎佐站,0,0,0,0,0,,not_available,未获取到关联站台源对象,
node/1595854650,扎兰屯站,2,2,0,2,0,,not_available,来源含站台线，不能当作真实面,way/1086449258|way/1086449259
node/7329144920,扎其站,0,0,0,0,0,,not_available,未获取到关联站台源对象,
node/7296275994,扎加藏布站,1,1,1,0,0,,not_available,源对象与显示一致，实际完整性未核验,way/669576637
node/9069910631,扎哈淖尔站,0,0,0,0,0,,not_available,未获取到关联站台源对象,
node/9087403303,扎囊站,0,0,0,0,0,,not_available,未获取到关联站台源对象,
node/9069903388,扎布其尔站,0,0,0,0,0,,not_available,未获取到关联站台源对象,
node/10955936166,扎矿一号站,0,0,0,0,0,,not_available,未获取到关联站台源对象,
node/11835192826,扎绕（预留）,0,0,0,0,0,,not_available,未获取到关联站台源对象,
node/1595119285,扎罗木得站,2,2,0,2,0,,not_available,来源含站台线，不能当作真实面,way/1095301144|way/1095301145
node/1730288720,扎赉诺尔站,1,1,0,1,0,,not_available,来源含站台线，不能当作真实面,way/231960409
node/9160197906,扎赉诺尔西站,2,2,0,2,0,,not_available,来源含站台线，不能当作真实面,way/1094533313|way/1094533314
node/2344167685,扎音河站,1,1,0,1,0,,not_available,来源含站台线，不能当作真实面,way/1168533942
node/1720394653,扎鲁特站,1,1,0,1,0,,not_available,来源含站台线，不能当作真实面,way/1539566465
node/3688793547,扎麻隆站,0,0,0,0,0,,not_available,未获取到关联站台源对象,
node/4663166668,扒挪块站,0,0,0,0,0,,not_available,未获取到关联站台源对象,
node/8857111668,打场,0,0,0,0,0,,not_available,未获取到关联站台源对象,
node/840299040,打拉亥站,2,2,0,2,0,,not_available,来源含站台线，不能当作真实面,way/417462442|way/417462444
node/9329260383,打括站,0,0,0,0,0,,not_available,未获取到关联站台源对象,
node/2662698288,打柴沟站,2,2,0,2,0,,not_available,来源含站台线，不能当作真实面,way/435928335|way/1272820531
node/2643970801,打羊站,0,0,0,0,0,,not_available,未获取到关联站台源对象,
node/7236072724,打虎坑站,0,0,0,0,0,,not_available,未获取到关联站台源对象,
node/5166914735,托克托东站,0,0,0,0,0,,not_available,未获取到关联站台源对象,
node/5166914736,托克托站,0,0,0,0,0,,not_available,未获取到关联站台源对象,
node/7364331419,托克逊站,0,0,0,0,0,,not_available,未获取到关联站台源对象,
node/6268431243,托居站,1,1,1,0,0,,not_available,源对象与显示一致，实际完整性未核验,way/669576256
node/8204092218,托帕克站,0,0,0,0,0,,not_available,未获取到关联站台源对象,
node/7372000106,托托 تودوگ ᠲᠣᠭᠣᠳᠠᠭ站,0,0,0,0,0,,not_available,未获取到关联站台源对象,
node/7365811221,托洛拉克站,0,0,0,0,0,,not_available,未获取到关联站台源对象,
node/10574044802,托莫伊站,0,0,0,0,0,,not_available,未获取到关联站台源对象,
node/9122624811,扣河子站,0,0,0,0,0,,not_available,未获取到关联站台源对象,
node/9900091373,扩达站,0,0,0,0,0,,not_available,未获取到关联站台源对象,
node/9327370179,扬嘉站,0,0,0,0,0,,not_available,未获取到关联站台源对象,
node/3167951293,扬州东站,2,2,2,0,0,,not_available,源对象与显示一致，实际完整性未核验,way/1057958605|way/1057958606
node/8523143009,扬州北站,0,0,0,0,0,,not_available,未获取到关联站台源对象,
node/2429233768,扬州站,0,0,0,0,0,,not_available,未获取到关联站台源对象,
node/6099991220,扶余北站,2,2,2,0,0,2,osm_station_tags,源对象与显示一致，实际完整性未核验,way/1543019600|way/1543019601
node/8436994999,扶余站,2,2,2,0,0,,not_available,源对象与显示一致，实际完整性未核验,way/783440976|way/783440977
node/9171411670,扶余西站,0,0,0,0,0,,not_available,未获取到关联站台源对象,
node/12196410345,扶坝站,0,0,0,0,0,,not_available,未获取到关联站台源对象,
node/9534633725,扶沟南站,2,2,2,0,0,,not_available,源对象与显示一致，实际完整性未核验,way/1456564093|way/1456564094
node/10241499957,扶绥南站,2,2,2,0,0,,not_available,源对象与显示一致，实际完整性未核验,way/1533905324|way/1533905325
node/1577103493,扶绥站,1,1,0,1,0,,not_available,来源含站台线，不能当作真实面,way/497484864
node/8382763910,承安铺站,3,3,3,0,0,,not_available,源对象与显示一致，实际完整性未核验,way/1072029221|way/1072029222|way/1072029223
node/2662698231,承德东站,1,1,0,1,0,,not_available,来源含站台线，不能当作真实面,way/1144162808
node/4507818594,承德南站,4,4,4,0,0,,not_available,源对象与显示一致，实际完整性未核验,way/1171967577|way/1171967578|way/1171967579|way/1171967580
node/4507816736,承德县北站,0,0,0,0,0,,not_available,未获取到关联站台源对象,
node/9266232126,承德站,1,1,1,0,0,,not_available,源对象与显示一致，实际完整性未核验,way/560370442
node/3970067857,承德西站,2,2,0,2,0,,not_available,来源含站台线，不能当作真实面,way/1096804653|way/1096804654
node/2711752126,抚宁站,1,1,1,0,0,,not_available,源对象与显示一致，实际完整性未核验,way/1092188001
node/2867845403,抚州东站,2,2,2,0,0,,not_available,源对象与显示一致，实际完整性未核验,way/373741453|way/373741454
node/2445434504,抚州北站,1,1,1,0,0,,not_available,源对象与显示一致，实际完整性未核验,way/283922015
node/2879195401,抚州站,7,7,7,0,0,,not_available,源对象与显示一致，实际完整性未核验,way/283933249|way/283933250|way/283933345|way/1025407495|way/1025407496|way/1025407498|way/1025407500
node/4622106404,抚松站,0,0,0,0,0,,not_available,未获取到关联站台源对象,
node/9171411650,抚民站,0,0,0,0,0,,not_available,未获取到关联站台源对象,
node/2075745742,抚远东站,1,1,0,1,0,,not_available,来源含站台线，不能当作真实面,way/1124919944
node/2075745741,抚远站,2,2,0,2,0,,not_available,来源含站台线，不能当作真实面,way/1124919947|way/1124919948
node/9174531414,抚顺站,0,0,0,0,0,,not_available,未获取到关联站台源对象,
node/12247246725,护国东站,0,0,0,0,0,,not_available,未获取到关联站台源对象,
node/8182480309,护国站,0,0,0,0,0,,not_available,未获取到关联站台源对象,
node/8454361480,担子站,0,0,0,0,0,,not_available,未获取到关联站台源对象,
node/9098127457,拉僧中庙站,0,0,0,0,0,,not_available,未获取到关联站台源对象,
node/9098127460,拉僧庙站,0,0,0,0,0,,not_available,未获取到关联站台源对象,
node/1603990180,拉古站,2,2,0,2,0,,not_available,来源含站台线，不能当作真实面,way/602576117|way/602576118
node/1727803063,拉哈站,2,2,0,2,0,,not_available,来源含站台线，不能当作真实面,way/1125532029|way/1125532030
node/8340587083,拉市海站,1,1,1,0,0,,not_available,源对象与显示一致，实际完整性未核验,way/1427510523
node/9169258497,拉拉屯站,0,0,0,0,0,,not_available,未获取到关联站台源对象,
node/2333085942,拉林站,2,2,0,2,0,,not_available,来源含站台线，不能当作真实面,way/1112506883|way/1112506884
node/2333086037,拉法站,0,0,0,0,0,,not_available,未获取到关联站台源对象,
node/9189836474,拉洞站,0,0,0,0,0,,not_available,未获取到关联站台源对象,
node/2092189988,拉白站,0,0,0,0,0,,not_available,未获取到关联站台源对象,
node/2895022893,拉萨南站,0,0,0,0,0,,not_available,未获取到关联站台源对象,
node/7279526244,拉萨站,1,1,0,1,0,,not_available,来源含站台线，不能当作真实面,way/43051022
node/6270117708,拉萨西站,0,0,0,0,0,,not_available,未获取到关联站台源对象,
node/1558444922,拉鲊站,0,0,0,0,0,,not_available,未获取到关联站台源对象,
node/2954258498,拓石站,1,1,0,1,0,,not_available,来源含站台线，不能当作真实面,way/695820830
node/7319261929,拖拉海站,1,1,1,0,0,,not_available,源对象与显示一致，实际完整性未核验,way/676659108
node/12404403771,拖拉海西站,0,0,0,0,0,,not_available,未获取到关联站台源对象,
node/2456745911,拖船埠站,1,1,1,0,0,,not_available,源对象与显示一致，实际完整性未核验,way/243061242
node/1984411045,招柏站,1,1,1,0,0,,not_available,源对象与显示一致，实际完整性未核验,way/1150776452
node/3753846066,招贤站,0,0,0,0,0,,not_available,未获取到关联站台源对象,
node/5631558352,招远北站,0,0,0,0,0,,not_available,未获取到关联站台源对象,
node/10536357430,招远站,2,2,2,0,0,,not_available,源对象与显示一致，实际完整性未核验,way/1369810626|way/1369810627
node/11837753484,拜珍（预留）,0,0,0,0,0,,not_available,未获取到关联站台源对象,
node/12718780477,括苍站,0,0,0,0,0,,not_available,未获取到关联站台源对象,
node/8818386591,拿口站,0,0,0,0,0,,not_available,未获取到关联站台源对象,
node/553678289,挖色站,0,0,0,0,0,,not_available,未获取到关联站台源对象,
node/1577895109,捏掌站,0,0,0,0,0,,not_available,未获取到关联站台源对象,
node/582370787,捞刀河站,0,0,0,0,0,,not_available,未获取到关联站台源对象,
node/2329566269,换新天站,1,1,0,1,0,,not_available,来源含站台线，不能当作真实面,way/1124894233
node/7740322578,掇刀站,0,0,0,0,0,,not_available,未获取到关联站台源对象,
node/8737969197,排口站,0,0,0,0,0,,not_available,未获取到关联站台源对象,
node/7816787382,排塘站,0,0,0,0,0,,not_available,未获取到关联站台源对象,
node/5682885171,排楼站,0,0,0,0,0,,not_available,未获取到关联站台源对象,
node/2461375498,接渡站,0,0,0,0,0,,not_available,未获取到关联站台源对象,
node/9069903386,推能木塔尔站,0,0,0,0,0,,not_available,未获取到关联站台源对象,
node/7296275992,措那湖站,0,0,0,0,0,,not_available,未获取到关联站台源对象,
node/5670444275,插花站,1,1,0,1,0,,not_available,来源含站台线，不能当作真实面,way/637968007
node/9202090137,揭东站,0,0,0,0,0,,not_available,未获取到关联站台源对象,
node/1619326154,揭阳南站,2,2,2,0,0,,not_available,源对象与显示一致，实际完整性未核验,way/587359902|way/587359912
node/9202090143,揭阳机场,0,0,0,0,0,,not_available,未获取到关联站台源对象,
node/9202090144,揭阳站,0,0,0,0,0,,not_available,未获取到关联站台源对象,
node/9179735865,揽军屯站,0,0,0,0,0,,not_available,未获取到关联站台源对象,
node/10917569594,搭连站,1,1,1,0,0,,not_available,源对象与显示一致，实际完整性未核验,way/1467492768
node/12734050177,摆梭站,0,0,0,0,0,,not_available,未获取到关联站台源对象,
node/1668749919,播明站,0,0,0,0,0,,not_available,未获取到关联站台源对象,
node/9229648675,撮镇站,0,0,0,0,0,,not_available,未获取到关联站台源对象,
node/5230059149,攀枝花南站,4,4,4,0,0,,not_available,源对象与显示一致，实际完整性未核验,way/857261249|way/857261250|way/857261251|way/857261252
node/1558444953,攀枝花站,2,2,2,0,0,,not_available,源对象与显示一致，实际完整性未核验,way/591141669|way/591141671
node/7935693259,支提山站,0,0,0,0,0,,not_available,未获取到关联站台源对象,
node/3360858460,攸县南站,2,2,2,0,0,,not_available,源对象与显示一致，实际完整性未核验,way/456309104|way/456309105
node/2328102101,攸县站,0,0,0,0,0,,not_available,未获取到关联站台源对象,
node/3060543643,改貌站,0,0,0,0,0,,not_available,未获取到关联站台源对象,
node/2945730075,放城站,0,0,0,0,0,,not_available,未获取到关联站台源对象,
node/7935693211,政和站,0,0,0,0,0,,not_available,未获取到关联站台源对象,
node/2940237259,故县站,0,0,0,0,0,,not_available,未获取到关联站台源对象,
node/5377255139,敖力布告站,0,0,0,0,0,,not_available,未获取到关联站台源对象,
node/4070990226,敖包沟站,0,0,0,0,0,,not_available,未获取到关联站台源对象,
node/6318167561,敖包站,0,0,0,0,0,,not_available,未获取到关联站台源对象,
node/1603990100,敖头站,2,2,0,2,0,,not_available,来源含站台线，不能当作真实面,way/602554517|way/602554518
node/9072960147,敖日格勒站,0,0,0,0,0,,not_available,未获取到关联站台源对象,
node/1720956541,敖汉站,1,1,1,0,0,,not_available,源对象与显示一致，实际完整性未核验,way/1478953710
node/9111251398,敖高图日站,0,0,0,0,0,,not_available,未获取到关联站台源对象,
node/7249740466,教字垭站,0,0,0,0,0,,not_available,未获取到关联站台源对象,
node/10291003185,敦化南站,0,0,0,0,0,,not_available,未获取到关联站台源对象,
node/4038070338,敦化站,0,0,0,0,0,,not_available,未获取到关联站台源对象,
node/4067927790,敦厚站,0,0,0,0,0,,not_available,未获取到关联站台源对象,
node/5010527067,敦煌站,2,2,2,0,0,,not_available,源对象与显示一致，实际完整性未核验,way/1450397704|way/1450397705
node/5010467052,敦煌西站,0,0,0,0,0,,not_available,未获取到关联站台源对象,
node/8182252513,敬梓场,0,0,0,0,0,,not_available,未获取到关联站台源对象,
node/7780346101,文亨站,0,0,0,0,0,,not_available,未获取到关联站台源对象,
node/8320746210,文佃站,0,0,0,0,0,,not_available,未获取到关联站台源对象,
node/14158869337,文化广场,0,0,0,0,0,,not_available,未获取到关联站台源对象,
node/5061226568,文化站,0,0,0,0,0,,not_available,未获取到关联站台源对象,
node/1692209495,文地站,0,0,0,0,0,,not_available,未获取到关联站台源对象,
node/2351141711,文安站,2,2,2,0,0,,not_available,源对象与显示一致，实际完整性未核验,way/1079098965|way/1079098966
node/8434476658,文官屯站,0,0,0,0,0,,not_available,未获取到关联站台源对象,
node/12798136150,文山站,0,0,0,0,0,,not_available,未获取到关联站台源对象,
node/8176251929,文崇站,0,0,0,0,0,,not_available,未获取到关联站台源对象,
node/8491432050,文庄村站,0,0,0,0,0,,not_available,未获取到关联站台源对象,
node/8187083081,文昌宫站,0,0,0,0,0,,not_available,未获取到关联站台源对象,
node/7639835672,文昌站,0,0,0,0,0,,not_available,未获取到关联站台源对象,
node/3169909565,文水站,2,2,2,0,0,,not_available,源对象与显示一致，实际完整性未核验,way/1463144173|way/1463144174
node/5173607628,文江站,0,0,0,0,0,,not_available,未获取到关联站台源对象,
node/13026166606,文疃站,0,0,0,0,0,,not_available,未获取到关联站台源对象,
node/6382928240,文登东站,2,2,2,0,0,,not_available,源对象与显示一致，实际完整性未核验,way/1367493964|way/1367493965
node/11247678023,文登南站,0,0,0,0,0,,not_available,未获取到关联站台源对象,
node/1282629210,文登站,2,2,2,0,0,,not_available,源对象与显示一致，实际完整性未核验,way/1453881875|way/1453881876
node/2502936498,文竹站,0,0,0,0,0,,not_available,未获取到关联站台源对象,
node/8164565206,斑竹园站,0,0,0,0,0,,not_available,未获取到关联站台源对象,
node/8327599039,斗尾站,0,0,0,0,0,,not_available,未获取到关联站台源对象,
node/2333212317,斗沟子站,1,1,0,1,0,,not_available,来源含站台线，不能当作真实面,way/1093385140
node/9176129495,斗虎屯站,0,0,0,0,0,,not_available,未获取到关联站台源对象,
node/7707072351,斗门站,0,0,0,0,0,,not_available,未获取到关联站台源对象,
node/8163363258,料石厂站,0,0,0,0,0,,not_available,未获取到关联站台源对象,
node/9660934592,斜桥站,0,0,0,0,0,,not_available,未获取到关联站台源对象,
node/7890264752,斜河涧线路所,2,2,1,1,0,,not_available,来源含站台线，不能当作真实面,way/1039734094|way/249211852
node/7978149737,新一站,0,0,0,0,0,,not_available,未获取到关联站台源对象,
node/3589651642,新上海庙南站,0,0,0,0,0,,not_available,未获取到关联站台源对象,
node/3589651651,新上海庙站,0,0,0,0,0,,not_available,未获取到关联站台源对象,
node/3097109800,新下陆站,1,1,1,0,0,,not_available,源对象与显示一致，实际完整性未核验,way/1221659603
node/2876178098,新丰镇站,0,0,0,0,0,,not_available,未获取到关联站台源对象,
node/12404403770,新乐村站,0,0,0,0,0,,not_available,未获取到关联站台源对象,
node/6542792343,新九站,0,0,0,0,0,,not_available,未获取到关联站台源对象,
node/2477368510,新乡东站,0,0,0,0,0,,not_available,未获取到关联站台源对象,
node/6611490530,新乡北站,0,0,0,0,0,,not_available,未获取到关联站台源对象,
node/9298889913,新乡南站,0,0,0,0,0,,not_available,未获取到关联站台源对象,
way/1430904236,新乡地方铁路(窄轨)沁温线木楼车站遗构站,0,0,0,0,0,,not_available,未获取到关联站台源对象,
node/8312461929,新乡站,0,0,0,0,0,,not_available,未获取到关联站台源对象,
node/8025334895,新乡西站,0,0,0,0,0,,not_available,未获取到关联站台源对象,
node/9259607259,新井站,0,0,0,0,0,,not_available,未获取到关联站台源对象,
node/9287647719,新交口站,0,0,0,0,0,,not_available,未获取到关联站台源对象,
node/9202090138,新亨站,0,0,0,0,0,,not_available,未获取到关联站台源对象,
node/8401400286,新会站,2,2,2,0,0,,not_available,源对象与显示一致，实际完整性未核验,way/1050604581|way/1050604582
node/2452993355,新余北站,2,2,2,0,0,3,osm_station_tags,源对象数量与标注或参考不一致，待核验,way/373714615|way/373714719
node/6322614508,新余南站,0,0,0,0,0,,not_available,未获取到关联站台源对象,
node/965990535,新余站,2,2,2,0,0,,not_available,源对象与显示一致，实际完整性未核验,way/1011491924|way/1011491925
node/6322614510,新余西站,0,0,0,0,0,,not_available,未获取到关联站台源对象,
node/3885999106,新保安站,2,2,2,0,0,,not_available,源对象与显示一致，实际完整性未核验,way/783055351|way/783055352
node/9119790830,新八号站,0,0,0,0,0,,not_available,未获取到关联站台源对象,
node/9171411643,新兰镇站,0,0,0,0,0,,not_available,未获取到关联站台源对象,
node/11140221411,新兴南站,0,0,0,0,0,,not_available,未获取到关联站台源对象,
node/5652911917,新兴县站,0,0,0,0,0,,not_available,未获取到关联站台源对象,
node/3931615580,新兴镇站,0,0,0,0,0,,not_available,未获取到关联站台源对象,
node/2092190135,新凉站,1,1,1,0,0,,not_available,源对象与显示一致，实际完整性未核验,way/773000310
node/5168561347,新凤凰站,0,0,0,0,0,,not_available,未获取到关联站台源对象,
node/2953780254,新化南站,2,2,2,0,0,,not_available,源对象与显示一致，实际完整性未核验,way/1460677716|way/1460677717
node/10120264005,新化站,2,2,2,0,0,,not_available,源对象与显示一致，实际完整性未核验,way/1011068076|way/1011068077
node/9274358842,新北大港站,0,0,0,0,0,,not_available,未获取到关联站台源对象,
node/1155336883,新华屯站,1,1,0,1,0,,not_available,来源含站台线，不能当作真实面,way/1285771343
node/9524455326,新华庄站,0,0,0,0,0,,not_available,未获取到关联站台源对象,
node/3589416972,新华桥站,0,0,0,0,0,,not_available,未获取到关联站台源对象,
node/9129186224,新华站,1,1,0,1,0,,not_available,来源含站台线，不能当作真实面,way/1116561120
node/14156675331,新南站,0,0,0,0,0,,not_available,未获取到关联站台源对象,
node/2370486201,新县站,2,2,2,0,0,,not_available,源对象与显示一致，实际完整性未核验,way/1493418401|way/1493418402
node/2621210721,新友谊站,1,1,0,1,0,,not_available,来源含站台线，不能当作真实面,way/1124613806
node/9329260400,新发站,0,0,0,0,0,,not_available,未获取到关联站台源对象,
node/1656306628,新台子站,0,0,0,0,0,,not_available,未获取到关联站台源对象,
node/7365718251,新和站,2,2,2,0,0,,not_available,源对象与显示一致，实际完整性未核验,way/467136948|way/622644087
node/3695433677,新哨站,0,0,0,0,0,,not_available,未获取到关联站台源对象,
node/9186758541,新哨站,0,0,0,0,0,,not_available,未获取到关联站台源对象,
node/1687160582,新团结站,0,0,0,0,0,,not_available,未获取到关联站台源对象,
node/8402523366,新园站,2,2,2,0,0,,not_available,源对象与显示一致，实际完整性未核验,way/956475577|way/956475578
node/2328405927,新固镇站,2,2,2,0,0,,not_available,源对象与显示一致，实际完整性未核验,way/1120848777|way/1120848778
node/8308409297,新场,0,0,0,0,0,,not_available,未获取到关联站台源对象,
node/3861777224,新场街站,0,0,0,0,0,,not_available,未获取到关联站台源对象,
node/2329134715,新坡站,2,2,2,0,0,,not_available,源对象与显示一致，实际完整性未核验,way/1115809397|way/1115809398
node/13422452218,新坪田站,0,0,0,0,0,,not_available,未获取到关联站台源对象,
node/8100248266,新城乡站,0,0,0,0,0,,not_available,未获取到关联站台源对象,
node/2348271090,新城子站,0,0,0,0,0,,not_available,未获取到关联站台源对象,
node/2361435788,新城川站,0,0,0,0,0,,not_available,未获取到关联站台源对象,
node/10889242879,新城站,0,0,0,0,0,,not_available,未获取到关联站台源对象,
node/3797740184,新城站,0,0,0,0,0,,not_available,未获取到关联站台源对象,
node/7746602411,新塘南站,0,0,0,0,0,,not_available,未获取到关联站台源对象,
node/9660921052,新塘边站,0,0,0,0,0,,not_available,未获取到关联站台源对象,
node/9980091032,新墟镇站,0,0,0,0,0,,not_available,未获取到关联站台源对象,
node/7197875254,新墩站,0,0,0,0,0,,not_available,未获取到关联站台源对象,
node/1252233969,新天站,1,1,0,1,0,,not_available,来源含站台线，不能当作真实面,way/1127803931
node/3006173722,新安县站,0,0,0,0,0,,not_available,未获取到关联站台源对象,
node/9192069850,新安圩站,0,0,0,0,0,,not_available,未获取到关联站台源对象,
node/1597596258,新安庄站,0,0,0,0,0,,not_available,未获取到关联站台源对象,
node/3621006236,新安店站,0,0,0,0,0,,not_available,未获取到关联站台源对象,
node/8382763911,新安村站,3,3,3,0,0,,not_available,源对象与显示一致，实际完整性未核验,way/1071319421|way/1071319422|way/1071319423
node/7203594829,新安江南站,0,0,0,0,0,,not_available,未获取到关联站台源对象,
node/7203594894,新安江站,0,0,0,0,0,,not_available,未获取到关联站台源对象,
node/9242869564,新安煤业站,0,0,0,0,0,,not_available,未获取到关联站台源对象,
node/13506342944,新安站,0,0,0,0,0,,not_available,未获取到关联站台源对象,
node/8333471607,新安站,0,0,0,0,0,,not_available,未获取到关联站台源对象,
node/8736321441,新安镇站,0,0,0,0,0,,not_available,未获取到关联站台源对象,
node/3083966337,新官渡站,0,0,0,0,0,,not_available,未获取到关联站台源对象,
node/10554222144,新宾站,0,0,0,0,0,,not_available,未获取到关联站台源对象,
node/679302228,新密站,0,0,0,0,0,,not_available,未获取到关联站台源对象,
node/2349438766,新寒岭站,0,0,0,0,0,,not_available,未获取到关联站台源对象,
node/10599205150,新尚站,0,0,0,0,0,,not_available,未获取到关联站台源对象,
node/7781481488,新屋里站,0,0,0,0,0,,not_available,未获取到关联站台源对象,
node/4747786842,新屯川站,0,0,0,0,0,,not_available,未获取到关联站台源对象,
node/9258877063,新市区站,1,1,1,0,0,,not_available,源对象与显示一致，实际完整性未核验,way/1354541154
node/9118892096,新市沟站,0,0,0,0,0,,not_available,未获取到关联站台源对象,
node/2331935781,新帐房站,0,0,0,0,0,,not_available,未获取到关联站台源对象,
node/2940767973,新干东站,0,0,0,0,0,,not_available,未获取到关联站台源对象,
node/2314081759,新干站,0,0,0,0,0,,not_available,未获取到关联站台源对象,
node/2341894814,新平坝站,0,0,0,0,0,,not_available,未获取到关联站台源对象,
node/9226690969,新庄矿站,0,0,0,0,0,,not_available,未获取到关联站台源对象,
node/1235648697,新店站,0,0,0,0,0,,not_available,未获取到关联站台源对象,
node/9329260394,新店镇站,0,0,0,0,0,,not_available,未获取到关联站台源对象,
node/9142749766,新康站,0,0,0,0,0,,not_available,未获取到关联站台源对象,
node/3026390648,新建河站,1,1,0,1,0,,not_available,来源含站台线，不能当作真实面,way/425390459
node/9169258498,新开站,0,0,0,0,0,,not_available,未获取到关联站台源对象,
node/4574238461,新开铺站,0,0,0,0,0,,not_available,未获取到关联站台源对象,
node/1727803161,新彦站,1,1,0,1,0,,not_available,来源含站台线，不能当作真实面,way/1125992845
node/2954258497,新拓石站,1,1,0,1,0,,not_available,来源含站台线，不能当作真实面,way/695820802
node/11309716778,新昌北站,0,0,0,0,0,,not_available,未获取到关联站台源对象,
node/7202301454,新昌站,0,0,0,0,0,,not_available,未获取到关联站台源对象,
node/8730269484,新晃站,2,2,2,0,0,,not_available,源对象与显示一致，实际完整性未核验,way/1284585871|way/1284585872
node/2953805433,新晃西站,2,2,0,2,0,,not_available,来源含站台线，不能当作真实面,way/1012160957|way/1012160958
node/3628302020,新曲站,0,0,0,0,0,,not_available,未获取到关联站台源对象,
node/1783909054,新李站,0,0,0,0,0,,not_available,未获取到关联站台源对象,
node/8154580328,新村站,0,0,0,0,0,,not_available,未获取到关联站台源对象,
node/4017721379,新杖子站,2,2,0,2,0,,not_available,来源含站台线，不能当作真实面,way/1115339060|way/1115339061
node/2344167680,新松浦站,2,2,0,2,0,,not_available,来源含站台线，不能当作真实面,way/1055110976|way/1055110977
node/1252233944,新林站,1,1,0,1,0,,not_available,来源含站台线，不能当作真实面,way/1145022829
node/8398749690,新柳站,0,0,0,0,0,,not_available,未获取到关联站台源对象,
node/9226690983,新桥矿站,0,0,0,0,0,,not_available,未获取到关联站台源对象,
node/7742242697,新桥站,3,3,0,3,0,,not_available,来源含站台线，不能当作真实面,way/561193203|way/561193204|way/561193205
node/8341413017,新桥站,0,0,0,0,0,,not_available,未获取到关联站台源对象,
way/1378454822,新桥站,0,0,0,0,0,,not_available,未获取到关联站台源对象,
node/8440342290,新桥镇站,0,0,0,0,0,,not_available,未获取到关联站台源对象,
node/12732718439,新毛坝站,0,0,0,0,0,,not_available,未获取到关联站台源对象,
node/4507873121,新民北站,2,2,2,0,0,,not_available,源对象与显示一致，实际完整性未核验,way/1034009928|way/1034009929
node/9327370172,新民场,2,2,0,2,0,,not_available,来源含站台线，不能当作真实面,way/542926727|way/542926728
node/1655741363,新民站,0,0,0,0,0,,not_available,未获取到关联站台源对象,
node/13043317971,新民（预留）,0,0,0,0,0,,not_available,未获取到关联站台源对象,
node/8737743231,新永顺站,0,0,0,0,0,,not_available,未获取到关联站台源对象,
node/8429754475,新汶站,0,0,0,0,0,,not_available,未获取到关联站台源对象,
node/9242299260,新沂南站,2,2,2,0,0,,not_available,源对象与显示一致，实际完整性未核验,way/1497657479|way/1497657480
node/1605321380,新沂站,0,0,0,0,0,,not_available,未获取到关联站台源对象,
node/8406197581,新沂西站,0,0,0,0,0,,not_available,未获取到关联站台源对象,
node/9196734315,新沙站,0,0,0,0,0,,not_available,未获取到关联站台源对象,
node/4133418813,新沟站,0,0,0,0,0,,not_available,未获取到关联站台源对象,
node/3949965039,新河东站,2,2,2,0,0,,not_available,源对象与显示一致，实际完整性未核验,way/1112323285|way/1112323291
node/4052276000,新河园站,0,0,0,0,0,,not_available,未获取到关联站台源对象,
node/3624896625,新河站,0,0,0,0,0,,not_available,未获取到关联站台源对象,
node/8509671056,新河镇站,0,0,0,0,0,,not_available,未获取到关联站台源对象,
node/13112753036,新泉站,0,0,0,0,0,,not_available,未获取到关联站台源对象,
node/2838824423,新泉镇站,0,0,0,0,0,,not_available,未获取到关联站台源对象,
node/8418956317,新泰站,0,0,0,0,0,,not_available,未获取到关联站台源对象,
node/4752750505,新津南站,4,4,2,2,0,,not_available,来源含站台线，不能当作真实面,way/1191350348|way/1191350349|way/1544739745|way/1544739746
node/9334658567,新津站,2,2,2,0,0,,not_available,源对象与显示一致，实际完整性未核验,way/675082365|way/675082366
node/5488622979,新洲站,0,0,0,0,0,,not_available,未获取到关联站台源对象,
node/9223366457,新浦东站,0,0,0,0,0,,not_available,未获取到关联站台源对象,
node/8259096343,新港北站,0,0,0,0,0,,not_available,未获取到关联站台源对象,
node/9196734316,新港站,0,0,0,0,0,,not_available,未获取到关联站台源对象,
node/9235497289,新港站,0,0,0,0,0,,not_available,未获取到关联站台源对象,
node/3438638222,新现站,0,0,0,0,0,,not_available,未获取到关联站台源对象,
node/8454015056,新生桥站,1,1,1,0,0,,not_available,源对象与显示一致，实际完整性未核验,way/1467492760
node/12982669177,新生站,0,0,0,0,0,,not_available,未获取到关联站台源对象,
node/12475981665,新田港站,0,0,0,0,0,,not_available,未获取到关联站台源对象,
node/4615517247,新甸站,0,0,0,0,0,,not_available,未获取到关联站台源对象,
node/9926053026,新白马站,0,0,0,0,0,,not_available,未获取到关联站台源对象,
node/7702364124,新碧站,0,0,0,0,0,,not_available,未获取到关联站台源对象,
node/2290062618,新祺周站,2,2,2,0,0,,not_available,源对象与显示一致，实际完整性未核验,way/286016084|way/286016087
node/3470669844,新窑坡站,0,0,0,0,0,,not_available,未获取到关联站台源对象,
node/8317489400,新窑站,0,0,0,0,0,,not_available,未获取到关联站台源对象,
node/1720956534,新窝铺站,1,1,0,1,0,,not_available,来源含站台线，不能当作真实面,way/1481209809
node/1655741357,新立屯站,2,2,2,0,0,,not_available,源对象与显示一致，实际完整性未核验,way/1192760596|way/1192760597
node/3230872601,新立镇站,0,0,0,0,0,,not_available,未获取到关联站台源对象,
node/9497383557,新站,0,0,0,0,0,,not_available,未获取到关联站台源对象,
node/7272083220,新红光站,0,0,0,0,0,,not_available,未获取到关联站台源对象,
node/1609056587,新绛站,0,0,0,0,0,,not_available,未获取到关联站台源对象,
node/8944428493,新绰源站,1,1,0,1,0,,not_available,来源含站台线，不能当作真实面,way/1077013491
node/6355181380,新肇站,0,0,0,0,0,,not_available,未获取到关联站台源对象,
node/12714048663,新胜利站,0,0,0,0,0,,not_available,未获取到关联站台源对象,
node/7217813336,新花站,0,0,0,0,0,,not_available,未获取到关联站台源对象,
node/9202090136,新茶山站,0,0,0,0,0,,not_available,未获取到关联站台源对象,
node/8310254231,新萝村站,0,0,0,0,0,,not_available,未获取到关联站台源对象,
node/3045710295,新街站,1,1,1,0,0,,not_available,源对象与显示一致，实际完整性未核验,way/1293362892
node/5020270571,新街站,0,0,0,0,0,,not_available,未获取到关联站台源对象,
node/3157348619,新街西站,0,0,0,0,0,,not_available,未获取到关联站台源对象,
node/9290860302,新西北站,0,0,0,0,0,,not_available,未获取到关联站台源对象,
node/9081737224,新贤城站,1,1,1,0,0,,not_available,源对象与显示一致，实际完整性未核验,way/1132673806
node/2340355364,新邱站,0,0,0,0,0,,not_available,未获取到关联站台源对象,
node/5655797099,新邹家站,0,0,0,0,0,,not_available,未获取到关联站台源对象,
node/3604929554,新郑东站,0,0,0,0,0,,not_available,未获取到关联站台源对象,
node/8175765365,新郑北站,0,0,0,0,0,,not_available,未获取到关联站台源对象,
node/3604929559,新郑南站,0,0,0,0,0,,not_available,未获取到关联站台源对象,
node/6660412153,新郑机场,0,0,0,0,0,,not_available,未获取到关联站台源对象,
node/6672557609,新郑站,1,1,1,0,0,,not_available,源对象与显示一致，实际完整性未核验,way/709792006
node/4765197373,新都东站,2,2,2,0,0,,not_available,源对象与显示一致，实际完整性未核验,way/1191352612|way/1191352613
node/9899713912,新都桥站,2,2,0,2,0,,not_available,来源含站台线，不能当作真实面,way/1271735102|way/1271735104
node/3931849645,新都站,0,0,0,0,0,,not_available,未获取到关联站台源对象,
node/2092190148,新铁村站,0,0,0,0,0,,not_available,未获取到关联站台源对象,
node/2666710930,新闸镇站,0,0,0,0,0,,not_available,未获取到关联站台源对象,
node/3840290624,新阳镇站,2,2,0,2,0,,not_available,来源含站台线，不能当作真实面,way/447073096|way/447073101
node/9226664079,新集一矿站,0,0,0,0,0,,not_available,未获取到关联站台源对象,
node/9226664080,新集二矿站,0,0,0,0,0,,not_available,未获取到关联站台源对象,
node/8111545470,新集站,2,2,2,0,0,,not_available,源对象与显示一致，实际完整性未核验,way/1308498515|way/1308498516
node/8327327826,新霞流市站,0,0,0,0,0,,not_available,未获取到关联站台源对象,
node/6390876185,新青站,1,1,0,1,0,,not_available,来源含站台线，不能当作真实面,way/1178194117
node/6314289680,新香坊北站,0,0,0,0,0,,not_available,未获取到关联站台源对象,
node/2333085952,新香坊站,1,1,0,1,0,,not_available,来源含站台线，不能当作真实面,way/1098275691
node/8454361468,新马桥站,0,0,0,0,0,,not_available,未获取到关联站台源对象,
node/7890091157,新高山站,0,0,0,0,0,,not_available,未获取到关联站台源对象,
node/1727803141,新高峰站,1,1,0,1,0,,not_available,来源含站台线，不能当作真实面,way/1125992840
node/12732637934,新麻柳站,0,0,0,0,0,,not_available,未获取到关联站台源对象,
node/7168621492,新龙华站,0,0,0,0,0,,not_available,未获取到关联站台源对象,
node/12712348629,新龙站,0,0,0,0,0,,not_available,未获取到关联站台源对象,
node/9526166087,方城站,0,0,0,0,0,,not_available,未获取到关联站台源对象,
node/8182431202,方山站,0,0,0,0,0,,not_available,未获取到关联站台源对象,
node/8163363250,方岗站,0,0,0,0,0,,not_available,未获取到关联站台源对象,
node/5697139260,方正站,2,2,2,0,0,,not_available,源对象与显示一致，实际完整性未核验,way/1112529340|way/1112529341
node/8327599283,施厝站,0,0,0,0,0,,not_available,未获取到关联站台源对象,
node/8334335472,施家嘴站,0,0,0,0,0,,not_available,未获取到关联站台源对象,
node/8737743934,施溶溪站,0,0,0,0,0,,not_available,未获取到关联站台源对象,
node/627664957,施秉站,3,3,2,1,0,,not_available,来源含站台线，不能当作真实面,way/1337917887|way/1337917888|way/604236872
node/2349477556,旅顺站,2,2,2,0,0,,not_available,源对象与显示一致，实际完整性未核验,way/1492468617|way/1492468618
node/8187126614,旅顺西站,0,0,0,0,0,,not_available,未获取到关联站台源对象,
node/13048463742,旌德站,0,0,0,0,0,,not_available,未获取到关联站台源对象,
node/8148321962,旌阳站,0,0,0,0,0,,not_available,未获取到关联站台源对象,
node/4693191073,旗下营东站,0,0,0,0,0,,not_available,未获取到关联站台源对象,
node/9509616895,旗下营南站,0,0,0,0,0,,not_available,未获取到关联站台源对象,
node/3465525836,旗下营站,1,1,1,0,0,,not_available,源对象与显示一致，实际完整性未核验,way/540062751
node/3797740226,旗口站,0,0,0,0,0,,not_available,未获取到关联站台源对象,
node/9223366446,旗山矿站,0,0,0,0,0,,not_available,未获取到关联站台源对象,
node/3931615563,旗江站,0,0,0,0,0,,not_available,未获取到关联站台源对象,
node/8509167177,无为南站,1,1,1,0,0,,not_available,源对象与显示一致，实际完整性未核验,way/1301402333
node/7243088379,无为站,0,0,0,0,0,,not_available,未获取到关联站台源对象,
node/9254936108,无棣北站,0,0,0,0,0,,not_available,未获取到关联站台源对象,
node/12066084776,无棣站,0,0,0,0,0,,not_available,未获取到关联站台源对象,
node/2063857370,无锡东站,2,2,2,0,0,,not_available,源对象与显示一致，实际完整性未核验,way/302556061|way/1004684649
node/8453216525,无锡北站,0,0,0,0,0,,not_available,未获取到关联站台源对象,
node/8453216526,无锡南站,1,1,0,1,0,,not_available,来源含站台线，不能当作真实面,way/1245958446
node/9242148027,无锡新区站,1,1,1,0,0,,not_available,源对象与显示一致，实际完整性未核验,way/165144966
node/1983466271,无锡站,7,7,7,0,0,,not_available,源对象与显示一致，实际完整性未核验,way/662128704|way/662128705|way/662128707|way/662128708|way/725764162|way/725764163|way/725764164
node/3084370953,无锡西站,0,0,0,0,0,,not_available,未获取到关联站台源对象,
node/5697139251,日兴屯站,0,0,0,0,0,,not_available,未获取到关联站台源对象,
node/7279526246,日喀则站,3,3,3,0,0,,not_available,源对象与显示一致，实际完整性未核验,way/370388635|way/370388636|way/370388637
node/3740944757,日喀则西站,0,0,0,0,0,,not_available,未获取到关联站台源对象,
node/12478777495,日月峡站,0,0,0,0,0,,not_available,未获取到关联站台源对象,
node/8440800068,日照南站,0,0,0,0,0,,not_available,未获取到关联站台源对象,
node/9242869607,日照站,0,0,0,0,0,,not_available,未获取到关联站台源对象,
node/9255881283,日照西站,4,4,4,0,0,,not_available,源对象与显示一致，实际完整性未核验,way/630621455|way/630621456|way/630621457|way/630621458
node/6339804785,日阿尺曲站,0,0,0,0,0,,not_available,未获取到关联站台源对象,
node/5260347017,旧城站,0,0,0,0,0,,not_available,未获取到关联站台源对象,
node/9178344027,旧堡站,0,0,0,0,0,,not_available,未获取到关联站台源对象,
node/5181867154,旧庄窝东站,0,0,0,0,0,,not_available,未获取到关联站台源对象,
node/5183353123,旧庄窝站,2,2,0,2,0,,not_available,来源含站台线，不能当作真实面,way/1132050225|way/1132050226
node/9176129503,旧站,0,0,0,0,0,,not_available,未获取到关联站台源对象,
node/4039370301,早阳站,0,0,0,0,0,,not_available,未获取到关联站台源对象,
node/1575728436,旬阳北站,2,2,2,0,0,,not_available,源对象与显示一致，实际完整性未核验,way/1303291708|way/1303291709
node/1575728439,旬阳站,2,2,2,0,0,,not_available,源对象与显示一致，实际完整性未核验,way/1054410272|way/1054410273
node/7369068576,旱草湖山站,0,0,0,0,0,,not_available,未获取到关联站台源对象,
node/7369068577,旱草湖站,0,0,0,0,0,,not_available,未获取到关联站台源对象,
node/8158566835,旺乡岭站,0,0,0,0,0,,not_available,未获取到关联站台源对象,
node/11875874177,旺屋站,0,0,0,0,0,,not_available,未获取到关联站台源对象,
node/8859072629,旺甫站,0,0,0,0,0,,not_available,未获取到关联站台源对象,
node/12732987420,旺科站,0,0,0,0,0,,not_available,未获取到关联站台源对象,
node/8175928332,旺苍站,0,0,0,0,0,,not_available,未获取到关联站台源对象,
node/8442827809,旺远站,0,0,0,0,0,,not_available,未获取到关联站台源对象,
node/2662698012,昂乃站,1,1,0,1,0,,not_available,来源含站台线，不能当作真实面,way/1481209774
node/7296234977,昂嘎站,0,0,0,0,0,,not_available,未获取到关联站台源对象,
node/1974175889,昂昂溪站,2,2,0,2,0,,not_available,来源含站台线，不能当作真实面,way/1091536856|way/1091536857
node/12091626122,昂武站,0,0,0,0,0,,not_available,未获取到关联站台源对象,
node/9111251399,昂素站,0,0,0,0,0,,not_available,未获取到关联站台源对象,
node/7296170205,昆仑山站,1,1,1,0,0,,not_available,源对象与显示一致，实际完整性未核验,way/676863536
node/6339851231,昆仑桥站,0,0,0,0,0,,not_available,未获取到关联站台源对象,
node/9242148030,昆山南站,4,4,4,0,0,,not_available,源对象与显示一致，实际完整性未核验,way/477267437|way/477267438|way/477267439|way/477267440
node/8453216530,昆山站,3,3,3,0,0,,not_available,源对象与显示一致，实际完整性未核验,way/533832755|way/533832756|way/568054009
node/7891775722,昆明东站,0,0,0,0,0,,not_available,未获取到关联站台源对象,
node/2865839196,昆明南站,16,16,0,16,0,,not_available,来源含站台线，不能当作真实面,way/1050131301|way/1050131302|way/1050131303|way/1050131304|way/1050131305|way/1050131306|way/1050131307|way/1050131308|way/1050131309|way/1050131310|way/1050131311|way/1050131312|way/1050131313|way/1050131314|way/1050131315|way/1050131316
node/9176075104,昆明站,5,5,5,0,0,,not_available,源对象与显示一致，实际完整性未核验,way/464413591|way/464413593|way/464413594|way/464413595|way/464413596
node/4167683393,昆明西站,0,0,0,0,0,,not_available,未获取到关联站台源对象,
node/12712767769,昆玉东站,0,0,0,0,0,,not_available,未获取到关联站台源对象,
node/7365811214,昆玉站,0,0,0,0,0,,not_available,未获取到关联站台源对象,
node/9111251396,昆都仑召站,1,1,0,1,0,,not_available,来源含站台线，不能当作真实面,way/1092833380
node/1720394462,昆都庙站,1,1,1,0,0,,not_available,源对象与显示一致，实际完整性未核验,way/1481600594
node/9182286770,昆阳站,2,2,0,2,0,,not_available,来源含站台线，不能当作真实面,way/945534152|way/945534160
node/2727040405,昌乐站,0,0,0,0,0,,not_available,未获取到关联站台源对象,
node/7213210231,昌北机场,0,0,0,0,0,,not_available,未获取到关联站台源对象,
node/2662698197,昌吉站,4,4,4,0,0,,not_available,源对象与显示一致，实际完整性未核验,way/1393778467|way/1393778468|way/1393778469|way/1393778470
node/4072951352,昌吉高勒站,0,0,0,0,0,,not_available,未获取到关联站台源对象,
node/2348271083,昌图站,0,0,0,0,0,,not_available,未获取到关联站台源对象,
node/3880520952,昌图西站,0,0,0,0,0,,not_available,未获取到关联站台源对象,
node/7805052938,昌平北站,2,2,2,0,0,,not_available,源对象与显示一致，实际完整性未核验,way/612258472|way/612258473
node/2662698203,昌平站,2,2,2,0,0,,not_available,源对象与显示一致，实际完整性未核验,way/1061007813|way/1061007824
node/7638983867,昌感站,0,0,0,0,0,,not_available,未获取到关联站台源对象,
node/9072960177,昌汗沟站,0,0,0,0,0,,not_available,未获取到关联站台源对象,
node/7638983869,昌江站,0,0,0,0,0,,not_available,未获取到关联站台源对象,
node/7128808610,昌邑北站,0,0,0,0,0,,not_available,未获取到关联站台源对象,
node/8165214095,昌邑站,2,2,2,0,0,,not_available,源对象与显示一致，实际完整性未核验,way/968420716|way/968420718
node/9900091388,昌都站,3,3,0,3,0,,not_available,来源含站台线，不能当作真实面,way/1271758191|way/1271758193|way/1271758196
node/1582507133,昌黎站,3,3,3,0,0,,not_available,源对象与显示一致，实际完整性未核验,way/680284970|way/680284971|way/680284972
node/8454361472,明光站,2,2,0,2,0,,not_available,来源含站台线，不能当作真实面,way/536468341|way/536468342
node/9694086105,明光西站,0,0,0,0,0,,not_available,未获取到关联站台源对象,
node/1548856822,明城站,0,0,0,0,0,,not_available,未获取到关联站台源对象,
node/4072824032,明安南站,0,0,0,0,0,,not_available,未获取到关联站台源对象,
node/9111251394,明安站,0,0,0,0,0,,not_available,未获取到关联站台源对象,
node/9125461493,明水河站,0,0,0,0,0,,not_available,未获取到关联站台源对象,
node/5010595305,明水站,0,0,0,0,0,,not_available,未获取到关联站台源对象,
node/11834861031,明泽（预留）,0,0,0,0,0,,not_available,未获取到关联站台源对象,
node/8396976232,明港东站,2,2,2,0,0,,not_available,源对象与显示一致，实际完整性未核验,way/480837335|way/1029638817
node/1329779045,明港站,2,2,0,2,0,,not_available,来源含站台线，不能当作真实面,way/547601776|way/547601777
node/7781469283,明溪站,0,0,0,0,0,,not_available,未获取到关联站台源对象,
node/7710011715,明珠站,0,0,0,0,0,,not_available,未获取到关联站台源对象,
node/1659252273,明阳站,0,0,0,0,0,,not_available,未获取到关联站台源对象,
node/9251972099,明集站,0,0,0,0,0,,not_available,未获取到关联站台源对象,
node/4022925849,易县北站,0,0,0,0,0,,not_available,未获取到关联站台源对象,
node/10719872712,易县站,0,0,0,0,0,,not_available,未获取到关联站台源对象,
node/7236099483,易坑站,0,0,0,0,0,,not_available,未获取到关联站台源对象,
node/8327421930,易家湾站,0,0,0,0,0,,not_available,未获取到关联站台源对象,
node/8742711982,易江桥站,0,0,0,0,0,,not_available,未获取到关联站台源对象,
node/8383106530,昔阳站,0,0,0,0,0,,not_available,未获取到关联站台源对象,
node/8154792431,星光站,0,0,0,0,0,,not_available,未获取到关联站台源对象,
node/2643970708,星朗站,0,0,0,0,0,,not_available,未获取到关联站台源对象,
node/5578481526,星桥站,0,0,0,0,0,,not_available,未获取到关联站台源对象,
node/9129186271,星火乡站,1,1,0,1,0,,not_available,来源含站台线，不能当作真实面,way/1126608464
node/11901257629,星火站,0,0,0,0,0,,not_available,未获取到关联站台源对象,
node/11202356353,映秀站,0,0,0,0,0,,not_available,未获取到关联站台源对象,
node/2662698265,春亭阁站,1,1,0,1,0,,not_available,来源含站台线，不能当作真实面,way/1127435444
node/2662698266,春湾站,0,0,0,0,0,,not_available,未获取到关联站台源对象,
node/7168518929,春申站,2,2,2,0,0,,not_available,源对象与显示一致，实际完整性未核验,way/561203970|way/561203971
node/2333212313,春阳站,0,0,0,0,0,,not_available,未获取到关联站台源对象,
node/1546239777,昭化站,1,1,0,1,0,,not_available,来源含站台线，不能当作真实面,way/1314245529
node/3755321727,昭山站,0,0,0,0,0,,not_available,未获取到关联站台源对象,
node/10185206694,昭通东站,0,0,0,0,0,,not_available,未获取到关联站台源对象,
node/8323904876,昭通北站,0,0,0,0,0,,not_available,未获取到关联站台源对象,
node/1964642725,昭通南站,0,0,0,0,0,,not_available,未获取到关联站台源对象,
node/1964179114,昭通站,2,2,2,0,0,,not_available,源对象与显示一致，实际完整性未核验,way/1282134113|way/1282134114
node/3703270871,晁峪站,0,0,0,0,0,,not_available,未获取到关联站台源对象,
node/3012090162,晋中站,2,2,2,0,0,,not_available,源对象与显示一致，实际完整性未核验,way/1320401208|way/1320401209
node/8208342107,晋城东站,3,3,3,0,0,,not_available,源对象与显示一致，实际完整性未核验,way/1474272066|way/1474272067|way/1474272068
node/1577895046,晋城北站,0,0,0,0,0,,not_available,未获取到关联站台源对象,
node/1577895053,晋城站,0,0,0,0,0,,not_available,未获取到关联站台源对象,
node/4527901810,晋宁东站,2,2,0,2,0,,not_available,来源含站台线，不能当作真实面,way/952443568|way/952443570
node/9259607254,晋州站,2,2,2,0,0,,not_available,源对象与显示一致，实际完整性未核验,way/1052753522|way/1052753526
way/1171947685,晋庄站,0,0,0,0,0,,not_available,未获取到关联站台源对象,
node/7778190320,晋江站,0,0,0,0,0,,not_available,未获取到关联站台源对象,
node/7792095148,晋源站,0,0,0,0,0,,not_available,未获取到关联站台源对象,
node/8094193382,晏城北站,0,0,0,0,0,,not_available,未获取到关联站台源对象,
node/2651768079,晏城站,1,1,1,0,0,,not_available,源对象与显示一致，实际完整性未核验,way/1187270828
node/1555369841,晏家坝站,0,0,0,0,0,,not_available,未获取到关联站台源对象,
node/6882990887,晏家站,0,0,0,0,0,,not_available,未获取到关联站台源对象,
node/13588835321,晏镜岭站,0,0,0,0,0,,not_available,未获取到关联站台源对象,
node/8818386854,晒口站,0,0,0,0,0,,not_available,未获取到关联站台源对象,
node/12519624552,晓南站,0,0,0,0,0,,not_available,未获取到关联站台源对象,
node/12519624554,晓明站,0,0,0,0,0,,not_available,未获取到关联站台源对象,
node/2662698241,晨明站,2,2,0,2,0,,not_available,来源含站台线，不能当作真实面,way/1121382841|way/1121382842
node/12330990405,普兰店站,2,2,0,2,0,,not_available,来源含站台线，不能当作真实面,way/1153734259|way/1153734260
node/1588514513,普兴站,0,0,0,0,0,,not_available,未获取到关联站台源对象,
node/10555760577,普宁站,0,0,0,0,0,,not_available,未获取到关联站台源对象,
node/3328330804,普安县站,2,2,0,2,0,,not_available,来源含站台线，不能当作真实面,way/633882438|way/633882440
node/8725151533,普安堂站,0,0,0,0,0,,not_available,未获取到关联站台源对象,
node/3917354815,普安站,0,0,0,0,0,,not_available,未获取到关联站台源对象,
node/8308145831,普定站,1,1,1,0,0,,not_available,源对象与显示一致，实际完整性未核验,way/1521244265
node/8359842229,普文站,0,0,0,0,0,,not_available,未获取到关联站台源对象,
node/8327577939,普棚站,0,0,0,0,0,,not_available,未获取到关联站台源对象,
node/5031325186,普洱渡站,0,0,0,0,0,,not_available,未获取到关联站台源对象,
node/8359782369,普洱站,3,3,0,3,0,,not_available,来源含站台线，不能当作真实面,way/1009071700|way/1009071701|way/1009071702
node/8175950492,普济站,0,0,0,0,0,,not_available,未获取到关联站台源对象,
node/7693577621,普者黑站,2,2,0,2,0,,not_available,来源含站台线，不能当作真实面,way/538014298|way/538014300
node/5181749190,普觉站,0,0,0,0,0,,not_available,未获取到关联站台源对象,
node/8460009967,普达站,0,0,0,0,0,,not_available,未获取到关联站台源对象,
node/8442829812,普连集站,0,0,0,0,0,,not_available,未获取到关联站台源对象,
node/8347697335,普通站,0,0,0,0,0,,not_available,未获取到关联站台源对象,
node/2092190070,普雄站,2,2,2,0,0,,not_available,源对象与显示一致，实际完整性未核验,way/591316368|way/1154746100
node/3840311610,景家店站,2,2,1,1,0,,not_available,来源含站台线，不能当作真实面,way/408359499|way/427568461
node/9524436511,景峡站,0,0,0,0,0,,not_available,未获取到关联站台源对象,
node/5555291485,景州站,0,0,0,0,0,,not_available,未获取到关联站台源对象,
node/12546519617,景德镇东（废弃）,0,0,0,0,0,,not_available,未获取到关联站台源对象,
node/2988925898,景德镇北站,5,5,5,0,0,,not_available,源对象与显示一致，实际完整性未核验,way/537880268|way/537880269|way/537880270|way/1339052471|way/1339052474
node/3098455700,景德镇南站,0,0,0,0,0,,not_available,未获取到关联站台源对象,
node/7266754619,景德镇站,2,2,2,0,0,,not_available,源对象与显示一致，实际完整性未核验,way/306195403|way/306195404
node/2340696426,景泰站,0,0,0,0,0,,not_available,未获取到关联站台源对象,
node/8806630601,暖水站,0,0,0,0,0,,not_available,未获取到关联站台源对象,
node/10836356812,暖泉站,0,0,0,0,0,,not_available,未获取到关联站台源对象,
node/9118892111,暖泉站,0,0,0,0,0,,not_available,未获取到关联站台源对象,
node/3410043449,暮云站,2,2,2,0,0,,not_available,源对象与显示一致，实际完整性未核验,way/912869750|way/912869751
node/7296224589,曲吾站,1,1,1,0,0,,not_available,源对象与显示一致，实际完整性未核验,way/677013452
node/8914665282,曲子站,0,0,0,0,0,,not_available,未获取到关联站台源对象,
node/2340355358,曲家店站,0,0,0,0,0,,not_available,未获取到关联站台源对象,
node/8485883657,曲屯站,0,0,0,0,0,,not_available,未获取到关联站台源对象,
node/9186758522,曲樟站,0,0,0,0,0,,not_available,未获取到关联站台源对象,
node/2894949883,曲水县站,1,1,1,0,0,,not_available,源对象与显示一致，实际完整性未核验,way/888655762
node/4511131082,曲江站,0,0,0,0,0,,not_available,未获取到关联站台源对象,
node/3218363035,曲沃站,0,0,0,0,0,,not_available,未获取到关联站台源对象,
node/6193950294,曲阜东站,1,1,1,0,0,,not_available,源对象与显示一致，实际完整性未核验,way/1041367078
node/9354508776,曲阜南站,2,2,2,0,0,,not_available,源对象与显示一致，实际完整性未核验,way/1378473631|way/1378473632
node/1613209999,曲阜站,0,0,0,0,0,,not_available,未获取到关联站台源对象,
node/11297643260,曲阳站,0,0,0,0,0,,not_available,未获取到关联站台源对象,
node/7704087889,曲靖北站,3,3,3,0,0,,not_available,源对象与显示一致，实际完整性未核验,way/711919904|way/711919905|way/711919906
node/10120263997,曲靖站,2,2,2,0,0,,not_available,源对象与显示一致，实际完整性未核验,way/912587996|way/912587997
node/6318167570,曲鲁海站,0,0,0,0,0,,not_available,未获取到关联站台源对象,
node/3907776775,更村站,0,0,0,0,0,,not_available,未获取到关联站台源对象,
node/9119790826,曹不罕站,0,0,0,0,0,,not_available,未获取到关联站台源对象,
node/8413791616,曹东庄站,2,2,2,0,0,,not_available,源对象与显示一致，实际完整性未核验,way/1092056517|way/1092056518
node/2662698171,曹县站,2,2,2,0,0,,not_available,源对象与显示一致，实际完整性未核验,way/375641788|way/375641789
node/11296772774,曹县西站,2,2,0,2,0,,not_available,来源含站台线，不能当作真实面,way/1548084471|way/1548084478
node/5112069633,曹妃甸东站,0,0,0,0,0,,not_available,未获取到关联站台源对象,
node/4693555201,曹妃甸北站,0,0,0,0,0,,not_available,未获取到关联站台源对象,
node/4693555199,曹妃甸南站,0,0,0,0,0,,not_available,未获取到关联站台源对象,
node/13300331080,曹妃甸港北站,0,0,0,0,0,,not_available,未获取到关联站台源对象,
node/7783459218,曹妃甸港站,2,2,2,0,0,,not_available,源对象与显示一致，实际完整性未核验,way/777624461|way/777624462
node/9280035520,曹妃甸站,0,0,0,0,0,,not_available,未获取到关联站台源对象,
node/4693555200,曹妃甸西站,0,0,0,0,0,,not_available,未获取到关联站台源对象,
node/1582348723,曹子里站,1,1,1,0,0,,not_available,源对象与显示一致，实际完整性未核验,way/1135518556
node/3156134257,曹家伙场,0,0,0,0,0,,not_available,未获取到关联站台源对象,
node/7315569495,曹家堡站,0,0,0,0,0,,not_available,未获取到关联站台源对象,
node/4663087678,曹家湾站,0,0,0,0,0,,not_available,未获取到关联站台源对象,
node/9292699665,曹家滩站,0,0,0,0,0,,not_available,未获取到关联站台源对象,
node/9123967448,曹家烧锅站,0,0,0,0,0,,not_available,未获取到关联站台源对象,
node/2662698169,曹家营子站,1,1,0,1,0,,not_available,来源含站台线，不能当作真实面,way/1459930425
node/6992745336,曹山站,0,0,0,0,0,,not_available,未获取到关联站台源对象,
node/13971777206,曹庄站,0,0,0,0,0,,not_available,未获取到关联站台源对象,
node/272455407,曹庄站,1,1,1,0,0,,not_available,源对象与显示一致，实际完整性未核验,way/1230853865
node/3949862902,曹庄镇站,2,2,2,0,0,,not_available,源对象与显示一致，实际完整性未核验,way/1113136786|way/1113136802
node/8506767805,曹庙站,0,0,0,0,0,,not_available,未获取到关联站台源对象,
node/8454361463,曹村站,0,0,0,0,0,,not_available,未获取到关联站台源对象,
node/7202547231,曹武站,0,0,0,0,0,,not_available,未获取到关联站台源对象,
node/2339632936,曹王站,0,0,0,0,0,,not_available,未获取到关联站台源对象,
node/5420397432,曹老集站,0,0,0,0,0,,not_available,未获取到关联站台源对象,
node/8360007939,曼么站,0,0,0,0,0,,not_available,未获取到关联站台源对象,
node/8360061045,曼勒站,0,0,0,0,0,,not_available,未获取到关联站台源对象,
node/8166737594,曼滩站,0,0,0,0,0,,not_available,未获取到关联站台源对象,
node/8359963445,曼飞龙站,0,0,0,0,0,,not_available,未获取到关联站台源对象,
node/7260621602,曾口站,0,0,0,0,0,,not_available,未获取到关联站台源对象,
node/5033566186,曾家坪子站,0,0,0,0,0,,not_available,未获取到关联站台源对象,
node/2323529396,月亮田站,0,0,0,0,0,,not_available,未获取到关联站台源对象,
node/5037154143,月华站,1,1,1,0,0,,not_available,源对象与显示一致，实际完整性未核验,way/515887936
node/5230058280,月华西站,0,0,0,0,0,,not_available,未获取到关联站台源对象,
node/8524751390,月城站,0,0,0,0,0,,not_available,未获取到关联站台源对象,
node/3747750481,月塘站,0,0,0,0,0,,not_available,未获取到关联站台源对象,
node/1577895148,月山站,0,0,0,0,0,,not_available,未获取到关联站台源对象,
node/8485992799,月河店站,0,0,0,0,0,,not_available,未获取到关联站台源对象,
node/7263485692,月溪站,0,0,0,0,0,,not_available,未获取到关联站台源对象,
node/9129186253,月牙湖站,1,1,0,1,0,,not_available,来源含站台线，不能当作真实面,way/1185185233
node/5751287713,朋普站,2,2,2,0,0,,not_available,源对象与显示一致，实际完整性未核验,way/1530822734|way/1530822737
node/10297769453,朔州东站,0,0,0,0,0,,not_available,未获取到关联站台源对象,
node/843479826,朔州站,0,0,0,0,0,,not_available,未获取到关联站台源对象,
node/4589602572,朔州西站,0,0,0,0,0,,not_available,未获取到关联站台源对象,
node/9223898613,朔里站,0,0,0,0,0,,not_available,未获取到关联站台源对象,
node/2154670851,朗乡站,2,2,0,2,0,,not_available,来源含站台线，不能当作真实面,way/1121000379|way/1121000380
node/7329144909,朗县站,0,0,0,0,0,,not_available,未获取到关联站台源对象,
node/3353966057,朗常寨站,0,0,0,0,0,,not_available,未获取到关联站台源对象,
node/6308157536,望丘站,0,0,0,0,0,,not_available,未获取到关联站台源对象,
node/2098804276,望京站,2,2,0,2,0,,not_available,来源含站台线，不能当作真实面,way/120681979|way/120681983
node/8453216528,望亭站,1,1,0,1,0,,not_available,来源含站台线，不能当作真实面,way/653676296
node/7217814302,望城岗站,0,0,0,0,0,,not_available,未获取到关联站台源对象,
node/5507702379,望城站,0,0,0,0,0,,not_available,未获取到关联站台源对象,
node/5507702378,望城西站,0,0,0,0,0,,not_available,未获取到关联站台源对象,
node/12212964523,望塔站,0,0,0,0,0,,not_available,未获取到关联站台源对象,
node/9121997537,望山站,0,0,0,0,0,,not_available,未获取到关联站台源对象,
node/9226664100,望峰岗站,0,0,0,0,0,,not_available,未获取到关联站台源对象,
node/7364331418,望布站,0,0,0,0,0,,not_available,未获取到关联站台源对象,
node/7296170206,望昆站,0,0,0,0,0,,not_available,未获取到关联站台源对象,
node/9137876520,望江站,1,1,0,1,0,,not_available,来源含站台线，不能当作真实面,way/1121982966
node/11524835286,望洋台站,0,0,0,0,0,,not_available,未获取到关联站台源对象,
node/8175733298,望溪站,0,0,0,0,0,,not_available,未获取到关联站台源对象,
node/7063140835,望牛墩站,0,0,0,0,0,,not_available,未获取到关联站台源对象,
node/12091508859,望谟站,0,0,0,0,0,,not_available,未获取到关联站台源对象,
node/11297643254,望都北站,0,0,0,0,0,,not_available,未获取到关联站台源对象,
node/5944235192,望都站,2,2,2,0,0,,not_available,源对象与显示一致，实际完整性未核验,way/1074294163|way/1074294164
node/9126260274,朝中站,1,1,0,1,0,,not_available,来源含站台线，不能当作真实面,way/1085936660
node/9198249298,朝亮站,1,1,1,0,0,,not_available,源对象与显示一致，实际完整性未核验,way/1021420880
node/1532826986,朝天南站,0,0,0,0,0,,not_available,未获取到关联站台源对象,
node/7332499345,朝天站,2,2,0,2,0,,not_available,来源含站台线，不能当作真实面,way/1287789944|way/1287789945
node/4071010315,朝脑沟站,0,0,0,0,0,,not_available,未获取到关联站台源对象,
node/9123967452,朝阳北站,0,0,0,0,0,,not_available,未获取到关联站台源对象,
node/9169258491,朝阳北站,0,0,0,0,0,,not_available,未获取到关联站台源对象,
node/7949562606,朝阳南站,0,0,0,0,0,,not_available,未获取到关联站台源对象,
node/1721802913,朝阳地站,1,1,0,1,0,,not_available,来源含站台线，不能当作真实面,way/1453753537
node/1590460680,朝阳川站,1,1,1,0,0,,not_available,源对象与显示一致，实际完整性未核验,way/1199364040
node/6305752502,朝阳村站,1,1,0,1,0,,not_available,来源含站台线，不能当作真实面,way/1127435459
node/4585401968,朝阳湖站,0,0,0,0,0,,not_available,未获取到关联站台源对象,
node/12078908869,朝阳站,0,0,0,0,0,,not_available,未获取到关联站台源对象,
node/9506868279,朝阳西站,0,0,0,0,0,,not_available,未获取到关联站台源对象,
node/2662698225,朝阳镇站,0,0,0,0,0,,not_available,未获取到关联站台源对象,
node/9072960172,朝鲁图站,0,0,0,0,0,,not_available,未获取到关联站台源对象,
node/8417616507,木兰站,0,0,0,0,0,,not_available,未获取到关联站台源对象,
node/5655796387,木冲站,0,0,0,0,0,,not_available,未获取到关联站台源对象,
node/9269060403,木厂口站,0,0,0,0,0,,not_available,未获取到关联站台源对象,
node/10779289545,木古站,0,0,0,0,0,,not_available,未获取到关联站台源对象,
node/2662698029,木头营子站,1,1,0,1,0,,not_available,来源含站台线，不能当作真实面,way/1478953700
node/4676485670,木材场,3,3,0,3,0,,not_available,来源含站台线，不能当作真实面,way/906966649|way/906966657|way/906966658
node/11716384862,木栗站,0,0,0,0,0,,not_available,未获取到关联站台源对象,
node/13630103535,木根桥站,0,0,0,0,0,,not_available,未获取到关联站台源对象,
node/9287647744,木瓜界站,0,0,0,0,0,,not_available,未获取到关联站台源对象,
node/3191192383,木竹河站,0,0,0,0,0,,not_available,未获取到关联站台源对象,
node/2340355351,木里图站,0,0,0,0,0,,not_available,未获取到关联站台源对象,
node/3688803431,木里站,0,0,0,0,0,,not_available,未获取到关联站台源对象,
way/1350913874,未命名乘降所（way/1350913874）,0,0,0,0,0,,not_available,未获取到关联站台源对象,
way/665279260,未命名乘降所（way/665279260）,0,0,0,0,0,,not_available,未获取到关联站台源对象,
way/710581609,未命名乘降所（way/710581609）,0,0,0,0,0,,not_available,未获取到关联站台源对象,
way/975487270,未命名乘降所（way/975487270）,0,0,0,0,0,,not_available,未获取到关联站台源对象,
way/1000471300,未命名未定义（way/1000471300）,0,0,0,0,0,,not_available,未获取到关联站台源对象,
way/1004217444,未命名未定义（way/1004217444）,0,0,0,0,0,,not_available,未获取到关联站台源对象,
way/1008660581,未命名未定义（way/1008660581）,0,0,0,0,0,,not_available,未获取到关联站台源对象,
way/1017592845,未命名未定义（way/1017592845）,0,0,0,0,0,,not_available,未获取到关联站台源对象,
way/1021409974,未命名未定义（way/1021409974）,0,0,0,0,0,,not_available,未获取到关联站台源对象,
way/1023896410,未命名未定义（way/1023896410）,0,0,0,0,0,,not_available,未获取到关联站台源对象,
way/1023898089,未命名未定义（way/1023898089）,2,2,2,0,0,,not_available,源对象与显示一致，实际完整性未核验,way/1023898092|way/1023898093
way/1024332420,未命名未定义（way/1024332420）,0,0,0,0,0,,not_available,未获取到关联站台源对象,
way/1026102624,未命名未定义（way/1026102624）,2,2,2,0,0,,not_available,源对象与显示一致，实际完整性未核验,way/1104331094|way/1104331095
way/1028619884,未命名未定义（way/1028619884）,0,0,0,0,0,,not_available,未获取到关联站台源对象,
way/1030292063,未命名未定义（way/1030292063）,2,2,2,0,0,,not_available,源对象与显示一致，实际完整性未核验,way/1030292061|way/1030292062
way/1031828181,未命名未定义（way/1031828181）,0,0,0,0,0,,not_available,未获取到关联站台源对象,
way/1032008071,未命名未定义（way/1032008071）,0,0,0,0,0,,not_available,未获取到关联站台源对象,
way/1032400101,未命名未定义（way/1032400101）,0,0,0,0,0,,not_available,未获取到关联站台源对象,
way/1032822381,未命名未定义（way/1032822381）,2,2,2,0,0,,not_available,源对象与显示一致，实际完整性未核验,way/1032822379|way/1032822380
way/1037930633,未命名未定义（way/1037930633）,2,2,2,0,0,,not_available,源对象与显示一致，实际完整性未核验,way/1221730422|way/1221730423
way/1043474281,未命名未定义（way/1043474281）,0,0,0,0,0,,not_available,未获取到关联站台源对象,
way/1043519191,未命名未定义（way/1043519191）,0,0,0,0,0,,not_available,未获取到关联站台源对象,
way/1043520046,未命名未定义（way/1043520046）,0,0,0,0,0,,not_available,未获取到关联站台源对象,
way/1043520610,未命名未定义（way/1043520610）,0,0,0,0,0,,not_available,未获取到关联站台源对象,
way/1046621719,未命名未定义（way/1046621719）,0,0,0,0,0,,not_available,未获取到关联站台源对象,
way/1074877631,未命名未定义（way/1074877631）,0,0,0,0,0,,not_available,未获取到关联站台源对象,
way/1109913819,未命名未定义（way/1109913819）,0,0,0,0,0,,not_available,未获取到关联站台源对象,
way/1111758485,未命名未定义（way/1111758485）,0,0,0,0,0,,not_available,未获取到关联站台源对象,
way/1117131934,未命名未定义（way/1117131934）,0,0,0,0,0,,not_available,未获取到关联站台源对象,
way/1127601684,未命名未定义（way/1127601684）,0,0,0,0,0,,not_available,未获取到关联站台源对象,
way/1154639262,未命名未定义（way/1154639262）,0,0,0,0,0,,not_available,未获取到关联站台源对象,
way/1163058491,未命名未定义（way/1163058491）,2,2,2,0,0,,not_available,源对象与显示一致，实际完整性未核验,way/1389272959|way/1389272960
way/1192760595,未命名未定义（way/1192760595）,0,0,0,0,0,,not_available,未获取到关联站台源对象,
way/1217670745,未命名未定义（way/1217670745）,0,0,0,0,0,,not_available,未获取到关联站台源对象,
way/1223825128,未命名未定义（way/1223825128）,0,0,0,0,0,,not_available,未获取到关联站台源对象,
way/1224702224,未命名未定义（way/1224702224）,0,0,0,0,0,,not_available,未获取到关联站台源对象,
way/1244567992,未命名未定义（way/1244567992）,0,0,0,0,0,,not_available,未获取到关联站台源对象,
way/1244568026,未命名未定义（way/1244568026）,0,0,0,0,0,,not_available,未获取到关联站台源对象,
way/1247077601,未命名未定义（way/1247077601）,0,0,0,0,0,,not_available,未获取到关联站台源对象,
way/1247077602,未命名未定义（way/1247077602）,0,0,0,0,0,,not_available,未获取到关联站台源对象,
way/1268033099,未命名未定义（way/1268033099）,0,0,0,0,0,,not_available,未获取到关联站台源对象,
way/1274396354,未命名未定义（way/1274396354）,1,1,1,0,0,,not_available,源对象与显示一致，实际完整性未核验,way/1274396355
way/1275163051,未命名未定义（way/1275163051）,0,0,0,0,0,,not_available,未获取到关联站台源对象,
way/1281805167,未命名未定义（way/1281805167）,0,0,0,0,0,,not_available,未获取到关联站台源对象,
way/1326096078,未命名未定义（way/1326096078）,2,2,2,0,0,,not_available,源对象与显示一致，实际完整性未核验,way/1326096079|way/1326096080
way/1334061891,未命名未定义（way/1334061891）,0,0,0,0,0,,not_available,未获取到关联站台源对象,
way/1354286346,未命名未定义（way/1354286346）,0,0,0,0,0,,not_available,未获取到关联站台源对象,
way/1356810731,未命名未定义（way/1356810731）,0,0,0,0,0,,not_available,未获取到关联站台源对象,
way/1362437787,未命名未定义（way/1362437787）,1,1,1,0,0,,not_available,源对象与显示一致，实际完整性未核验,way/1362437782
way/1365545747,未命名未定义（way/1365545747）,6,6,0,6,0,,not_available,来源含站台线，不能当作真实面,way/448134450|way/448134451|way/448134453|way/1457091705|way/1457091706|way/1457091707
way/1374947030,未命名未定义（way/1374947030）,0,0,0,0,0,,not_available,未获取到关联站台源对象,
way/1376880568,未命名未定义（way/1376880568）,4,4,0,4,0,,not_available,来源含站台线，不能当作真实面,way/1558339617|way/1558339618|way/1558339630|way/1558339631
way/1392160763,未命名未定义（way/1392160763）,0,0,0,0,0,,not_available,未获取到关联站台源对象,
way/1420854440,未命名未定义（way/1420854440）,0,0,0,0,0,,not_available,未获取到关联站台源对象,
way/1421694825,未命名未定义（way/1421694825）,0,0,0,0,0,,not_available,未获取到关联站台源对象,
way/1422298536,未命名未定义（way/1422298536）,0,0,0,0,0,,not_available,未获取到关联站台源对象,
way/1425524317,未命名未定义（way/1425524317）,0,0,0,0,0,,not_available,未获取到关联站台源对象,
way/1425724892,未命名未定义（way/1425724892）,0,0,0,0,0,,not_available,未获取到关联站台源对象,
way/1427168099,未命名未定义（way/1427168099）,2,2,2,0,0,,not_available,源对象与显示一致，实际完整性未核验,way/1427178728|way/1427178729
way/1428950151,未命名未定义（way/1428950151）,0,0,0,0,0,,not_available,未获取到关联站台源对象,
way/1428967185,未命名未定义（way/1428967185）,0,0,0,0,0,,not_available,未获取到关联站台源对象,
way/1429138225,未命名未定义（way/1429138225）,0,0,0,0,0,,not_available,未获取到关联站台源对象,
way/1443648342,未命名未定义（way/1443648342）,0,0,0,0,0,,not_available,未获取到关联站台源对象,
way/1443653825,未命名未定义（way/1443653825）,1,1,1,0,0,,not_available,源对象与显示一致，实际完整性未核验,way/1443653828
way/1444950293,未命名未定义（way/1444950293）,0,0,0,0,0,,not_available,未获取到关联站台源对象,
way/1445799521,未命名未定义（way/1445799521）,0,0,0,0,0,,not_available,未获取到关联站台源对象,
way/1446020827,未命名未定义（way/1446020827）,0,0,0,0,0,,not_available,未获取到关联站台源对象,
way/1446026913,未命名未定义（way/1446026913）,0,0,0,0,0,,not_available,未获取到关联站台源对象,
way/1465759855,未命名未定义（way/1465759855）,0,0,0,0,0,,not_available,未获取到关联站台源对象,
way/1470785292,未命名未定义（way/1470785292）,1,1,1,0,0,,not_available,源对象与显示一致，实际完整性未核验,way/1164264293
way/1474614787,未命名未定义（way/1474614787）,0,0,0,0,0,,not_available,未获取到关联站台源对象,
way/1478822883,未命名未定义（way/1478822883）,0,0,0,0,0,,not_available,未获取到关联站台源对象,
way/1495069516,未命名未定义（way/1495069516）,0,0,0,0,0,,not_available,未获取到关联站台源对象,
way/1496628676,未命名未定义（way/1496628676）,2,2,0,2,0,,not_available,来源含站台线，不能当作真实面,way/1524369549|way/1524369550
way/1503130657,未命名未定义（way/1503130657）,0,0,0,0,0,,not_available,未获取到关联站台源对象,
way/1503569700,未命名未定义（way/1503569700）,0,0,0,0,0,,not_available,未获取到关联站台源对象,
way/1523838311,未命名未定义（way/1523838311）,0,0,0,0,0,,not_available,未获取到关联站台源对象,
way/1524453520,未命名未定义（way/1524453520）,0,0,0,0,0,,not_available,未获取到关联站台源对象,
way/1524771320,未命名未定义（way/1524771320）,0,0,0,0,0,,not_available,未获取到关联站台源对象,
way/1525780843,未命名未定义（way/1525780843）,0,0,0,0,0,,not_available,未获取到关联站台源对象,
way/1536697883,未命名未定义（way/1536697883）,0,0,0,0,0,,not_available,未获取到关联站台源对象,
way/1538989240,未命名未定义（way/1538989240）,0,0,0,0,0,,not_available,未获取到关联站台源对象,
way/153998379,未命名未定义（way/153998379）,0,0,0,0,0,,not_available,未获取到关联站台源对象,
way/1550485354,未命名未定义（way/1550485354）,0,0,0,0,0,,not_available,未获取到关联站台源对象,
way/1557293148,未命名未定义（way/1557293148）,0,0,0,0,0,,not_available,未获取到关联站台源对象,
way/186079937,未命名未定义（way/186079937）,0,0,0,0,0,,not_available,未获取到关联站台源对象,
way/210729104,未命名未定义（way/210729104）,0,0,0,0,0,,not_available,未获取到关联站台源对象,
way/230607549,未命名未定义（way/230607549）,0,0,0,0,0,,not_available,未获取到关联站台源对象,
way/245921217,未命名未定义（way/245921217）,0,0,0,0,0,,not_available,未获取到关联站台源对象,
way/246250828,未命名未定义（way/246250828）,0,0,0,0,0,,not_available,未获取到关联站台源对象,
way/319061471,未命名未定义（way/319061471）,0,0,0,0,0,,not_available,未获取到关联站台源对象,
way/321115298,未命名未定义（way/321115298）,2,2,2,0,0,,not_available,源对象与显示一致，实际完整性未核验,way/93414699|way/93414702
way/323822916,未命名未定义（way/323822916）,0,0,0,0,0,,not_available,未获取到关联站台源对象,
way/363246695,未命名未定义（way/363246695）,0,0,0,0,0,,not_available,未获取到关联站台源对象,
way/375398015,未命名未定义（way/375398015）,0,0,0,0,0,,not_available,未获取到关联站台源对象,
way/379053307,未命名未定义（way/379053307）,0,0,0,0,0,,not_available,未获取到关联站台源对象,
way/379053315,未命名未定义（way/379053315）,0,0,0,0,0,,not_available,未获取到关联站台源对象,
way/426057838,未命名未定义（way/426057838）,0,0,0,0,0,,not_available,未获取到关联站台源对象,
way/476752452,未命名未定义（way/476752452）,0,0,0,0,0,,not_available,未获取到关联站台源对象,
way/477255458,未命名未定义（way/477255458）,0,0,0,0,0,,not_available,未获取到关联站台源对象,
way/511412064,未命名未定义（way/511412064）,1,1,1,0,0,,not_available,源对象与显示一致，实际完整性未核验,way/895643049
way/517839096,未命名未定义（way/517839096）,1,1,1,0,0,,not_available,源对象与显示一致，实际完整性未核验,way/517839094
way/518394961,未命名未定义（way/518394961）,0,0,0,0,0,,not_available,未获取到关联站台源对象,
way/518874006,未命名未定义（way/518874006）,4,4,0,4,0,,not_available,来源含站台线，不能当作真实面,way/754722842|way/754722843|way/754722844|way/1234839403
way/559336626,未命名未定义（way/559336626）,0,0,0,0,0,,not_available,未获取到关联站台源对象,
way/563857362,未命名未定义（way/563857362）,0,0,0,0,0,,not_available,未获取到关联站台源对象,
way/590548379,未命名未定义（way/590548379）,0,0,0,0,0,,not_available,未获取到关联站台源对象,
way/608658324,未命名未定义（way/608658324）,0,0,0,0,0,,not_available,未获取到关联站台源对象,
way/609697328,未命名未定义（way/609697328）,0,0,0,0,0,,not_available,未获取到关联站台源对象,
way/653941014,未命名未定义（way/653941014）,0,0,0,0,0,,not_available,未获取到关联站台源对象,
way/669377515,未命名未定义（way/669377515）,1,1,1,0,0,,not_available,源对象与显示一致，实际完整性未核验,way/669377516
way/669989524,未命名未定义（way/669989524）,1,1,1,0,0,,not_available,源对象与显示一致，实际完整性未核验,way/669989527
way/669991467,未命名未定义（way/669991467）,1,1,1,0,0,,not_available,源对象与显示一致，实际完整性未核验,way/669991468
way/669993281,未命名未定义（way/669993281）,0,0,0,0,0,,not_available,未获取到关联站台源对象,
way/669999595,未命名未定义（way/669999595）,1,1,1,0,0,,not_available,源对象与显示一致，实际完整性未核验,way/669999599
way/670045752,未命名未定义（way/670045752）,0,0,0,0,0,,not_available,未获取到关联站台源对象,
way/670050175,未命名未定义（way/670050175）,1,1,1,0,0,,not_available,源对象与显示一致，实际完整性未核验,way/670050176
way/670051163,未命名未定义（way/670051163）,1,1,1,0,0,,not_available,源对象与显示一致，实际完整性未核验,way/670051164
way/672222422,未命名未定义（way/672222422）,0,0,0,0,0,,not_available,未获取到关联站台源对象,
way/677013454,未命名未定义（way/677013454）,0,0,0,0,0,,not_available,未获取到关联站台源对象,
way/677048243,未命名未定义（way/677048243）,1,1,1,0,0,,not_available,源对象与显示一致，实际完整性未核验,way/677048241
way/702235645,未命名未定义（way/702235645）,0,0,0,0,0,,not_available,未获取到关联站台源对象,
way/752826281,未命名未定义（way/752826281）,2,2,2,0,0,,not_available,源对象与显示一致，实际完整性未核验,way/752826282|way/752826283
way/766340303,未命名未定义（way/766340303）,0,0,0,0,0,,not_available,未获取到关联站台源对象,
way/776926781,未命名未定义（way/776926781）,3,3,3,0,0,,not_available,源对象与显示一致，实际完整性未核验,way/776926770|way/776926771|way/776926772
way/779298487,未命名未定义（way/779298487）,0,0,0,0,0,,not_available,未获取到关联站台源对象,
way/786373841,未命名未定义（way/786373841）,0,0,0,0,0,,not_available,未获取到关联站台源对象,
way/797374085,未命名未定义（way/797374085）,1,1,0,1,0,,not_available,来源含站台线，不能当作真实面,way/1539563580
way/810500176,未命名未定义（way/810500176）,0,0,0,0,0,,not_available,未获取到关联站台源对象,
way/816427160,未命名未定义（way/816427160）,4,4,4,0,0,,not_available,源对象与显示一致，实际完整性未核验,way/912728588|way/912728589|way/912728590|way/912728591
way/818946323,未命名未定义（way/818946323）,1,1,1,0,0,,not_available,源对象与显示一致，实际完整性未核验,way/818946324
way/822508244,未命名未定义（way/822508244）,0,0,0,0,0,,not_available,未获取到关联站台源对象,
way/833116877,未命名未定义（way/833116877）,0,0,0,0,0,,not_available,未获取到关联站台源对象,
way/834360016,未命名未定义（way/834360016）,0,0,0,0,0,,not_available,未获取到关联站台源对象,
way/836783948,未命名未定义（way/836783948）,0,0,0,0,0,,not_available,未获取到关联站台源对象,
way/841139599,未命名未定义（way/841139599）,1,1,1,0,0,,not_available,源对象与显示一致，实际完整性未核验,way/841139597
way/842900626,未命名未定义（way/842900626）,0,0,0,0,0,,not_available,未获取到关联站台源对象,
way/842901553,未命名未定义（way/842901553）,0,0,0,0,0,,not_available,未获取到关联站台源对象,
way/842902312,未命名未定义（way/842902312）,0,0,0,0,0,,not_available,未获取到关联站台源对象,
way/849193898,未命名未定义（way/849193898）,1,1,1,0,0,,not_available,源对象与显示一致，实际完整性未核验,way/1335998285
way/863392446,未命名未定义（way/863392446）,0,0,0,0,0,,not_available,未获取到关联站台源对象,
way/865723040,未命名未定义（way/865723040）,1,1,1,0,0,,not_available,源对象与显示一致，实际完整性未核验,way/865723043
way/869789404,未命名未定义（way/869789404）,2,2,0,2,0,,not_available,来源含站台线，不能当作真实面,way/440929195|way/440929196
way/870347510,未命名未定义（way/870347510）,0,0,0,0,0,,not_available,未获取到关联站台源对象,
way/872152684,未命名未定义（way/872152684）,0,0,0,0,0,,not_available,未获取到关联站台源对象,
way/872790791,未命名未定义（way/872790791）,2,2,2,0,0,,not_available,源对象与显示一致，实际完整性未核验,way/872790792|way/872790793
way/879067749,未命名未定义（way/879067749）,0,0,0,0,0,,not_available,未获取到关联站台源对象,
way/880599222,未命名未定义（way/880599222）,0,0,0,0,0,,not_available,未获取到关联站台源对象,
way/884157857,未命名未定义（way/884157857）,1,1,1,0,0,,not_available,源对象与显示一致，实际完整性未核验,way/884157855
way/886363596,未命名未定义（way/886363596）,2,2,0,2,0,,not_available,来源含站台线，不能当作真实面,way/881892547|way/881892548
way/888674014,未命名未定义（way/888674014）,1,1,1,0,0,,not_available,源对象与显示一致，实际完整性未核验,way/888674035
way/953841584,未命名未定义（way/953841584）,0,0,0,0,0,,not_available,未获取到关联站台源对象,
way/965935868,未命名未定义（way/965935868）,0,0,0,0,0,,not_available,未获取到关联站台源对象,
way/975485097,未命名未定义（way/975485097）,0,0,0,0,0,,not_available,未获取到关联站台源对象,
way/981367877,未命名未定义（way/981367877）,2,2,2,0,0,,not_available,源对象与显示一致，实际完整性未核验,way/376968395|way/376968396
node/3685453991,本井站,0,0,0,0,0,,not_available,未获取到关联站台源对象,
node/4622137473,本溪新城站,2,2,2,0,0,,not_available,源对象与显示一致，实际完整性未核验,way/1342631897|way/1342631898
node/2349438701,本溪湖站,0,0,0,0,0,,not_available,未获取到关联站台源对象,
node/3525580953,本溪站,5,5,0,5,0,,not_available,来源含站台线，不能当作真实面,way/1527332669|way/1527332670|way/1527332671|way/1527332672|way/1527332673
node/8327422190,朱亭站,0,0,0,0,0,,not_available,未获取到关联站台源对象,
node/9226690965,朱仙庄站,0,0,0,0,0,,not_available,未获取到关联站台源对象,
node/2913728104,朱保站,0,0,0,0,0,,not_available,未获取到关联站台源对象,
node/8411510989,朱各庄站,2,2,2,0,0,,not_available,源对象与显示一致，实际完整性未核验,way/1093922920|way/1093922921
node/1964642740,朱嘎站,0,0,0,0,0,,not_available,未获取到关联站台源对象,
node/7203562713,朱家埠站,0,0,0,0,0,,not_available,未获取到关联站台源对象,
node/4076525359,朱家店站,0,0,0,0,0,,not_available,未获取到关联站台源对象,
node/1604842624,朱家沟站,2,2,0,2,0,,not_available,来源含站台线，不能当作真实面,way/601045330|way/601045333
node/9118892084,朱家窑站,0,0,0,0,0,,not_available,未获取到关联站台源对象,
node/8557038816,朱市站,0,0,0,0,0,,not_available,未获取到关联站台源对象,
node/8502689176,朱庄站,0,0,0,0,0,,not_available,未获取到关联站台源对象,
node/9223898608,朱庄站,0,0,0,0,0,,not_available,未获取到关联站台源对象,
node/843202346,朱日和站,0,0,0,0,0,,not_available,未获取到关联站台源对象,
node/9320122092,朱村站,0,0,0,0,0,,not_available,未获取到关联站台源对象,
node/1586701933,朱杨溪站,0,0,0,0,0,,not_available,未获取到关联站台源对象,
node/7128808614,朱桥站,0,0,0,0,0,,not_available,未获取到关联站台源对象,
node/12739506992,朱王堡站,0,0,0,0,0,,not_available,未获取到关联站台源对象,
node/3685511920,朱盖塔站,0,0,0,0,0,,not_available,未获取到关联站台源对象,
node/12337023364,朱石寨站,0,0,0,0,0,,not_available,未获取到关联站台源对象,
node/5184005947,朱砂古镇站,0,0,0,0,0,,not_available,未获取到关联站台源对象,
node/9228775812,朱集矿站,0,0,0,0,0,,not_available,未获取到关联站台源对象,
node/9871048358,机务段,2,2,0,2,0,,not_available,来源含站台线，不能当作真实面,way/1076456339|way/1076456340
node/9223366447,权台矿站,0,0,0,0,0,,not_available,未获取到关联站台源对象,
node/3678381880,权家河站,0,0,0,0,0,,not_available,未获取到关联站台源对象,
node/8094176579,权庄站,0,0,0,0,0,,not_available,未获取到关联站台源对象,
node/9258877059,权村站,0,0,0,0,0,,not_available,未获取到关联站台源对象,
node/2499694910,杉松岗站,1,1,1,0,0,,not_available,源对象与显示一致，实际完整性未核验,way/671134076
node/9898868295,杉阳站,0,0,0,0,0,,not_available,未获取到关联站台源对象,
node/13578442613,李七庄站,0,0,0,0,0,,not_available,未获取到关联站台源对象,
node/4140659391,李冰广场,0,0,0,0,0,,not_available,未获取到关联站台源对象,
node/3916235183,李天木站,0,0,0,0,0,,not_available,未获取到关联站台源对象,
node/11121532886,李子园站,0,0,0,0,0,,not_available,未获取到关联站台源对象,
node/8320481333,李子沟站,0,0,0,0,0,,not_available,未获取到关联站台源对象,
node/8742466406,李家冲站,0,0,0,0,0,,not_available,未获取到关联站台源对象,
node/3182230198,李家坪站,0,0,0,0,0,,not_available,未获取到关联站台源对象,
node/8387253280,李家坪站,0,0,0,0,0,,not_available,未获取到关联站台源对象,
node/3024235394,李家塘站,0,0,0,0,0,,not_available,未获取到关联站台源对象,
node/8014005627,李家寨站,0,0,0,0,0,,not_available,未获取到关联站台源对象,
node/8163363247,李家寨站,0,0,0,0,0,,not_available,未获取到关联站台源对象,
node/2373342135,李家河站,0,0,0,0,0,,not_available,未获取到关联站台源对象,
node/5573776043,李家湾站,0,0,0,0,0,,not_available,未获取到关联站台源对象,
node/9121569872,李家窑站,0,0,0,0,0,,not_available,未获取到关联站台源对象,
node/2152729146,李家站,1,1,0,1,0,,not_available,来源含站台线，不能当作真实面,way/1111260418
node/9022799185,李家站,0,0,0,0,0,,not_available,未获取到关联站台源对象,
node/3969875439,李家营站,2,2,0,2,0,,not_available,来源含站台线，不能当作真实面,way/1097127051|way/1097127052
node/1862167158,李屯站,0,0,0,0,0,,not_available,未获取到关联站台源对象,
node/8173259059,李市镇站,0,0,0,0,0,,not_available,未获取到关联站台源对象,
node/8502213050,李庄站,0,0,0,0,0,,not_available,未获取到关联站台源对象,
node/8014005636,李新店站,1,1,1,0,0,,not_available,源对象与显示一致，实际完整性未核验,way/186079952
node/1783909025,李旺站,0,0,0,0,0,,not_available,未获取到关联站台源对象,
node/8258646262,李楼站,0,0,0,0,0,,not_available,未获取到关联站台源对象,
node/9226690936,李槽坊站,0,0,0,0,0,,not_available,未获取到关联站台源对象,
node/1763859670,李河站,0,0,0,0,0,,not_available,未获取到关联站台源对象,
node/4527856940,李浩寨站,0,0,0,0,0,,not_available,未获取到关联站台源对象,
node/3698187690,李漳河站,0,0,0,0,0,,not_available,未获取到关联站台源对象,
node/4074915646,李珍站,0,0,0,0,0,,not_available,未获取到关联站台源对象,
node/9171411677,李金站,0,0,0,0,0,,not_available,未获取到关联站台源对象,
node/5293825951,李雅庄站,0,0,0,0,0,,not_available,未获取到关联站台源对象,
node/5248595705,李鹊站,0,0,0,0,0,,not_available,未获取到关联站台源对象,
node/3957927427,杏园站,0,0,0,0,0,,not_available,未获取到关联站台源对象,
node/2502480510,杏林站,0,0,0,0,0,,not_available,未获取到关联站台源对象,
node/1659252288,杏树屯站,0,0,0,0,0,,not_available,未获取到关联站台源对象,
node/2329802065,杏树站,1,1,0,1,0,,not_available,来源含站台线，不能当作真实面,way/1113251942
node/6747083226,杏花营站,0,0,0,0,0,,not_available,未获取到关联站台源对象,
node/13882570040,杜儿坪站,0,0,0,0,0,,not_available,未获取到关联站台源对象,
node/2451329911,杜坞站,0,0,0,0,0,,not_available,未获取到关联站台源对象,
node/2333085939,杜家站,1,1,0,1,0,,not_available,来源含站台线，不能当作真实面,way/1093613716
node/2173106148,杜尔伯特站,2,2,0,2,0,,not_available,来源含站台线，不能当作真实面,way/1097271408|way/1097271409
node/1720394403,杜尔基站,1,1,0,1,0,,not_available,来源含站台线，不能当作真实面,way/1539563574
node/9263223098,杜庄站,0,0,0,0,0,,not_available,未获取到关联站台源对象,
node/9125461479,杜拉尔站,1,1,0,1,0,,not_available,来源含站台线，不能当作真实面,way/1117399061
node/8566164682,杜桥站,1,1,1,0,0,,not_available,源对象与显示一致，实际完整性未核验,way/1491461972
node/8404257187,杜生站,1,1,1,0,0,,not_available,源对象与显示一致，实际完整性未核验,way/1231725832
node/5518559613,杜科站,0,0,0,0,0,,not_available,未获取到关联站台源对象,
node/1607295750,杜赵站,0,0,0,0,0,,not_available,未获取到关联站台源对象,
node/5242674007,条子场,0,0,0,0,0,,not_available,未获取到关联站台源对象,
node/11524899320,条湖站,0,0,0,0,0,,not_available,未获取到关联站台源对象,
node/5387546619,来凤站,2,2,2,0,0,,not_available,源对象与显示一致，实际完整性未核验,way/1285606040|way/1285606041
node/3677192583,来宾北站,3,3,0,3,0,,not_available,来源含站台线，不能当作真实面,way/944175409|way/944175410|way/944175411
node/1541942452,来宾站,2,2,2,0,0,,not_available,源对象与显示一致，实际完整性未核验,way/812881044|way/812881045
node/2458093871,来舟站,0,0,0,0,0,,not_available,未获取到关联站台源对象,
node/8431451883,杨各庄站,2,2,2,0,0,,not_available,源对象与显示一致，实际完整性未核验,way/1094464808|way/1094464809
node/7252546313,杨墩站,0,0,0,0,0,,not_available,未获取到关联站台源对象,
node/9274358856,杨家口站,0,0,0,0,0,,not_available,未获取到关联站台源对象,
node/2913744658,杨家坡站,0,0,0,0,0,,not_available,未获取到关联站台源对象,
node/9312908629,杨家寨站,0,0,0,0,0,,not_available,未获取到关联站台源对象,
node/2450074980,杨家岭站,0,0,0,0,0,,not_available,未获取到关联站台源对象,
node/3470654401,杨家川站,0,0,0,0,0,,not_available,未获取到关联站台源对象,
node/3840288574,杨家河站,1,1,0,1,0,,not_available,来源含站台线，不能当作真实面,way/436248001
node/8142850731,杨家河站,0,0,0,0,0,,not_available,未获取到关联站台源对象,
node/2962269764,杨家湾站,0,0,0,0,0,,not_available,未获取到关联站台源对象,
node/3638514163,杨家碾站,0,0,0,0,0,,not_available,未获取到关联站台源对象,
node/1721802921,杨家营站,0,0,0,0,0,,not_available,未获取到关联站台源对象,
node/5295061428,杨寨站,0,0,0,0,0,,not_available,未获取到关联站台源对象,
node/3624886692,杨屯站,0,0,0,0,0,,not_available,未获取到关联站台源对象,
node/9137873802,杨岗站,1,1,0,1,0,,not_available,来源含站台线，不能当作真实面,way/808223205
node/8727005048,杨市站,0,0,0,0,0,,not_available,未获取到关联站台源对象,
node/3949949760,杨庄站,0,0,0,0,0,,not_available,未获取到关联站台源对象,
node/9223898606,杨庄站,0,0,0,0,0,,not_available,未获取到关联站台源对象,
node/6569986043,杨庙站,0,0,0,0,0,,not_available,未获取到关联站台源对象,
node/9129186265,杨木山站,1,1,0,1,0,,not_available,来源含站台线，不能当作真实面,way/1126858202
node/3955145337,杨木栅子站,1,1,0,1,0,,not_available,来源含站台线，不能当作真实面,way/1093978756
node/1604972749,杨木站,2,2,0,2,0,,not_available,来源含站台线，不能当作真实面,way/601045314|way/601045315
node/8417536174,杨村镇站,0,0,0,0,0,,not_available,未获取到关联站台源对象,
node/2514251070,杨杖子站,0,0,0,0,0,,not_available,未获取到关联站台源对象,
node/2001914253,杨林站,1,1,1,0,0,,not_available,源对象与显示一致，实际完整性未核验,way/1450029188
node/7740286552,杨林街站,0,0,0,0,0,,not_available,未获取到关联站台源对象,
node/12718892598,杨林镇站,0,0,0,0,0,,not_available,未获取到关联站台源对象,
node/9226690933,杨柳站,0,0,0,0,0,,not_available,未获取到关联站台源对象,
node/2351141712,杨柳青站,3,3,0,3,0,,not_available,来源含站台线，不能当作真实面,way/1050345449|way/1050345450|way/1050345451
node/2336082834,杨树岭站,0,0,0,0,0,,not_available,未获取到关联站台源对象,
node/8508800519,杨树店站,0,0,0,0,0,,not_available,未获取到关联站台源对象,
node/1657973612,杨树湾站,1,1,1,0,0,,not_available,源对象与显示一致，实际完整性未核验,way/1498411173
node/3122180700,杨桥畔站,0,0,0,0,0,,not_available,未获取到关联站台源对象,
node/5559297514,杨桥站,2,2,2,0,0,,not_available,源对象与显示一致，实际完整性未核验,way/1293859369|way/1293859370
node/12825768206,杨梅塘站,0,0,0,0,0,,not_available,未获取到关联站台源对象,
node/8502206002,杨楼站,0,0,0,0,0,,not_available,未获取到关联站台源对象,
node/4714822515,杨浦站,0,0,0,0,0,,not_available,未获取到关联站台源对象,
node/7780346103,杨源站,0,0,0,0,0,,not_available,未获取到关联站台源对象,
node/1588514522,杨漩站,0,0,0,0,0,,not_available,未获取到关联站台源对象,
node/2849812227,杨行站,0,0,0,0,0,,not_available,未获取到关联站台源对象,
node/2691462623,杨陵南站,2,2,2,0,0,,not_available,源对象与显示一致，实际完整性未核验,way/1208770093|way/1208770104
node/9500953617,杨陵站,2,2,2,0,0,,not_available,源对象与显示一致，实际完整性未核验,way/1232567575|way/1232567576
node/8478765496,杨集站,0,0,0,0,0,,not_available,未获取到关联站台源对象,
node/7160108921,杭州东站,28,28,28,0,0,,not_available,源对象与显示一致，实际完整性未核验,way/584323387|way/584323388|way/584323389|way/584323390|way/584323392|way/584323393|way/584323395|way/584323396|way/584323397|way/584323398|way/584323399|way/584323400|way/803301842|way/803301844|way/874112376|way/874542889|way/874542890|way/880242013|way/880242014|way/881514004|way/884010915|way/884010916|way/884010917|way/884010918|way/884010919|way/884010920|way/884010921|way/884010922
node/2483490950,杭州北站,0,0,0,0,0,,not_available,未获取到关联站台源对象,
node/7039952242,杭州南站,7,7,7,0,0,,not_available,源对象与显示一致，实际完整性未核验,way/544319836|way/544319837|way/544319838|way/544319839|way/544319840|way/608829737|way/608829738
node/7299090915,杭州站,5,5,5,0,0,,not_available,源对象与显示一致，实际完整性未核验,way/531159356|way/531159357|way/531159358|way/531159359|way/531159360
node/8223390589,杭州西站,7,7,7,0,0,,not_available,源对象与显示一致，实际完整性未核验,way/1006422756|way/1006422757|way/1006422758|way/1006422759|way/1006422760|way/1006422761|way/1084433416
node/2688042746,杭锦后旗站,0,0,0,0,0,,not_available,未获取到关联站台源对象,
node/9072960178,杭锦旗北站,0,0,0,0,0,,not_available,未获取到关联站台源对象,
node/840298933,杭锦旗站,0,0,0,0,0,,not_available,未获取到关联站台源对象,
node/9072960175,杭锦淖尔站,0,0,0,0,0,,not_available,未获取到关联站台源对象,
node/11837753480,杰德秀（预留）,0,0,0,0,0,,not_available,未获取到关联站台源对象,
node/3041147472,杰琼站,0,0,0,0,0,,not_available,未获取到关联站台源对象,
node/9171411672,松原北站,0,0,0,0,0,,not_available,未获取到关联站台源对象,
node/1273439109,松原站,4,4,4,0,0,,not_available,源对象与显示一致，实际完整性未核验,way/780983849|way/780983850|way/780983852|way/780983870
way/1266601028,松口站,0,0,0,0,0,,not_available,未获取到关联站台源对象,
node/3191154902,松坎站,0,0,0,0,0,,not_available,未获取到关联站台源对象,
node/6170790718,松坝站,0,0,0,0,0,,not_available,未获取到关联站台源对象,
node/11626723124,松宗站,0,0,0,0,0,,not_available,未获取到关联站台源对象,
node/4991684135,松山湖北站,2,2,2,0,0,,not_available,源对象与显示一致，实际完整性未核验,way/1509474221|way/1509474222
node/2903601101,松山站,0,0,0,0,0,,not_available,未获取到关联站台源对象,
node/12844595851,松岭站,0,0,0,0,0,,not_available,未获取到关联站台源对象,
node/8158566837,松川站,0,0,0,0,0,,not_available,未获取到关联站台源对象,
node/5348615142,松木坪站,0,0,0,0,0,,not_available,未获取到关联站台源对象,
node/7740357587,松木桥站,0,0,0,0,0,,not_available,未获取到关联站台源对象,
node/5559299419,松木站,0,0,0,0,0,,not_available,未获取到关联站台源对象,
node/13077904449,松村站,0,0,0,0,0,,not_available,未获取到关联站台源对象,
node/8382763905,松林店站,0,0,0,0,0,,not_available,未获取到关联站台源对象,
node/8331005114,松林站,0,0,0,0,0,,not_available,未获取到关联站台源对象,
node/9174163155,松树村站,0,0,0,0,0,,not_available,未获取到关联站台源对象,
node/1252233945,松树林站,1,1,0,1,0,,not_available,来源含站台线，不能当作真实面,way/1127666962
node/1660110952,松树站,0,0,0,0,0,,not_available,未获取到关联站台源对象,
node/1575631514,松树镇站,0,0,0,0,0,,not_available,未获取到关联站台源对象,
node/9069903396,松根山站,0,0,0,0,0,,not_available,未获取到关联站台源对象,
node/1681825111,松桃站,0,0,0,0,0,,not_available,未获取到关联站台源对象,
node/9202090141,松棚站,0,0,0,0,0,,not_available,未获取到关联站台源对象,
node/7629067841,松江镇站,1,1,0,1,0,,not_available,来源含站台线，不能当作真实面,way/816844269
node/2323529393,松河站,0,0,0,0,0,,not_available,未获取到关联站台源对象,
node/8957717573,松浦站,0,0,0,0,0,,not_available,未获取到关联站台源对象,
node/7935632139,松溪站,0,0,0,0,0,,not_available,未获取到关联站台源对象,
node/13267095687,松滋站,0,0,0,0,0,,not_available,未获取到关联站台源对象,
node/2492511780,松滋西站,0,0,0,0,0,,not_available,未获取到关联站台源对象,
node/10574674383,松潘站,4,4,0,4,0,,not_available,来源含站台线，不能当作真实面,way/1322932898|way/1322932899|way/1322932900|way/1322932901
node/8398688920,松烟站,0,0,0,0,0,,not_available,未获取到关联站台源对象,
node/9171411687,松西站,0,0,0,0,0,,not_available,未获取到关联站台源对象,
node/7935598877,松阳站,0,0,0,0,0,,not_available,未获取到关联站台源对象,
node/2154670866,松青站,1,1,0,1,0,,not_available,来源含站台线，不能当作真实面,way/1121000404
node/8320718566,板其站,0,0,0,0,0,,not_available,未获取到关联站台源对象,
node/9517242714,板厂峪站,0,0,0,0,0,,not_available,未获取到关联站台源对象,
node/1984410960,板城站,1,1,1,0,0,,not_available,源对象与显示一致，实际完整性未核验,way/1137673295
node/3755318164,板塘站,0,0,0,0,0,,not_available,未获取到关联站台源对象,
node/7425861977,板桃站,0,0,0,0,0,,not_available,未获取到关联站台源对象,
node/8454361470,板桥站,0,0,0,0,0,,not_available,未获取到关联站台源对象,
node/2156363602,板石河站,0,0,0,0,0,,not_available,未获取到关联站台源对象,
node/10901620661,板石站,0,0,0,0,0,,not_available,未获取到关联站台源对象,
node/10901470927,板石选矿厂站,0,0,0,0,0,,not_available,未获取到关联站台源对象,
node/4071806887,板窑站,0,0,0,0,0,,not_available,未获取到关联站台源对象,
node/9226664092,板集矿站,0,0,0,0,0,,not_available,未获取到关联站台源对象,
node/7740322573,构林南站,0,0,0,0,0,,not_available,未获取到关联站台源对象,
node/8158566847,构林站,0,0,0,0,0,,not_available,未获取到关联站台源对象,
node/8983226863,枕头峰站,0,0,0,0,0,,not_available,未获取到关联站台源对象,
node/9119790818,林东站,1,1,1,0,0,,not_available,源对象与显示一致，实际完整性未核验,way/790008353
node/9269060415,林南仓站,0,0,0,0,0,,not_available,未获取到关联站台源对象,
node/4074928910,林县站,0,0,0,0,0,,not_available,未获取到关联站台源对象,
node/9429765762,林口南站,0,0,0,0,0,,not_available,未获取到关联站台源对象,
node/1604972727,林口站,2,2,0,2,0,,not_available,来源含站台线，不能当作真实面,way/601045316|way/601045317
node/11209622977,林四房站,0,0,0,0,0,,not_available,未获取到关联站台源对象,
node/13452844558,林场,0,0,0,0,0,,not_available,未获取到关联站台源对象,
node/1524297084,林场,0,0,0,0,0,,not_available,未获取到关联站台源对象,
node/2620334851,林场北站,0,0,0,0,0,,not_available,未获取到关联站台源对象,
node/2156363604,林子头站,0,0,0,0,0,,not_available,未获取到关联站台源对象,
node/9287647743,林家口站,0,0,0,0,0,,not_available,未获取到关联站台源对象,
node/1662256003,林家台站,2,2,0,2,0,,not_available,来源含站台线，不能当作真实面,way/1527644470|way/1527644471
node/4066595726,林家坪站,0,0,0,0,0,,not_available,未获取到关联站台源对象,
node/8417536130,林寨站,0,0,0,0,0,,not_available,未获取到关联站台源对象,
node/3649025734,林村站,1,1,1,0,0,,not_available,源对象与显示一致，实际完整性未核验,way/1118726877
node/9329260404,林歹南站,0,0,0,0,0,,not_available,未获取到关联站台源对象,
node/9329260386,林歹站,0,0,0,0,0,,not_available,未获取到关联站台源对象,
node/9126260248,林海站,1,1,0,1,0,,not_available,来源含站台线，不能当作真实面,way/751058479
node/1731938296,林源站,1,1,0,1,0,,not_available,来源含站台线，不能当作真实面,way/1112314611
node/9178344031,林盛堡站,0,0,0,0,0,,not_available,未获取到关联站台源对象,
node/7329138457,林芝站,0,0,0,0,0,,not_available,未获取到关联站台源对象,
node/12309529672,林西站,0,0,0,0,0,,not_available,未获取到关联站台源对象,
node/11837753485,林达（预留）,0,0,0,0,0,,not_available,未获取到关联站台源对象,
node/3589416983,果园站,0,0,0,0,0,,not_available,未获取到关联站台源对象,
node/4019707141,果子园站,0,0,0,0,0,,not_available,未获取到关联站台源对象,
node/1550539253,果松站,0,0,0,0,0,,not_available,未获取到关联站台源对象,
node/10108687083,果珠站,1,1,0,1,0,,not_available,来源含站台线，不能当作真实面,way/1230087448
node/2492404144,枝城站,0,0,0,0,0,,not_available,未获取到关联站台源对象,
node/4076525349,枝柯站,0,0,0,0,0,,not_available,未获取到关联站台源对象,
node/3053787564,枝江北站,2,2,2,0,0,,not_available,源对象与显示一致，实际完整性未核验,way/997462019|way/997462020
node/8569146427,枝江站,0,0,0,0,0,,not_available,未获取到关联站台源对象,
node/12714975489,枞阳站,0,0,0,0,0,,not_available,未获取到关联站台源对象,
node/9118892097,枣园堡站,0,0,0,0,0,,not_available,未获取到关联站台源对象,
node/1558445041,枣子林站,0,0,0,0,0,,not_available,未获取到关联站台源对象,
node/7154080023,枣庄东站,0,0,0,0,0,,not_available,未获取到关联站台源对象,
node/12501009366,枣庄南站,0,0,0,0,0,,not_available,未获取到关联站台源对象,
node/3163707180,枣庄站,2,2,0,2,0,,not_available,来源含站台线，不能当作真实面,way/239871478|way/239871495
node/8455171509,枣庄西站,2,2,2,0,0,,not_available,源对象与显示一致，实际完整性未核验,way/403436168|relation/17634618
node/11296772793,枣强南站,0,0,0,0,0,,not_available,未获取到关联站台源对象,
node/3600114283,枣强站,2,2,2,0,0,,not_available,源对象与显示一致，实际完整性未核验,way/1082627073|way/1082627074
node/3949965017,枣强西站,0,0,0,0,0,,not_available,未获取到关联站台源对象,
node/1984411042,枣林站,0,0,0,0,0,,not_available,未获取到关联站台源对象,
node/4071548560,枣泉站,0,0,0,0,0,,not_available,未获取到关联站台源对象,
node/9299765146,枣窝站,0,0,0,0,0,,not_available,未获取到关联站台源对象,
node/9307694621,枣阳站,4,4,4,0,0,,not_available,源对象与显示一致，实际完整性未核验,way/1533090479|way/1533090480|way/1533090481|way/1533090482
node/13516041043,枫南站,0,0,0,0,0,,not_available,未获取到关联站台源对象,
node/4497843764,枫岭头站,0,0,0,0,0,,not_available,未获取到关联站台源对象,
node/4710991169,枫林站,2,2,2,0,0,,not_available,源对象与显示一致，实际完整性未核验,way/1068945012|way/1068945013
node/13516041044,枫泾站,0,0,0,0,0,,not_available,未获取到关联站台源对象,
node/9660864437,枫泾站,0,0,0,0,0,,not_available,未获取到关联站台源对象,
node/8087840593,枫相院站,0,0,0,0,0,,not_available,未获取到关联站台源对象,
node/4718362793,枫香墩站,0,0,0,0,0,,not_available,未获取到关联站台源对象,
node/9246201056,枳沟站,0,0,0,0,0,,not_available,未获取到关联站台源对象,
node/8184227424,柏山站,0,0,0,0,0,,not_available,未获取到关联站台源对象,
node/8418605768,柏庄村站,0,0,0,0,0,,not_available,未获取到关联站台源对象,
node/8382779917,柏庄站,2,2,0,2,0,,not_available,来源含站台线，不能当作真实面,way/1066911387|way/1066911388
node/3697044157,柏庙沟站,0,0,0,0,0,,not_available,未获取到关联站台源对象,
node/1588514299,柏村站,0,0,0,0,0,,not_available,未获取到关联站台源对象,
node/1586701853,柏林站,0,0,0,0,0,,not_available,未获取到关联站台源对象,
node/2323529333,柏果站,1,1,1,0,0,,not_available,源对象与显示一致，实际完整性未核验,way/558756797
node/8095297278,柏楼站,0,0,0,0,0,,not_available,未获取到关联站台源对象,
node/7473462476,柔远站,0,0,0,0,0,,not_available,未获取到关联站台源对象,
node/9223366452,柘汪站,0,0,0,0,0,,not_available,未获取到关联站台源对象,
node/9242148037,柘皋站,2,2,2,0,0,,not_available,源对象与显示一致，实际完整性未核验,way/1509703468|way/1509703469
node/12926120977,柘荣站,0,0,0,0,0,,not_available,未获取到关联站台源对象,
node/1585550002,柞水站,2,2,2,0,0,,not_available,源对象与显示一致，实际完整性未核验,way/1303278735|way/1303278736
node/10855604494,柞水西站,0,0,0,0,0,,not_available,未获取到关联站台源对象,
node/3685524107,柠条塔站,0,0,0,0,0,,not_available,未获取到关联站台源对象,
node/12798136136,查尼皮站,0,0,0,0,0,,not_available,未获取到关联站台源对象,
node/843319811,查布嘎站,2,2,2,0,0,,not_available,源对象与显示一致，实际完整性未核验,way/1536656037|way/1536656038
node/7473345546,查干得日斯站,0,0,0,0,0,,not_available,未获取到关联站台源对象,
node/1273438253,查干湖站,2,2,2,0,0,,not_available,源对象与显示一致，实际完整性未核验,way/1499384346|way/1499384347
node/2662698178,查干特格站,0,0,0,0,0,,not_available,未获取到关联站台源对象,
node/9072960152,查干诺尔站,0,0,0,0,0,,not_available,未获取到关联站台源对象,
node/9111251401,查汗淖站,0,0,0,0,0,,not_available,未获取到关联站台源对象,
node/9129186276,查班河站,0,0,0,0,0,,not_available,未获取到关联站台源对象,
node/7935632131,查田站,0,0,0,0,0,,not_available,未获取到关联站台源对象,
node/7236072722,柯周坑站,0,0,0,0,0,,not_available,未获取到关联站台源对象,
node/9229648666,柯坦站,0,0,0,0,0,,not_available,未获取到关联站台源对象,
node/7365783605,柯坪站,0,0,0,0,0,,not_available,未获取到关联站台源对象,
node/4341505887,柯柯站,0,0,0,0,0,,not_available,未获取到关联站台源对象,
node/12368903409,柯桥站,0,0,0,0,0,,not_available,未获取到关联站台源对象,
node/2987130068,柳园南站,2,2,2,0,0,,not_available,源对象与显示一致，实际完整性未核验,way/1466607391|way/1466607392
node/1601166977,柳园站,2,2,0,2,0,,not_available,来源含站台线，不能当作真实面,way/1524972840|way/1524972841
node/3624925040,柳园站,0,0,0,0,0,,not_available,未获取到关联站台源对象,
node/8858772973,柳城站,0,0,0,0,0,,not_available,未获取到关联站台源对象,
node/3840234312,柳家台站,0,0,0,0,0,,not_available,未获取到关联站台源对象,
node/5356894179,柳家庄站,1,1,0,1,0,,not_available,来源含站台线，不能当作真实面,way/938012597
node/13665852391,柳家庄（旧址）,0,0,0,0,0,,not_available,未获取到关联站台源对象,
node/9303518350,柳家营站,0,0,0,0,0,,not_available,未获取到关联站台源对象,
node/7803791588,柳州北站,0,0,0,0,0,,not_available,未获取到关联站台源对象,
node/4730484847,柳州南站,0,0,0,0,0,,not_available,未获取到关联站台源对象,
node/7691165939,柳州站,7,7,6,1,0,,not_available,来源含站台线，不能当作真实面,way/168134023|way/480022817|way/480022819|way/480022820|way/480022821|way/480022823|way/793233199
node/6385614439,柳州西站,0,0,0,0,0,,not_available,未获取到关联站台源对象,
node/7777687324,柳村北站,1,1,1,0,0,,not_available,源对象与显示一致，实际完整性未核验,way/1093068776
node/10012997191,柳村南站,0,0,0,0,0,,not_available,未获取到关联站台源对象,
node/9277294011,柳村站,0,0,0,0,0,,not_available,未获取到关联站台源对象,
node/1794669967,柳林南站,2,2,0,2,0,,not_available,来源含站台线，不能当作真实面,way/696942599|way/696942600
node/4074611204,柳林县站,1,1,0,1,0,,not_available,来源含站台线，不能当作真实面,way/1485836313
node/4066196581,柳林河站,0,0,0,0,0,,not_available,未获取到关联站台源对象,
node/3612292370,柳林站,0,0,0,0,0,,not_available,未获取到关联站台源对象,
node/1607767362,柳林镇站,0,0,0,0,0,,not_available,未获取到关联站台源对象,
node/4941072866,柳枝站,0,0,0,0,0,,not_available,未获取到关联站台源对象,
node/1657245403,柳树屯站,0,0,0,0,0,,not_available,未获取到关联站台源对象,
node/9299765143,柳树沟站,0,0,0,0,0,,not_available,未获取到关联站台源对象,
node/2987135383,柳树泉南站,0,0,0,0,0,,not_available,未获取到关联站台源对象,
node/1202093206,柳树泉站,0,0,0,0,0,,not_available,未获取到关联站台源对象,
node/2154670852,柳树站,0,0,0,0,0,,not_available,未获取到关联站台源对象,
node/9131669911,柳毛站,1,1,0,1,0,,not_available,来源含站台线，不能当作真实面,way/606855106
node/4723325690,柳江站,2,2,2,0,0,,not_available,源对象与显示一致，实际完整性未核验,way/1487193975|way/1487193976
node/3688871435,柳沟南站,0,0,0,0,0,,not_available,未获取到关联站台源对象,
node/4076525350,柳沟村站,0,0,0,0,0,,not_available,未获取到关联站台源对象,
node/7276773543,柳沟站,0,0,0,0,0,,not_available,未获取到关联站台源对象,
node/13521130767,柳沟西站,0,0,0,0,0,,not_available,未获取到关联站台源对象,
node/2614607868,柳河站,0,0,0,0,0,,not_available,未获取到关联站台源对象,
node/11208507589,柳泉站,0,0,0,0,0,,not_available,未获取到关联站台源对象,
node/3628253440,柳辛庄站,2,2,0,2,0,,not_available,来源含站台线，不能当作真实面,way/1067801453|way/1067801454
node/12404403768,柴山堆站,0,0,0,0,0,,not_available,未获取到关联站台源对象,
node/6225488925,柴村站,0,0,0,0,0,,not_available,未获取到关联站台源对象,
node/4450033022,柴桑站,0,0,0,0,0,,not_available,未获取到关联站台源对象,
node/2662698180,柴沟堡站,3,3,0,3,0,,not_available,来源含站台线，不能当作真实面,way/1086049844|way/1086049845|way/1086369793
node/1604972708,柴河站,2,2,0,2,0,,not_available,来源含站台线，不能当作真实面,way/601045335|way/601045337
node/3688803388,柴达尔站,0,0,0,0,0,,not_available,未获取到关联站台源对象,
node/9242869565,柴里站,0,0,0,0,0,,not_available,未获取到关联站台源对象,
node/4527878485,柿花树站,0,0,0,0,0,,not_available,未获取到关联站台源对象,
node/13836462702,栋亚站,0,0,0,0,0,,not_available,未获取到关联站台源对象,
node/8190124488,栏杆滩站,0,0,0,0,0,,not_available,未获取到关联站台源对象,
node/2940419389,树园站,0,0,0,0,0,,not_available,未获取到关联站台源对象,
node/10285851023,树屏站,0,0,0,0,0,,not_available,未获取到关联站台源对象,
node/3410043450,树木岭站,0,0,0,0,0,,not_available,未获取到关联站台源对象,
node/7345363384,栖凤渡站,0,0,0,0,0,,not_available,未获取到关联站台源对象,
node/8283601958,栖霞山北站,0,0,0,0,0,,not_available,未获取到关联站台源对象,
node/5655797096,栗坪站,0,0,0,0,0,,not_available,未获取到关联站台源对象,
node/10973711958,栗子沟站,0,0,0,0,0,,not_available,未获取到关联站台源对象,
node/1769587481,栗木站,0,0,0,0,0,,not_available,未获取到关联站台源对象,
node/5655797100,栗源站,0,0,0,0,0,,not_available,未获取到关联站台源对象,
node/9218083769,栟茶站,1,1,1,0,0,,not_available,源对象与显示一致，实际完整性未核验,way/1300109693
node/4973839019,株洲北站,0,0,0,0,0,,not_available,未获取到关联站台源对象,
node/6015670736,株洲南站,2,2,2,0,0,,not_available,源对象与显示一致，实际完整性未核验,way/764328231|way/764328232
node/5814548885,株洲站,0,0,0,0,0,,not_available,未获取到关联站台源对象,
node/8393702264,株洲西站,3,3,3,0,0,,not_available,源对象与显示一致，实际完整性未核验,way/343886218|way/343886221|way/343886237
node/1681825096,核桃园站,0,0,0,0,0,,not_available,未获取到关联站台源对象,
node/9126260273,根河站,1,1,0,1,0,,not_available,来源含站台线，不能当作真实面,way/1118057210
node/7691919874,根竹站,0,0,0,0,0,,not_available,未获取到关联站台源对象,
node/8293151037,根龙站,0,0,0,0,0,,not_available,未获取到关联站台源对象,
node/8363847912,格以头站,0,0,0,0,0,,not_available,未获取到关联站台源对象,
node/9069903387,格勒森德站,0,0,0,0,0,,not_available,未获取到关联站台源对象,
node/7473373519,格勒站,0,0,0,0,0,,not_available,未获取到关联站台源对象,
node/8833921317,格口站,0,0,0,0,0,,not_available,未获取到关联站台源对象,
node/7296208317,格尔木东站,1,1,1,0,0,,not_available,源对象与显示一致，实际完整性未核验,way/1465788262
node/5009859886,格尔木南站,0,0,0,0,0,,not_available,未获取到关联站台源对象,
node/7296211438,格尔木站,3,3,3,0,0,,not_available,源对象与显示一致，实际完整性未核验,way/255463071|way/255467260|way/255467566
node/5572228822,格尔木西站,0,0,0,0,0,,not_available,未获取到关联站台源对象,
node/9111251379,格德尔盖站,0,0,0,0,0,,not_available,未获取到关联站台源对象,
node/5232377605,格里坪站,0,0,0,0,0,,not_available,未获取到关联站台源对象,
node/7167634565,格顶站,0,0,0,0,0,,not_available,未获取到关联站台源对象,
node/9186758538,栽秧箐站,0,0,0,0,0,,not_available,未获取到关联站台源对象,
node/7236072726,桂口站,0,0,0,0,0,,not_available,未获取到关联站台源对象,
node/11874046784,桂平北站,0,0,0,0,0,,not_available,未获取到关联站台源对象,
node/3048742262,桂平站,0,0,0,0,0,,not_available,未获取到关联站台源对象,
node/2509040864,桂林北站,9,9,9,0,0,,not_available,源对象与显示一致，实际完整性未核验,way/375922212|way/375922213|way/375922214|way/375922215|way/375922216|way/375922217|way/375922218|way/375922219|way/375922220
node/2699872473,桂林南站,0,0,0,0,0,,not_available,未获取到关联站台源对象,
node/626322669,桂林站,4,4,4,0,0,,not_available,源对象与显示一致，实际完整性未核验,way/376029417|way/376029418|way/376029419|way/376029420
node/7775792087,桂林西站,2,2,2,0,0,,not_available,源对象与显示一致，实际完整性未核验,way/375923483|way/375923484
node/9603282582,桃下站,0,0,0,0,0,,not_available,未获取到关联站台源对象,
node/12626117813,桃园村站,0,0,0,0,0,,not_available,未获取到关联站台源对象,
node/9226664107,桃园矿站,0,0,0,0,0,,not_available,未获取到关联站台源对象,
node/1657245432,桃园站,2,2,0,2,0,,not_available,来源含站台线，不能当作真实面,way/678399046|way/678399047
node/8408788479,桃城站,2,2,2,0,0,,not_available,源对象与显示一致，实际完整性未核验,way/1123079908|way/1123079909
node/8597163071,桃子岭站,0,0,0,0,0,,not_available,未获取到关联站台源对象,
node/13508852349,桃山站,0,0,0,0,0,,not_available,未获取到关联站台源对象,
node/9137876527,桃山站,2,2,0,2,0,,not_available,来源含站台线，不能当作真实面,way/1120713420|way/1120713421
node/7245028952,桃映站,0,0,0,0,0,,not_available,未获取到关联站台源对象,
node/13882570037,桃杏站,0,0,0,0,0,,not_available,未获取到关联站台源对象,
node/5530868792,桃村东站,0,0,0,0,0,,not_available,未获取到关联站台源对象,
node/3914315828,桃村北站,2,2,2,0,0,,not_available,源对象与显示一致，实际完整性未核验,way/1365000284|way/1365000285
node/3829114170,桃村站,2,2,2,0,0,,not_available,源对象与显示一致，实际完整性未核验,way/833893046|way/833893047
node/3045724409,桃林站,0,0,0,0,0,,not_available,未获取到关联站台源对象,
node/8330381402,桃林站,0,0,0,0,0,,not_available,未获取到关联站台源对象,
node/4714815633,桃浦站,0,0,0,0,0,,not_available,未获取到关联站台源对象,
node/11445451580,桃源站,2,2,2,0,0,,not_available,源对象与显示一致，实际完整性未核验,way/1192822758|way/1192822766
node/9246201045,桃花峪站,0,0,0,0,0,,not_available,未获取到关联站台源对象,
node/9922691109,桃花店站,0,0,0,0,0,,not_available,未获取到关联站台源对象,
node/8337498550,桃花村站,0,0,0,0,0,,not_available,未获取到关联站台源对象,
node/7266064584,桃花江站,0,0,0,0,0,,not_available,未获取到关联站台源对象,
node/5886902318,桃选站,0,0,0,0,0,,not_available,未获取到关联站台源对象,
node/7160108924,桐乡站,2,2,2,0,0,,not_available,源对象与显示一致，实际完整性未核验,way/875089353|way/875089354
node/4724796104,桐城东站,0,0,0,0,0,,not_available,未获取到关联站台源对象,
node/8407883947,桐城南站,0,0,0,0,0,,not_available,未获取到关联站台源对象,
node/1642883477,桐城站,2,2,0,2,0,,not_available,来源含站台线，不能当作真实面,way/1551017844|way/1551017845
node/1558445001,桐子林站,0,0,0,0,0,,not_available,未获取到关联站台源对象,
node/9302063144,桐庐东站,0,0,0,0,0,,not_available,未获取到关联站台源对象,
node/5907959824,桐庐站,2,2,2,0,0,,not_available,源对象与显示一致，实际完整性未核验,way/872298876|way/872298877
node/8311465916,桐木寨站,0,0,0,0,0,,not_available,未获取到关联站台源对象,
node/10855668446,桐木站,0,0,0,0,0,,not_available,未获取到关联站台源对象,
node/2381309083,桐柏站,0,0,0,0,0,,not_available,未获取到关联站台源对象,
node/7620009556,桐梓东站,0,0,0,0,0,,not_available,未获取到关联站台源对象,
node/3695356382,桐梓北站,2,2,0,2,0,,not_available,来源含站台线，不能当作真实面,way/628306761|way/628306762
node/2327958851,桐梓站,0,0,0,0,0,,not_available,未获取到关联站台源对象,
node/7296234984,桑列站,0,0,0,0,0,,not_available,未获取到关联站台源对象,
node/840181311,桑园子站,2,2,1,1,0,,not_available,来源含站台线，不能当作真实面,way/405477207|way/853816797
node/9246201054,桑园站,0,0,0,0,0,,not_available,未获取到关联站台源对象,
node/9295305366,桑园铺站,0,0,0,0,0,,not_available,未获取到关联站台源对象,
node/7365899723,桑德站,0,0,0,0,0,,not_available,未获取到关联站台源对象,
node/7329144915,桑日站,0,0,0,0,0,,not_available,未获取到关联站台源对象,
node/9292699685,桑树坪站,0,0,0,0,0,,not_available,未获取到关联站台源对象,
node/9119790825,桑根达来东站,0,0,0,0,0,,not_available,未获取到关联站台源对象,
node/9072960153,桑根达来北站,0,0,0,0,0,,not_available,未获取到关联站台源对象,
node/4172561678,桑根达来站,0,0,0,0,0,,not_available,未获取到关联站台源对象,
node/5171146195,桑梓店站,0,0,0,0,0,,not_available,未获取到关联站台源对象,
node/7213715508,桑植站,2,2,2,0,0,,not_available,源对象与显示一致，实际完整性未核验,way/772671021|way/772671022
node/4113467701,桑雄站,0,0,0,0,0,,not_available,未获取到关联站台源对象,
node/2339632256,桓台站,1,1,1,0,0,,not_available,源对象与显示一致，实际完整性未核验,way/1238526836
node/3069587197,桓龙湖站,0,0,0,0,0,,not_available,未获取到关联站台源对象,
node/8087849486,桔柑站,0,0,0,0,0,,not_available,未获取到关联站台源对象,
node/2988925899,桥上村站,0,0,0,0,0,,not_available,未获取到关联站台源对象,
node/3217457131,桥上站,0,0,0,0,0,,not_available,未获取到关联站台源对象,
node/2498583148,桥东站,0,0,0,0,0,,not_available,未获取到关联站台源对象,
node/9763216770,桥北站,2,2,2,0,0,,not_available,源对象与显示一致，实际完整性未核验,way/1467768378|way/1467768379
node/11753220632,桥南村站,0,0,0,0,0,,not_available,未获取到关联站台源对象,
node/2940392795,桥南镇站,0,0,0,0,0,,not_available,未获取到关联站台源对象,
node/7167634623,桥口站,0,0,0,0,0,,not_available,未获取到关联站台源对象,
node/5153873887,桥圩站,0,0,0,0,0,,not_available,未获取到关联站台源对象,
node/2349438745,桥头站,1,1,0,1,0,,not_available,来源含站台线，不能当作真实面,way/1527332692
node/9121997539,桥头站,0,0,0,0,0,,not_available,未获取到关联站台源对象,
node/8744559659,桥头铺站,1,1,0,1,0,,not_available,来源含站台线，不能当作真实面,way/1424120973
node/8503445370,桥头集站,0,0,0,0,0,,not_available,未获取到关联站台源对象,
node/8327462790,桥头驿站,0,0,0,0,0,,not_available,未获取到关联站台源对象,
node/9524436516,桥湾站,2,2,0,2,0,,not_available,来源含站台线，不能当作真实面,way/1524779129|way/1524779130
node/2621443417,桥西站,0,0,0,0,0,,not_available,未获取到关联站台源对象,
node/9131675317,桦东站,0,0,0,0,0,,not_available,未获取到关联站台源对象,
node/9532243465,桦南东站,0,0,0,0,0,,not_available,未获取到关联站台源对象,
node/9131675319,桦南站,1,1,0,1,0,,not_available,来源含站台线，不能当作真实面,way/1113251920
node/8944302707,桦林东站,0,0,0,0,0,,not_available,未获取到关联站台源对象,
node/4111429480,桦林站,2,2,0,2,0,,not_available,来源含站台线，不能当作真实面,way/601045340|way/601045342
node/9171411642,桦甸站,0,0,0,0,0,,not_available,未获取到关联站台源对象,
node/1548856814,桦皮厂站,2,2,2,0,0,,not_available,源对象与显示一致，实际完整性未核验,way/696630304|way/696630305
node/5655797090,桨木站,0,0,0,0,0,,not_available,未获取到关联站台源对象,
node/8041771713,梁八台站,0,0,0,0,0,,not_available,未获取到关联站台源对象,
node/12101102912,梁北矿站,0,0,0,0,0,,not_available,未获取到关联站台源对象,
node/8417616505,梁堤头站,0,0,0,0,0,,not_available,未获取到关联站台源对象,
node/9242869562,梁宝寺站,0,0,0,0,0,,not_available,未获取到关联站台源对象,
node/8093069573,梁家坪站,0,0,0,0,0,,not_available,未获取到关联站台源对象,
node/2279174925,梁家渡站,1,1,1,0,0,,not_available,源对象与显示一致，实际完整性未核验,way/243259301
node/9169253664,梁家站,0,0,0,0,0,,not_available,未获取到关联站台源对象,
node/3176631800,梁山北站,2,2,2,0,0,,not_available,源对象与显示一致，实际完整性未核验,way/1432197106|way/1432197107
node/1672448034,梁山站,3,3,2,1,0,,not_available,来源含站台线，不能当作真实面,way/1376349110|way/1376349111|way/1548131262
node/3003935026,梁山站,0,0,0,0,0,,not_available,未获取到关联站台源对象,
node/3500365769,梁平南站,2,2,0,2,0,,not_available,来源含站台线，不能当作真实面,way/754644889|way/754644907
node/4827082572,梁平站,0,0,0,0,0,,not_available,未获取到关联站台源对象,
node/9226664095,梁庄站,0,0,0,0,0,,not_available,未获取到关联站台源对象,
node/4069797690,梁底下站,2,2,0,2,0,,not_available,来源含站台线，不能当作真实面,way/1033471223|way/1033471224
node/8163363265,梁洼街站,0,0,0,0,0,,not_available,未获取到关联站台源对象,
node/3797739063,梅关站,0,0,0,0,0,,not_available,未获取到关联站台源对象,
node/9980091034,梅南站,0,0,0,0,0,,not_available,未获取到关联站台源对象,
node/4071291816,梅园站,0,0,0,0,0,,not_available,未获取到关联站台源对象,
node/3733842642,梅家坪站,0,0,0,0,0,,not_available,未获取到关联站台源对象,
node/7837341982,梅家埠站,1,1,0,1,0,,not_available,来源含站台线，不能当作真实面,way/1158076167
node/8375551799,梅家庄站,0,0,0,0,0,,not_available,未获取到关联站台源对象,
node/7342323541,梅峰站,0,0,0,0,0,,not_available,未获取到关联站台源对象,
node/7113585381,梅州东站,0,0,0,0,0,,not_available,未获取到关联站台源对象,
node/12407447265,梅州站,2,2,2,0,0,,not_available,源对象与显示一致，实际完整性未核验,way/422897440|way/422897441
node/13061379938,梅州西站,3,3,3,0,0,,not_available,源对象与显示一致，实际完整性未核验,way/1090907746|way/1090907747|way/1090907748
node/2588167864,梅村站,1,1,1,0,0,,not_available,源对象与显示一致，实际完整性未核验,way/782971426
node/2456723822,梅林站,0,0,0,0,0,,not_available,未获取到关联站台源对象,
node/9223366472,梅桂营站,0,0,0,0,0,,not_available,未获取到关联站台源对象,
node/7236099482,梅水坑站,0,0,0,0,0,,not_available,未获取到关联站台源对象,
node/5549333748,梅江站,0,0,0,0,0,,not_available,未获取到关联站台源对象,
node/2327447492,梅河口站,0,0,0,0,0,,not_available,未获取到关联站台源对象,
node/9944071260,梅溪古镇站,2,2,2,0,0,,not_available,源对象与显示一致，实际完整性未核验,way/1085250416|way/1085250417
node/5655797085,梅田站,0,0,0,0,0,,not_available,未获取到关联站台源对象,
node/3589651604,梅花井站,0,0,0,0,0,,not_available,未获取到关联站台源对象,
node/1964642703,梅花山站,0,0,0,0,0,,not_available,未获取到关联站台源对象,
node/988059498,梅道 May Road站,0,0,0,0,0,,not_available,未获取到关联站台源对象,
node/8507007507,梓树庄站,0,0,0,0,0,,not_available,未获取到关联站台源对象,
node/8155076576,梓潼站,0,0,0,0,0,,not_available,未获取到关联站台源对象,
node/8859102781,梧州北站,0,0,0,0,0,,not_available,未获取到关联站台源对象,
node/3048726327,梧州南站,3,3,0,3,0,,not_available,来源含站台线，不能当作真实面,way/523744424|way/523744436|way/523744453
node/5097780534,梧州站,2,2,2,0,0,,not_available,源对象与显示一致，实际完整性未核验,way/904135728|way/904135729
node/12211994993,梧桐梁站,0,0,0,0,0,,not_available,未获取到关联站台源对象,
node/6308158128,梧桐槽子站,0,0,0,0,0,,not_available,未获取到关联站台源对象,
node/7473462478,梧桐水站,0,0,0,0,0,,not_available,未获取到关联站台源对象,
node/2616718117,梧桐沟站,0,0,0,0,0,,not_available,未获取到关联站台源对象,
node/9524455325,梧桐泉站,0,0,0,0,0,,not_available,未获取到关联站台源对象,
node/6308124701,梧桐站,0,0,0,0,0,,not_available,未获取到关联站台源对象,
node/8944428494,梨子山站,0,0,0,0,0,,not_available,未获取到关联站台源对象,
node/9131669914,梨树镇站,1,1,0,1,0,,not_available,来源含站台线，不能当作真实面,way/606855140
node/9076173195,梭梭井站,0,0,0,0,0,,not_available,未获取到关联站台源对象,
node/8360016281,梭罗河站,0,0,0,0,0,,not_available,未获取到关联站台源对象,
node/4676485655,棉纺仓库站,1,1,0,1,0,,not_available,来源含站台线，不能当作真实面,way/1366229127
node/3926581138,棋子湾站,2,2,2,0,0,,not_available,源对象与显示一致，实际完整性未核验,way/1035828014|way/1035828015
node/8725130376,棋梓桥站,0,0,0,0,0,,not_available,未获取到关联站台源对象,
node/3685465601,棋盘井煤矿站,0,0,0,0,0,,not_available,未获取到关联站台源对象,
node/1933386331,棋盘井站,0,0,0,0,0,,not_available,未获取到关联站台源对象,
node/2332314842,棋盘站,0,0,0,0,0,,not_available,未获取到关联站台源对象,
node/8145104968,棕溪站,0,0,0,0,0,,not_available,未获取到关联站台源对象,
node/11964159322,棠下站,2,2,2,0,0,,not_available,源对象与显示一致，实际完整性未核验,way/1290408732|way/1290408733
node/1758381728,棠海站,0,0,0,0,0,,not_available,未获取到关联站台源对象,
node/8173136442,椑木镇站,0,0,0,0,0,,not_available,未获取到关联站台源对象,
node/8724458872,椒花站,0,0,0,0,0,,not_available,未获取到关联站台源对象,
node/2662698268,楚山站,2,2,0,2,0,,not_available,来源含站台线，不能当作真实面,way/601045321|way/601045323
node/7296224593,楚玛尔河站,0,0,0,0,0,,not_available,未获取到关联站台源对象,
node/1758381600,楚雄南站,0,0,0,0,0,,not_available,未获取到关联站台源对象,
node/5599437418,楚雄站,3,3,3,0,0,,not_available,源对象与显示一致，实际完整性未核验,way/741355748|way/741355754|way/741355757
node/1826090372,楚雄西站,0,0,0,0,0,,not_available,未获取到关联站台源对象,
node/1596389959,楚鲁图站,0,0,0,0,0,,not_available,未获取到关联站台源对象,
node/9334658561,楠木坪站,0,0,0,0,0,,not_available,未获取到关联站台源对象,
node/8742827218,楠木塘站,0,0,0,0,0,,not_available,未获取到关联站台源对象,
node/2539559582,楠栂庙站,0,0,0,0,0,,not_available,未获取到关联站台源对象,
node/11340665939,楠溪江站,0,0,0,0,0,,not_available,未获取到关联站台源对象,
node/13739142635,楼兰故城站,0,0,0,0,0,,not_available,未获取到关联站台源对象,
node/7276282770,榆中站,2,2,0,2,0,,not_available,来源含站台线，不能当作真实面,way/853878894|way/853878895
node/8413779890,榆关站,2,2,2,0,0,,not_available,源对象与显示一致，实际完整性未核验,way/1092433025|way/1092433026
node/12520800023,榆林南站,0,0,0,0,0,,not_available,未获取到关联站台源对象,
node/8369317809,榆林站,0,0,0,0,0,,not_available,未获取到关联站台源对象,
node/9174541217,榆树台站,0,0,0,0,0,,not_available,未获取到关联站台源对象,
node/1267538080,榆树屯站,2,2,0,2,0,,not_available,来源含站台线，不能当作真实面,way/1091754686|way/1091754687
node/4628338205,榆树川站,0,0,0,0,0,,not_available,未获取到关联站台源对象,
node/2336082836,榆树沟站,0,0,0,0,0,,not_available,未获取到关联站台源对象,
node/9287595915,榆树湾站,0,0,0,0,0,,not_available,未获取到关联站台源对象,
node/6436067244,榆树站,0,0,0,0,0,,not_available,未获取到关联站台源对象,
node/7793098479,榆次站,2,2,0,2,0,,not_available,来源含站台线，不能当作真实面,way/344025838|way/344025852
node/13228536617,榆溪火车站,0,0,0,0,0,,not_available,未获取到关联站台源对象,
node/1578026875,榆社站,0,0,0,0,0,,not_available,未获取到关联站台源对象,
way/1473442500,榆社西站,2,2,2,0,0,,not_available,源对象与显示一致，实际完整性未核验,way/1473442513|way/1473442514
node/9527375841,榕江站,2,2,2,0,0,,not_available,源对象与显示一致，实际完整性未核验,way/514351461|way/514351464
node/8892549493,槐安站,0,0,0,0,0,,not_available,未获取到关联站台源对象,
node/3377737087,槐荫站,0,0,0,0,0,,not_available,未获取到关联站台源对象,
node/11233257575,樊哙站,0,0,0,0,0,,not_available,未获取到关联站台源对象,
node/7740322575,樊城西站,0,0,0,0,0,,not_available,未获取到关联站台源对象,
node/9081732785,樊家圐圙站,0,0,0,0,0,,not_available,未获取到关联站台源对象,
node/6165448992,樟木头东站,2,2,2,0,0,,not_available,源对象与显示一致，实际完整性未核验,way/658386055|way/658386057
node/4638676682,樟木头站,3,3,3,0,0,,not_available,源对象与显示一致，实际完整性未核验,way/469568310|way/469568311|way/469568312
node/3019471528,樟林站,0,0,0,0,0,,not_available,未获取到关联站台源对象,
node/1579354028,樟树东站,0,0,0,0,0,,not_available,未获取到关联站台源对象,
node/7217608834,樟树墩站,0,0,0,0,0,,not_available,未获取到关联站台源对象,
node/1579354029,樟树站,0,0,0,0,0,,not_available,未获取到关联站台源对象,
node/7252546300,樟湖板站,0,0,0,0,0,,not_available,未获取到关联站台源对象,
node/8154580317,横山站,0,0,0,0,0,,not_available,未获取到关联站台源对象,
node/9292699670,横山站,0,0,0,0,0,,not_available,未获取到关联站台源对象,
node/10779289544,横岗站,0,0,0,0,0,,not_available,未获取到关联站台源对象,
node/2458071811,横峰站,1,1,1,0,0,,not_available,源对象与显示一致，实际完整性未核验,way/373746494
node/11330580119,横州站,2,2,2,0,0,,not_available,源对象与显示一致，实际完整性未核验,way/1529339714|way/1529339715
node/8742192012,横市站,0,0,0,0,0,,not_available,未获取到关联站台源对象,
node/4644445230,横店东站,0,0,0,0,0,,not_available,未获取到关联站台源对象,
node/11337806452,横店站,0,0,0,0,0,,not_available,未获取到关联站台源对象,
node/3856476012,横店西站,0,0,0,0,0,,not_available,未获取到关联站台源对象,
node/8323458385,横江站,0,0,0,0,0,,not_available,未获取到关联站台源对象,
node/7733587987,横沟桥东站,0,0,0,0,0,,not_available,未获取到关联站台源对象,
node/8334823305,横沟桥站,0,0,0,0,0,,not_available,未获取到关联站台源对象,
node/3589416987,横沟站,0,0,0,0,0,,not_available,未获取到关联站台源对象,
node/12718780475,横溪站,0,0,0,0,0,,not_available,未获取到关联站台源对象,
node/2324653259,横现河站,0,0,0,0,0,,not_available,未获取到关联站台源对象,
node/2936895090,横琴站,0,0,0,0,0,2,osm_station_tags,未获取到关联站台源对象；源对象数量与标注或参考不一致，待核验,
node/5488592542,横车站,0,0,0,0,0,,not_available,未获取到关联站台源对象,
node/9160197902,横道河子东站,0,0,0,0,0,,not_available,未获取到关联站台源对象,
node/2187941092,横道河子站,2,2,0,2,0,,not_available,来源含站台线，不能当作真实面,way/621115755|way/621115756
node/12714048660,横阳山站,1,1,1,0,0,,not_available,源对象与显示一致，实际完整性未核验,way/1011165129
node/14158869338,樱桃园站,0,0,0,0,0,,not_available,未获取到关联站台源对象,
node/8359953070,橄榄坝站,0,0,0,0,0,,not_available,未获取到关联站台源对象,
node/13202304913,欢喜站,0,0,0,0,0,,not_available,未获取到关联站台源对象,
node/3006192053,欢河站,0,0,0,0,0,,not_available,未获取到关联站台源对象,
node/3024659104,欧家坡站,0,0,0,0,0,,not_available,未获取到关联站台源对象,
node/7740322576,欧庙站,0,0,0,0,0,,not_available,未获取到关联站台源对象,
node/2340355353,欧里站,2,2,2,0,0,,not_available,源对象与显示一致，实际完整性未核验,way/1481575780|way/1481575781
node/5926859742,欧龙山站,0,0,0,0,0,,not_available,未获取到关联站台源对象,
node/6989684877,歌乐山站,0,0,0,0,0,,not_available,未获取到关联站台源对象,
node/9242148048,歙县北站,0,0,0,0,0,,not_available,未获取到关联站台源对象,
node/1675935526,歙县站,0,0,0,0,0,,not_available,未获取到关联站台源对象,
node/9165204572,正东站,0,0,0,0,0,,not_available,未获取到关联站台源对象,
node/8401357512,正定机场,2,2,2,0,0,,not_available,源对象与显示一致，实际完整性未核验,way/576506622|way/576506623
node/8308266734,正定站,4,4,4,0,0,,not_available,源对象与显示一致，实际完整性未核验,way/661211020|way/1070725300|way/1070725301|way/1070725323
node/9072960159,正蓝旗站,2,2,2,0,0,,not_available,源对象与显示一致，实际完整性未核验,way/1547275766|way/1547275767
node/843276831,正镶白旗站,0,0,0,0,0,,not_available,未获取到关联站台源对象,
node/7740286554,步仙站,0,0,0,0,0,,not_available,未获取到关联站台源对象,
node/7951474429,步行街站,2,2,0,2,0,,not_available,来源含站台线，不能当作真实面,way/542926747|way/542926748
node/8838864887,武义东站,1,1,1,0,0,,not_available,源对象与显示一致，实际完整性未核验,way/778911509
node/3469247631,武义北站,2,2,2,0,0,,not_available,源对象与显示一致，实际完整性未核验,way/1023896411|way/1023896412
node/7702364128,武义站,0,0,0,0,0,,not_available,未获取到关联站台源对象,
node/1578026849,武乡东站,0,0,0,0,0,,not_available,未获取到关联站台源对象,
node/8208342112,武乡站,4,4,2,2,0,,not_available,来源含站台线，不能当作真实面,way/1473731286|way/1473731287|way/1235813019|way/1235813021
node/2999345286,武功站,0,0,0,0,0,,not_available,未获取到关联站台源对象,
node/7726025998,武夷山北站,2,2,2,0,0,,not_available,源对象与显示一致，实际完整性未核验,way/376240736|way/376240737
node/7252546318,武夷山站,0,0,0,0,0,,not_available,未获取到关联站台源对象,
node/11822437463,武威东站,3,3,0,3,0,,not_available,来源含站台线，不能当作真实面,way/1292594231|way/1292594232|way/1292594233
node/9295636266,武威南站,0,0,0,0,0,,not_available,未获取到关联站台源对象,
node/9524455335,武威站,3,3,3,0,0,,not_available,源对象与显示一致，实际完整性未核验,way/442995007|way/1471877206|way/1471877207
node/7461167201,武安站,0,0,0,0,0,,not_available,未获取到关联站台源对象,
node/11873977053,武宣站,0,0,0,0,0,,not_available,未获取到关联站台源对象,
node/8184222544,武家岩站,0,0,0,0,0,,not_available,未获取到关联站台源对象,
node/3182220016,武山站,3,3,0,3,0,,not_available,来源含站台线，不能当作真实面,way/429090651|way/429090652|way/429123539
node/9992008817,武平站,0,0,0,0,0,,not_available,未获取到关联站台源对象,
node/8012738238,武店站,0,0,0,0,0,,not_available,未获取到关联站台源对象,
node/1532826992,武当山站,0,0,0,0,0,,not_available,未获取到关联站台源对象,
node/7713231788,武当山西站,2,2,0,2,0,,not_available,来源含站台线，不能当作真实面,way/1533117737|way/1533117738
node/2539553663,武昌东站,0,0,0,0,0,,not_available,未获取到关联站台源对象,
node/582350173,武昌南站,0,0,0,0,0,,not_available,未获取到关联站台源对象,
node/317750134,武昌站,5,5,5,0,0,,not_available,源对象与显示一致，实际完整性未核验,way/230473778|way/230473779|way/230473780|way/230473781|way/230473782
node/4647204763,武汉东站,5,5,5,0,0,,not_available,源对象与显示一致，实际完整性未核验,way/1093810434|way/1093810435|way/1093810436|way/1093810437|way/1271100368
node/3856476013,武汉北站,0,0,0,0,0,,not_available,未获取到关联站台源对象,
node/579971406,武汉站,11,11,11,0,0,,not_available,源对象与显示一致，实际完整性未核验,way/470078212|way/470078213|way/470078214|way/470078215|way/470078216|way/470078217|way/470078218|way/470078219|way/470078220|way/470078221|way/470078222
node/6712308732,武清站,2,2,2,0,0,,not_available,源对象与显示一致，实际完整性未核验,way/713972886|way/713972887
node/9691561171,武穴北站,2,2,0,2,0,,not_available,来源含站台线，不能当作真实面,way/1558944070|way/1558944071
node/1769587485,武穴站,0,0,0,0,0,,not_available,未获取到关联站台源对象,
node/9312908633,武胜关站,0,0,0,0,0,,not_available,未获取到关联站台源对象,
node/3500325329,武胜站,2,2,0,2,0,,not_available,来源含站台线，不能当作真实面,way/1284120107|way/1284120108
node/11214979073,武进站,2,2,2,0,0,,not_available,源对象与显示一致，实际完整性未核验,way/690097871|way/690097872
node/11297287128,武邑站,0,0,0,0,0,,not_available,未获取到关联站台源对象,
node/11330547794,武钢站,0,0,0,0,0,,not_available,未获取到关联站台源对象,
node/7207306501,武陟站,0,0,0,0,0,,not_available,未获取到关联站台源对象,
node/10561588367,武隆南站,0,0,0,0,0,,not_available,未获取到关联站台源对象,
node/4503846519,武隆站,0,0,0,0,0,,not_available,未获取到关联站台源对象,
node/2349633669,歪头山站,0,0,0,0,0,,not_available,未获取到关联站台源对象,
node/1545867920,段家湾站,0,0,0,0,0,,not_available,未获取到关联站台源对象,
node/4021619844,段庄站,1,1,0,1,0,,not_available,来源含站台线，不能当作真实面,way/1218948708
node/8380172828,段廷站,0,0,0,0,0,,not_available,未获取到关联站台源对象,
node/8390907648,段柳站,0,0,0,0,0,,not_available,未获取到关联站台源对象,
node/3824598538,段甲岭站,2,2,2,0,0,,not_available,源对象与显示一致，实际完整性未核验,way/1131298230|way/1131298231
node/8523095504,殷庄站,0,0,0,0,0,,not_available,未获取到关联站台源对象,
node/3858109157,殷店站,0,0,0,0,0,,not_available,未获取到关联站台源对象,
node/8509731557,殷汇站,0,0,0,0,0,,not_available,未获取到关联站台源对象,
node/4714832178,殷行站,0,0,0,0,0,,not_available,未获取到关联站台源对象,
node/9111251405,母杜柴登站,0,0,0,0,0,,not_available,未获取到关联站台源对象,
node/1709764695,毕克齐站,0,0,0,0,0,,not_available,未获取到关联站台源对象,
node/9226664098,毕家岗站,0,0,0,0,0,,not_available,未获取到关联站台源对象,
node/4631918649,毕节东站,0,0,0,0,0,,not_available,未获取到关联站台源对象,
node/4631868962,毕节站,5,5,0,5,0,,not_available,来源含站台线，不能当作真实面,way/1230303668|way/1230303697|way/1230303698|way/1230303699|way/1230303700
node/1720394473,毛告吐站,0,0,0,0,0,,not_available,未获取到关联站台源对象,
node/1556058495,毛坝关站,0,0,0,0,0,,not_available,未获取到关联站台源对象,
node/1586077420,毛坝站,0,0,0,0,0,,not_available,未获取到关联站台源对象,
node/9899716542,毛垭坝站,0,0,0,0,0,,not_available,未获取到关联站台源对象,
node/8434476648,毛家店站,0,0,0,0,0,,not_available,未获取到关联站台源对象,
node/7473345547,毛德呼热站,0,0,0,0,0,,not_available,未获取到关联站台源对象,
node/9069903369,毛瑞霍站,0,0,0,0,0,,not_available,未获取到关联站台源对象,
node/9235207766,毛耳山站,1,1,0,1,0,,not_available,来源含站台线，不能当作真实面,way/346884218
node/12211994985,毛蜡湖站,0,0,0,0,0,,not_available,未获取到关联站台源对象,
node/3628718237,毛陈站,2,2,2,0,0,,not_available,源对象与显示一致，实际完整性未核验,way/1317115982|way/1317115984
node/8204063700,民丰 نىيە站,0,0,0,0,0,,not_available,未获取到关联站台源对象,
way/1110660867,民丰站,0,0,0,0,0,,not_available,未获取到关联站台源对象,
node/2987117083,民乐站,0,0,0,0,0,,not_available,未获取到关联站台源对象,
node/2987084180,民和南站,0,0,0,0,0,,not_available,未获取到关联站台源对象,
node/1597596215,民族站,0,0,0,0,0,,not_available,未获取到关联站台源对象,
node/3311797080,民权北站,0,0,0,0,0,,not_available,未获取到关联站台源对象,
node/1775221277,民权站,0,0,0,0,0,,not_available,未获取到关联站台源对象,
node/9276824800,民生村站,0,0,0,0,0,,not_available,未获取到关联站台源对象,
node/8190821001,民福寺站,0,0,0,0,0,,not_available,未获取到关联站台源对象,
node/2381431796,氡泉站,0,0,0,0,0,,not_available,未获取到关联站台源对象,
node/1954809123,水东站,0,0,0,0,0,,not_available,未获取到关联站台源对象,
node/12326998465,水乡客厅站,3,3,0,3,0,,not_available,来源含站台线，不能当作真实面,way/1495151362|way/1495151363|way/1495151364
node/4074637458,水冶南站,0,0,0,0,0,,not_available,未获取到关联站台源对象,
node/4074915624,水冶站,0,0,0,0,0,,not_available,未获取到关联站台源对象,
node/7014731880,水南站,2,2,2,0,0,,not_available,源对象与显示一致，实际完整性未核验,way/945500658|way/945500659
node/13107967317,水口山镇站,2,2,2,0,0,,not_available,源对象与显示一致，实际完整性未核验,way/1425948335|way/1425948336
node/7252546298,水口站,0,0,0,0,0,,not_available,未获取到关联站台源对象,
node/5025443860,水团站,0,0,0,0,0,,not_available,未获取到关联站台源对象,
node/10313458333,水土站,2,2,2,0,0,,not_available,源对象与显示一致，实际完整性未核验,way/1175277933|way/1175277934
node/1720956524,水地站,0,0,0,0,0,,not_available,未获取到关联站台源对象,
node/5652369253,水坑站,0,0,0,0,0,,not_available,未获取到关联站台源对象,
node/5010503532,水坝河站,0,0,0,0,0,,not_available,未获取到关联站台源对象,
node/1964861303,水城站,0,0,0,0,0,,not_available,未获取到关联站台源对象,
node/4076149838,水头站,0,0,0,0,0,,not_available,未获取到关联站台源对象,
node/4071848343,水套站,0,0,0,0,0,,not_available,未获取到关联站台源对象,
node/8012738240,水家湖站,3,3,3,0,0,,not_available,源对象与显示一致，实际完整性未核验,way/1228222849|way/1228222858|way/1228222868
node/1964182138,水富站,0,0,0,0,0,,not_available,未获取到关联站台源对象,
node/7639802001,水尾站,0,0,0,0,0,,not_available,未获取到关联站台源对象,
node/8438901525,水屯站,0,0,0,0,0,,not_available,未获取到关联站台源对象,
node/7276779892,水库北站,0,0,0,0,0,,not_available,未获取到关联站台源对象,
node/6687935741,水库站,1,1,0,1,0,,not_available,来源含站台线，不能当作真实面,way/1113343041
node/3889846826,水曲柳站,0,0,0,0,0,,not_available,未获取到关联站台源对象,
node/8197922559,水江站,0,0,0,0,0,,not_available,未获取到关联站台源对象,
node/10561578972,水江西站,0,0,0,0,0,,not_available,未获取到关联站台源对象,
node/5485779796,水汪站,0,0,0,0,0,,not_available,未获取到关联站台源对象,
node/7249740464,水沙坪站,0,0,0,0,0,,not_available,未获取到关联站台源对象,
node/2368523119,水沟站,0,0,0,0,0,,not_available,未获取到关联站台源对象,
node/2336082817,水泉站,0,0,0,0,0,,not_available,未获取到关联站台源对象,
node/10973711951,水泥厂站,1,1,1,0,0,,not_available,源对象与显示一致，实际完整性未核验,way/1467492759
node/2329166654,水洋站,0,0,0,0,0,,not_available,未获取到关联站台源对象,
node/4071540594,水洞沟电厂站,0,0,0,0,0,,not_available,未获取到关联站台源对象,
node/1664135960,水洞站,0,0,0,0,0,,not_available,未获取到关联站台源对象,
node/9118892079,水源站,1,1,1,0,0,,not_available,源对象与显示一致，实际完整性未核验,way/411101662
node/9186758540,水目山站,0,0,0,0,0,,not_available,未获取到关联站台源对象,
node/5733932148,水花站,0,0,0,0,0,,not_available,未获取到关联站台源对象,
node/7780322122,水茜站,0,0,0,0,0,,not_available,未获取到关联站台源对象,
node/3957968526,水车湾站,0,0,0,0,0,,not_available,未获取到关联站台源对象,
node/5010548829,水鸭子墩站,0,0,0,0,0,,not_available,未获取到关联站台源对象,
node/11202356349,永丰站,0,0,0,0,0,,not_available,未获取到关联站台源对象,
node/3589354520,永丰站,0,0,0,0,0,,not_available,未获取到关联站台源对象,
node/1569661909,永丰营站,0,0,0,0,0,,not_available,未获取到关联站台源对象,
node/9325921010,永义站,0,0,0,0,0,,not_available,未获取到关联站台源对象,
node/1532510508,永乐店站,0,0,0,0,0,,not_available,未获取到关联站台源对象,
node/9274358866,永乐站,0,0,0,0,0,,not_available,未获取到关联站台源对象,
node/5149796101,永乐街站,0,0,0,0,0,,not_available,未获取到关联站台源对象,
node/8293209407,永乐镇站,0,0,0,0,0,,not_available,未获取到关联站台源对象,
node/5230023390,永仁站,2,2,0,2,0,,not_available,来源含站台线，不能当作真实面,way/973948345|way/973948346
node/2290064248,永修站,4,4,4,0,0,,not_available,源对象与显示一致，实际完整性未核验,way/568843328|way/568843329|way/568843333|way/568843334
node/9269060405,永兴庄站,2,2,2,0,0,,not_available,源对象与显示一致，实际完整性未核验,way/1098087778|way/1098087779
node/1816772647,永兴站,0,0,0,0,0,,not_available,未获取到关联站台源对象,
node/8431464136,永和站,2,2,2,0,0,,not_available,源对象与显示一致，实际完整性未核验,way/1159432362|way/1159432363
node/1597596279,永嘉堡站,0,0,0,0,0,,not_available,未获取到关联站台源对象,
node/9111251375,永圣域站,0,0,0,0,0,,not_available,未获取到关联站台源对象,
node/3311816585,永城北站,2,2,2,0,0,,not_available,源对象与显示一致，实际完整性未核验,way/1513452700|way/1513452701
node/9226690980,永城站,0,0,0,0,0,,not_available,未获取到关联站台源对象,
node/12712348626,永宁北站,0,0,0,0,0,,not_available,未获取到关联站台源对象,
node/12712348627,永宁南站,0,0,0,0,0,,not_available,未获取到关联站台源对象,
node/2247329897,永宁县站,0,0,0,0,0,,not_available,未获取到关联站台源对象,
node/1548856860,永宁站,0,0,0,0,0,,not_available,未获取到关联站台源对象,
node/1524299950,永宁镇站,0,0,0,0,0,,not_available,未获取到关联站台源对象,
node/9137873808,永安乡站,1,1,0,1,0,,not_available,来源含站台线，不能当作真实面,way/601169375
node/4665343372,永安南站,1,1,1,0,0,,not_available,源对象与显示一致，实际完整性未核验,way/1255237137
node/1583788093,永安站,0,0,0,0,0,,not_available,未获取到关联站台源对象,
node/10925994944,永安镇站,0,0,0,0,0,,not_available,未获取到关联站台源对象,
node/4068175274,永安镇站,0,0,0,0,0,,not_available,未获取到关联站台源对象,
node/9282598401,永定庄站,0,0,0,0,0,,not_available,未获取到关联站台源对象,
node/2095389220,永定站,0,0,0,0,0,,not_available,未获取到关联站台源对象,
node/3003935017,永寿站,0,0,0,0,0,,not_available,未获取到关联站台源对象,
node/8315154179,永寿西站,2,2,0,2,0,,not_available,来源含站台线，不能当作真实面,way/894590452|way/894590453
node/8154570902,永岁站,0,0,0,0,0,,not_available,未获取到关联站台源对象,
node/3500459007,永川东站,3,3,3,0,0,,not_available,源对象与显示一致，实际完整性未核验,way/1420114465|way/1420114466|way/1420114467
node/10246926876,永川南站,2,2,0,2,0,,not_available,来源含站台线，不能当作真实面,way/1319038683|way/1319038684
node/1586701917,永川站,0,0,0,0,0,,not_available,未获取到关联站台源对象,
node/9385046724,永州北站,0,0,0,0,0,,not_available,未获取到关联站台源对象,
node/10248967302,永州电厂站,0,0,0,0,0,,not_available,未获取到关联站台源对象,
node/4359529805,永州站,8,8,8,0,0,,not_available,源对象与显示一致，实际完整性未核验,way/1188953232|way/1188953233|way/1188953234|way/1188953235|way/1188953238|way/1188953241|way/1344760035|way/1344760041
node/9898868285,永平县站,0,0,0,0,0,,not_available,未获取到关联站台源对象,
node/2458071816,永平站,2,2,2,0,0,,not_available,源对象与显示一致，实际完整性未核验,way/842900624|way/842900625
node/9129186277,永庆站,0,0,0,0,0,,not_available,未获取到关联站台源对象,
node/9534537139,永庆站,2,2,2,0,0,,not_available,源对象与显示一致，实际完整性未核验,way/1310817170|way/1310817171
node/8837178590,永康东站,0,0,0,0,0,,not_available,未获取到关联站台源对象,
node/3469247632,永康南站,1,1,1,0,0,,not_available,源对象与显示一致，实际完整性未核验,way/1023898091
node/2502938885,永新站,0,0,0,0,0,,not_available,未获取到关联站台源对象,
node/8341358203,永新站,0,0,0,0,0,,not_available,未获取到关联站台源对象,
node/9209486376,永昌站,1,1,1,0,0,,not_available,源对象与显示一致，实际完整性未核验,way/768962777
node/7781469270,永春站,0,0,0,0,0,,not_available,未获取到关联站台源对象,
node/2451353649,永泰站,2,2,2,0,0,,not_available,源对象与显示一致，实际完整性未核验,way/372804087|way/372804089
node/7236072727,永浆站,0,0,0,0,0,,not_available,未获取到关联站台源对象,
node/3012017257,永济北站,0,0,0,0,0,,not_available,未获取到关联站台源对象,
node/4075255926,永济站,0,0,0,0,0,,not_available,未获取到关联站台源对象,
node/9225780497,永清东站,0,0,0,0,0,,not_available,未获取到关联站台源对象,
node/9334658564,永温站,0,0,0,0,0,,not_available,未获取到关联站台源对象,
node/1592559627,永甸站,0,0,0,0,0,,not_available,未获取到关联站台源对象,
node/9399825561,永登北站,0,0,0,0,0,,not_available,未获取到关联站台源对象,
node/2303800425,永登站,2,2,0,2,0,,not_available,来源含站台线，不能当作真实面,way/429574030|way/429574031
node/4419760182,永福南站,2,2,0,2,0,,not_available,来源含站台线，不能当作真实面,way/1235622985|way/1235622986
node/4248016408,永福站,0,0,0,0,0,,not_available,未获取到关联站台源对象,
node/13454424824,永红南站,0,0,0,0,0,,not_available,未获取到关联站台源对象,
node/1575631551,永红站,0,0,0,0,0,,not_available,未获取到关联站台源对象,
node/3958029559,永红站,1,1,0,1,0,,not_available,来源含站台线，不能当作真实面,way/435435132
node/9129925035,永胜站,1,1,0,1,0,,not_available,来源含站台线，不能当作真实面,way/1124159527
node/5496983803,永茂站,0,0,0,0,0,,not_available,未获取到关联站台源对象,
node/1558445040,永郎站,0,0,0,0,0,,not_available,未获取到关联站台源对象,
node/9846723814,永郎西站,0,0,0,0,0,,not_available,未获取到关联站台源对象,
node/12101104329,永锦洗煤厂站,0,0,0,0,0,,not_available,未获取到关联站台源对象,
node/3362901900,永阳街站,0,0,0,0,0,,not_available,未获取到关联站台源对象,
node/10216416137,永青站,0,0,0,0,0,,not_available,未获取到关联站台源对象,
node/8308449244,汇塘河站,0,0,0,0,0,,not_available,未获取到关联站台源对象,
node/13974578806,汇旺东路站,0,0,0,0,0,,not_available,未获取到关联站台源对象,
node/1595119244,汇流河站,1,1,0,1,0,,not_available,来源含站台线，不能当作真实面,way/1086127315
node/9295305367,汉中站,5,5,5,0,0,,not_available,源对象与显示一致，实际完整性未核验,way/1303935468|way/1303935469|way/1303935470|way/1303935471|way/1303935472
way/570136160,汉口北站,0,0,0,0,0,,not_available,未获取到关联站台源对象,
node/2492403981,汉口站,10,10,10,0,0,,not_available,源对象与显示一致，实际完整性未核验,way/771075380|way/771075381|way/771075382|way/771075383|way/771075384|way/771075385|way/771075386|way/771075387|way/771075388|way/771075389
node/1613124731,汉寿南站,2,2,2,0,0,,not_available,源对象与显示一致，实际完整性未核验,way/1506657449|way/1506657450
node/12260049299,汉寿站,2,2,2,0,0,,not_available,源对象与显示一致，实际完整性未核验,way/1291288689|way/1511504728
node/10275616432,汉川北站,0,0,0,0,0,,not_available,未获取到关联站台源对象,
node/3053748808,汉川站,2,2,2,0,0,,not_available,源对象与显示一致，实际完整性未核验,way/1074577203|way/1074577204
node/9327370177,汉旺站,0,0,0,0,0,,not_available,未获取到关联站台源对象,
node/11524835219,汉水泉站,0,0,0,0,0,,not_available,未获取到关联站台源对象,
node/6196627808,汉沟镇站,0,0,0,0,0,,not_available,未获取到关联站台源对象,
node/2349729510,汉沽站,1,1,1,0,0,,not_available,源对象与显示一致，实际完整性未核验,way/1086840613
node/10796576930,汉源站,1,1,1,0,0,,not_available,源对象与显示一致，实际完整性未核验,way/514615286
node/1886917420,汉西站,0,0,0,0,0,,not_available,未获取到关联站台源对象,
node/13227238993,汉阳站,0,0,0,0,0,,not_available,未获取到关联站台源对象,
node/8378245807,汉阳站,2,2,2,0,0,,not_available,源对象与显示一致，实际完整性未核验,way/766340304|way/766340930
node/1556058462,汉阴站,0,0,0,0,0,,not_available,未获取到关联站台源对象,
node/3949377561,汊沽港站,2,2,2,0,0,,not_available,源对象与显示一致，实际完整性未核验,way/1085655717|way/1085655718
node/1722042129,汐子站,0,0,0,0,0,,not_available,未获取到关联站台源对象,
node/9202090142,汕头北站,0,0,0,0,0,,not_available,未获取到关联站台源对象,
node/10554312390,汕头南站,0,0,0,0,0,,not_available,未获取到关联站台源对象,
node/5610619909,汕头站,3,3,0,3,0,,not_available,来源含站台线，不能当作真实面,way/1458077489|way/1458077490|way/1458077491
node/2719758936,汕尾站,4,4,4,0,0,,not_available,源对象与显示一致，实际完整性未核验,way/1127649404|way/1127649405|way/1478717191|way/1478717193
node/1577895132,汝州站,2,2,2,0,0,,not_available,源对象与显示一致，实际完整性未核验,way/1552512059|way/1552728727
node/2800387801,汝箕沟站,0,0,0,0,0,,not_available,未获取到关联站台源对象,
node/1577895122,汝阳站,0,0,0,0,0,,not_available,未获取到关联站台源对象,
node/3688803423,江仓站,0,0,0,0,0,,not_available,未获取到关联站台源对象,
node/7296224591,江克栋站,0,0,0,0,0,,not_available,未获取到关联站台源对象,
node/11357632967,江北机场,2,2,2,0,0,,not_available,源对象与显示一致，实际完整性未核验,way/1532211569|way/1532211570
node/2332314837,江北站,0,0,0,0,0,,not_available,未获取到关联站台源对象,
node/5132033119,江华站,2,2,2,0,0,,not_available,源对象与显示一致，实际完整性未核验,way/527988283|way/527988284
node/7702364111,江南村站,1,1,1,0,0,,not_available,源对象与显示一致，实际完整性未核验,way/1317321139
node/8740981396,江口站,0,0,0,0,0,,not_available,未获取到关联站台源对象,
node/7252546292,江坂站,0,0,0,0,0,,not_available,未获取到关联站台源对象,
node/8856093894,江头站,0,0,0,0,0,,not_available,未获取到关联站台源对象,
node/2830239653,江宁站,2,2,2,0,0,,not_available,源对象与显示一致，实际完整性未核验,way/974871857|way/974871858
node/9242148045,江宁西站,2,2,2,0,0,,not_available,源对象与显示一致，实际完整性未核验,way/767341096|way/767341097
node/1768187578,江宁镇站,0,0,0,0,0,,not_available,未获取到关联站台源对象,
node/2332708576,江密峰站,0,0,0,0,0,,not_available,未获取到关联站台源对象,
node/9527101298,江山站,6,6,6,0,0,,not_available,源对象与显示一致，实际完整性未核验,way/775964959|way/775964960|way/775964961|way/775964962|way/1488534175|way/1488534176
node/7137471351,江岭站,1,1,1,0,0,,not_available,源对象与显示一致，实际完整性未核验,way/763987851
node/8739316286,江市站,0,0,0,0,0,,not_available,未获取到关联站台源对象,
node/4357594754,江所田站,0,0,0,0,0,,not_available,未获取到关联站台源对象,
node/5611951753,江村站,0,0,0,0,0,,not_available,未获取到关联站台源对象,
node/1267537498,江桥站,2,2,0,2,0,,not_available,来源含站台线，不能当作真实面,way/1112001708|way/1112001709
node/7168335771,江桥镇站,0,0,0,0,0,,not_available,未获取到关联站台源对象,
node/8744540817,江永站,2,2,2,0,0,,not_available,源对象与显示一致，实际完整性未核验,way/1093524690|way/1093524691
node/5130313330,江油北站,0,0,0,0,0,,not_available,未获取到关联站台源对象,
node/1742504938,江油站,0,0,0,0,0,,not_available,未获取到关联站台源对象,
node/11121551505,江洛站,0,0,0,0,0,,not_available,未获取到关联站台源对象,
node/8997696983,江津北站,2,2,0,2,0,,not_available,来源含站台线，不能当作真实面,way/1319038625|way/1319038626
node/1586701887,江津站,0,0,0,0,0,,not_available,未获取到关联站台源对象,
node/1759460681,江海站,0,0,0,0,0,,not_available,未获取到关联站台源对象,
node/3858082960,江湾村站,0,0,0,0,0,,not_available,未获取到关联站台源对象,
node/10556364302,江源东站,2,2,2,0,0,,not_available,源对象与显示一致，实际完整性未核验,way/1422470774|way/1422470779
node/2381432823,江源站,1,1,0,1,0,,not_available,来源含站台线，不能当作真实面,way/669605470
node/4019707814,江背站,0,0,0,0,0,,not_available,未获取到关联站台源对象,
node/8050763450,江西村站,0,0,0,0,0,,not_available,未获取到关联站台源对象,
node/2449481398,江边村站,1,1,1,0,0,,not_available,源对象与显示一致，实际完整性未核验,way/370130391
node/3362899952,江边站,0,0,0,0,0,,not_available,未获取到关联站台源对象,
node/1095044568,江都站,0,0,0,0,0,,not_available,未获取到关联站台源对象,
node/7707072349,江门东站,0,0,0,0,0,,not_available,未获取到关联站台源对象,
node/7138909238,江门北站,0,0,0,0,0,,not_available,未获取到关联站台源对象,
node/2414867084,江门站,8,8,8,0,0,,not_available,源对象与显示一致，实际完整性未核验,way/1235551750|way/1235551751|way/1235551752|way/1235551753|way/1235551754|way/1235551755|way/1247617614|way/1247617616
node/12247246631,江门镇东站,0,0,0,0,0,,not_available,未获取到关联站台源对象,
node/8182509374,江门镇站,0,0,0,0,0,,not_available,未获取到关联站台源对象,
node/9218083779,江阴北站,0,0,0,0,0,,not_available,未获取到关联站台源对象,
node/8904191126,江阴港站,0,0,0,0,0,,not_available,未获取到关联站台源对象,
node/13297115256,江阴站,0,0,0,0,0,,not_available,未获取到关联站台源对象,
node/7740322582,江陵站,0,0,0,0,0,,not_available,未获取到关联站台源对象,
node/8341273118,江顶寺站,0,0,0,0,0,,not_available,未获取到关联站台源对象,
node/8736535210,江高站,2,2,2,0,0,,not_available,源对象与显示一致，实际完整性未核验,way/1496145165|way/1496145166
node/7826309938,江高镇站,0,0,0,0,0,,not_available,未获取到关联站台源对象,
node/13401589608,江龙站,0,0,0,0,0,,not_available,未获取到关联站台源对象,
node/12714986004,池州东站,0,0,0,0,0,,not_available,未获取到关联站台源对象,
node/9242148039,池州站,4,4,4,0,0,,not_available,源对象与显示一致，实际完整性未核验,way/613183116|way/1383060191|way/1383060192|way/1383060193
node/3797734505,池江站,0,0,0,0,0,,not_available,未获取到关联站台源对象,
node/3019716829,池河站,0,0,0,0,0,,not_available,未获取到关联站台源对象,
node/12732987422,池洞站,0,0,0,0,0,,not_available,未获取到关联站台源对象,
node/9137876521,汤原站,1,1,0,1,0,,not_available,来源含站台线，不能当作真实面,way/1121982938
node/8428668285,汤头沟站,1,1,0,1,0,,not_available,来源含站台线，不能当作真实面,way/1434355504
node/2913747385,汤头站,0,0,0,0,0,,not_available,未获取到关联站台源对象,
node/2349438752,汤山城站,0,0,0,0,0,,not_available,未获取到关联站台源对象,
node/9178344026,汤岗子站,0,0,0,0,0,,not_available,未获取到关联站台源对象,
node/9226664083,汤店站,0,0,0,0,0,,not_available,未获取到关联站台源对象,
node/2154670869,汤旺河站,1,1,0,1,0,,not_available,来源含站台线，不能当作真实面,way/1124070650
node/2343318813,汤池站,2,2,0,2,0,,not_available,来源含站台线，不能当作真实面,way/1112001676|way/1112001678
node/5488773093,汤溪站,0,0,0,0,0,,not_available,未获取到关联站台源对象,
node/3917349566,汤逊湖站,0,0,0,0,0,,not_available,未获取到关联站台源对象,
node/6629648409,汤阴东站,0,0,0,0,0,,not_available,未获取到关联站台源对象,
node/8360876989,汤阴站,0,0,0,0,0,,not_available,未获取到关联站台源对象,
node/8396912757,汨罗东站,6,6,2,4,0,,not_available,来源含站台线，不能当作真实面,way/973125713|way/973125714|way/1228004538|way/1228004539|way/1228004540|way/1228004542
node/8330381447,汨罗站,2,2,2,0,0,,not_available,源对象与显示一致，实际完整性未核验,way/782273615|way/782273616
node/4071848326,汪水塘站,0,0,0,0,0,,not_available,未获取到关联站台源对象,
node/12811744309,汪洋站,0,0,0,0,0,,not_available,未获取到关联站台源对象,
node/1590460757,汪清站,0,0,0,0,0,,not_available,未获取到关联站台源对象,
node/8293209394,汪甸站,0,0,0,0,0,,not_available,未获取到关联站台源对象,
node/4676485672,汽车城站,0,0,0,0,0,,not_available,未获取到关联站台源对象,
node/7021816947,汾水镇站,0,0,0,0,0,,not_available,未获取到关联站台源对象,
node/4226925511,汾河站,0,0,0,0,0,,not_available,未获取到关联站台源对象,
node/12326998464,汾湖站,0,0,0,0,0,,not_available,未获取到关联站台源对象,
node/2051979297,汾阳站,2,2,2,0,0,,not_available,源对象与显示一致，实际完整性未核验,way/784624153|way/784624154
node/1578026841,沁县站,0,0,0,0,0,,not_available,未获取到关联站台源对象,
node/3217460755,沁水站,3,3,3,0,0,,not_available,源对象与显示一致，实际完整性未核验,way/1467912943|way/1467912944|way/1467912945
node/1577895112,沁河北站,0,0,0,0,0,,not_available,未获取到关联站台源对象,
node/1577895118,沁阳站,0,0,0,0,0,,not_available,未获取到关联站台源对象,
node/9246201051,沂南站,2,2,2,0,0,,not_available,源对象与显示一致，实际完整性未核验,way/1450632815|way/1450632816
node/9246201052,沂水站,0,0,0,0,0,,not_available,未获取到关联站台源对象,
node/13026166602,沂水西站,2,2,2,0,0,,not_available,源对象与显示一致，实际完整性未核验,way/1422599727|way/1422599728
node/13026166601,沂源站,3,3,3,0,0,,not_available,源对象与显示一致，实际完整性未核验,way/1422599804|way/1422599805|way/1422599806
node/7473373514,沃博尔站,0,0,0,0,0,,not_available,未获取到关联站台源对象,
node/5888657545,沃卡站,0,0,0,0,0,,not_available,未获取到关联站台源对象,
node/8436995006,沃皮站,0,0,0,0,0,,not_available,未获取到关联站台源对象,
node/8465326533,沈丘北站,0,0,0,0,0,,not_available,未获取到关联站台源对象,
node/8491565996,沈丘站,2,2,2,0,0,,not_available,源对象与显示一致，实际完整性未核验,way/1044165269|way/1044165270
node/7301511420,沈家塘站,0,0,0,0,0,,not_available,未获取到关联站台源对象,
node/3686469958,沈家巷站,0,0,0,0,0,,not_available,未获取到关联站台源对象,
node/4499882017,沈家河站,0,0,0,0,0,,not_available,未获取到关联站台源对象,
node/2344167672,沈家站,2,2,0,2,0,,not_available,来源含站台线，不能当作真实面,way/1162724765|way/1162724766
node/12761941992,沈荡站(待建),0,0,0,0,0,,not_available,未获取到关联站台源对象,
node/677162780,沈阳东站,0,0,0,0,0,,not_available,未获取到关联站台源对象,
node/676578837,沈阳北站,0,0,0,0,0,,not_available,未获取到关联站台源对象,
node/6179162253,沈阳南站,12,12,12,0,0,,not_available,源对象与显示一致，实际完整性未核验,way/659985357|way/659985358|way/659985359|way/659985361|way/659985362|way/659985363|way/659985364|way/659985365|way/659985366|way/659985367|way/659985368|way/1526197077
node/6179162407,沈阳站,4,4,4,0,0,,not_available,源对象与显示一致，实际完整性未核验,way/66989786|way/66989787|way/66989788|way/66989789
node/4507873122,沈阳西站,2,2,2,0,0,,not_available,源对象与显示一致，实际完整性未核验,way/1352000514|way/1352000515
node/7202398098,沉湖站,0,0,0,0,0,,not_available,未获取到关联站台源对象,
node/1758381697,沐滂站,0,0,0,0,0,,not_available,未获取到关联站台源对象,
node/8187162969,沐滩站,1,1,1,0,0,,not_available,源对象与显示一致，实际完整性未核验,way/1328310165
node/7692210514,沙井站,0,0,0,0,0,,not_available,未获取到关联站台源对象,
node/7063140962,沙井西站,2,2,0,2,0,,not_available,来源含站台线，不能当作真实面,way/1361944966|way/1361944967
node/5485779793,沙刀湾站,0,0,0,0,0,,not_available,未获取到关联站台源对象,
node/9121997535,沙力噶坝站,0,0,0,0,0,,not_available,未获取到关联站台源对象,
node/8320768079,沙厂坪站,0,0,0,0,0,,not_available,未获取到关联站台源对象,
node/8015596091,沙口站,0,0,0,0,0,,not_available,未获取到关联站台源对象,
node/9179735862,沙后所,0,0,0,0,0,,not_available,未获取到关联站台源对象,
node/7369008124,沙哈站,0,0,0,0,0,,not_available,未获取到关联站台源对象,
node/2154670860,沙园站,2,2,2,0,0,,not_available,源对象与显示一致，实际完整性未核验,way/1442421283|way/1442421284
node/9314921235,沙固站,0,0,0,0,0,,not_available,未获取到关联站台源对象,
node/12404403778,沙土梁站,0,0,0,0,0,,not_available,未获取到关联站台源对象,
node/8445944502,沙土集站,2,2,2,0,0,,not_available,源对象与显示一致，实际完整性未核验,way/1448196339|way/1448196340
node/9081732810,沙圪堵北站,0,0,0,0,0,,not_available,未获取到关联站台源对象,
node/7368621230,沙地站,0,0,0,0,0,,not_available,未获取到关联站台源对象,
node/4071018843,沙坝子站,0,0,0,0,0,,not_available,未获取到关联站台源对象,
node/1558444990,沙坝站,0,0,0,0,0,,not_available,未获取到关联站台源对象,
node/7121880619,沙坡头站,0,0,0,0,0,,not_available,未获取到关联站台源对象,
node/8428695054,沙坨子站,1,1,0,1,0,,not_available,来源含站台线，不能当作真实面,way/1434355477
node/7238688341,沙坪坝站,0,0,0,0,0,,not_available,未获取到关联站台源对象,
node/8158566832,沙坪站,0,0,0,0,0,,not_available,未获取到关联站台源对象,
node/4621862082,沙城东站,2,2,2,0,0,,not_available,源对象与显示一致，实际完整性未核验,way/551022971|way/551022972
node/3961326598,沙城站,3,2,2,0,1,,not_available,重复源面，仅显示去重,way/323203272|relation/4501510|way/323203273
node/3624896623,沙塘站,0,0,0,0,0,,not_available,未获取到关联站台源对象,
node/2913764246,沙墩站,0,0,0,0,0,,not_available,未获取到关联站台源对象,
node/9274358855,沙子河站,2,2,2,0,0,,not_available,源对象与显示一致，实际完整性未核验,way/1088879598|way/1088879599
node/9069910633,沙尔塔拉站,0,0,0,0,0,,not_available,未获取到关联站台源对象,
node/10267008420,沙山站,1,1,0,1,0,,not_available,来源含站台线，不能当作真实面,way/1122580993
node/9166915292,沙岗站,0,0,0,0,0,,not_available,未获取到关联站台源对象,
node/3834284194,沙岭子站,0,0,0,0,0,,not_available,未获取到关联站台源对象,
node/1608118435,沙岭庄站,0,0,0,0,0,,not_available,未获取到关联站台源对象,
node/9167905927,沙岭站,0,0,0,0,0,,not_available,未获取到关联站台源对象,
node/3204063661,沙市东站,0,0,0,0,0,,not_available,未获取到关联站台源对象,
node/3093367430,沙市南站,0,0,0,0,0,,not_available,未获取到关联站台源对象,
node/3092657244,沙市站,0,0,0,0,0,,not_available,未获取到关联站台源对象,
node/13406995994,沙布日特格站,0,0,0,0,0,,not_available,未获取到关联站台源对象,
node/3725766735,沙日乃站,0,0,0,0,0,,not_available,未获取到关联站台源对象,
node/3182658840,沙村站,0,0,0,0,0,,not_available,未获取到关联站台源对象,
node/9186758544,沙桥站,1,1,1,0,0,,not_available,源对象与显示一致，实际完整性未核验,way/792693879
node/9111268208,沙母巴站,0,0,0,0,0,,not_available,未获取到关联站台源对象,
node/459902486,沙江站,0,0,0,0,0,,not_available,未获取到关联站台源对象,
node/9125461464,沙沁他拉站,0,0,0,0,0,,not_available,未获取到关联站台源对象,
node/3685511904,沙沙圪台站,0,0,0,0,0,,not_available,未获取到关联站台源对象,
node/8323666527,沙沙坡站,0,0,0,0,0,,not_available,未获取到关联站台源对象,
node/8440165333,沙沟站,0,0,0,0,0,,not_available,未获取到关联站台源对象,
node/4663110023,沙沱站,0,0,0,0,0,,not_available,未获取到关联站台源对象,
node/9186758523,沙河东站,0,0,0,0,0,,not_available,未获取到关联站台源对象,
node/1659133907,沙河口站,12,12,12,0,0,,not_available,源对象与显示一致，实际完整性未核验,way/1116122118|way/1116122119|way/1116122121|way/1116122122|way/1116122123|way/1116200896|way/1116200904|way/1116200917|way/1116200919|way/1116200920|way/1116200921|way/1116705622
node/3019444569,沙河坎站,0,0,0,0,0,,not_available,未获取到关联站台源对象,
node/8015997051,沙河市站,2,2,2,0,0,,not_available,源对象与显示一致，实际完整性未核验,way/1068597352|way/1068597353
node/1366324235,沙河站,1,1,0,1,0,,not_available,来源含站台线，不能当作真实面,way/122214341
node/2616652562,沙河站,0,0,0,0,0,,not_available,未获取到关联站台源对象,
node/4615500866,沙河镇站,0,0,0,0,0,,not_available,未获取到关联站台源对象,
node/8454361478,沙河集站,0,0,0,0,0,,not_available,未获取到关联站台源对象,
node/2923490559,沙河驿镇站,1,1,1,0,0,,not_available,源对象与显示一致，实际完整性未核验,way/1094465148
node/7369068579,沙泉子北站,0,0,0,0,0,,not_available,未获取到关联站台源对象,
node/7369068581,沙泉子南站,0,0,0,0,0,,not_available,未获取到关联站台源对象,
node/7369068580,沙泉子站,0,0,0,0,0,,not_available,未获取到关联站台源对象,
node/9728708931,沙泉站,0,0,0,0,0,,not_available,未获取到关联站台源对象,
node/12330577788,沙洋港站,0,0,0,0,0,,not_available,未获取到关联站台源对象,
node/7740322579,沙洋站,0,0,0,0,0,,not_available,未获取到关联站台源对象,
node/10296460423,沙洋西站,0,0,0,0,0,,not_available,未获取到关联站台源对象,
node/1722109920,沙海站,0,0,0,0,0,,not_available,未获取到关联站台源对象,
node/10908191212,沙湖站,0,0,0,0,0,,not_available,未获取到关联站台源对象,
node/10284226399,沙湾南站,0,0,0,0,0,,not_available,未获取到关联站台源对象,
node/7371981474,沙湾市 ساۋان站,1,1,1,0,0,,not_available,源对象与显示一致，实际完整性未核验,way/888695198
node/1588514487,沙湾站,0,0,0,0,0,,not_available,未获取到关联站台源对象,
node/9307694647,沙湾站,0,0,0,0,0,,not_available,未获取到关联站台源对象,
node/1546239764,沙溪坝站,0,0,0,0,0,,not_available,未获取到关联站台源对象,
node/5130017201,沙琅站,0,0,0,0,0,,not_available,未获取到关联站台源对象,
node/9186758525,沙田镇站,0,0,0,0,0,,not_available,未获取到关联站台源对象,
node/4021619840,沙胡同站,0,0,0,0,0,,not_available,未获取到关联站台源对象,
node/9118904622,沙良站,0,0,0,0,0,,not_available,未获取到关联站台源对象,
node/13511477774,沙锅屯站,0,0,0,0,0,,not_available,未获取到关联站台源对象,
node/2092190076,沙马拉达站,1,1,1,0,0,,not_available,源对象与显示一致，实际完整性未核验,way/772958529
node/9223366427,沛县站,0,0,0,0,0,,not_available,未获取到关联站台源对象,
node/9223366426,沛屯站,0,0,0,0,0,,not_available,未获取到关联站台源对象,
node/1595854608,沟口站,3,3,0,3,0,,not_available,来源含站台线，不能当作真实面,way/541902161|way/1086401635|way/1161007177
node/1582507161,沟帮子站,3,3,3,0,0,,not_available,源对象与显示一致，实际完整性未核验,way/448262445|way/448262446|way/448262447
node/6164244049,沥林北站,2,2,2,0,0,,not_available,源对象与显示一致，实际完整性未核验,way/658280617|way/658280618
node/4021589656,沧北站,0,0,0,0,0,,not_available,未获取到关联站台源对象,
node/11297399794,沧州东站,0,0,0,0,0,,not_available,未获取到关联站台源对象,
node/8404270933,沧州北站,1,1,0,1,0,,not_available,来源含站台线，不能当作真实面,way/1230993100
node/12495257433,沧州站,3,3,3,0,0,,not_available,源对象与显示一致，实际完整性未核验,way/1050386075|way/1050386076|way/1050386099
node/8927836153,沧州西站,4,4,4,0,0,,not_available,源对象与显示一致，实际完整性未核验,way/460126923|way/460126924|way/460126925|way/460126926
node/8280728429,沧波门站,0,0,0,0,0,,not_available,未获取到关联站台源对象,
node/2912804740,沭埠岭站,0,0,0,0,0,,not_available,未获取到关联站台源对象,
node/1359421912,沭阳站,1,1,1,0,0,,not_available,源对象与显示一致，实际完整性未核验,way/1298800918
node/2637980508,沱沱河站,1,1,0,1,0,,not_available,来源含站台线，不能当作真实面,way/1535686717
node/5395459676,河下站,0,0,0,0,0,,not_available,未获取到关联站台源对象,
node/9307694650,河东机场,0,0,0,0,0,,not_available,未获取到关联站台源对象,
node/9076173200,河东里站,0,0,0,0,0,,not_available,未获取到关联站台源对象,
node/9069903395,河北农场,0,0,0,0,0,,not_available,未获取到关联站台源对象,
node/9265808492,河南村站,1,1,1,0,0,,not_available,源对象与显示一致，实际完整性未核验,way/1078735418
node/3684728552,河口北站,2,2,2,0,0,,not_available,源对象与显示一致，实际完整性未核验,way/370192285|way/370192287
node/6860465979,河口南站,2,2,0,2,0,,not_available,来源含站台线，不能当作真实面,way/459645038|way/732631836
node/3369785952,河口站,1,1,0,1,0,,not_available,来源含站台线，不能当作真实面,way/525675652
node/9251972101,河口站,0,0,0,0,0,,not_available,未获取到关联站台源对象,
node/8506602437,河口集站,0,0,0,0,0,,not_available,未获取到关联站台源对象,
node/1692209441,河唇站,2,2,2,0,0,,not_available,源对象与显示一致，实际完整性未核验,way/1178032817|way/1178032822
node/5711018313,河塱站,0,0,0,0,0,,not_available,未获取到关联站台源对象,
node/8320812742,河头站,0,0,0,0,0,,not_available,未获取到关联站台源对象,
node/9916401657,河市坝站,0,0,0,0,0,,not_available,未获取到关联站台源对象,
node/7875476426,河底站,2,2,2,0,0,,not_available,源对象与显示一致，实际完整性未核验,way/890653026|way/890653027
node/10925993082,河池西站,1,1,0,1,0,,not_available,来源含站台线，不能当作真实面,way/1239602970
node/2336082790,河汤沟站,0,0,0,0,0,,not_available,未获取到关联站台源对象,
node/8407464309,河沙镇站,1,1,1,0,0,,not_available,源对象与显示一致，实际完整性未核验,way/1115296988
node/8428675868,河洛营站,0,0,0,0,0,,not_available,未获取到关联站台源对象,
node/3625359690,河津站,0,0,0,0,0,,not_available,未获取到关联站台源对象,
node/7740322550,河津西站,0,0,0,0,0,,not_available,未获取到关联站台源对象,
node/9329167795,河源东站,2,2,2,0,0,,not_available,源对象与显示一致，实际完整性未核验,way/1080574665|way/1080574666
node/8270803977,河源北站,0,0,0,0,0,,not_available,未获取到关联站台源对象,
node/1908080931,河源站,2,2,2,0,0,,not_available,源对象与显示一致，实际完整性未核验,way/1264706423|way/1264706424
node/4722100989,河潭埠站,0,0,0,0,0,,not_available,未获取到关联站台源对象,
node/2838824240,河田站,0,0,0,0,0,,not_available,未获取到关联站台源对象,
node/12404403766,河西农场,0,0,0,0,0,,not_available,未获取到关联站台源对象,
node/4072805991,河西电厂站,0,0,0,0,0,,not_available,未获取到关联站台源对象,
node/4072805993,河西站,0,0,0,0,0,,not_available,未获取到关联站台源对象,
node/7369068582,河西站,0,0,0,0,0,,not_available,未获取到关联站台源对象,
node/1668749936,河边站,0,0,0,0,0,,not_available,未获取到关联站台源对象,
node/5711018802,河邦站,0,0,0,0,0,,not_available,未获取到关联站台源对象,
node/6101985312,河间站,1,1,1,0,0,,not_available,源对象与显示一致，实际完整性未核验,way/1233091110
node/2351141703,河间西站,3,3,3,0,0,,not_available,源对象与显示一致，实际完整性未核验,way/1080336003|way/1080336010|way/1080336011
node/8307755215,河阳站,0,0,0,0,0,,not_available,未获取到关联站台源对象,
node/3699748968,油坊坪站,0,0,0,0,0,,not_available,未获取到关联站台源对象,
node/2988923787,油墩街站,0,0,0,0,0,,not_available,未获取到关联站台源对象,
node/3026606075,油房沟站,1,1,0,1,0,,not_available,来源含站台线，不能当作真实面,way/699246542
node/8417601179,油河集站,0,0,0,0,0,,not_available,未获取到关联站台源对象,
node/1586701922,油溪站,1,1,0,1,0,,not_available,来源含站台线，不能当作真实面,way/629216396
node/7319313622,油砂山站,0,0,0,0,0,,not_available,未获取到关联站台源对象,
node/8858720445,油路站,0,0,0,0,0,,not_available,未获取到关联站台源对象,
node/1720956554,治安站,1,1,0,1,0,,not_available,来源含站台线，不能当作真实面,way/1481209750
node/3024685469,治江站,0,0,0,0,0,,not_available,未获取到关联站台源对象,
node/13042499812,沽源站,0,0,0,0,0,,not_available,未获取到关联站台源对象,
node/5109695769,沾化站,0,0,0,0,0,,not_available,未获取到关联站台源对象,
node/9254936107,沾化西站,0,0,0,0,0,,not_available,未获取到关联站台源对象,
node/7704075804,沾益站,2,2,2,0,0,,not_available,源对象与显示一致，实际完整性未核验,way/391136432|way/391136433
node/9513113920,沿寨站,0,0,0,0,0,,not_available,未获取到关联站台源对象,
node/12734050178,沿山站,0,0,0,0,0,,not_available,未获取到关联站台源对象,
node/7250091634,沿沟站,0,0,0,0,0,,not_available,未获取到关联站台源对象,
node/4014418189,沿河城站,1,1,1,0,0,,not_available,源对象与显示一致，实际完整性未核验,way/1075748312
node/3320624198,沿河城西站,1,1,0,1,0,,not_available,来源含站台线，不能当作真实面,way/1133847220
node/5278999839,沿滩站,2,2,0,2,0,,not_available,来源含站台线，不能当作真实面,way/1231309108|way/1231309109
node/3938893103,泉吉河站,0,0,0,0,0,,not_available,未获取到关联站台源对象,
node/8778390198,泉山站,0,0,0,0,0,,not_available,未获取到关联站台源对象,
node/7137144036,泉州东站,0,0,0,0,0,,not_available,未获取到关联站台源对象,
node/9207275771,泉州东站,2,2,2,0,0,,not_available,源对象与显示一致，实际完整性未核验,way/954841969|way/954841970
node/6117524159,泉州南站,3,3,3,0,0,,not_available,源对象与显示一致，实际完整性未核验,way/1331299494|way/1331299495|way/1337964549
node/1879551038,泉州站,5,5,5,0,0,,not_available,源对象与显示一致，实际完整性未核验,way/328910114|way/328910115|way/328910116|way/328910117|way/1291817456
node/12101074662,泉店煤矿站,0,0,0,0,0,,not_available,未获取到关联站台源对象,
node/8447641489,泉林站,2,2,2,0,0,,not_available,源对象与显示一致，实际完整性未核验,way/1379454714|way/1379454715
node/7217730860,泉江站,0,0,0,0,0,,not_available,未获取到关联站台源对象,
node/2340355357,泉沟站,0,0,0,0,0,,not_available,未获取到关联站台源对象,
node/11197080724,泉港站,0,0,0,0,0,,not_available,未获取到关联站台源对象,
node/9174163161,泉眼站,0,0,0,0,0,,not_available,未获取到关联站台源对象,
node/2156363605,泉阳站,0,0,0,0,0,,not_available,未获取到关联站台源对象,
node/9122624813,泊力格秋站,0,0,0,0,0,,not_available,未获取到关联站台源对象,
node/11297336768,泊头东站,0,0,0,0,0,,not_available,未获取到关联站台源对象,
node/6336645319,泊头站,4,4,4,0,0,,not_available,源对象与显示一致，实际完整性未核验,way/1050078986|way/1050078987|way/1050079026|way/1050079028
node/11297336737,泊头西站,0,0,0,0,0,,not_available,未获取到关联站台源对象,
node/6169941145,泊头镇站,0,0,0,0,0,,not_available,未获取到关联站台源对象,
node/9081737220,泊江海子站,0,0,0,0,0,,not_available,未获取到关联站台源对象,
node/9258877067,泊里站,0,0,0,0,0,,not_available,未获取到关联站台源对象,
node/1681825070,泔溪站,0,0,0,0,0,,not_available,未获取到关联站台源对象,
node/7706681132,法启站,0,0,0,0,0,,not_available,未获取到关联站台源对象,
node/9169253666,法库站,0,0,0,0,0,,not_available,未获取到关联站台源对象,
node/7694405554,泗亭站,1,1,1,0,0,,not_available,源对象与显示一致，实际完整性未核验,way/537694542
node/9694086113,泗县东站,0,0,0,0,0,,not_available,未获取到关联站台源对象,
node/9223366463,泗县站,1,1,1,0,0,,not_available,源对象与显示一致，实际完整性未核验,way/1311487680
node/8096978760,泗安站,0,0,0,0,0,,not_available,未获取到关联站台源对象,
node/5488665644,泗店站,0,0,0,0,0,,not_available,未获取到关联站台源对象,
node/9255881277,泗水南站,2,2,2,0,0,,not_available,源对象与显示一致，实际完整性未核验,way/705947158|way/705947159
node/1613210002,泗水站,1,1,1,0,0,,not_available,源对象与显示一致，实际完整性未核验,way/1393162585
node/9223366462,泗洪站,1,1,1,0,0,,not_available,源对象与显示一致，实际完整性未核验,way/1311409397
node/3483861809,泗阳站,3,3,3,0,0,,not_available,源对象与显示一致，实际完整性未核验,way/1034504902|way/1034505001|way/1034505002
node/1655741308,泡子站,1,1,0,1,0,,not_available,来源含站台线，不能当作真实面,way/1481765520
node/11626723127,波密东站,0,0,0,0,0,,not_available,未获取到关联站台源对象,
node/9900984535,波密站,2,2,0,2,0,,not_available,来源含站台线，不能当作真实面,way/1271749471|way/1271749475
node/8154580324,波寨站,0,0,0,0,0,,not_available,未获取到关联站台源对象,
node/8730206391,波洲站,0,0,0,0,0,,not_available,未获取到关联站台源对象,
node/9506868277,波罗赤站,0,0,0,0,0,,not_available,未获取到关联站台源对象,
node/8742127460,泥江口站,1,1,1,0,0,,not_available,源对象与显示一致，实际完整性未核验,way/972919566
node/5774489263,泥溪站,2,2,0,2,0,,not_available,来源含站台线，不能当作真实面,way/1446456117|way/1446456118
node/8724369777,泮春站,0,0,0,0,0,,not_available,未获取到关联站台源对象,
node/1665502213,泰兴站,0,0,0,0,0,,not_available,未获取到关联站台源对象,
node/2314116851,泰和站,3,3,3,0,0,,not_available,源对象与显示一致，实际完整性未核验,way/379367689|way/379367691|way/1012118759
node/2451367679,泰宁站,2,2,2,0,0,,not_available,源对象与显示一致，实际完整性未核验,way/381459080|way/381459081
node/12501009355,泰安东站,0,0,0,0,0,,not_available,未获取到关联站台源对象,
node/6844103016,泰安站,2,2,2,0,0,,not_available,源对象与显示一致，实际完整性未核验,way/1359969497|way/1359969498
node/8523165384,泰安镇站,0,0,0,0,0,,not_available,未获取到关联站台源对象,
node/272494359,泰山站,3,3,0,3,0,,not_available,来源含站台线，不能当作真实面,way/1040110836|way/1040110837|way/1040110838
node/11327619631,泰州南站,6,6,0,6,0,,not_available,来源含站台线，不能当作真实面,way/1482572914|way/1482572915|way/1482572916|way/1482572917|way/1482572918|way/1482572919
node/1608115664,泰州站,0,0,0,0,0,,not_available,未获取到关联站台源对象,
node/8523247382,泰州西站,0,0,0,0,0,,not_available,未获取到关联站台源对象,
node/2343120220,泰来站,2,2,0,2,0,,not_available,来源含站台线，不能当作真实面,way/1094078709|way/1094078710
node/8417536175,泰美站,0,0,0,0,0,,not_available,未获取到关联站台源对象,
node/9274358849,泰达站,0,0,0,0,0,,not_available,未获取到关联站台源对象,
node/9289413242,泸县站,2,2,0,2,0,,not_available,来源含站台线，不能当作真实面,way/1231308992|way/1231308993
node/9259816360,泸定站,0,0,0,0,0,,not_available,未获取到关联站台源对象,
node/10246926877,泸州东站,2,2,0,2,0,,not_available,来源含站台线，不能当作真实面,way/1295994719|way/1295994720
node/11341006568,泸州港区站,0,0,0,0,0,,not_available,未获取到关联站台源对象,
node/5948263049,泸州港站,0,0,0,0,0,,not_available,未获取到关联站台源对象,
node/9289413241,泸州站,5,5,0,5,0,,not_available,来源含站台线，不能当作真实面,way/915704291|way/915704292|way/915704293|way/915704295|way/1222704036
node/12247246973,泸州西站,1,1,0,1,0,,not_available,来源含站台线，不能当作真实面,way/1452669122
node/2432360304,泸江河站,1,1,1,0,0,,not_available,源对象与显示一致，实际完整性未核验,way/1503810919
node/8730192801,泸阳站,1,1,1,0,0,,not_available,源对象与显示一致，实际完整性未核验,way/1354572169
node/2370489952,泼河站,0,0,0,0,0,,not_available,未获取到关联站台源对象,
node/8383815590,泽城站,0,0,0,0,0,,not_available,未获取到关联站台源对象,
node/7365811219,泽普 پوسكام站,0,0,0,0,0,,not_available,未获取到关联站台源对象,
node/1758381778,泽润里站,0,0,0,0,0,,not_available,未获取到关联站台源对象,
node/9524548104,泾县站,2,2,2,0,0,,not_available,源对象与显示一致，实际完整性未核验,way/923074996|way/923074997
node/3640312753,泾川站,1,1,0,1,0,,not_available,来源含站台线，不能当作真实面,way/935139372
node/9738779363,泾明站,0,0,0,0,0,,not_available,未获取到关联站台源对象,
node/2956832935,泾河站,0,0,0,0,0,,not_available,未获取到关联站台源对象,
node/7252546306,洋丹仔站,0,0,0,0,0,,not_available,未获取到关联站台源对象,
node/1555369833,洋县站,2,2,0,2,0,,not_available,来源含站台线，不能当作真实面,way/1287058713|way/1287058714
node/3826011104,洋县西站,2,2,2,0,0,,not_available,源对象与显示一致，实际完整性未核验,way/1304018475|way/1304018476
node/4498380695,洋口站,0,0,0,0,0,,not_available,未获取到关联站台源对象,
node/6322614509,洋坊站,0,0,0,0,0,,not_available,未获取到关联站台源对象,
node/7252546320,洋庄站,0,0,0,0,0,,not_available,未获取到关联站台源对象,
node/7434402128,洋河口站,0,0,0,0,0,,not_available,未获取到关联站台源对象,
node/9223366460,洋河站,2,2,2,0,0,,not_available,源对象与显示一致，实际完整性未核验,way/424487899|way/424487900
node/8244168173,洋湖站,0,0,0,0,0,,not_available,未获取到关联站台源对象,
node/7781469273,洋田站,0,0,0,0,0,,not_available,未获取到关联站台源对象,
node/8858748359,洛东站,0,0,0,0,0,,not_available,未获取到关联站台源对象,
node/7113976647,洛埠站,2,2,0,2,0,,not_available,来源含站台线，不能当作真实面,way/761420570|way/761420577
node/7740322564,洛宁西站,0,0,0,0,0,,not_available,未获取到关联站台源对象,
node/8158566850,洛岗站,0,0,0,0,0,,not_available,未获取到关联站台源对象,
node/2958549709,洛川北站,0,0,0,0,0,,not_available,未获取到关联站台源对象,
node/11124438464,洛川站,0,0,0,0,0,,not_available,未获取到关联站台源对象,
node/2958549708,洛川西站,0,0,0,0,0,,not_available,未获取到关联站台源对象,
node/2498570898,洛市站,0,0,0,0,0,,not_available,未获取到关联站台源对象,
node/8200685040,洛浦 لوپ站,0,0,0,0,0,,not_available,未获取到关联站台源对象,
node/8200722747,洛浦东 شەرقىي لوپ站,0,0,0,0,0,,not_available,未获取到关联站台源对象,
node/5603764275,洛湾三江站,2,2,2,0,0,,not_available,源对象与显示一致，实际完整性未核验,way/1225798004|way/1225798005
node/4730506523,洛满站,0,0,0,0,0,,not_available,未获取到关联站台源对象,
node/13739142633,洛瓦寨站,0,0,0,0,0,,not_available,未获取到关联站台源对象,
node/5549291108,洛碛站,2,2,0,2,0,,not_available,来源含站台线，不能当作真实面,way/630353170|way/630353172
node/7704127889,洛羊镇站,0,0,0,0,0,,not_available,未获取到关联站台源对象,
node/2953808115,洛门站,1,1,0,1,0,,not_available,来源含站台线，不能当作真实面,way/739574842
node/6757299733,洛阳东站,2,2,2,0,0,,not_available,源对象与显示一致，实际完整性未核验,way/305415032|way/305415034
node/2987841408,洛阳北站,0,0,0,0,0,,not_available,未获取到关联站台源对象,
node/9292699677,洛阳村站,0,0,0,0,0,,not_available,未获取到关联站台源对象,
node/1577895082,洛阳站,4,4,4,0,0,,not_available,源对象与显示一致，实际完整性未核验,way/305248117|way/305248123|way/305248124|way/305248128
node/3006173724,洛阳西站,0,0,0,0,0,,not_available,未获取到关联站台源对象,
node/742649914,洛阳龙门站,3,3,3,0,0,,not_available,源对象与显示一致，实际完整性未核验,way/587990405|way/587991415|way/587991416
node/9900984438,洛隆站,0,0,0,0,0,,not_available,未获取到关联站台源对象,
node/3410043451,洞井站,0,0,0,0,0,,not_available,未获取到关联站台源对象,
node/5559277119,洞口站,2,2,2,0,0,,not_available,源对象与显示一致，实际完整性未核验,way/1293079880|way/1293079881
node/11835192798,洞噶（预留）,0,0,0,0,0,,not_available,未获取到关联站台源对象,
node/1607295748,洞子崖站,0,0,0,0,0,,not_available,未获取到关联站台源对象,
node/4017761230,洞庙河站,2,2,0,2,0,,not_available,来源含站台线，不能当作真实面,way/1112793146|way/1112793147
node/6322614506,洞源站,0,0,0,0,0,,not_available,未获取到关联站台源对象,
node/4076316484,洪善站,0,0,0,0,0,,not_available,未获取到关联站台源对象,
node/8858778483,洪塘站,0,0,0,0,0,,not_available,未获取到关联站台源对象,
node/8170642191,洪安乡站,0,0,0,0,0,,not_available,未获取到关联站台源对象,
node/9916401656,洪家嘴站,0,0,0,0,0,,not_available,未获取到关联站台源对象,
node/9269060412,洪家屯站,1,1,1,0,0,,not_available,源对象与显示一致，实际完整性未核验,way/1096789649
node/3486398437,洪山咀站,0,0,0,0,0,,not_available,未获取到关联站台源对象,
node/14101991519,洪山头站,0,0,0,0,0,,not_available,未获取到关联站台源对象,
node/8509141541,洪巷站,0,0,0,0,0,,not_available,未获取到关联站台源对象,
node/8575227169,洪德站,0,0,0,0,0,,not_available,未获取到关联站台源对象,
node/8398777856,洪掌站,1,1,1,0,0,,not_available,源对象与显示一致，实际完整性未核验,way/1124280090
node/11753220648,洪桥镇站,0,0,0,0,0,,not_available,未获取到关联站台源对象,
node/7063140880,洪梅站,0,0,0,0,0,,not_available,未获取到关联站台源对象,
node/2380167844,洪水站,0,0,0,0,0,,not_available,未获取到关联站台源对象,
node/8439759446,洪沟站,0,0,0,0,0,,not_available,未获取到关联站台源对象,
node/9129925023,洪河站,1,1,0,1,0,,not_available,来源含站台线，不能当作真实面,way/299799995
node/11335043700,洪泽站,0,0,0,0,0,,not_available,未获取到关联站台源对象,
node/3629306165,洪洞北站,0,0,0,0,0,,not_available,未获取到关联站台源对象,
node/10065913554,洪洞站,3,3,3,0,0,,not_available,源对象与显示一致，实际完整性未核验,way/1467190106|way/1467190107|way/1467190108
node/3012035857,洪洞西站,0,0,0,0,0,,not_available,未获取到关联站台源对象,
node/8432585744,洪洼站,0,0,0,0,0,,not_available,未获取到关联站台源对象,
node/8670636156,洪濑站,0,0,0,0,0,,not_available,未获取到关联站台源对象,
node/1267537762,洮南站,2,2,2,0,0,,not_available,源对象与显示一致，实际完整性未核验,way/771585539|way/771585541
node/9330198478,洲心站,2,2,2,0,0,,not_available,源对象与显示一致，实际完整性未核验,way/1346844245|way/1346844246
node/3155755318,活蚕沟站,0,0,0,0,0,,not_available,未获取到关联站台源对象,
node/9269060407,洼里站,2,2,2,0,0,,not_available,源对象与显示一致，实际完整性未核验,way/1100940424|way/1100940425
node/8740917221,流坪站,0,0,0,0,0,,not_available,未获取到关联站台源对象,
node/8858762547,流塘站,0,0,0,0,0,,not_available,未获取到关联站台源对象,
node/3949964991,流常站,0,0,0,0,0,,not_available,未获取到关联站台源对象,
node/3956103722,流水沟站,1,1,0,1,0,,not_available,来源含站台线，不能当作真实面,way/1033252236
node/8778438911,流泗站,0,0,0,0,0,,not_available,未获取到关联站台源对象,
node/14099372617,流溪站,2,2,2,0,0,,not_available,源对象与显示一致，实际完整性未核验,way/1550180506|way/1550180507
node/8407344606,浆水镇站,0,0,0,0,0,,not_available,未获取到关联站台源对象,
node/8379974597,测石站,0,0,0,0,0,,not_available,未获取到关联站台源对象,
node/9242869548,济三站,0,0,0,0,0,,not_available,未获取到关联站台源对象,
node/9242869549,济二站,0,0,0,0,0,,not_available,未获取到关联站台源对象,
node/6184527923,济南东站,13,13,13,0,0,,not_available,源对象与显示一致，实际完整性未核验,way/656519277|way/656519278|way/656519279|way/656519280|way/656519281|way/656519282|way/656519283|way/656519284|way/656519285|way/1302732606|way/1302732607|way/1302732608|way/1302732609
node/12501009352,济南南山站,0,0,0,0,0,,not_available,未获取到关联站台源对象,
node/5171146201,济南南站,3,3,3,0,0,,not_available,源对象与显示一致，实际完整性未核验,way/663672987|way/663672988|way/663672989
node/269797019,济南站,5,5,5,0,0,,not_available,源对象与显示一致，实际完整性未核验,way/1292903419|way/1292903420|way/1292903422|way/1292903423|way/1433317088
node/7733885005,济南西站,8,8,0,8,0,,not_available,来源含站台线，不能当作真实面,way/551772485|way/551772486|way/551772487|way/551772488|way/551772489|way/551772490|way/551772491|way/551772492
node/9354508777,济宁东站,2,2,2,0,0,,not_available,源对象与显示一致，实际完整性未核验,way/1378580637|way/1378580638
node/9354508778,济宁北站,3,3,3,0,0,,not_available,源对象与显示一致，实际完整性未核验,way/1378580611|way/1378580612|way/1378580613
node/808126191,济宁站,2,2,2,0,0,,not_available,源对象与显示一致，实际完整性未核验,way/1449295483|way/1449295484
node/1577895059,济源站,0,0,0,0,0,,not_available,未获取到关联站台源对象,
node/8438213461,济西站,0,0,0,0,0,,not_available,未获取到关联站台源对象,
node/12065906974,济阳站,0,0,0,0,0,,not_available,未获取到关联站台源对象,
node/7740242466,浏阳东站,0,0,0,0,0,,not_available,未获取到关联站台源对象,
node/3758440866,浏阳（废弃）,0,0,0,0,0,,not_available,未获取到关联站台源对象,
node/9047044390,浐灞站,0,0,0,0,0,,not_available,未获取到关联站台源对象,
node/1709833429,浒墅关站,0,0,0,0,0,,not_available,未获取到关联站台源对象,
node/9691561173,浠水南站,0,0,0,0,0,,not_available,未获取到关联站台源对象,
node/4268148332,浠水站,0,0,0,0,0,,not_available,未获取到关联站台源对象,
node/3362907993,浣溪站,0,0,0,0,0,,not_available,未获取到关联站台源对象,
node/7197220320,浦口南站,2,2,2,0,0,,not_available,源对象与显示一致，实际完整性未核验,way/1084417121|way/1084417122
way/1112675459,浦口新站,1,1,1,0,0,,not_available,源对象与显示一致，实际完整性未核验,way/1112675458
node/10258400668,浦口站,0,0,0,0,0,,not_available,未获取到关联站台源对象,
node/7252546297,浦后站,0,0,0,0,0,,not_available,未获取到关联站台源对象,
node/9302063145,浦江站,0,0,0,0,0,,not_available,未获取到关联站台源对象,
way/996053682,浦西调车场,0,0,0,0,0,,not_available,未获取到关联站台源对象,
node/10258402247,浦镇站,0,0,0,0,0,,not_available,未获取到关联站台源对象,
node/6905628116,浩勒报吉南站,0,0,0,0,0,,not_available,未获取到关联站台源对象,
node/3045739840,浩勒报吉站,2,2,2,0,0,,not_available,源对象与显示一致，实际完整性未核验,way/737568547|way/737568548
node/9137876523,浩良河站,2,2,0,2,0,,not_available,来源含站台线，不能当作真实面,way/1121662663|way/1121662664
node/7276651835,浩门站,0,0,0,0,0,,not_available,未获取到关联站台源对象,
node/3481416452,浪河站,0,0,0,0,0,,not_available,未获取到关联站台源对象,
node/986905691,浮图峪站,1,1,0,1,0,,not_available,来源含站台线，不能当作真实面,way/1149963299
node/7792920568,浮宫站,0,0,0,0,0,,not_available,未获取到关联站台源对象,
node/3182593159,浮屠街站,0,0,0,0,0,,not_available,未获取到关联站台源对象,
node/3629306800,浮山站,0,0,0,0,0,,not_available,未获取到关联站台源对象,
node/11237718201,浮梁东站,0,0,0,0,0,,not_available,未获取到关联站台源对象,
node/1675718434,浮梁站,0,0,0,0,0,,not_available,未获取到关联站台源对象,
node/8856679028,浮石站,0,0,0,0,0,,not_available,未获取到关联站台源对象,
node/2987101482,海东站,2,2,2,0,0,,not_available,源对象与显示一致，实际完整性未核验,way/376968303|way/376968304
node/3481030916,海东西站,0,0,0,0,0,,not_available,未获取到关联站台源对象,
node/553073423,海东镇站,0,0,0,0,0,,not_available,未获取到关联站台源对象,
node/2344167670,海伦站,2,2,0,2,0,,not_available,来源含站台线，不能当作真实面,way/1111042289|way/1111042290
node/9254936110,海兴南站,0,0,0,0,0,,not_available,未获取到关联站台源对象,
node/12066084834,海兴西站,0,0,0,0,0,,not_available,未获取到关联站台源对象,
node/7740376252,海则滩站,0,0,0,0,0,,not_available,未获取到关联站台源对象,
node/3685511908,海勒斯壕南站,0,0,0,0,0,,not_available,未获取到关联站台源对象,
node/3685511907,海勒斯壕站,0,0,0,0,0,,not_available,未获取到关联站台源对象,
node/2344167669,海北站,2,2,0,2,0,,not_available,来源含站台线，不能当作真实面,way/1168533936|way/1168533937
node/5926619448,海口东站,4,4,4,0,0,,not_available,源对象与显示一致，实际完整性未核验,way/1050880552|way/1050880553|way/1050880554|way/1050880555
node/5381139759,海口南站,0,0,0,0,0,,not_available,未获取到关联站台源对象,
node/12747885398,海口站,0,0,0,0,0,,not_available,未获取到关联站台源对象,
node/1720394412,海坨子站,0,0,0,0,0,,not_available,未获取到关联站台源对象,
node/2162861444,海城站,0,0,0,0,0,,not_available,未获取到关联站台源对象,
node/2747847515,海城西站,0,0,0,0,0,,not_available,未获取到关联站台源对象,
node/4052276001,海天站,1,1,0,1,0,,not_available,来源含站台线，不能当作真实面,way/378829096
node/9192805748,海头站,2,2,2,0,0,,not_available,源对象与显示一致，实际完整性未核验,way/1037044191|way/1037044192
node/9226690938,海孜矿站,0,0,0,0,0,,not_available,未获取到关联站台源对象,
node/9660934593,海宁站,2,2,2,0,0,,not_available,源对象与显示一致，实际完整性未核验,way/778732291|way/778732292
node/7160108923,海宁西站,2,2,2,0,0,,not_available,源对象与显示一致，实际完整性未核验,way/778737526|way/778737527
node/8440210940,海安南站,0,0,0,0,0,,not_available,未获取到关联站台源对象,
node/1608115665,海安站,5,5,5,0,0,,not_available,源对象与显示一致，实际完整性未核验,way/1152542303|way/1152542304|way/1152542305|way/1197743259|way/1197743260
node/4050153584,海州站,0,0,0,0,0,,not_available,未获取到关联站台源对象,
node/9072960142,海彦呼都格站,0,0,0,0,0,,not_available,未获取到关联站台源对象,
node/4517097848,海拉尔东站,2,2,0,2,0,,not_available,来源含站台线，不能当作真实面,way/455294590|way/455294591
node/9125461469,海拉尔南站,1,1,0,1,0,,not_available,来源含站台线，不能当作真实面,way/1092588375
node/9160197909,海拉尔站,3,3,0,3,0,,not_available,来源含站台线，不能当作真实面,way/1095191410|way/1095191411|way/1095191412
node/9122624802,海拉苏西站,0,0,0,0,0,,not_available,未获取到关联站台源对象,
node/351089233,海晏北站,1,1,1,0,0,,not_available,源对象与显示一致，实际完整性未核验,way/1529282053
node/7291883688,海晏站,0,0,0,0,0,,not_available,未获取到关联站台源对象,
node/9160197901,海林北站,2,2,2,0,0,,not_available,源对象与显示一致，实际完整性未核验,way/1085918898|way/1085918899
node/1603990125,海林站,2,2,0,2,0,,not_available,来源含站台线，不能当作真实面,way/602576100|way/602576101
node/8015997044,海棠寺站,1,1,1,0,0,,not_available,源对象与显示一致，实际完整性未核验,way/1447940884
node/1999297932,海棠站,0,0,0,0,0,,not_available,未获取到关联站台源对象,
node/9740079334,海棠谷站,0,0,0,0,0,,not_available,未获取到关联站台源对象,
node/7236131504,海沧站,0,0,0,0,0,,not_available,未获取到关联站台源对象,
node/4072951380,海流图站,1,1,1,0,0,,not_available,源对象与显示一致，实际完整性未核验,way/1281991093
node/1604842612,海浪站,2,2,0,2,0,,not_available,来源含站台线，不能当作真实面,way/1115522416|way/1115522417
node/3807901917,海湾站,1,1,1,0,0,,not_available,源对象与显示一致，实际完整性未核验,way/1342178671
node/9160197912,海满站,2,2,0,2,0,,not_available,来源含站台线，不能当作真实面,way/1095439391|way/1095439392
way/92295058,海濱 Waterfront站,0,0,0,0,0,2,osm_station_tags,未获取到关联站台源对象；源对象数量与标注或参考不一致，待核验,
node/12609689208,海盐西站,0,0,0,0,0,,not_available,未获取到关联站台源对象,
node/1674414939,海石湾站,2,2,0,2,0,,not_available,来源含站台线，不能当作真实面,way/450661343|way/450661344
node/11327619624,海门北站,0,0,0,0,0,,not_available,未获取到关联站台源对象,
node/7723064116,海门站,2,2,2,0,0,,not_available,源对象与显示一致，实际完整性未核验,way/1153334292|way/1153334293
node/4269503699,海阳北站,2,2,2,0,0,,not_available,源对象与显示一致，实际完整性未核验,way/1364919868|way/1364919869
node/11247677912,海阳站,0,0,0,0,0,,not_available,未获取到关联站台源对象,
node/9263223100,海阳站,0,0,0,0,0,,not_available,未获取到关联站台源对象,
node/4260941054,海龙站,0,0,0,0,0,,not_available,未获取到关联站台源对象,
node/2328405923,涉县站,2,2,2,0,0,,not_available,源对象与显示一致，实际完整性未核验,way/1122953738|way/1122953739
node/2502569331,涌山站,0,0,0,0,0,,not_available,未获取到关联站台源对象,
node/7235401600,涌溪站,0,0,0,0,0,,not_available,未获取到关联站台源对象,
node/8509723167,涓桥站,0,0,0,0,0,,not_available,未获取到关联站台源对象,
node/4022925837,涞水站,0,0,0,0,0,,not_available,未获取到关联站台源对象,
node/1984410973,涞源站,1,1,1,0,0,,not_available,源对象与显示一致，实际完整性未核验,way/1150216176
node/8517087075,涟水站,0,0,0,0,0,,not_available,未获取到关联站台源对象,
node/1571743512,涟源站,0,0,0,0,0,,not_available,未获取到关联站台源对象,
node/9226690953,涡北煤矿站,0,0,0,0,0,,not_available,未获取到关联站台源对象,
node/8506140192,涡阳站,2,2,2,0,0,,not_available,源对象与显示一致，实际完整性未核验,way/1300649316|way/1300649317
node/4039377619,涧池铺站,0,0,0,0,0,,not_available,未获取到关联站台源对象,
node/3499357609,涪陵北站,5,5,0,5,0,,not_available,来源含站台线，不能当作真实面,way/1241579692|way/1241579694|way/1241579695|way/1241579717|way/1241579719
node/1681825062,涪陵站,2,2,2,0,0,,not_available,源对象与显示一致，实际完整性未核验,way/1551323189|way/1551323190
node/5549294471,涪陵西站,0,0,0,0,0,,not_available,未获取到关联站台源对象,
node/9295307426,液化厂站,0,0,0,0,0,,not_available,未获取到关联站台源对象,
node/2501331412,涵江北站,0,0,0,0,0,,not_available,未获取到关联站台源对象,
node/7792857871,涵江站,0,0,0,0,0,,not_available,未获取到关联站台源对象,
node/2753104419,涿州东站,0,0,0,0,0,,not_available,未获取到关联站台源对象,
node/2329466304,涿州站,0,0,0,0,0,,not_available,未获取到关联站台源对象,
node/4019044329,涿鹿站,0,0,0,0,0,,not_available,未获取到关联站台源对象,
node/9255881284,淄博北站,3,3,3,0,0,,not_available,源对象与显示一致，实际完整性未核验,way/659926392|way/659926397|way/659926398
node/6216630894,淄博站,2,2,2,0,0,,not_available,源对象与显示一致，实际完整性未核验,way/1420318361|way/1420318362
node/12125759371,淄川南站,0,0,0,0,0,,not_available,未获取到关联站台源对象,
node/8463026934,淄川站,0,0,0,0,0,,not_available,未获取到关联站台源对象,
node/7740322571,淅川东站,0,0,0,0,0,,not_available,未获取到关联站台源对象,
node/8312461927,淇县站,0,0,0,0,0,,not_available,未获取到关联站台源对象,
node/7315354782,淌沟站,0,0,0,0,0,,not_available,未获取到关联站台源对象,
node/7369194523,淖毛湖东 شەرقىي نوم站,0,0,0,0,0,,not_available,未获取到关联站台源对象,
node/7369154303,淖毛湖站,0,0,0,0,0,,not_available,未获取到关联站台源对象,
node/7369194521,淖毛湖西站,0,0,0,0,0,,not_available,未获取到关联站台源对象,
node/7176602703,淡水桥站,0,0,0,0,0,,not_available,未获取到关联站台源对象,
node/8327422126,淦田站,0,0,0,0,0,,not_available,未获取到关联站台源对象,
node/3624924998,淮北北站,2,2,2,0,0,,not_available,源对象与显示一致，实际完整性未核验,way/1299616908|way/1299616909
node/8086787453,淮北站,3,3,3,0,0,,not_available,源对象与显示一致，实际完整性未核验,way/1299519434|way/1299519435|way/1299519447
node/11332278116,淮北西站,0,0,0,0,0,,not_available,未获取到关联站台源对象,
node/4530501190,淮南东站,2,2,0,2,0,,not_available,来源含站台线，不能当作真实面,way/456815291|way/456815292
node/7881542047,淮南南站,2,2,0,2,0,,not_available,来源含站台线，不能当作真实面,way/921818370|way/921818371
node/9226664101,淮南站,2,2,0,2,0,,not_available,来源含站台线，不能当作真实面,way/440164472|way/440164473
node/4526257630,淮南西站,0,0,0,0,0,,not_available,未获取到关联站台源对象,
node/7212021584,淮口南站,2,2,0,2,0,,not_available,来源含站台线，不能当作真实面,way/1470433139|way/1470433140
node/5291600147,淮口站,1,1,0,1,0,,not_available,来源含站台线，不能当作真实面,way/1426045263
node/1608116208,淮城站,0,0,0,0,0,,not_available,未获取到关联站台源对象,
node/4715013921,淮安东站,0,0,0,0,0,,not_available,未获取到关联站台源对象,
node/11382812442,淮安南站,2,2,2,0,0,,not_available,源对象与显示一致，实际完整性未核验,way/427373052|relation/15015524
node/1608116209,淮安站,2,2,2,0,0,,not_available,源对象与显示一致，实际完整性未核验,way/1298816731|way/1298816732
node/8485994570,淮源站,0,0,0,0,0,,not_available,未获取到关联站台源对象,
node/2370486194,淮滨站,2,2,0,2,0,,not_available,来源含站台线，不能当作真实面,way/687155279|way/687155295
node/9226690990,淮选站,0,0,0,0,0,,not_available,未获取到关联站台源对象,
node/11903900434,淮阳南站,0,0,0,0,0,,not_available,未获取到关联站台源对象,
node/2349656769,深井子站,2,2,2,0,0,,not_available,源对象与显示一致，实际完整性未核验,way/956475531|way/956475532
node/12756930949,深井站,2,2,2,0,0,,not_available,源对象与显示一致，实际完整性未核验,way/1467964970|way/1467964971
node/1942735574,深圳东站,4,4,4,0,0,4,osm_station_tags,源对象与显示一致，实际完整性未核验,way/469075427|way/469075428|way/469075429|way/469075430
node/5369745039,深圳北站,0,0,0,0,0,,not_available,未获取到关联站台源对象,
node/6708684808,深圳坪山站,4,4,4,0,0,,not_available,源对象与显示一致，实际完整性未核验,way/713515676|way/713515677|way/713515678|way/713515679
node/7056577706,深圳机场,4,4,2,2,0,,not_available,来源含站台线，不能当作真实面,way/1553660308|way/1553660309|way/728887994|way/728887995
node/7063253906,深圳机场北站,0,0,0,0,0,,not_available,未获取到关联站台源对象,
node/7097725032,深圳站,3,3,3,0,0,,not_available,源对象与显示一致，实际完整性未核验,way/1450978460|way/1450978461|way/1450978462
node/11296772800,深州东站,2,2,0,2,0,,not_available,来源含站台线，不能当作真实面,way/1548268249|way/1548268250
node/8419766774,深州站,2,2,2,0,0,,not_available,源对象与显示一致，实际完整性未核验,way/1081971808|way/1081971809
node/11187346227,深汕站,0,0,0,0,0,,not_available,未获取到关联站台源对象,
node/9121569870,混都冷站,0,0,0,0,0,,not_available,未获取到关联站台源对象,
node/9229648668,清凉寺站,0,0,0,0,0,,not_available,未获取到关联站台源对象,
node/2329491728,清凉店站,0,0,0,0,0,,not_available,未获取到关联站台源对象,
node/9176129494,清原站,2,2,2,0,0,,not_available,源对象与显示一致，实际完整性未核验,way/1365999501|way/1365999502
node/9198249301,清城站,4,4,4,0,0,,not_available,源对象与显示一致，实际完整性未核验,way/878544041|way/878544042|way/878544043|way/878544044
node/4074604854,清徐站,2,2,0,2,0,,not_available,来源含站台线，不能当作真实面,way/917485828|way/917485829
node/9123967450,清水井站,0,0,0,0,0,,not_available,未获取到关联站台源对象,
node/2987124106,清水北站,2,2,2,0,0,,not_available,源对象与显示一致，实际完整性未核验,way/1516018443|way/1516018444
node/3652362095,清水县站,0,0,0,0,0,,not_available,未获取到关联站台源对象,
node/7296224594,清水桥站,1,1,1,0,0,,not_available,源对象与显示一致，实际完整性未核验,way/676990999
node/4242361469,清水沟站,0,0,0,0,0,,not_available,未获取到关联站台源对象,
node/6318115610,清水河 چىڭسىخوزا站,0,0,0,0,0,,not_available,未获取到关联站台源对象,
node/4353474819,清水河东站,0,0,0,0,0,,not_available,未获取到关联站台源对象,
node/9081732761,清水河县站,0,0,0,0,0,,not_available,未获取到关联站台源对象,
node/6317462181,清水河西站,0,0,0,0,0,,not_available,未获取到关联站台源对象,
node/12404403774,清水泉站,0,0,0,0,0,,not_available,未获取到关联站台源对象,
node/2987122994,清水站,2,2,0,2,0,,not_available,来源含站台线，不能当作真实面,way/1466319339|way/1466319353
node/3589651631,清水营站,0,0,0,0,0,,not_available,未获取到关联站台源对象,
node/9097307499,清水西站,0,0,0,0,0,,not_available,未获取到关联站台源对象,
node/2351141706,清河城站,2,2,2,0,0,,not_available,源对象与显示一致，实际完整性未核验,way/571403696|way/1082895191
node/7116372190,清河站,4,4,0,4,0,,not_available,来源含站台线，不能当作真实面,way/1058434465|way/1058434466|way/1058434467|way/1058434468
node/9122624806,清河站,0,0,0,0,0,,not_available,未获取到关联站台源对象,
node/11296772790,清河西站,2,2,0,2,0,,not_available,来源含站台线，不能当作真实面,way/1548157403|way/1548157404
node/9171411678,清河门北站,0,0,0,0,0,,not_available,未获取到关联站台源对象,
node/6360386937,清河门站,0,0,0,0,0,,not_available,未获取到关联站台源对象,
node/3122063126,清油河站,0,0,0,0,0,,not_available,未获取到关联站台源对象,
node/2987130536,清泉南站,0,0,0,0,0,,not_available,未获取到关联站台源对象,
node/9524436493,清泉集站,0,0,0,0,0,,not_available,未获取到关联站台源对象,
node/9327370175,清流场,0,0,0,0,0,,not_available,未获取到关联站台源对象,
node/7780346114,清流站,0,0,0,0,0,,not_available,未获取到关联站台源对象,
node/12520800001,清涧北站,0,0,0,0,0,,not_available,未获取到关联站台源对象,
node/3029484273,清涧县站,0,0,0,0,0,,not_available,未获取到关联站台源对象,
node/3860616576,清涧站,0,0,0,0,0,,not_available,未获取到关联站台源对象,
node/9202090140,清潭站,0,0,0,0,0,,not_available,未获取到关联站台源对象,
node/8401357506,清远站,2,2,2,0,0,,not_available,源对象与显示一致，实际完整性未核验,way/374813660|way/510479826
node/8317988348,清镇站,0,0,0,0,0,,not_available,未获取到关联站台源对象,
node/8204698626,清镇西站,0,0,0,0,0,,not_available,未获取到关联站台源对象,
node/5444416443,清风店站,2,2,2,0,0,,not_available,源对象与显示一致，实际完整性未核验,way/1073971760|way/1073971761
node/8327421979,渌口站,0,0,0,0,0,,not_available,未获取到关联站台源对象,
node/742843780,渑池南站,2,2,0,2,0,,not_available,来源含站台线，不能当作真实面,way/968210797|way/968210798
node/3006156365,渑池站,0,0,0,0,0,,not_available,未获取到关联站台源对象,
node/8336958359,渔坝村站,0,0,0,0,0,,not_available,未获取到关联站台源对象,
node/5175887684,渔溪站,0,0,0,0,0,,not_available,未获取到关联站台源对象,
node/11067492109,渠县北站,0,0,0,0,0,,not_available,未获取到关联站台源对象,
node/1586077432,渠县站,0,0,0,0,0,,not_available,未获取到关联站台源对象,
node/9118892099,渠口堡站,0,0,0,0,0,,not_available,未获取到关联站台源对象,
node/10241525403,渠旧南站,0,0,0,0,0,,not_available,未获取到关联站台源对象,
node/1577103532,渠旧站,0,0,0,0,0,,not_available,未获取到关联站台源对象,
node/12714048661,渠江站,2,2,2,0,0,,not_available,源对象与显示一致，实际完整性未核验,way/1326092461|way/1326092462
node/1577103533,渠黎站,2,2,0,2,0,,not_available,来源含站台线，不能当作真实面,way/919682097|way/919682098
node/5232371900,渡口站,0,0,0,0,0,,not_available,未获取到关联站台源对象,
node/5485793772,渡坦坪站,0,0,0,0,0,,not_available,未获取到关联站台源对象,
node/1586077383,渡市站,0,0,0,0,0,,not_available,未获取到关联站台源对象,
node/8318985892,渡船寨站,0,0,0,0,0,,not_available,未获取到关联站台源对象,
node/9259607255,渤海东站,0,0,0,0,0,,not_available,未获取到关联站台源对象,
node/4021619864,渤海新区站,0,0,0,0,0,,not_available,未获取到关联站台源对象,
node/7919565711,渤海站,0,0,0,0,0,,not_available,未获取到关联站台源对象,
node/9259607256,渤海西站,0,0,0,0,0,,not_available,未获取到关联站台源对象,
node/2279178858,温家圳站,0,0,0,0,0,,not_available,未获取到关联站台源对象,
node/8157053044,温家店站,0,0,0,0,0,,not_available,未获取到关联站台源对象,
node/7714110154,温岭站,4,4,4,0,0,,not_available,源对象与显示一致，实际完整性未核验,way/576956632|way/576956634|way/1092015461|way/1092015462
node/13506799194,温岭西站,0,0,0,0,0,,not_available,未获取到关联站台源对象,
node/12926120990,温州东站,0,0,0,0,0,,not_available,未获取到关联站台源对象,
node/7714110150,温州北站,5,5,5,0,0,,not_available,源对象与显示一致，实际完整性未核验,way/1267872941|way/1267872942|way/1267872948|way/1267872951|way/1267872953
node/7693453988,温州南站,6,6,6,0,0,,not_available,源对象与显示一致，实际完整性未核验,way/372785901|way/372785902|way/372785903|way/372785904|way/1435930668|way/1435930669
node/7699195680,温州站,4,4,4,0,0,,not_available,源对象与显示一致，实际完整性未核验,way/461115289|way/461115290|way/461115291|way/461115292
node/5144874444,温州西站,0,0,0,0,0,,not_available,未获取到关联站台源对象,
node/9069903404,温德日站,0,0,0,0,0,,not_available,未获取到关联站台源对象,
node/1604842622,温春站,0,0,0,0,0,,not_available,未获取到关联站台源对象,
node/9125461475,温根托海站,1,1,0,1,0,,not_available,来源含站台线，不能当作真实面,way/1125654094
node/6419220951,温江站,2,2,2,0,0,,not_available,源对象与显示一致，实际完整性未核验,way/1191350351|way/1191350352
node/2349633685,温泉寺站,0,0,0,0,0,,not_available,未获取到关联站台源对象,
node/274366810,温泉站,0,0,0,0,0,,not_available,未获取到关联站台源对象,
node/7781481485,温郊站,0,0,0,0,0,,not_available,未获取到关联站台源对象,
node/9119790821,温都和硕站,0,0,0,0,0,,not_available,未获取到关联站台源对象,
node/4610089689,渭南北站,3,3,3,0,0,,not_available,源对象与显示一致，实际完整性未核验,way/466137077|way/466137112|way/1513386997
node/1530850987,渭南站,2,2,0,2,0,,not_available,来源含站台线，不能当作真实面,way/1043444046|way/1043444047
node/2928746355,渭南西站,2,2,2,0,0,,not_available,源对象与显示一致，实际完整性未核验,way/1234306576|way/1234306577
node/3650389613,渭南镇站,2,2,0,2,0,,not_available,来源含站台线，不能当作真实面,way/424306300|way/424306302
node/2999349668,渭城站,0,0,0,0,0,,not_available,未获取到关联站台源对象,
node/7212001155,渭沱站,0,0,0,0,0,,not_available,未获取到关联站台源对象,
node/2327447500,渭津站,0,0,0,0,0,,not_available,未获取到关联站台源对象,
node/3945255057,渭源站,2,2,0,2,0,,not_available,来源含站台线，不能当作真实面,way/926143226|way/926143227
node/13333616439,港前站,0,0,0,0,0,,not_available,未获取到关联站台源对象,
node/9223366445,港前站,0,0,0,0,0,,not_available,未获取到关联站台源对象,
node/3084570169,港口站,0,0,0,0,0,,not_available,未获取到关联站台源对象,
node/4021619862,港口站,0,0,0,0,0,,not_available,未获取到关联站台源对象,
node/9295938752,港口站,0,0,0,0,0,,not_available,未获取到关联站台源对象,
node/1954781034,港口镇站,0,0,0,0,0,,not_available,未获取到关联站台源对象,
node/7141648245,湄池站,0,0,0,0,0,,not_available,未获取到关联站台源对象,
node/4615408262,湖东站,0,0,0,0,0,,not_available,未获取到关联站台源对象,
node/2381264576,湖口站,2,2,2,0,0,,not_available,源对象与显示一致，实际完整性未核验,way/1216040470|way/1216040471
node/1529879353,湖头站,0,0,0,0,0,,not_available,未获取到关联站台源对象,
node/8456966874,湖屯站,0,0,0,0,0,,not_available,未获取到关联站台源对象,
node/11384902252,湖州东站,0,0,0,0,0,,not_available,未获取到关联站台源对象,
node/9509731910,湖州南浔站,2,2,2,0,0,,not_available,源对象与显示一致，实际完整性未核验,way/1465715195|way/1465715196
node/7342299452,湖州站,0,0,0,0,0,,not_available,未获取到关联站台源对象,
node/7342408837,湖州西站,0,0,0,0,0,,not_available,未获取到关联站台源对象,
node/1676202775,湖沿站,0,0,0,0,0,,not_available,未获取到关联站台源对象,
node/8330381254,湖滨站,0,0,0,0,0,,not_available,未获取到关联站台源对象,
node/7625091629,湖潮东站,2,2,2,0,0,,not_available,源对象与显示一致，实际完整性未核验,way/1273355385|way/1273355386
node/2341894810,湖潮站,0,0,0,0,0,,not_available,未获取到关联站台源对象,
node/8345730521,湖田站,0,0,0,0,0,,not_available,未获取到关联站台源对象,
node/10120263994,湘乡站,0,0,0,0,0,,not_available,未获取到关联站台源对象,
node/13971713578,湘家荡站,0,0,0,0,0,,not_available,未获取到关联站台源对象,
node/3410043452,湘府路站,0,0,0,0,0,,not_available,未获取到关联站台源对象,
node/8738182815,湘泉站,0,0,0,0,0,,not_available,未获取到关联站台源对象,
node/8645251311,湘潭东站,0,0,0,0,0,,not_available,未获取到关联站台源对象,
node/2953763267,湘潭北站,3,3,3,0,0,,not_available,源对象与显示一致，实际完整性未核验,way/912960752|way/912960753|way/912960754
node/1579354024,湘潭站,5,5,5,0,0,,not_available,源对象与显示一致，实际完整性未核验,way/371991425|way/371991426|way/371991427|way/1456436241|way/1456436242
node/7167634627,湘红站,0,0,0,0,0,,not_available,未获取到关联站台源对象,
node/11626298791,湛江东站,0,0,0,0,0,,not_available,未获取到关联站台源对象,
node/9673791219,湛江北站,6,6,6,0,0,,not_available,源对象与显示一致，实际完整性未核验,way/1424625601|way/1424625602|way/1424625603|way/1424625604|way/1424625605|way/1424625606
node/9192069848,湛江港东站,0,0,0,0,0,,not_available,未获取到关联站台源对象,
node/8440210962,湛江站,3,3,3,0,0,,not_available,源对象与显示一致，实际完整性未核验,way/1051999374|way/1051999375|way/1051999376
node/7285032809,湛江西站,0,0,0,0,0,,not_available,未获取到关联站台源对象,
node/3688793545,湟源北站,0,0,0,0,0,,not_available,未获取到关联站台源对象,
node/3143360453,湟源站,0,0,0,0,0,,not_available,未获取到关联站台源对象,
node/2936895093,湾仔北站,0,0,0,0,0,2,osm_station_tags,未获取到关联站台源对象；源对象数量与标注或参考不一致，待核验,
node/9242148034,湾沚南站,2,2,2,0,0,,not_available,源对象与显示一致，实际完整性未核验,way/952310229|way/952310230
node/14130327829,湾沚站,2,2,0,2,0,,not_available,来源含站台线，不能当作真实面,way/1550485330|way/1550485331
node/1575631515,湾沟站,0,0,0,0,0,,not_available,未获取到关联站台源对象,
node/8440342285,湾边站,0,0,0,0,0,,not_available,未获取到关联站台源对象,
node/9223366430,湾集站,0,0,0,0,0,,not_available,未获取到关联站台源对象,
node/9740079331,湿地站,0,0,0,0,0,,not_available,未获取到关联站台源对象,
node/2953786996,溆浦南站,2,2,2,0,0,,not_available,源对象与显示一致，实际完整性未核验,way/1472936054|way/1472936055
node/5025277632,溆浦站,2,2,2,0,0,,not_available,源对象与显示一致，实际完整性未核验,way/1283322815|way/1283322816
node/8308266743,源潭站,0,0,0,0,0,,not_available,未获取到关联站台源对象,
node/9246201049,源迁站,1,1,1,0,0,,not_available,源对象与显示一致，实际完整性未核验,way/1362778981
node/2726898124,溧水站,2,2,2,0,0,,not_available,源对象与显示一致，实际完整性未核验,way/315835695|way/315835696
node/8485965947,溧河站,0,0,0,0,0,,not_available,未获取到关联站台源对象,
node/3411457487,溧阳站,13,13,0,13,0,,not_available,来源含站台线，不能当作真实面,way/754824791|way/754824792|way/754824793|way/754824794|way/754824795|way/754824796|way/754824797|way/754824798|way/754824799|way/754824800|way/754824801|way/754824802|way/754824816
node/7236126632,溪南坂站,1,1,1,0,0,,not_available,源对象与显示一致，实际完整性未核验,way/1274630490
node/11309716844,溪口站,0,0,0,0,0,,not_available,未获取到关联站台源对象,
node/5485793773,溪口镇站,0,0,0,0,0,,not_available,未获取到关联站台源对象,
node/1590462570,溪洞站,1,1,1,0,0,,not_available,源对象与显示一致，实际完整性未核验,way/1231887655
node/7272083221,溶口站,0,0,0,0,0,,not_available,未获取到关联站台源对象,
node/8454361479,滁州北站,3,3,0,3,0,,not_available,来源含站台线，不能当作真实面,way/478688693|way/478688694|way/478688695
node/7733885002,滁州站,3,3,1,2,0,,not_available,来源含站台线，不能当作真实面,way/972463870|way/478322091|way/478322092
node/2371670080,滑县南站,0,0,0,0,0,,not_available,未获取到关联站台源对象,
node/8745338480,滑浚站,0,0,0,0,0,,not_available,未获取到关联站台源对象,
node/9262897538,滕州东站,2,2,2,0,0,,not_available,源对象与显示一致，实际完整性未核验,way/425066792|way/425066795
node/8455171506,滕州站,2,2,2,0,0,,not_available,源对象与显示一致，实际完整性未核验,way/1281468328|way/1281468352
node/5175991194,滠口站,0,0,0,0,0,,not_available,未获取到关联站台源对象,
node/9262515447,满城站,1,1,1,0,0,,not_available,源对象与显示一致，实际完整性未核验,way/1077203369
node/9126260275,满归站,1,1,0,1,0,,not_available,来源含站台线，不能当作真实面,way/1086134280
node/9160197905,满洲里站,0,0,0,0,0,,not_available,未获取到关联站台源对象,
node/9072960167,满都拉站,0,0,0,0,0,,not_available,未获取到关联站台源对象,
node/2323335369,滥坝站,0,0,0,0,0,,not_available,未获取到关联站台源对象,
node/7783278483,滦南站,0,0,0,0,0,,not_available,未获取到关联站台源对象,
node/8431451882,滦县东站,2,2,2,0,0,,not_available,源对象与显示一致，实际完整性未核验,way/1094044147|way/1094044148
node/7781338009,滦县站,3,3,3,0,0,,not_available,源对象与显示一致，实际完整性未核验,way/606598640|way/606598643|way/606598645
node/3956223616,滦平东站,2,2,0,2,0,,not_available,来源含站台线，不能当作真实面,way/1033336286|way/1033336287
node/829690974,滦平站,2,2,0,2,0,,not_available,来源含站台线，不能当作真实面,way/1033555158|way/1033555160
node/4069797689,滦河沿站,1,1,0,1,0,,not_available,来源含站台线，不能当作真实面,way/1033470307
node/3956221481,滦河站,0,0,0,0,0,,not_available,未获取到关联站台源对象,
node/9276824793,滦河站,2,2,2,0,0,,not_available,源对象与显示一致，实际完整性未核验,way/606598666|way/606598667
node/9254936106,滨城站,0,0,0,0,0,,not_available,未获取到关联站台源对象,
node/5109697046,滨州东站,0,0,0,0,0,,not_available,未获取到关联站台源对象,
node/8244169152,滨州北站,0,0,0,0,0,,not_available,未获取到关联站台源对象,
node/8244259544,滨州大唐站,0,0,0,0,0,,not_available,未获取到关联站台源对象,
node/9075118249,滨州港站,0,0,0,0,0,,not_available,未获取到关联站台源对象,
node/4391676555,滨州站,2,2,2,0,0,,not_available,源对象与显示一致，实际完整性未核验,way/522810070|way/522810071
node/2333085938,滨江站,2,2,0,2,0,,not_available,来源含站台线，不能当作真实面,way/1268720270|way/1268720330
node/12066326518,滨海东站,0,0,0,0,0,,not_available,未获取到关联站台源对象,
node/9276824795,滨海北站,2,2,2,0,0,,not_available,源对象与显示一致，实际完整性未核验,way/1086789326|way/1086789327
node/12066294894,滨海南站,0,0,0,0,0,,not_available,未获取到关联站台源对象,
node/4050163561,滨海港站,0,0,0,0,0,,not_available,未获取到关联站台源对象,
node/3657675426,滨海站,3,3,3,0,0,,not_available,源对象与显示一致，实际完整性未核验,way/1366100934|way/1366100935|way/1366100936
node/3657675428,滨海西站,0,0,0,0,0,,not_available,未获取到关联站台源对象,
node/9489931778,滨湖站,0,0,0,0,0,,not_available,未获取到关联站台源对象,
node/8154570894,滩头湾站,0,0,0,0,0,,not_available,未获取到关联站台源对象,
node/5031582144,滩头站,1,1,1,0,0,,not_available,源对象与显示一致，实际完整性未核验,way/515134244
node/9176129502,滴台站,0,0,0,0,0,,not_available,未获取到关联站台源对象,
node/12500896206,滴水湖站,0,0,0,0,0,,not_available,未获取到关联站台源对象,
node/2351944582,滴流磴站,0,0,0,0,0,,not_available,未获取到关联站台源对象,
node/9137873811,滴道站,1,1,0,1,0,,not_available,来源含站台线，不能当作真实面,way/1119555439
node/14072867293,漂筏河站,0,0,0,0,0,,not_available,未获取到关联站台源对象,
node/7719104373,漓渚站,0,0,0,0,0,,not_available,未获取到关联站台源对象,
node/8363794855,漕河站,2,2,2,0,0,,not_available,源对象与显示一致，实际完整性未核验,way/1075743384|way/1075743385
node/7161813538,漕泾站,0,0,0,0,0,,not_available,未获取到关联站台源对象,
node/9129186254,漠河站,3,3,3,0,0,,not_available,源对象与显示一致，实际完整性未核验,way/1035368951|way/1035368952|way/1035368953
node/3003935030,漠西站,0,0,0,0,0,,not_available,未获取到关联站台源对象,
node/9916166802,漫川关站,2,2,0,2,0,,not_available,来源含站台线，不能当作真实面,way/1490215420|way/1490215421
node/274389775,漫水湾站,0,0,0,0,0,,not_available,未获取到关联站台源对象,
way/1173002887,漫水站,0,0,0,0,0,,not_available,未获取到关联站台源对象,
node/8398813632,漫流河站,2,2,2,0,0,,not_available,源对象与显示一致，实际完整性未核验,way/1124280111|way/1124280112
node/8041771716,漯河东站,0,0,0,0,0,,not_available,未获取到关联站台源对象,
node/8158566856,漯河南站,0,0,0,0,0,,not_available,未获取到关联站台源对象,
node/2504111813,漯河站,4,4,4,0,0,,not_available,源对象与显示一致，实际完整性未核验,way/543211326|way/543211327|way/543211328|way/543211329
node/8401357510,漯河西站,2,2,2,0,0,,not_available,源对象与显示一致，实际完整性未核验,way/1029939080|way/1029939081
node/8087439266,漳县站,2,2,0,2,0,,not_available,来源含站台线，不能当作真实面,way/1232415561|way/1232415562
node/5100559165,漳州东站,0,0,0,0,0,,not_available,未获取到关联站台源对象,
node/2386368110,漳州北站,0,0,0,0,0,,not_available,未获取到关联站台源对象,
node/5100559665,漳州站,1,1,1,0,0,,not_available,源对象与显示一致，实际完整性未核验,way/1363036196
node/1583788094,漳平站,0,0,0,0,0,,not_available,未获取到关联站台源对象,
node/4665343367,漳平西站,0,0,0,0,0,,not_available,未获取到关联站台源对象,
node/8568378624,漳河站,0,0,0,0,0,,not_available,未获取到关联站台源对象,
node/9258885993,漳浦站,0,0,0,0,0,,not_available,未获取到关联站台源对象,
node/7377472841,漳湾站,0,0,0,0,0,,not_available,未获取到关联站台源对象,
node/11757234792,漾南站,0,0,0,0,0,,not_available,未获取到关联站台源对象,
node/7245028949,漾头站,0,0,0,0,0,,not_available,未获取到关联站台源对象,
node/8341144774,漾濞站,0,0,0,0,0,,not_available,未获取到关联站台源对象,
node/6214088059,潍坊东站,0,0,0,0,0,,not_available,未获取到关联站台源对象,
node/6210230208,潍坊北站,0,0,0,0,0,,not_available,未获取到关联站台源对象,
node/8069259527,潍坊港站,0,0,0,0,0,,not_available,未获取到关联站台源对象,
node/6210210278,潍坊站,0,0,0,0,0,,not_available,未获取到关联站台源对象,
node/6210465086,潍坊西站,0,0,0,0,0,,not_available,未获取到关联站台源对象,
node/8015596086,潖江口站,0,0,0,0,0,,not_available,未获取到关联站台源对象,
node/9228775807,潘一东矿站,0,0,0,0,0,,not_available,未获取到关联站台源对象,
node/9228775814,潘一矿站,0,0,0,0,0,,not_available,未获取到关联站台源对象,
node/9228775816,潘三矿站,0,0,0,0,0,,not_available,未获取到关联站台源对象,
node/9228775809,潘二矿站,0,0,0,0,0,,not_available,未获取到关联站台源对象,
node/9228775813,潘北矿站,0,0,0,0,0,,not_available,未获取到关联站台源对象,
node/2974090018,潘坊站,0,0,0,0,0,,not_available,未获取到关联站台源对象,
node/4017721420,潘家店站,1,1,0,1,0,,not_available,来源含站台线，不能当作真实面,way/1115086384
node/8445607907,潘店站,0,0,0,0,0,,not_available,未获取到关联站台源对象,
node/6318134526,潘津站,0,0,0,0,0,,not_available,未获取到关联站台源对象,
node/9110874958,潘集寨站,0,0,0,0,0,,not_available,未获取到关联站台源对象,
node/5281757286,潘集站,1,1,0,1,0,,not_available,来源含站台线，不能当作真实面,way/546549035
node/9235207798,潘集选煤厂站,0,0,0,0,0,,not_available,未获取到关联站台源对象,
node/8498519355,潜山站,0,0,0,0,0,,not_available,未获取到关联站台源对象,
node/3738695871,潜江北站,0,0,0,0,0,,not_available,未获取到关联站台源对象,
node/3053778847,潜江站,2,2,2,0,0,,not_available,源对象与显示一致，实际完整性未核验,way/791987014|way/1141885025
node/8293150993,潞城乡站,0,0,0,0,0,,not_available,未获取到关联站台源对象,
node/2329166653,潞城站,1,1,1,0,0,,not_available,源对象与显示一致，实际完整性未核验,way/1124498328
node/10907101985,潞能站,0,0,0,0,0,,not_available,未获取到关联站台源对象,
node/12981921305,潢川北站,0,0,0,0,0,,not_available,未获取到关联站台源对象,
node/2370486196,潢川站,2,2,2,0,0,,not_available,源对象与显示一致，实际完整性未核验,way/841139596|way/841139598
node/12732987421,潭头站,0,0,0,0,0,,not_available,未获取到关联站台源对象,
node/9193526302,潭寮站,0,0,0,0,0,,not_available,未获取到关联站台源对象,
node/2279183015,潭岗站,0,0,0,0,0,,not_available,未获取到关联站台源对象,
node/9193526298,潭水站,0,0,0,0,0,,not_available,未获取到关联站台源对象,
node/10554312381,潮南站,0,0,0,0,0,,not_available,未获取到关联站台源对象,
node/5878389518,潮安站,0,0,0,0,0,,not_available,未获取到关联站台源对象,
node/5610619680,潮州站,1,1,1,0,0,,not_available,源对象与显示一致，实际完整性未核验,way/587359872
node/9129186244,潮水站,0,0,0,0,0,,not_available,未获取到关联站台源对象,
node/5951170198,潮汕站,4,4,4,0,0,,not_available,源对象与显示一致，实际完整性未核验,way/571602674|way/571602675|way/571602677|way/571602680
node/2832361211,潮阳站,0,0,0,0,0,,not_available,未获取到关联站台源对象,
node/2940217737,潼关站,2,2,2,0,0,,not_available,源对象与显示一致，实际完整性未核验,way/1235996777|way/1235996778
node/4970347697,潼南站,1,1,0,1,0,,not_available,来源含站台线，不能当作真实面,way/530772100
node/3204579638,澄城站,0,0,0,0,0,,not_available,未获取到关联站台源对象,
node/7638983874,澄迈站,0,0,0,0,0,,not_available,未获取到关联站台源对象,
node/2492511750,澧县北站,0,0,0,0,0,,not_available,未获取到关联站台源对象,
node/13267095690,澧县站,0,0,0,0,0,,not_available,未获取到关联站台源对象,
node/3624925005,濉溪站,0,0,0,0,0,,not_available,未获取到关联站台源对象,
node/1577103508,濑湍站,0,0,0,0,0,,not_available,未获取到关联站台源对象,
node/9320122082,濮城站,0,0,0,0,0,,not_available,未获取到关联站台源对象,
node/9240662213,濮阳东站,0,0,0,0,0,,not_available,未获取到关联站台源对象,
node/9322545567,濮阳站,0,0,0,0,0,,not_available,未获取到关联站台源对象,
node/10120263939,濮阳西站,0,0,0,0,0,,not_available,未获取到关联站台源对象,
node/8599205472,濯港站,0,0,0,0,0,,not_available,未获取到关联站台源对象,
node/5023697012,瀼河站,0,0,0,0,0,,not_available,未获取到关联站台源对象,
node/4050155033,灌云东站,0,0,0,0,0,,not_available,未获取到关联站台源对象,
node/8517238165,灌云站,0,0,0,0,0,,not_available,未获取到关联站台源对象,
node/8517087057,灌南站,0,0,0,0,0,,not_available,未获取到关联站台源对象,
node/9174163138,灌水站,0,0,0,0,0,,not_available,未获取到关联站台源对象,
node/2741208696,灞桥站,0,0,0,0,0,,not_available,未获取到关联站台源对象,
node/2940517347,灞源站,0,0,0,0,0,,not_available,未获取到关联站台源对象,
node/9899713911,火夹仲站,0,0,0,0,0,,not_available,未获取到关联站台源对象,
node/1590840565,火炬沟站,0,0,0,0,0,,not_available,未获取到关联站台源对象,
node/1783909023,火烧寨站,0,0,0,0,0,,not_available,未获取到关联站台源对象,
node/9524436499,火焰山站,0,0,0,0,0,,not_available,未获取到关联站台源对象,
node/9524436508,火石泉站,0,0,0,0,0,,not_available,未获取到关联站台源对象,
node/2349633625,火连寨站,0,0,0,0,0,,not_available,未获取到关联站台源对象,
node/8320612424,火铺站,0,0,0,0,0,,not_available,未获取到关联站台源对象,
node/2987531157,火龙岗站,0,0,0,0,0,,not_available,未获取到关联站台源对象,
node/9944202156,火龙沟站,0,0,0,0,0,,not_available,未获取到关联站台源对象,
node/3041104949,灯古站,0,0,0,0,0,,not_available,未获取到关联站台源对象,
node/9178344030,灯塔站,0,0,0,0,0,,not_available,未获取到关联站台源对象,
node/7217730129,灯芯桥站,0,0,0,0,0,,not_available,未获取到关联站台源对象,
node/10536348992,灰埠站,2,2,2,0,0,,not_available,源对象与显示一致，实际完整性未核验,way/1421272823|way/1421272824
node/8742247570,灰山港站,1,1,1,0,0,,not_available,源对象与显示一致，实际完整性未核验,way/971716562
node/9072960156,灰腾梁站,0,0,0,0,0,,not_available,未获取到关联站台源对象,
node/1984410980,灵丘站,1,1,1,0,0,,not_available,源对象与显示一致，实际完整性未核验,way/1151037427
node/4582667347,灵乡站,0,0,0,0,0,,not_available,未获取到关联站台源对象,
node/8093975738,灵井站,0,0,0,0,0,,not_available,未获取到关联站台源对象,
node/8172983656,灵仙庙站,0,0,0,0,0,,not_available,未获取到关联站台源对象,
node/7740322563,灵宝东站,2,2,0,2,0,,not_available,来源含站台线，不能当作真实面,way/930381734|way/930381735
node/2940283499,灵宝站,1,1,1,0,0,,not_available,源对象与显示一致，实际完整性未核验,way/1552042197
node/7238008797,灵宝西站,0,0,0,0,0,,not_available,未获取到关联站台源对象,
node/1630423910,灵寿站,0,0,0,0,0,,not_available,未获取到关联站台源对象,
node/2349464752,灵山站,0,0,0,0,0,,not_available,未获取到关联站台源对象,
node/8154570916,灵川站,0,0,0,0,0,,not_available,未获取到关联站台源对象,
node/8293700343,灵杰站,0,0,0,0,0,,not_available,未获取到关联站台源对象,
node/9307694649,灵武北站,0,0,0,0,0,,not_available,未获取到关联站台源对象,
node/4071295751,灵武站,0,0,0,0,0,,not_available,未获取到关联站台源对象,
node/3003935032,灵源站,0,0,0,0,0,,not_available,未获取到关联站台源对象,
node/9223366464,灵璧站,0,0,0,0,0,,not_available,未获取到关联站台源对象,
node/3012063591,灵石东站,0,0,0,0,0,,not_available,未获取到关联站台源对象,
node/4076265640,灵石站,0,0,0,0,0,,not_available,未获取到关联站台源对象,
node/12404403772,灶火西站,0,0,0,0,0,,not_available,未获取到关联站台源对象,
node/4341556670,炉桥站,0,0,0,0,0,,not_available,未获取到关联站台源对象,
node/7705058635,炎方站,0,0,0,0,0,,not_available,未获取到关联站台源对象,
node/3360858461,炎陵站,2,2,2,0,0,,not_available,源对象与显示一致，实际完整性未核验,way/456309312|way/456309313
node/5091458947,炒米店站,3,3,0,3,0,,not_available,来源含站台线，不能当作真实面,way/778850883|way/778850884|way/778850885
node/13742866627,炭步站,2,2,2,0,0,,not_available,源对象与显示一致，实际完整性未核验,way/1470808307|way/1470808308
node/8406270931,炮车站,1,1,0,1,0,,not_available,来源含站台线，不能当作真实面,way/1287490707
node/9081732757,点岱沟站,0,0,0,0,0,,not_available,未获取到关联站台源对象,
node/9081737218,点石沟站,0,0,0,0,0,,not_available,未获取到关联站台源对象,
node/1868603692,炼油厂（吉化）,0,0,0,0,0,,not_available,未获取到关联站台源对象,
node/3876267236,烔炀河站,0,0,0,0,0,,not_available,未获取到关联站台源对象,
node/4676485661,烟厂站,0,0,0,0,0,,not_available,未获取到关联站台源对象,
node/6176057504,烟台北站,0,0,0,0,0,,not_available,未获取到关联站台源对象,
node/3315767559,烟台南站,2,2,2,0,0,,not_available,源对象与显示一致，实际完整性未核验,way/1365536037|way/1365536038
node/582812869,烟台站,5,5,5,0,0,,not_available,源对象与显示一致，实际完整性未核验,way/1365673176|way/1365673182|way/1365673206|way/1365673207|way/1365673222
node/6176058067,烟台西港站,0,0,0,0,0,,not_available,未获取到关联站台源对象,
node/8259765804,烟台西站,2,2,2,0,0,,not_available,源对象与显示一致，实际完整性未核验,way/1369819669|way/1369819670
node/3688880891,烟墩东站,0,0,0,0,0,,not_available,未获取到关联站台源对象,
node/7369567235,烟墩站,2,2,1,1,0,,not_available,来源含站台线，不能当作真实面,way/263017668|way/263017667
node/12714048662,烟溪站,2,2,2,0,0,,not_available,源对象与显示一致，实际完整性未核验,way/1326096076|way/1326096077
node/6352086335,烟筒屯站,2,2,0,2,0,,not_available,来源含站台线，不能当作真实面,way/1097271384|way/1097271385
node/1548856852,烟筒山站,0,0,0,0,0,,not_available,未获取到关联站台源对象,
node/7329144911,热当站,0,0,0,0,0,,not_available,未获取到关联站台源对象,
node/9123967443,热水泉站,0,0,0,0,0,,not_available,未获取到关联站台源对象,
node/9193526295,热水洞站,0,0,0,0,0,,not_available,未获取到关联站台源对象,
node/1720956504,热水站,0,0,0,0,0,,not_available,未获取到关联站台源对象,
node/14156675329,热电厂站,0,0,0,0,0,,not_available,未获取到关联站台源对象,
node/9087403302,热米站,0,0,0,0,0,,not_available,未获取到关联站台源对象,
node/7363504701,焉耆站,2,2,2,0,0,,not_available,源对象与显示一致，实际完整性未核验,way/982027002|way/982027003
node/7095306037,焦作东站,0,0,0,0,0,,not_available,未获取到关联站台源对象,
node/9320122093,焦作北站,0,0,0,0,0,,not_available,未获取到关联站台源对象,
node/1577895039,焦作站,5,5,5,0,0,,not_available,源对象与显示一致，实际完整性未核验,way/1071327821|way/1071327822|way/1071327827|way/1071327831|way/1071327832
node/8061296290,焦作西站,0,0,0,0,0,,not_available,未获取到关联站台源对象,
node/8378245802,焦庄站,0,0,0,0,0,,not_available,未获取到关联站台源对象,
node/8445785323,焦斌站,0,0,0,0,0,,not_available,未获取到关联站台源对象,
node/2940283476,焦村站,0,0,0,0,0,,not_available,未获取到关联站台源对象,
node/11626564952,然乌站,0,0,0,0,0,,not_available,未获取到关联站台源对象,
node/4072805994,煤制烯烃站,0,0,0,0,0,,not_available,未获取到关联站台源对象,
node/6410097106,煤山站,0,0,0,0,0,,not_available,未获取到关联站台源对象,
node/1595119248,煤田站,1,1,0,1,0,,not_available,来源含站台线，不能当作真实面,way/1117600130
node/9524436497,煤窑沟站,1,1,0,1,0,,not_available,来源含站台线，不能当作真实面,way/1467574223
node/2672692201,照东站,0,0,0,0,0,,not_available,未获取到关联站台源对象,
node/4498455799,照口站,0,0,0,0,0,,not_available,未获取到关联站台源对象,
node/7705012465,照福铺站,0,0,0,0,0,,not_available,未获取到关联站台源对象,
node/9178344022,熊岳城站,0,0,0,0,0,,not_available,未获取到关联站台源对象,
node/9118892114,燕子墩站,0,0,0,0,0,,not_available,未获取到关联站台源对象,
node/9282598413,燕子山站,0,0,0,0,0,,not_available,未获取到关联站台源对象,
node/4527867094,燕子洞站,0,0,0,0,0,,not_available,未获取到关联站台源对象,
node/1532826997,燕子砭站,0,0,0,0,0,,not_available,未获取到关联站台源对象,
node/3685511921,燕家塔站,0,0,0,0,0,,not_available,未获取到关联站台源对象,
node/9246201042,燕家庄站,0,0,0,0,0,,not_available,未获取到关联站台源对象,
node/1938418680,燕山站,1,1,1,0,0,,not_available,源对象与显示一致，实际完整性未核验,way/183466490
node/10651715615,燕岗南站,0,0,0,0,0,,not_available,未获取到关联站台源对象,
node/1588514519,燕岗站,0,0,0,0,0,,not_available,未获取到关联站台源对象,
node/9081732789,燕庄站,0,0,0,0,0,,not_available,未获取到关联站台源对象,
node/9330198479,燕湖站,2,2,2,0,0,,not_available,源对象与显示一致，实际完整性未核验,way/1311706032|way/1311706033
node/1828590344,燕落站,2,2,0,2,0,,not_available,来源含站台线，不能当作真实面,way/171889836|way/171889888
node/8431451892,燕郊站,4,4,0,4,0,,not_available,来源含站台线，不能当作真实面,way/240290174|way/240290175|way/240290176|way/1106459701
node/5397256695,爱河站,1,1,0,1,0,,not_available,来源含站台线，不能当作真实面,way/1093278866
node/9660934590,牌头站,0,0,0,0,0,,not_available,未获取到关联站台源对象,
node/8173131081,牌楼站,0,0,0,0,0,,not_available,未获取到关联站台源对象,
node/9126260266,牙克石站,2,2,0,2,0,,not_available,来源含站台线，不能当作真实面,way/1086113081|way/1086113082
node/12981824330,牙屯堡站,0,0,0,0,0,,not_available,未获取到关联站台源对象,
node/8318649532,牛场,0,0,0,0,0,,not_available,未获取到关联站台源对象,
node/1558444945,牛坪子站,0,0,0,0,0,,not_available,未获取到关联站台源对象,
node/4676485665,牛奶厂站,0,0,0,0,0,,not_available,未获取到关联站台源对象,
node/3156146729,牛家梁站,0,0,0,0,0,,not_available,未获取到关联站台源对象,
node/2503795707,牛家站,2,2,0,2,0,,not_available,来源含站台线，不能当作真实面,way/1162921413|way/1162921414
node/1721802919,牛家营子站,1,1,0,1,0,,not_available,来源含站台线，不能当作真实面,way/1459842289
node/9169258496,牛庄站,0,0,0,0,0,,not_available,未获取到关联站台源对象,
node/2349633632,牛心台站,0,0,0,0,0,,not_available,未获取到关联站台源对象,
node/8390613558,牛晶坪站,0,0,0,0,0,,not_available,未获取到关联站台源对象,
node/7805088031,牛栏山站,2,2,0,2,0,,not_available,来源含站台线，不能当作真实面,way/249714185|way/249714186
node/3589651597,牛毛井站,0,0,0,0,0,,not_available,未获取到关联站台源对象,
node/4507807331,牛河梁站,0,0,0,0,0,,not_available,未获取到关联站台源对象,
node/8429540526,牛王村站,0,0,0,0,0,,not_available,未获取到关联站台源对象,
node/10855604495,牛背梁站,0,0,0,0,0,,not_available,未获取到关联站台源对象,
node/7249740473,牛车河站,2,2,2,0,0,,not_available,源对象与显示一致，实际完整性未核验,way/1192379865|way/1192379866
node/9164484547,牛马司站,0,0,0,0,0,,not_available,未获取到关联站台源对象,
node/12401338765,牟山（在建）,0,0,0,0,0,,not_available,未获取到关联站台源对象,
node/3315768037,牟平站,2,2,2,0,0,,not_available,源对象与显示一致，实际完整性未核验,way/1366969405|way/1366969406
node/6012948016,牡丹文化广场,0,0,0,0,0,,not_available,未获取到关联站台源对象,
node/1603990218,牡丹江站,8,8,0,8,0,,not_available,来源含站台线，不能当作真实面,way/601045345|way/601045347|way/601045349|way/601045351|way/660067053|way/660067054|way/660067055|way/660067056
node/1595119272,牧原站,1,1,0,1,0,,not_available,来源含站台线，不能当作真实面,way/1117600108
node/8337345651,牧羊村站,0,0,0,0,0,,not_available,未获取到关联站台源对象,
node/9223366450,物流园站,0,0,0,0,0,,not_available,未获取到关联站台源对象,
node/8166673850,特克站,0,0,0,0,0,,not_available,未获取到关联站台源对象,
node/10943580004,特钢站,0,0,0,0,0,,not_available,未获取到关联站台源对象,
node/13407023430,特门乌拉站,0,0,0,0,0,,not_available,未获取到关联站台源对象,
node/3938893109,特门站,0,0,0,0,0,,not_available,未获取到关联站台源对象,
node/4072951316,特默特站,0,0,0,0,0,,not_available,未获取到关联站台源对象,
node/7780217729,犀浦东站,2,2,0,2,0,,not_available,来源含站台线，不能当作真实面,way/542926697|way/542926698
node/7951474426,犀浦站,0,0,0,0,0,,not_available,未获取到关联站台源对象,
node/7434696459,犍为站,0,0,0,0,0,,not_available,未获取到关联站台源对象,
node/2958019737,狄家河站,0,0,0,0,0,,not_available,未获取到关联站台源对象,
node/1914777846,狐狸井子站,0,0,0,0,0,,not_available,未获取到关联站台源对象,
node/10925473050,独山东站,0,0,0,0,0,,not_available,未获取到关联站台源对象,
node/7368652198,独山子站,0,0,0,0,0,,not_available,未获取到关联站台源对象,
node/4796143753,独山站,2,2,0,2,0,,not_available,来源含站台线，不能当作真实面,way/826548226|way/826548227
node/5340954221,独山镇站,0,0,0,0,0,,not_available,未获取到关联站台源对象,
node/2956832934,独李村站,0,0,0,0,0,,not_available,未获取到关联站台源对象,
node/8442192433,独流站,0,0,0,0,0,,not_available,未获取到关联站台源对象,
node/5382207414,独石站,0,0,0,0,0,,not_available,未获取到关联站台源对象,
node/1731938265,独立屯站,1,1,0,1,0,,not_available,来源含站台线，不能当作真实面,way/1112314609
node/12404403769,独立山站,0,0,0,0,0,,not_available,未获取到关联站台源对象,
node/2987471310,狮子山站,0,0,0,0,0,,not_available,未获取到关联站台源对象,
node/9081732812,狮子岭站,0,0,0,0,0,,not_available,未获取到关联站台源对象,
node/6741256807,狮子营站,0,0,0,0,0,,not_available,未获取到关联站台源对象,
node/6169134981,狮山北站,2,2,2,0,0,,not_available,源对象与显示一致，实际完整性未核验,way/658914485|way/658914486
node/9195330013,狮山站,2,2,2,0,0,,not_available,源对象与显示一致，实际完整性未核验,way/555067375|way/555067376
node/8166487690,狮岭站,2,2,2,0,0,,not_available,源对象与显示一致，实际完整性未核验,way/878535534|way/878535535
node/14064241891,狼尾山站,0,0,0,0,0,,not_available,未获取到关联站台源对象,
node/1810630880,狼尾山站,0,0,0,0,0,,not_available,未获取到关联站台源对象,
node/9509616898,狼山站,2,2,2,0,0,,not_available,源对象与显示一致，实际完整性未核验,way/322999910|way/551080230
node/9126260262,狼峰站,0,0,0,0,0,,not_available,未获取到关联站台源对象,
node/9118892087,狼抱水站,0,0,0,0,0,,not_available,未获取到关联站台源对象,
node/7777165765,狼窝铺站,3,3,3,0,0,,not_available,源对象与显示一致，实际完整性未核验,way/1088451735|way/1088451736|way/1088451737
node/1613271748,猛洞河站,0,0,0,0,0,,not_available,未获取到关联站台源对象,
node/2351943512,猴刎站,0,0,0,0,0,,not_available,未获取到关联站台源对象,
node/3956103744,猴山站,1,1,0,1,0,,not_available,来源含站台线，不能当作真实面,way/1033575033
node/1579354027,玉屏站,2,2,2,0,0,,not_available,源对象与显示一致，实际完整性未核验,way/1284588331|way/1284588332
node/4610047848,玉山南站,2,2,2,0,0,,not_available,源对象与显示一致，实际完整性未核验,way/373747283|way/373747284
node/2453820732,玉山站,0,0,0,0,0,,not_available,未获取到关联站台源对象,
node/8154841745,玉峰站,0,0,0,0,0,,not_available,未获取到关联站台源对象,
node/11626723113,玉普站,0,0,0,0,0,,not_available,未获取到关联站台源对象,
node/9189836493,玉林东站,1,1,1,0,0,,not_available,源对象与显示一致，实际完整性未核验,way/1470177108
node/11330687699,玉林北站,0,0,0,0,0,,not_available,未获取到关联站台源对象,
node/4545840846,玉林山站,0,0,0,0,0,,not_available,未获取到关联站台源对象,
node/1541942455,玉林站,3,3,3,0,0,,not_available,源对象与显示一致，实际完整性未核验,way/1164264294|way/1164264295|way/1164264296
node/8568523763,玉泉寺站,0,0,0,0,0,,not_available,未获取到关联站台源对象,
node/1603990313,玉泉站,2,2,0,2,0,,not_available,来源含站台线，不能当作真实面,way/1098866683|way/1098866684
node/9118892106,玉泉营站,0,0,0,0,0,,not_available,未获取到关联站台源对象,
node/8200737579,玉泉镇 يۈچۈەن بازىرى‎站,0,0,0,0,0,,not_available,未获取到关联站台源对象,
node/5429712253,玉洞站,0,0,0,0,0,,not_available,未获取到关联站台源对象,
node/12091626100,玉洪站,0,0,0,0,0,,not_available,未获取到关联站台源对象,
node/3695399272,玉溪南站,0,0,0,0,0,,not_available,未获取到关联站台源对象,
node/3695399273,玉溪站,5,5,0,5,0,,not_available,来源含站台线，不能当作真实面,way/942856377|way/942856381|way/942856387|way/942856390|way/942856392
node/13506807366,玉环站,0,0,0,0,0,,not_available,未获取到关联站台源对象,
node/7296170207,玉珠峰站,1,1,1,0,0,,not_available,源对象与显示一致，实际完整性未核验,way/1348666352
node/3972626316,玉田北站,0,0,0,0,0,,not_available,未获取到关联站台源对象,
node/6124510824,玉田南站,0,0,0,0,0,,not_available,未获取到关联站台源对象,
node/8431451889,玉田县站,2,2,2,0,0,,not_available,源对象与显示一致，实际完整性未核验,way/606340494|way/606340495
node/9123967442,玉皇站,0,0,0,0,0,,not_available,未获取到关联站台源对象,
node/9524455332,玉石站,0,0,0,0,0,,not_available,未获取到关联站台源对象,
node/3192432224,玉舍站,0,0,0,0,0,,not_available,未获取到关联站台源对象,
node/2632780789,玉门东站,1,1,1,0,0,,not_available,源对象与显示一致，实际完整性未核验,way/257814850
node/2635864153,玉门南站,0,0,0,0,0,,not_available,未获取到关联站台源对象,
node/7792095147,玉门沟站,0,0,0,0,0,,not_available,未获取到关联站台源对象,
node/1600348026,玉门站,4,4,4,0,0,,not_available,源对象与显示一致，实际完整性未核验,way/859912487|way/859912488|way/859912501|way/859912502
node/2333085949,王兆屯站,1,1,0,1,0,,not_available,来源含站台线，不能当作真实面,way/511257662
node/13434215146,王华站,0,0,0,0,0,,not_available,未获取到关联站台源对象,
node/1783909052,王团庄站,0,0,0,0,0,,not_available,未获取到关联站台源对象,
node/8182147877,王场,0,0,0,0,0,,not_available,未获取到关联站台源对象,
node/4976690843,王堂站,0,0,0,0,0,,not_available,未获取到关联站台源对象,
node/1984411008,王安镇站,3,3,3,0,0,,not_available,源对象与显示一致，实际完整性未核验,way/1143640010|way/1143640011|way/1143640012
node/13886813303,王官人屯站,0,0,0,0,0,,not_available,未获取到关联站台源对象,
node/4076525367,王家会站,0,0,0,0,0,,not_available,未获取到关联站台源对象,
node/3024668975,王家坎站,0,0,0,0,0,,not_available,未获取到关联站台源对象,
node/1681825156,王家坝站,0,0,0,0,0,,not_available,未获取到关联站台源对象,
node/4070978716,王家塔站,0,0,0,0,0,,not_available,未获取到关联站台源对象,
node/4587890202,王家寨站,0,0,0,0,0,,not_available,未获取到关联站台源对象,
node/3860616645,王家岭煤矿站,0,0,0,0,0,,not_available,未获取到关联站台源对象,
node/9705990118,王家排站,0,0,0,0,0,,not_available,未获取到关联站台源对象,
node/2372230119,王家沱站,0,0,0,0,0,,not_available,未获取到关联站台源对象,
node/12981658800,王家湾站,1,1,1,0,0,,not_available,源对象与显示一致，实际完整性未核验,way/413101504
node/9178344018,王家站,0,0,0,0,0,,not_available,未获取到关联站台源对象,
node/11147677811,王家营站,1,1,1,0,0,,not_available,源对象与显示一致，实际完整性未核验,way/1449668169
node/1534144161,王家营西站,0,0,0,0,0,,not_available,未获取到关联站台源对象,
node/12076326834,王家（滴道矿）,0,0,0,0,0,,not_available,未获取到关联站台源对象,
node/8417601182,王寨站,1,1,0,1,0,,not_available,来源含站台线，不能当作真实面,way/1353274643
node/2348271088,王岗站,2,2,0,2,0,,not_available,来源含站台线，不能当作真实面,way/723312352|way/1068450680
node/10885859823,王庄站,0,0,0,0,0,,not_available,未获取到关联站台源对象,
node/1577895134,王庄站,0,0,0,0,0,,not_available,未获取到关联站台源对象,
node/10885859899,王庄西站,0,0,0,0,0,,not_available,未获取到关联站台源对象,
node/2375041163,王府站,2,2,2,0,0,,not_available,源对象与显示一致，实际完整性未核验,way/1042375135|way/1042375136
node/5299448847,王木匠站,0,0,0,0,0,,not_available,未获取到关联站台源对象,
node/9251152704,王李站,0,0,0,0,0,,not_available,未获取到关联站台源对象,
node/2419166513,王村站,0,0,0,0,0,,not_available,未获取到关联站台源对象,
node/4677731669,王村站,0,0,0,0,0,,not_available,未获取到关联站台源对象,
node/2154670872,王杨站,2,2,0,2,0,,not_available,来源含站台线，不能当作真实面,way/1120546543|way/1120546544
node/8557003176,王树岗站,0,0,0,0,0,,not_available,未获取到关联站台源对象,
node/8417601177,王楼站,0,0,0,0,0,,not_available,未获取到关联站台源对象,
node/9111251376,王气站,0,0,0,0,0,,not_available,未获取到关联站台源对象,
node/12393725614,王泗镇（预留）,0,0,0,0,0,,not_available,未获取到关联站台源对象,
node/13815705025,王洼站,0,0,0,0,0,,not_available,未获取到关联站台源对象,
node/7553593020,王玉庄站,0,0,0,0,0,,not_available,未获取到关联站台源对象,
node/9081732731,王玉营站,0,0,0,0,0,,not_available,未获取到关联站台源对象,
node/2955851924,王益站,0,0,0,0,0,,not_available,未获取到关联站台源对象,
node/11134133622,王磨站,0,0,0,0,0,,not_available,未获取到关联站台源对象,
node/8259080178,王秦庄站,1,1,1,0,0,,not_available,源对象与显示一致，实际完整性未核验,way/1047468047
node/9512571939,王董堡站,1,1,1,0,0,,not_available,源对象与显示一致，实际完整性未核验,way/1499439444
node/3644691697,王里堡站,0,0,0,0,0,,not_available,未获取到关联站台源对象,
node/8502714450,王集村站,0,0,0,0,0,,not_available,未获取到关联站台源对象,
node/13639981760,王集站,0,0,0,0,0,,not_available,未获取到关联站台源对象,
node/7368677851,玛纳斯湖站,0,0,0,0,0,,not_available,未获取到关联站台源对象,
node/7372014523,玛纳斯站,2,2,2,0,0,,not_available,源对象与显示一致，实际完整性未核验,way/884171877|way/884171878
node/8204063701,玫瑰园站,0,0,0,0,0,,not_available,未获取到关联站台源对象,
node/3688803387,环仓站,0,0,0,0,0,,not_available,未获取到关联站台源对象,
node/8315153934,环县站,0,0,0,0,0,,not_available,未获取到关联站台源对象,
node/10925578497,环江站,0,0,0,0,0,,not_available,未获取到关联站台源对象,
node/7364331420,珍珠泉站,0,0,0,0,0,,not_available,未获取到关联站台源对象,
node/13428157147,珍珠门站,0,0,0,0,0,,not_available,未获取到关联站台源对象,
node/10313421895,珞璜东站,0,0,0,0,0,,not_available,未获取到关联站台源对象,
node/3695372229,珞璜南站,0,0,0,0,0,,not_available,未获取到关联站台源对象,
node/3191147592,珞璜站,0,0,0,0,0,,not_available,未获取到关联站台源对象,
node/3300212904,珠宝岗站,0,0,0,0,0,,not_available,未获取到关联站台源对象,
node/2456756724,珠山站,0,0,0,0,0,,not_available,未获取到关联站台源对象,
node/4131515019,珠恩嘎达布其站,0,0,0,0,0,,not_available,未获取到关联站台源对象,
node/3283374417,珠斯花站,0,0,0,0,0,,not_available,未获取到关联站台源对象,
node/7705058634,珠江源站,0,0,0,0,0,,not_available,未获取到关联站台源对象,
node/4676361104,珠江路站,1,1,1,0,0,,not_available,源对象与显示一致，实际完整性未核验,way/972087300
node/7710011717,珠海北站,0,0,0,0,0,,not_available,未获取到关联站台源对象,
node/11581097077,珠海机场,0,0,0,0,0,,not_available,未获取到关联站台源对象,
node/7710011713,珠海站,1,1,0,1,0,4,osm_station_tags,来源含站台线，不能当作真实面；源对象数量与标注或参考不一致，待核验,way/1377835914
node/6254779325,珠海西站,0,0,0,0,0,,not_available,未获取到关联站台源对象,
node/8401353562,珠海长隆站,0,0,0,0,0,2,osm_station_tags,未获取到关联站台源对象；源对象数量与标注或参考不一致，待核验,
node/11606949398,珠海鹤洲站,5,5,5,0,0,,not_available,源对象与显示一致，实际完整性未核验,way/1559353493|way/1559353494|way/1559353495|way/1559353496|way/1559353497
node/3797733202,珠玑巷站,0,0,0,0,0,,not_available,未获取到关联站台源对象,
node/6176057517,珠玑站,0,0,0,0,0,,not_available,未获取到关联站台源对象,
node/5208598915,珠琳站,2,2,0,2,0,,not_available,来源含站台线，不能当作真实面,way/538004698|way/538004700
node/12982640776,珠矶滩站,0,0,0,0,0,,not_available,未获取到关联站台源对象,
node/9265808483,珠窝东站,1,1,0,1,0,,not_available,来源含站台线，不能当作真实面,way/1133901107
node/9265808484,珠窝站,1,1,0,1,0,,not_available,来源含站台线，不能当作真实面,way/1133847157
node/12725718302,珠藏站,0,0,0,0,0,,not_available,未获取到关联站台源对象,
node/11115758257,班佑站,0,0,0,0,0,,not_available,未获取到关联站台源对象,
node/8334266955,班猫箐站,0,0,0,0,0,,not_available,未获取到关联站台源对象,
node/6545269239,珲春 훈춘站,2,2,2,0,0,,not_available,源对象与显示一致，实际完整性未核验,way/707645311|way/707645312
node/8704191229,珲春南 훈춘남站,2,2,2,0,0,,not_available,源对象与显示一致，实际完整性未核验,way/1505122775|way/1505122776
node/9171411663,珲春西站,0,0,0,0,0,,not_available,未获取到关联站台源对象,
node/8239658487,理合务站,0,0,0,0,0,,not_available,未获取到关联站台源对象,
node/9899716493,理塘站,0,0,0,0,0,,not_available,未获取到关联站台源对象,
node/8744501964,理家坪站,0,0,0,0,0,,not_available,未获取到关联站台源对象,
node/8382763904,琉璃河南站,1,1,1,0,0,,not_available,源对象与显示一致，实际完整性未核验,way/1077771081
node/8363785413,琉璃河站,3,3,3,0,0,,not_available,源对象与显示一致，实际完整性未核验,way/834360014|way/834360015|way/1077518158
node/1422773334,琚湾站,0,0,0,0,0,,not_available,未获取到关联站台源对象,
node/9980091036,琥市站,0,0,0,0,0,,not_available,未获取到关联站台源对象,
node/2509914529,琵琶湖站,0,0,0,0,0,,not_available,未获取到关联站台源对象,
node/12712336083,琶洲站,4,4,4,0,0,,not_available,源对象与显示一致，实际完整性未核验,way/1426269070|way/1426269071|way/1426269072|way/1426269073
node/7319353491,琼吐尔站,0,0,0,0,0,,not_available,未获取到关联站台源对象,
node/3921776006,琼海站,2,2,2,0,0,,not_available,源对象与显示一致，实际完整性未核验,way/1117898980|way/1117898981
node/12926120987,瑞安东站,0,0,0,0,0,,not_available,未获取到关联站台源对象,
node/7714110149,瑞安北站,0,0,0,0,0,,not_available,未获取到关联站台源对象,
node/7714110148,瑞安站,2,2,2,0,0,,not_available,源对象与显示一致，实际完整性未核验,way/1418337068|way/1418337069
node/7801529892,瑞山站,0,0,0,0,0,,not_available,未获取到关联站台源对象,
node/1769587484,瑞昌站,0,0,0,0,0,,not_available,未获取到关联站台源对象,
node/3438554349,瑞昌西站,2,2,2,0,0,,not_available,源对象与显示一致，实际完整性未核验,way/1068982667|way/1068982668
node/2837798894,瑞金站,4,4,4,0,0,,not_available,源对象与显示一致，实际完整性未核验,way/385140896|way/385140897|way/777489093|way/777489094
node/3739155293,瑶山站,0,0,0,0,0,,not_available,未获取到关联站台源对象,
node/2758338404,瑶曲站,0,0,0,0,0,,not_available,未获取到关联站台源对象,
node/3500459008,璧山站,0,0,0,0,0,,not_available,未获取到关联站台源对象,
node/1601166970,瓜州站,0,0,0,0,0,,not_available,未获取到关联站台源对象,
node/8508781149,瓜形站,0,0,0,0,0,,not_available,未获取到关联站台源对象,
node/9509616899,瓜房子站,0,0,0,0,0,,not_available,未获取到关联站台源对象,
node/9174531416,瓢儿屯站,1,1,1,0,0,,not_available,源对象与显示一致，实际完整性未核验,way/1467492762
node/582408200,瓦园站,0,0,0,0,0,,not_available,未获取到关联站台源对象,
node/7799682269,瓦塘站,0,0,0,0,0,,not_available,未获取到关联站台源对象,
node/2760645643,瓦屋山站,0,0,0,0,0,,not_available,未获取到关联站台源对象,
node/1660110953,瓦房店站,0,0,0,0,0,,not_available,未获取到关联站台源对象,
node/9179735859,瓦房店西站,0,0,0,0,0,,not_available,未获取到关联站台源对象,
node/9506868286,瓦房站,2,2,0,2,0,,not_available,来源含站台线，不能当作真实面,way/1481209735|way/1481209736
node/9129186258,瓦拉干站,1,1,0,1,0,,not_available,来源含站台线，不能当作真实面,way/1146667338
node/8204071009,瓦石峡站,0,0,0,0,0,,not_available,未获取到关联站台源对象,
node/2092190117,瓦祖站,1,1,1,0,0,,not_available,源对象与显示一致，实际完整性未核验,way/774892107
node/9111251395,瓦窑坝站,0,0,0,0,0,,not_available,未获取到关联站台源对象,
node/4072824069,瓦窑滩站,0,0,0,0,0,,not_available,未获取到关联站台源对象,
node/6306262843,瓦窑田站,0,0,0,0,0,,not_available,未获取到关联站台源对象,
node/8406270930,瓦窑站,0,0,0,0,0,,not_available,未获取到关联站台源对象,
node/12047789845,瓦西站,0,0,0,0,0,,not_available,未获取到关联站台源对象,
node/8318414311,瓮安站,0,0,0,0,0,,not_available,未获取到关联站台源对象,
node/7693453987,瓯海站,0,0,0,0,0,,not_available,未获取到关联站台源对象,
node/3685511918,瓷窑湾站,0,0,0,0,0,,not_available,未获取到关联站台源对象,
node/8756066322,甘井子站,0,0,0,0,0,,not_available,未获取到关联站台源对象,
node/3632342330,甘亭站,0,0,0,0,0,,not_available,未获取到关联站台源对象,
node/4072951317,甘其毛都站,1,1,1,0,0,,not_available,源对象与显示一致，实际完整性未核验,way/1115968292
node/11113402408,甘加站,0,0,0,0,0,,not_available,未获取到关联站台源对象,
node/1655741289,甘旗卡站,3,3,3,0,0,,not_available,源对象与显示一致，实际完整性未核验,way/1481757913|way/1481757914|way/1481757915
node/1675935499,甘棠站,0,0,0,0,0,,not_available,未获取到关联站台源对象,
node/12404403775,甘森湖站,0,0,0,0,0,,not_available,未获取到关联站台源对象,
node/7319313626,甘森站,0,0,0,0,0,,not_available,未获取到关联站台源对象,
node/12404403776,甘森西站,0,0,0,0,0,,not_available,未获取到关联站台源对象,
node/12901246296,甘河工业站,0,0,0,0,0,,not_available,未获取到关联站台源对象,
node/9126260258,甘河站,1,1,0,1,0,,not_available,来源含站台线，不能当作真实面,way/1125332605
node/3029246484,甘泉北站,2,2,2,0,0,,not_available,源对象与显示一致，实际完整性未核验,way/1328410826|way/1328410827
node/6296207743,甘泉堡站,0,0,0,0,0,,not_available,未获取到关联站台源对象,
node/1607295752,甘泉站,0,0,0,0,0,,not_available,未获取到关联站台源对象,
node/7702806061,甘洛南站,0,0,0,0,0,,not_available,未获取到关联站台源对象,
node/2092189953,甘洛站,0,0,0,0,0,,not_available,未获取到关联站台源对象,
node/12981658799,甘草店站,0,0,0,0,0,,not_available,未获取到关联站台源对象,
node/2953819421,甘谷站,2,2,0,2,0,,not_available,来源含站台线，不能当作真实面,way/435911299|way/435911300
node/6339864765,甘隆站,0,0,0,0,0,,not_available,未获取到关联站台源对象,
node/6308124702,甘霖站,0,0,0,0,0,,not_available,未获取到关联站台源对象,
node/3856526083,甘露山站,0,0,0,0,0,,not_available,未获取到关联站台源对象,
node/1507522976,甜水井站,0,0,0,0,0,,not_available,未获取到关联站台源对象,
node/8575228362,甜水堡站,2,2,0,2,0,,not_available,来源含站台线，不能当作真实面,way/923783884|way/923783885
node/9076173192,生地湾站,0,0,0,0,0,,not_available,未获取到关联站台源对象,
node/9638789774,生存岛站,0,0,0,0,0,,not_available,未获取到关联站台源对象,
node/2280772560,生米站,1,1,1,0,0,,not_available,源对象与显示一致，实际完整性未核验,way/285712203
node/2584265283,生芝渠站,0,0,0,0,0,,not_available,未获取到关联站台源对象,
node/4022925839,甫头站,0,0,0,0,0,,not_available,未获取到关联站台源对象,
node/7935632137,田丁寨站,0,0,0,0,0,,not_available,未获取到关联站台源对象,
node/8293209400,田丁站,0,0,0,0,0,,not_available,未获取到关联站台源对象,
node/4039429524,田东北站,0,0,0,0,0,,not_available,未获取到关联站台源对象,
node/9186758537,田东站,0,0,0,0,0,,not_available,未获取到关联站台源对象,
node/9761526410,田义屯站,1,1,0,1,0,,not_available,来源含站台线，不能当作真实面,way/1366004756
node/10649058855,田坝站,0,0,0,0,0,,not_available,未获取到关联站台源对象,
node/2758349364,田家咀站,0,0,0,0,0,,not_available,未获取到关联站台源对象,
node/12736178006,田家寨站,1,1,1,0,0,,not_available,源对象与显示一致，实际完整性未核验,way/542202071
node/9226664097,田家庵站,0,0,0,0,0,,not_available,未获取到关联站台源对象,
node/9166853488,田家站,0,0,0,0,0,,not_available,未获取到关联站台源对象,
node/8541577164,田市站,0,0,0,0,0,,not_available,未获取到关联站台源对象,
node/4507679121,田师府站,1,1,1,0,0,,not_available,源对象与显示一致，实际完整性未核验,way/1466667770
node/1793537386,田庄站,0,0,0,0,0,,not_available,未获取到关联站台源对象,
node/8095297276,田庄站,0,0,0,0,0,,not_available,未获取到关联站台源对象,
node/9274358858,田庄站,3,3,3,0,0,,not_available,源对象与显示一致，实际完整性未核验,way/1086973556|way/1086973557|way/1086973558
node/8480158176,田心东站,2,2,2,0,0,,not_available,源对象与显示一致，实际完整性未核验,way/912869760|way/912869761
node/4973838356,田心站,0,0,0,0,0,,not_available,未获取到关联站台源对象,
node/3671675759,田村站,0,0,0,0,0,,not_available,未获取到关联站台源对象,
node/8314461909,田林站,4,4,0,4,0,,not_available,来源含站台线，不能当作真实面,way/633088425|way/724216129|way/824178218|way/824178219
node/6240924033,田柳站,0,0,0,0,0,,not_available,未获取到关联站台源对象,
node/8323790616,田梁子站,0,0,0,0,0,,not_available,未获取到关联站台源对象,
node/4050159746,田楼站,0,0,0,0,0,,not_available,未获取到关联站台源对象,
node/8419766779,田水井站,0,0,0,0,0,,not_available,未获取到关联站台源对象,
node/7780346105,田源站,0,0,0,0,0,,not_available,未获取到关联站台源对象,
node/2726647402,田王站,0,0,0,0,0,,not_available,未获取到关联站台源对象,
node/3685465600,田盖素站,0,0,0,0,0,,not_available,未获取到关联站台源对象,
node/8272571815,田荣站,0,0,0,0,0,,not_available,未获取到关联站台源对象,
node/1568905666,田阳站,1,1,0,1,0,,not_available,来源含站台线，不能当作真实面,way/537655347
node/9242869569,田陈站,0,0,0,0,0,,not_available,未获取到关联站台源对象,
node/9235207801,田集电厂站,0,0,0,0,0,,not_available,未获取到关联站台源对象,
node/9228775815,田集站,0,0,0,0,0,,not_available,未获取到关联站台源对象,
node/9111251377,甲兰营站,0,0,0,0,0,,not_available,未获取到关联站台源对象,
node/5405983948,甲山站,2,2,2,0,0,,not_available,源对象与显示一致，实际完整性未核验,way/1159233682|way/1159233683
node/12091626117,甲搏站,0,0,0,0,0,,not_available,未获取到关联站台源对象,
node/11837753483,甲村（预留）,0,0,0,0,0,,not_available,未获取到关联站台源对象,
node/11835182621,甲格（预留）,0,0,0,0,0,,not_available,未获取到关联站台源对象,
node/8307828067,甲猫站,0,0,0,0,0,,not_available,未获取到关联站台源对象,
node/5503063618,甲竹站,0,0,0,0,0,,not_available,未获取到关联站台源对象,
node/7272083198,甲路站,0,0,0,0,0,,not_available,未获取到关联站台源对象,
node/8526665999,申亭站,0,0,0,0,0,,not_available,未获取到关联站台源对象,
node/2329802063,申家店站,1,1,0,1,0,,not_available,来源含站台线，不能当作真实面,way/1113017031
node/8198238224,申家沟站,0,0,0,0,0,,not_available,未获取到关联站台源对象,
node/8095297274,申楼站,0,0,0,0,0,,not_available,未获取到关联站台源对象,
node/8093975755,申西站,1,1,1,0,0,,not_available,源对象与显示一致，实际完整性未核验,way/1503599102
node/13506342943,电厂站,0,0,0,0,0,,not_available,未获取到关联站台源对象,
node/13508852350,电厂站,0,0,0,0,0,,not_available,未获取到关联站台源对象,
node/9242869551,电厂站,0,0,0,0,0,,not_available,未获取到关联站台源对象,
node/10302396545,电城站,0,0,0,0,0,,not_available,未获取到关联站台源对象,
node/9192805736,电白站,2,2,2,0,0,,not_available,源对象与显示一致，实际完整性未核验,way/970000887|way/970000888
node/4528283539,甸尾站,0,0,0,0,0,,not_available,未获取到关联站台源对象,
node/1758381620,甸心站,0,0,0,0,0,,not_available,未获取到关联站台源对象,
node/4527882369,甸苴坝站,0,0,0,0,0,,not_available,未获取到关联站台源对象,
node/1675935502,画桥站,0,0,0,0,0,,not_available,未获取到关联站台源对象,
node/2154670849,界山站,1,1,0,1,0,,not_available,来源含站台线，不能当作真实面,way/1120759204
node/9226690930,界沟矿站,0,0,0,0,0,,not_available,未获取到关联站台源对象,
node/8440117517,界河站,2,2,2,0,0,,not_available,源对象与显示一致，实际完整性未核验,way/1279014387|way/1281468375
node/9312908619,界牌集站,0,0,0,0,0,,not_available,未获取到关联站台源对象,
node/12739050370,界首南站,0,0,0,0,0,,not_available,未获取到关联站台源对象,
node/4772248243,界首市站,0,0,0,0,0,,not_available,未获取到关联站台源对象,
node/8455171500,界首站,1,1,1,0,0,,not_available,源对象与显示一致，实际完整性未核验,way/1229034866
node/8411605660,留守营站,3,3,3,0,0,,not_available,源对象与显示一致，实际完整性未核验,way/1093720611|way/1093720612|way/1093720613
node/6745913092,留庄站,0,0,0,0,0,,not_available,未获取到关联站台源对象,
node/4074614266,留誉站,0,0,0,0,0,,not_available,未获取到关联站台源对象,
node/2324653292,略阳站,1,1,0,1,0,,not_available,来源含站台线，不能当作真实面,way/970164315
node/8954286527,番禺站,6,6,6,0,0,,not_available,源对象与显示一致，实际完整性未核验,way/1308104477|way/1308104478|way/1308104479|way/1308104480|way/1497323405|way/1497323406
node/7707577737,畬江站,0,0,0,0,0,,not_available,未获取到关联站台源对象,
node/13061379939,畲江北站,2,2,2,0,0,,not_available,源对象与显示一致，实际完整性未核验,way/1265923625|way/1265923626
node/1600775333,疏勒河站,2,2,0,2,0,,not_available,来源含站台线，不能当作真实面,way/1525230852|way/1525230853
node/7365811224,疏勒站,0,0,0,0,0,,not_available,未获取到关联站台源对象,
node/1659252249,登沙河站,0,0,0,0,0,,not_available,未获取到关联站台源对象,
node/8173071072,登瀛崖站,0,0,0,0,0,,not_available,未获取到关联站台源对象,
node/4014501727,白乐站,0,0,0,0,0,,not_available,未获取到关联站台源对象,
node/3060364299,白云北站,2,2,2,0,0,,not_available,源对象与显示一致，实际完整性未核验,way/556575115|way/556575116
node/4740080195,白云机场东站,2,2,2,0,0,,not_available,源对象与显示一致，实际完整性未核验,way/1452953721|way/1452953722
node/9198249305,白云机场北站,2,2,2,0,0,,not_available,源对象与显示一致，实际完整性未核验,way/901492891|way/901492892
node/4740080193,白云机场南站,2,2,2,0,0,,not_available,源对象与显示一致，实际完整性未核验,way/1434060595|way/1434060596
node/12690215352,白云湖站,2,2,2,0,0,,not_available,源对象与显示一致，实际完整性未核验,way/1496145181|way/1496145182
node/9414290759,白云西站,1,1,1,0,0,,not_available,源对象与显示一致，实际完整性未核验,way/1225135821
node/9072960173,白云鄂博南站,0,0,0,0,0,,not_available,未获取到关联站台源对象,
node/2662698080,白云鄂博站,0,0,0,0,0,,not_available,未获取到关联站台源对象,
node/8742721984,白仓站,0,0,0,0,0,,not_available,未获取到关联站台源对象,
node/988059821,白加道 Barker Road站,0,0,0,0,0,,not_available,未获取到关联站台源对象,
node/9295305364,白勉峡站,0,0,0,0,0,,not_available,未获取到关联站台源对象,
node/1577894997,白合站,0,0,0,0,0,,not_available,未获取到关联站台源对象,
node/11909987360,白土岗站,0,0,0,0,0,,not_available,未获取到关联站台源对象,
node/9299765148,白土梁站,0,0,0,0,0,,not_available,未获取到关联站台源对象,
node/8154570889,白地市站,0,0,0,0,0,,not_available,未获取到关联站台源对象,
node/8163363240,白坪站,0,0,0,0,0,,not_available,未获取到关联站台源对象,
node/9125461496,白城北站,0,0,0,0,0,,not_available,未获取到关联站台源对象,
node/1730851478,白城站,4,4,4,0,0,,not_available,源对象与显示一致，实际完整性未核验,way/778651206|way/778651211|way/778651212|way/778651213
node/7279526245,白堆站,1,1,1,0,0,,not_available,源对象与显示一致，实际完整性未核验,way/582917825
node/8406222485,白塔埠站,0,0,0,0,0,,not_available,未获取到关联站台源对象,
node/9121997534,白塔子站,0,0,0,0,0,,not_available,未获取到关联站台源对象,
node/7706586838,白塔村站,1,1,1,0,0,,not_available,源对象与显示一致，实际完整性未核验,way/667702532
node/9509616896,白塔站,0,0,0,0,0,,not_available,未获取到关联站台源对象,
node/12718780476,白塔镇站,0,0,0,0,0,,not_available,未获取到关联站台源对象,
node/9007045690,白墩子站,0,0,0,0,0,,not_available,未获取到关联站台源对象,
node/2328374339,白壁关站,0,0,0,0,0,,not_available,未获取到关联站台源对象,
node/2662698055,白奎堡站,2,2,0,2,0,,not_available,来源含站台线，不能当作真实面,way/1110734668|way/1110734669
node/13882570038,白家庄站,0,0,0,0,0,,not_available,未获取到关联站台源对象,
node/8439739101,白家店站,0,0,0,0,0,,not_available,未获取到关联站台源对象,
node/10556364298,白山东站,2,2,2,0,0,,not_available,源对象与显示一致，实际完整性未核验,way/1347966624|way/1347966625
node/2662698063,白山乡站,2,2,0,2,0,,not_available,来源含站台线，不能当作真实面,way/1096706552|way/1096706553
node/12982917349,白山坪站,0,0,0,0,0,,not_available,未获取到关联站台源对象,
node/6270597083,白山市站,2,2,1,1,0,,not_available,来源含站台线，不能当作真实面,way/1071239322|way/1441925800
node/8154580332,白山站,0,0,0,0,0,,not_available,未获取到关联站台源对象,
node/14177579126,白岩站,0,0,0,0,0,,not_available,未获取到关联站台源对象,
node/5166295809,白岩站,0,0,0,0,0,,not_available,未获取到关联站台源对象,
node/8407393612,白岸站,0,0,0,0,0,,not_available,未获取到关联站台源对象,
node/9171411679,白市站,0,0,0,0,0,,not_available,未获取到关联站台源对象,
node/3500309897,白市驿站,0,0,0,0,0,,not_available,未获取到关联站台源对象,
node/7369068578,白干湖站,0,0,0,0,0,,not_available,未获取到关联站台源对象,
node/9274358851,白庄站,0,0,0,0,0,,not_available,未获取到关联站台源对象,
node/10754040954,白庙站,0,0,0,0,0,,not_available,未获取到关联站台源对象,
node/2662698071,白彦花站,0,0,0,0,0,,not_available,未获取到关联站台源对象,
node/12712693775,白彦花西站,0,0,0,0,0,,not_available,未获取到关联站台源对象,
node/4067925706,白文东站,0,0,0,0,0,,not_available,未获取到关联站台源对象,
node/4066589962,白文站,0,0,0,0,0,,not_available,未获取到关联站台源对象,
node/4069797691,白旗站,1,1,0,1,0,,not_available,来源含站台线，不能当作真实面,way/1033473028
node/2958239140,白村站,0,0,0,0,0,,not_available,未获取到关联站台源对象,
node/3499304147,白杨坪 (预留),0,0,0,0,0,,not_available,未获取到关联站台源对象,
node/6332802112,白杨河 تەرەكتى站,0,0,0,0,0,,not_available,未获取到关联站台源对象,
node/2302335322,白杨河站,0,0,0,0,0,,not_available,未获取到关联站台源对象,
node/3182599315,白杨畈站,0,0,0,0,0,,not_available,未获取到关联站台源对象,
node/10895837526,白果村站,1,1,0,1,0,,not_available,来源含站台线，不能当作真实面,way/1172690422
node/10914009270,白果站,0,0,0,0,0,,not_available,未获取到关联站台源对象,
node/2092189933,白果站,0,0,0,0,0,,not_available,未获取到关联站台源对象,
node/2662698051,白桦排站,1,1,0,1,0,,not_available,来源含站台线，不能当作真实面,way/1127463144
node/9166853442,白水井站,0,0,0,0,0,,not_available,未获取到关联站台源对象,
node/3204579685,白水县站,0,0,0,0,0,,not_available,未获取到关联站台源对象,
node/2373005111,白水江站,0,0,0,0,0,,not_available,未获取到关联站台源对象,
node/8320810075,白水河站,0,0,0,0,0,,not_available,未获取到关联站台源对象,
node/11490175236,白水站,0,0,0,0,0,,not_available,未获取到关联站台源对象,
node/8175902362,白水站,0,0,0,0,0,,not_available,未获取到关联站台源对象,
node/1759329282,白水镇站,0,0,0,0,0,,not_available,未获取到关联站台源对象,
node/9295636272,白沙北站,0,0,0,0,0,,not_available,未获取到关联站台源对象,
node/1964179109,白沙坡站,0,0,0,0,0,,not_available,未获取到关联站台源对象,
node/8073510158,白沙洲站,0,0,0,0,0,,not_available,未获取到关联站台源对象,
node/1586701862,白沙站,0,0,0,0,0,,not_available,未获取到关联站台源对象,
node/4040273119,白沙铺站,2,2,2,0,0,,not_available,源对象与显示一致，实际完整性未核验,way/1068908681|way/1068908682
node/13374222463,白沙镇站,0,0,0,0,0,,not_available,未获取到关联站台源对象,
node/7252546294,白沙镇站,0,0,0,0,0,,not_available,未获取到关联站台源对象,
node/3947949904,白沟站,2,2,0,2,0,,not_available,来源含站台线，不能当作真实面,way/1076404781|way/1076404782
node/3074370255,白河东站,1,1,1,0,0,,not_available,源对象与显示一致，实际完整性未核验,way/1532972493
node/2662698050,白河县站,1,1,0,1,0,,not_available,来源含站台线，不能当作真实面,way/1250437617
node/2327447484,白泉站,0,0,0,0,0,,not_available,未获取到关联站台源对象,
node/9269060395,白洋淀站,2,2,0,2,0,,not_available,来源含站台线，不能当作真实面,way/1076314440|way/1076314441
node/7644745580,白洞站,0,0,0,0,0,,not_available,未获取到关联站台源对象,
node/8597511435,白浪站,0,0,0,0,0,,not_available,未获取到关联站台源对象,
node/1681825045,白涛站,1,1,1,0,0,,not_available,源对象与显示一致，实际完整性未核验,way/1551442565
node/1984410959,白涧站,3,3,3,0,0,,not_available,源对象与显示一致，实际完整性未核验,way/1137360671|way/1137360672|way/1137360673
node/12211994992,白湖站,0,0,0,0,0,,not_available,未获取到关联站台源对象,
node/2445668931,白源站,0,0,0,0,0,,not_available,未获取到关联站台源对象,
node/10898954825,白狐窑站,0,0,0,0,0,,not_available,未获取到关联站台源对象,
node/1730851489,白狼站,0,0,0,0,0,,not_available,未获取到关联站台源对象,
node/9900025760,白玉站,1,1,0,1,0,,not_available,来源含站台线，不能当作真实面,way/1359872423
node/9122624814,白玉都站,0,0,0,0,0,,not_available,未获取到关联站台源对象,
node/9209486379,白石东站,0,0,0,0,0,,not_available,未获取到关联站台源对象,
node/1590460679,白石山站,0,0,0,0,0,,not_available,未获取到关联站台源对象,
node/2092189940,白石岩站,0,0,0,0,0,,not_available,未获取到关联站台源对象,
node/5110462457,白石渡站,0,0,0,0,0,,not_available,未获取到关联站台源对象,
node/7369194519,白石湖东站,0,0,0,0,0,,not_available,未获取到关联站台源对象,
node/7369194520,白石湖南站,0,0,0,0,0,,not_available,未获取到关联站台源对象,
node/3362902707,白石站,0,0,0,0,0,,not_available,未获取到关联站台源对象,
node/7368677853,白碱滩站,0,0,0,0,0,,not_available,未获取到关联站台源对象,
node/7236131503,白礁站,0,0,0,0,0,,not_available,未获取到关联站台源对象,
node/8485960494,白秋站,0,0,0,0,0,,not_available,未获取到关联站台源对象,
node/7878290430,白羊墅站,0,0,0,0,0,,not_available,未获取到关联站台源对象,
node/4039917216,白腊寨站,0,0,0,0,0,,not_available,未获取到关联站台源对象,
node/8739489444,白腊桥站,0,0,0,0,0,,not_available,未获取到关联站台源对象,
node/2662698053,白芨沟站,0,0,0,0,0,,not_available,未获取到关联站台源对象,
node/9265808491,白草洼站,0,0,0,0,0,,not_available,未获取到关联站台源对象,
node/8506577001,白莲站,0,0,0,0,0,,not_available,未获取到关联站台源对象,
node/1666058768,白蒲站,1,1,1,0,0,,not_available,源对象与显示一致，实际完整性未核验,way/1491854058
node/4267158584,白蜡坪站,0,0,0,0,0,,not_available,未获取到关联站台源对象,
node/10108678012,白蜡站,0,0,0,0,0,,not_available,未获取到关联站台源对象,
node/8176179705,白衣站,0,0,0,0,0,,not_available,未获取到关联站台源对象,
node/13043317974,白达营子（预留）,0,0,0,0,0,,not_available,未获取到关联站台源对象,
node/9049173488,白银南站,0,0,0,0,0,,not_available,未获取到关联站台源对象,
node/2662698074,白银哈尔站,0,0,0,0,0,,not_available,未获取到关联站台源对象,
node/7773474954,白银市站,0,0,0,0,0,,not_available,未获取到关联站台源对象,
node/840181276,白银西站,2,2,2,0,0,,not_available,源对象与显示一致，实际完整性未核验,relation/21159822|relation/21159823
node/1720956437,白音他拉站,1,1,0,1,0,,not_available,来源含站台线，不能当作真实面,way/1481209771
node/9069903373,白音华东站,0,0,0,0,0,,not_available,未获取到关联站台源对象,
node/9069903374,白音华南站,0,0,0,0,0,,not_available,未获取到关联站台源对象,
node/9069903375,白音华站,0,0,0,0,0,,not_available,未获取到关联站台源对象,
node/843202345,白音察干站,1,1,1,0,0,,not_available,源对象与显示一致，实际完整性未核验,way/540293005
node/9072960155,白音库伦站,0,0,0,0,0,,not_available,未获取到关联站台源对象,
node/9122624810,白音昌站,0,0,0,0,0,,not_available,未获取到关联站台源对象,
node/9123967439,白音胡硕站,0,0,0,0,0,,not_available,未获取到关联站台源对象,
node/9072960148,白音芒来站,0,0,0,0,0,,not_available,未获取到关联站台源对象,
node/9069903394,白音郭勒站,0,0,0,0,0,,not_available,未获取到关联站台源对象,
node/3926580651,白马井站,2,2,2,0,0,,not_available,源对象与显示一致，实际完整性未核验,way/1037064679|way/1037064680
node/13505925683,白马公园站,0,0,0,0,0,,not_available,未获取到关联站台源对象,
node/778873065,白马公园站,0,0,0,0,0,,not_available,未获取到关联站台源对象,
node/5670951192,白马北站,1,1,0,1,0,,not_available,来源含站台线，不能当作真实面,way/1329294496
node/582373929,白马垅站,0,0,0,0,0,,not_available,未获取到关联站台源对象,
node/3006173725,白马寺站,1,1,1,0,0,,not_available,源对象与显示一致，实际完整性未核验,way/302415536
node/8407290229,白马河站,0,0,0,0,0,,not_available,未获取到关联站台源对象,
node/5485783988,白马溪站,0,0,0,0,0,,not_available,未获取到关联站台源对象,
node/1681825030,白马站,0,0,0,0,0,,not_available,未获取到关联站台源对象,
node/2323960862,白鸡坡站,0,0,0,0,0,,not_available,未获取到关联站台源对象,
node/8154570887,白鹤铺站,0,0,0,0,0,,not_available,未获取到关联站台源对象,
node/9189836491,白鹤隘站,0,0,0,0,0,,not_available,未获取到关联站台源对象,
node/2500599709,白龙塘站,0,0,0,0,0,,not_available,未获取到关联站台源对象,
node/5488773095,白龙桥站,0,0,0,0,0,,not_available,未获取到关联站台源对象,
node/8725285728,百亩井站,0,0,0,0,0,,not_available,未获取到关联站台源对象,
node/6332778289,百口泉站,0,0,0,0,0,,not_available,未获取到关联站台源对象,
node/9226690987,百善物流园站,0,0,0,0,0,,not_available,未获取到关联站台源对象,
node/4693355490,百善站,0,0,0,0,0,,not_available,未获取到关联站台源对象,
node/7768585413,百子湾站,3,3,2,1,0,,not_available,来源含站台线，不能当作真实面,way/1219444281|way/1219444282|way/1036999822
node/3740824339,百宜站,0,0,0,0,0,,not_available,未获取到关联站台源对象,
node/9246201060,百尺河站,0,0,0,0,0,,not_available,未获取到关联站台源对象,
node/3860616575,百底站,0,0,0,0,0,,not_available,未获取到关联站台源对象,
node/2661130698,百浪站,1,1,0,1,0,,not_available,来源含站台线，不能当作真实面,way/686143332
node/9072960171,百灵庙站,0,0,0,0,0,,not_available,未获取到关联站台源对象,
node/7237105197,百色东站,0,0,0,0,0,,not_available,未获取到关联站台源对象,
node/7775792085,百色站,4,4,4,0,0,,not_available,源对象与显示一致，实际完整性未核验,way/718320794|way/718320795|way/718320796|way/718320797
node/4069810143,百里峡站,1,1,1,0,0,,not_available,源对象与显示一致，实际完整性未核验,way/1137360722
node/8154570909,百里村站,0,0,0,0,0,,not_available,未获取到关联站台源对象,
node/12091626109,百龙站,0,0,0,0,0,,not_available,未获取到关联站台源对象,
node/4021589678,皂坡站,0,0,0,0,0,,not_available,未获取到关联站台源对象,
node/10120264008,皂角铺站,0,0,0,0,0,,not_available,未获取到关联站台源对象,
node/7792104827,皇后园站,2,2,0,2,0,,not_available,来源含站台线，不能当作真实面,way/344186268|way/344186270
node/5176143886,皇图岭站,0,0,0,0,0,,not_available,未获取到关联站台源对象,
node/9189836467,皇城坳站,0,0,0,0,0,,not_available,未获取到关联站台源对象,
node/8407294673,皇寺站,0,0,0,0,0,,not_available,未获取到关联站台源对象,
node/9118892082,皋兰站,2,2,2,0,0,,not_available,源对象与显示一致，实际完整性未核验,way/364141518|way/364141522
node/7719079446,皋埠站,0,0,0,0,0,,not_available,未获取到关联站台源对象,
node/1659252280,皮口南站,0,0,0,0,0,,not_available,未获取到关联站台源对象,
node/8934540859,皮口站,0,0,0,0,0,,not_available,未获取到关联站台源对象,
node/7365811216,皮山 گۇما站,1,1,1,0,0,,not_available,源对象与显示一致，实际完整性未核验,way/867560240
node/8277853401,盂县东站,1,1,1,0,0,,not_available,源对象与显示一致，实际完整性未核验,way/1061885552
node/604278245,盈宁站,1,1,1,0,0,,not_available,源对象与显示一致，实际完整性未核验,way/1481960427
node/7236082607,益口站,0,0,0,0,0,,not_available,未获取到关联站台源对象,
node/7266064582,益阳东站,0,0,0,0,0,,not_available,未获取到关联站台源对象,
node/9521850456,益阳南站,0,0,0,0,0,,not_available,未获取到关联站台源对象,
node/1613124736,益阳站,2,2,0,2,0,,not_available,来源含站台线，不能当作真实面,way/485214132|way/485214133
node/7266064583,益阳西站,0,0,0,0,0,,not_available,未获取到关联站台源对象,
node/7483471516,盐坨站,0,0,0,0,0,,not_available,未获取到关联站台源对象,
node/4050200104,盐城北站,0,0,0,0,0,,not_available,未获取到关联站台源对象,
node/8172569885,盐城大丰站,2,2,2,0,0,,not_available,源对象与显示一致，实际完整性未核验,way/1298908441|way/1298908442
node/7682857921,盐城站,5,5,5,0,0,,not_available,源对象与显示一致，实际完整性未核验,way/1550342893|way/1550342894|way/1550342895|way/1550342896|way/1550342897
node/3949949843,盐山站,0,0,0,0,0,,not_available,未获取到关联站台源对象,
node/3589647960,盐池站,0,0,0,0,0,,not_available,未获取到关联站台源对象,
node/7276635777,盐泉北站,0,0,0,0,0,,not_available,未获取到关联站台源对象,
node/5031688328,盐津北站,0,0,0,0,0,,not_available,未获取到关联站台源对象,
node/10185206683,盐津南站,0,0,0,0,0,,not_available,未获取到关联站台源对象,
node/1964179112,盐津站,1,1,1,0,0,,not_available,源对象与显示一致，实际完整性未核验,way/515343850
node/7372158700,盐湖站,0,0,0,0,0,,not_available,未获取到关联站台源对象,
node/5770940653,盐湖站台站,1,1,1,0,0,,not_available,源对象与显示一致，实际完整性未核验,way/1468615157
node/2987142955,盐湖西站,0,0,0,0,0,,not_available,未获取到关联站台源对象,
node/10779289546,盐田站,0,0,0,0,0,,not_available,未获取到关联站台源对象,
node/5230059148,盐边站,6,6,6,0,0,,not_available,源对象与显示一致，实际完整性未核验,way/875221880|way/875221881|way/875221882|way/875221883|way/875221884|way/875221885
node/9178344023,盖州站,0,0,0,0,0,,not_available,未获取到关联站台源对象,
node/2427157471,盖州西站,0,0,0,0,0,,not_available,未获取到关联站台源对象,
node/2323529378,盘关站,0,0,0,0,0,,not_available,未获取到关联站台源对象,
node/3860370992,盘古寺站,0,0,0,0,0,,not_available,未获取到关联站台源对象,
node/1252110339,盘古站,1,1,0,1,0,,not_available,来源含站台线，不能当作真实面,way/1146875699
node/4938220151,盘塘站,0,0,0,0,0,,not_available,未获取到关联站台源对象,
node/9167905923,盘山站,0,0,0,0,0,,not_available,未获取到关联站台源对象,
node/3328330805,盘州站,3,3,3,0,0,,not_available,源对象与显示一致，实际完整性未核验,way/848712530|way/848712531|way/848712532
node/8310098476,盘脚营站,0,0,0,0,0,,not_available,未获取到关联站台源对象,
node/11630746913,盘锦北站,2,2,2,0,0,,not_available,源对象与显示一致，实际完整性未核验,way/1251205692|way/1251205693
node/9167905920,盘锦港站,0,0,0,0,0,,not_available,未获取到关联站台源对象,
node/9169258499,盘锦站,4,4,0,4,0,,not_available,来源含站台线，不能当作真实面,way/1532396250|way/1532396251|way/1532396252|way/1532396253
node/9317600735,盘龙城站,2,2,2,0,0,,not_available,源对象与显示一致，实际完整性未核验,way/1043474279|way/1043474280
node/11672638199,盛泽站,0,0,0,0,0,,not_available,未获取到关联站台源对象,
node/3740824338,相思河站,0,0,0,0,0,,not_available,未获取到关联站台源对象,
node/8739401546,相见站,0,0,0,0,0,,not_available,未获取到关联站台源对象,
node/2999331938,眉县东站,0,0,0,0,0,,not_available,未获取到关联站台源对象,
node/2999331940,眉县站,0,0,0,0,0,,not_available,未获取到关联站台源对象,
way/1471990702,眉山东站,2,2,2,0,0,,not_available,源对象与显示一致，实际完整性未核验,way/1471989205|way/1471989206
node/1588514451,眉山站,0,0,0,0,0,,not_available,未获取到关联站台源对象,
node/7127162182,睢宁站,0,0,0,0,0,,not_available,未获取到关联站台源对象,
node/4039975996,督河村站,0,0,0,0,0,,not_available,未获取到关联站台源对象,
node/3362903229,睦村站,0,0,0,0,0,,not_available,未获取到关联站台源对象,
node/8154580323,矮岭站,0,0,0,0,0,,not_available,未获取到关联站台源对象,
node/8320580347,石丫口站,0,0,0,0,0,,not_available,未获取到关联站台源对象,
node/2344167673,石人城站,1,1,0,1,0,,not_available,来源含站台线，不能当作真实面,way/1110734661
node/7781504425,石人沟站,0,0,0,0,0,,not_available,未获取到关联站台源对象,
node/2156363606,石人站,2,2,2,0,0,,not_available,源对象与显示一致，实际完整性未核验,way/1173558457|way/1173558458
node/8390713759,石会站,0,0,0,0,0,,not_available,未获取到关联站台源对象,
node/6569986064,石佛站,0,0,0,0,0,,not_available,未获取到关联站台源对象,
node/6308099751,石化厂站,0,0,0,0,0,,not_available,未获取到关联站台源对象,
node/9223898610,石台站,0,0,0,0,0,,not_available,未获取到关联站台源对象,
node/9118892113,石嘴山南站,3,3,3,0,0,,not_available,源对象与显示一致，实际完整性未核验,way/1510579009|way/1510579010|way/1510579011
node/10908431434,石嘴山站,2,2,0,2,0,,not_available,来源含站台线，不能当作真实面,way/1306541133|way/1306541134
node/2783733982,石围塘站,1,1,1,0,0,,not_available,源对象与显示一致，实际完整性未核验,way/991207940
node/3685511917,石圪台站,0,0,0,0,0,,not_available,未获取到关联站台源对象,
node/9524436514,石坂墩站,0,0,0,0,0,,not_available,未获取到关联站台源对象,
node/14072867295,石坊站,0,0,0,0,0,,not_available,未获取到关联站台源对象,
node/3362901901,石坑站,0,0,0,0,0,,not_available,未获取到关联站台源对象,
node/5013362926,石坝站,0,0,0,0,0,,not_available,未获取到关联站台源对象,
node/4019707142,石城东站,2,2,0,2,0,,not_available,来源含站台线，不能当作真实面,way/1006449394|way/1006449395
node/3699740690,石城村站,0,0,0,0,0,,not_available,未获取到关联站台源对象,
node/1592559602,石城站,0,0,0,0,0,,not_available,未获取到关联站台源对象,
node/1828590347,石塘路站,1,1,0,1,0,,not_available,来源含站台线，不能当作真实面,way/171889936
node/10574674381,石大关站,0,0,0,0,0,,not_available,未获取到关联站台源对象,
node/8320782846,石头寨站,0,0,0,0,0,,not_available,未获取到关联站台源对象,
node/1604842619,石头站,2,2,0,2,0,,not_available,来源含站台线，不能当作真实面,way/1115717771|way/1115717772
node/1681825135,石子坝站,1,1,0,1,0,,not_available,来源含站台线，不能当作真实面,way/902417365
node/6989639107,石子山站,0,0,0,0,0,,not_available,未获取到关联站台源对象,
node/2329423073,石家庄东站,4,4,4,0,0,,not_available,源对象与显示一致，实际完整性未核验,way/1063387272|way/1063387273|way/1063387274|way/1063387275
node/3628253437,石家庄北站,4,4,4,0,0,,not_available,源对象与显示一致，实际完整性未核验,way/467776631|way/467776632|way/467776633|way/1054252643
node/8405376884,石家庄南站,0,0,0,0,0,,not_available,未获取到关联站台源对象,
node/7735515019,石家庄站,13,13,13,0,0,,not_available,源对象与显示一致，实际完整性未核验,way/1064642814|way/1066753589|relation/14218666|relation/14218667|relation/14218668|relation/14218673|relation/14218669|relation/14218670|relation/14218671|relation/14218672|relation/14218676|relation/14218675|relation/14218674
node/3628199266,石家庄西站,0,0,0,0,0,,not_available,未获取到关联站台源对象,
node/3026390660,石家滩站,0,0,0,0,0,,not_available,未获取到关联站台源对象,
node/7923463040,石家站,0,0,0,0,0,,not_available,未获取到关联站台源对象,
node/477459375,石屏站,0,0,0,0,0,,not_available,未获取到关联站台源对象,
node/12091626131,石屯站,0,0,0,0,0,,not_available,未获取到关联站台源对象,
node/1582507268,石山站,2,2,2,0,0,,not_available,源对象与显示一致，实际完整性未核验,way/1452935847|way/1452935848
node/9299765129,石岗站,1,1,0,1,0,,not_available,来源含站台线，不能当作真实面,way/590288172
node/1590460741,石岘站,0,0,0,0,0,,not_available,未获取到关联站台源对象,
node/8361119271,石岩寨站,0,0,0,0,0,,not_available,未获取到关联站台源对象,
node/2327447496,石岭站,0,0,0,0,0,,not_available,未获取到关联站台源对象,
node/9263223094,石岭站,0,0,0,0,0,,not_available,未获取到关联站台源对象,
node/3688793546,石崖庄站,0,0,0,0,0,,not_available,未获取到关联站台源对象,
node/7702364119,石帆站,0,0,0,0,0,,not_available,未获取到关联站台源对象,
node/4076444557,石庄站,0,0,0,0,0,,not_available,未获取到关联站台源对象,
node/3085823464,石庙沟站,0,0,0,0,0,,not_available,未获取到关联站台源对象,
node/12212964521,石房子站,0,0,0,0,0,,not_available,未获取到关联站台源对象,
node/1189200434,石景山南站,2,2,0,2,0,,not_available,来源含站台线，不能当作真实面,way/114392392|way/114392394
node/644621576,石景山站,0,0,0,0,0,,not_available,未获取到关联站台源对象,
node/12424987331,石材园站,0,0,0,0,0,,not_available,未获取到关联站台源对象,
node/2341894813,石板哨站,0,0,0,0,0,,not_available,未获取到关联站台源对象,
node/3688860638,石板墩南站,0,0,0,0,0,,not_available,未获取到关联站台源对象,
node/4999744649,石板梁站,0,0,0,0,0,,not_available,未获取到关联站台源对象,
node/3195094192,石板滩站,0,0,0,0,0,,not_available,未获取到关联站台源对象,
node/8334226623,石林南站,0,0,0,0,0,,not_available,未获取到关联站台源对象,
node/1569661844,石林站,0,0,0,0,0,,not_available,未获取到关联站台源对象,
node/3695429386,石林西站,2,2,0,2,0,,not_available,来源含站台线，不能当作真实面,way/1502283765|way/1502283766
node/11716412872,石柱东站,0,0,0,0,0,,not_available,未获取到关联站台源对象,
node/3499352412,石柱县站,0,0,0,0,0,,not_available,未获取到关联站台源对象,
node/8173675279,石柱槽站,0,0,0,0,0,,not_available,未获取到关联站台源对象,
node/1639601726,石桥北站,0,0,0,0,0,,not_available,未获取到关联站台源对象,
node/2349633663,石桥子站,0,0,0,0,0,,not_available,未获取到关联站台源对象,
node/8176213156,石桥站,0,0,0,0,0,,not_available,未获取到关联站台源对象,
node/8172962880,石桥镇站,0,0,0,0,0,,not_available,未获取到关联站台源对象,
node/9076173198,石梁子站,0,0,0,0,0,,not_available,未获取到关联站台源对象,
node/5351319497,石梯站,0,0,0,0,0,,not_available,未获取到关联站台源对象,
node/4074614572,石楼县站,0,0,0,0,0,,not_available,未获取到关联站台源对象,
node/2391264902,石楼站,1,1,0,1,0,,not_available,来源含站台线，不能当作真实面,way/230634650
node/12541190073,石榴园站,0,0,0,0,0,,not_available,未获取到关联站台源对象,
node/4071291818,石槽村站,0,0,0,0,0,,not_available,未获取到关联站台源对象,
node/7371981475,石河子站,2,2,2,0,0,,not_available,源对象与显示一致，实际完整性未核验,way/511045232|way/511045234
node/8756070733,石河站,0,0,0,0,0,,not_available,未获取到关联站台源对象,
node/9131669905,石河站,0,0,0,0,0,,not_available,未获取到关联站台源对象,
node/1556058499,石泉县站,1,1,0,1,0,,not_available,来源含站台线，不能当作真实面,way/1119814395
node/9076173197,石泉子站,0,0,0,0,0,,not_available,未获取到关联站台源对象,
node/8727068044,石泉站,0,0,0,0,0,,not_available,未获取到关联站台源对象,
node/4074915626,石涧站,0,0,0,0,0,,not_available,未获取到关联站台源对象,
node/3628302021,石渣厂站,0,0,0,0,0,,not_available,未获取到关联站台源对象,
node/9258877065,石港口站,0,0,0,0,0,,not_available,未获取到关联站台源对象,
node/1550539284,石湖站,0,0,0,0,0,,not_available,未获取到关联站台源对象,
node/11029495367,石湖荡站,0,0,0,0,0,,not_available,未获取到关联站台源对象,
node/8327422191,石湾站,0,0,0,0,0,,not_available,未获取到关联站台源对象,
node/3227950940,石溪站,0,0,0,0,0,,not_available,未获取到关联站台源对象,
node/1607295759,石滩站,0,0,0,0,0,,not_available,未获取到关联站台源对象,
node/8383166681,石滩站,0,0,0,0,0,,not_available,未获取到关联站台源对象,
node/1892185302,石燕桥站,0,0,0,0,0,,not_available,未获取到关联站台源对象,
node/8383166684,石牌站,1,1,1,0,0,,not_available,源对象与显示一致，实际完整性未核验,way/931086461
node/7639802000,石碌站,0,0,0,0,0,,not_available,未获取到关联站台源对象,
node/9131669912,石磷站,2,2,0,2,0,,not_available,来源含站台线，不能当作真实面,way/606855113|way/1119122640
node/8383184220,石窑坪站,0,0,0,0,0,,not_available,未获取到关联站台源对象,
node/8128207125,石窑店站,0,0,0,0,0,,not_available,未获取到关联站台源对象,
node/1722109925,石脑站,0,0,0,0,0,,not_available,未获取到关联站台源对象,
node/3493025129,石芬站,0,0,0,0,0,,not_available,未获取到关联站台源对象,
node/9193526299,石菉站,0,0,0,0,0,,not_available,未获取到关联站台源对象,
node/9226690991,石选站,0,0,0,0,0,,not_available,未获取到关联站台源对象,
node/8431451886,石郎庄站,2,2,2,0,0,,not_available,源对象与显示一致，实际完整性未核验,way/1094731584|way/1094731585
node/9072960179,石里霍图站,0,0,0,0,0,,not_available,未获取到关联站台源对象,
node/11524696647,石钱滩站,0,0,0,0,0,,not_available,未获取到关联站台源对象,
node/5211777602,石镜站,0,0,0,0,0,,not_available,未获取到关联站台源对象,
node/2154670863,石长站,2,2,0,2,0,,not_available,来源含站台线，不能当作真实面,way/1120713437|way/1120713438
node/4812631025,石门县北站,2,2,2,0,0,,not_available,源对象与显示一致，实际完整性未核验,way/503676503|way/503676504
node/4866742957,石门县南站,0,0,0,0,0,,not_available,未获取到关联站台源对象,
node/12981749290,石门县站,0,0,0,0,0,,not_available,未获取到关联站台源对象,
node/4014483925,石门口站,0,0,0,0,0,,not_available,未获取到关联站台源对象,
node/2838825239,石门圩站,0,0,0,0,0,,not_available,未获取到关联站台源对象,
node/3011848396,石门坎站,0,0,0,0,0,,not_available,未获取到关联站台源对象,
node/5239598839,石门子站,1,1,0,1,0,,not_available,来源含站台线，不能当作真实面,way/1077013489
node/9263223096,石门寨站,0,0,0,0,0,,not_available,未获取到关联站台源对象,
node/9176129498,石门岭站,0,0,0,0,0,,not_available,未获取到关联站台源对象,
node/7781469279,石门庵站,0,0,0,0,0,,not_available,未获取到关联站台源对象,
node/9111251391,石门村站,0,0,0,0,0,,not_available,未获取到关联站台源对象,
node/4734996892,石门河站,0,0,0,0,0,,not_available,未获取到关联站台源对象,
node/14099372616,石门站,0,0,0,0,0,,not_available,未获取到关联站台源对象,
node/1582507261,石门站,3,3,3,0,0,,not_available,源对象与显示一致，实际完整性未核验,way/1093922943|way/1093922944|way/1093922945
node/7740357585,石首站,0,0,0,0,0,,not_available,未获取到关联站台源对象,
node/8164677375,石马坝站,0,0,0,0,0,,not_available,未获取到关联站台源对象,
node/8855785248,石鼓塘站,0,0,0,0,0,,not_available,未获取到关联站台源对象,
node/9177540209,石龙站,0,0,0,0,0,,not_available,未获取到关联站台源对象,
node/10973711955,矿务局站,2,2,2,0,0,,not_available,源对象与显示一致，实际完整性未核验,way/1467492754|way/1467710764
node/8095297275,矿区铁路中心站,0,0,0,0,0,,not_available,未获取到关联站台源对象,
node/8503926532,矿山站,0,0,0,0,0,,not_available,未获取到关联站台源对象,
node/7232690207,砀山南站,0,0,0,0,0,,not_available,未获取到关联站台源对象,
node/7949727291,砀山站,3,3,3,0,0,,not_available,源对象与显示一致，实际完整性未核验,way/1513480725|way/1513480726|way/1513480728
node/8344054858,研和站,0,0,0,0,0,,not_available,未获取到关联站台源对象,
node/13511662075,砖厂站,0,0,0,0,0,,not_available,未获取到关联站台源对象,
node/13645214931,砚北站,0,0,0,0,0,,not_available,未获取到关联站台源对象,
node/2940517352,砚川站,0,0,0,0,0,,not_available,未获取到关联站台源对象,
node/8059179212,砚石台站,0,0,0,0,0,,not_available,未获取到关联站台源对象,
node/2156363603,砬子河站,0,0,0,0,0,,not_available,未获取到关联站台源对象,
node/8503926530,破碎站,0,0,0,0,0,,not_available,未获取到关联站台源对象,
node/8452913703,硕放站,0,0,0,0,0,,not_available,未获取到关联站台源对象,
node/1675935548,硬石岭站,0,0,0,0,0,,not_available,未获取到关联站台源对象,
node/3303805636,确山站,0,0,0,0,0,,not_available,未获取到关联站台源对象,
node/11115663853,碌曲站,0,0,0,0,0,,not_available,未获取到关联站台源对象,
node/9242869610,碑廓站,0,0,0,0,0,,not_available,未获取到关联站台源对象,
node/9254936109,碣石山站,0,0,0,0,0,,not_available,未获取到关联站台源对象,
node/2662698150,碧州站,1,1,0,1,0,,not_available,来源含站台线，不能当作真实面,way/1145022838
node/7710011708,碧江站,0,0,0,0,0,,not_available,未获取到关联站台源对象,
node/9174163135,碱厂站,0,0,0,0,0,,not_available,未获取到关联站台源对象,
node/9118904617,碱柜站,0,0,0,0,0,,not_available,未获取到关联站台源对象,
node/1595854629,碾子山站,2,2,0,2,0,,not_available,来源含站台线，不能当作真实面,way/1096461308|way/1096461309
node/4676361115,碾子沟站,2,2,0,2,0,,not_available,来源含站台线，不能当作真实面,way/433250737|way/433250738
node/8406270574,碾庄站,0,0,0,0,0,,not_available,未获取到关联站台源对象,
node/2329407067,磁县站,0,0,0,0,0,,not_available,未获取到关联站台源对象,
node/3412129661,磁家务站,0,0,0,0,0,,not_available,未获取到关联站台源对象,
node/2662698274,磁山站,2,2,2,0,0,,not_available,源对象与显示一致，实际完整性未核验,way/1117629637|way/1117629638
node/3006173723,磁涧站,0,0,0,0,0,,not_available,未获取到关联站台源对象,
node/2662698277,磁窑站,2,2,2,0,0,,not_available,源对象与显示一致，实际完整性未核验,way/468564759|way/907508575
node/4074928883,磊口站,0,0,0,0,0,,not_available,未获取到关联站台源对象,
node/8526666001,磐安南站,0,0,0,0,0,,not_available,未获取到关联站台源对象,
node/11340620938,磐安站,0,0,0,0,0,,not_available,未获取到关联站台源对象,
node/3840301027,磐安镇站,2,2,0,2,0,,not_available,来源含站台线，不能当作真实面,way/448548501|way/738495994
node/1548856828,磐石站,0,0,0,0,0,,not_available,未获取到关联站台源对象,
node/5344605877,磨刀石站,2,2,0,2,0,,not_available,来源含站台线，不能当作真实面,way/1109541051|way/1109541052
node/3500253632,磨心坡站,0,0,0,0,0,,not_available,未获取到关联站台源对象,
node/9847290915,磨憨站,2,2,2,0,0,,not_available,源对象与显示一致，实际完整性未核验,way/1054408941|way/1054469079
node/1590464076,磨盘山站,0,0,0,0,0,,not_available,未获取到关联站台源对象,
node/8344405659,磨黑站,0,0,0,0,0,,not_available,未获取到关联站台源对象,
node/10913546178,磴口站,0,0,0,0,0,,not_available,未获取到关联站台源对象,
node/7236126630,磹口站,0,0,0,0,0,,not_available,未获取到关联站台源对象,
node/1759460640,礼乐站,0,0,0,0,0,,not_available,未获取到关联站台源对象,
node/4076200759,礼元站,0,0,0,0,0,,not_available,未获取到关联站台源对象,
node/274389795,礼州站,0,0,0,0,0,,not_available,未获取到关联站台源对象,
node/5761862716,礼泉南站,2,2,2,0,0,,not_available,源对象与显示一致，实际完整性未核验,way/1302837400|way/1302837401
node/2941777341,礼泉站,0,0,0,0,0,,not_available,未获取到关联站台源对象,
node/11410594720,礼贤站,2,2,2,0,0,,not_available,源对象与显示一致，实际完整性未核验,way/1378953269|way/1378953270
node/7935693249,礼门站,0,0,0,0,0,,not_available,未获取到关联站台源对象,
node/8390747378,社城站,0,0,0,0,0,,not_available,未获取到关联站台源对象,
node/2954003072,社棠站,0,0,0,0,0,,not_available,未获取到关联站台源对象,
node/7740249125,社港站,0,0,0,0,0,,not_available,未获取到关联站台源对象,
node/4067966888,社科站,0,0,0,0,0,,not_available,未获取到关联站台源对象,
node/2644149545,祁东北站,2,2,2,0,0,,not_available,源对象与显示一致，实际完整性未核验,way/1306867970|way/1465030668
node/9226664102,祁东矿站,0,0,0,0,0,,not_available,未获取到关联站台源对象,
node/5141988543,祁东站,2,2,2,0,0,,not_available,源对象与显示一致，实际完整性未核验,way/1307030824|way/1307030825
node/8154570888,祁东西站,0,0,0,0,0,,not_available,未获取到关联站台源对象,
node/9226664116,祁南矿站,0,0,0,0,0,,not_available,未获取到关联站台源对象,
node/9494299309,祁县东站,2,2,2,0,0,,not_available,源对象与显示一致，实际完整性未核验,way/692310735|way/692310736
node/5238964683,祁县站,0,0,0,0,0,,not_available,未获取到关联站台源对象,
node/1662256010,祁家堡站,2,2,0,2,0,,not_available,来源含站台线，不能当作真实面,way/1527644413|way/1527644414
node/11237678497,祁门南站,0,0,0,0,0,,not_available,未获取到关联站台源对象,
node/1675935522,祁门站,0,0,0,0,0,,not_available,未获取到关联站台源对象,
node/2422697205,祁阳北站,0,0,0,0,0,,not_available,未获取到关联站台源对象,
node/3975677440,祁阳站,0,0,0,0,0,,not_available,未获取到关联站台源对象,
node/3613934610,祝家湾站,0,0,0,0,0,,not_available,未获取到关联站台源对象,
node/3685511922,神东站,0,0,0,0,0,,not_available,未获取到关联站台源对象,
node/5575694848,神农架站,0,0,0,0,0,,not_available,未获取到关联站台源对象,
node/3143440866,神头站,0,0,0,0,0,,not_available,未获取到关联站台源对象,
node/13742866603,神山北站,2,2,2,0,0,,not_available,源对象与显示一致，实际完整性未核验,way/1470808311|way/1470808312
node/12690215353,神山站,0,0,0,0,0,,not_available,未获取到关联站台源对象,
node/9719904722,神峪沟站,0,0,0,0,0,,not_available,未获取到关联站台源对象,
node/1783909044,神峪河站,0,0,0,0,0,,not_available,未获取到关联站台源对象,
node/3923323853,神州站,0,0,0,0,0,,not_available,未获取到关联站台源对象,
node/9263232733,神星站,0,0,0,0,0,,not_available,未获取到关联站台源对象,
node/2361435747,神木北站,0,0,0,0,0,,not_available,未获取到关联站台源对象,
node/4533792902,神木南站,0,0,0,0,0,,not_available,未获取到关联站台源对象,
node/3685518443,神木站,0,0,0,0,0,,not_available,未获取到关联站台源对象,
node/3156214516,神木西站,0,0,0,0,0,,not_available,未获取到关联站台源对象,
node/2154670862,神树站,2,2,0,2,0,,not_available,来源含站台线，不能当作真实面,way/1120723892|way/1120723893
node/2361435771,神池南站,0,0,0,0,0,,not_available,未获取到关联站台源对象,
node/3700491556,神池站,0,0,0,0,0,,not_available,未获取到关联站台源对象,
node/9276824804,神港站,0,0,0,0,0,,not_available,未获取到关联站台源对象,
node/8327654834,祥云站,2,2,2,0,0,,not_available,源对象与显示一致，实际完整性未核验,way/1418611157|way/1418611158
way/1107409739,祥云西站,0,0,0,0,0,,not_available,未获取到关联站台源对象,
node/8880454143,祥云路站,1,1,1,0,0,,not_available,源对象与显示一致，实际完整性未核验,way/1503810918
node/10885859984,祥瑞站,0,0,0,0,0,,not_available,未获取到关联站台源对象,
node/13516002822,祥符荡站,0,0,0,0,0,,not_available,未获取到关联站台源对象,
node/7702364118,祯埠站,0,0,0,0,0,,not_available,未获取到关联站台源对象,
node/4528311945,禄丰南站,2,2,2,0,0,,not_available,源对象与显示一致，实际完整性未核验,way/1004214724|way/1004214725
node/1758381679,禄丰站,0,0,0,0,0,,not_available,未获取到关联站台源对象,
node/13934200596,福中站,0,0,0,0,0,,not_available,未获取到关联站台源对象,
node/2280641769,福临堡站,0,0,0,0,0,,not_available,未获取到关联站台源对象,
node/9119790817,福兴地站,0,0,0,0,0,,not_available,未获取到关联站台源对象,
node/9081732804,福兴城站,0,0,0,0,0,,not_available,未获取到关联站台源对象,
node/4181709997,福利区站,2,2,0,2,0,,not_available,来源含站台线，不能当作真实面,way/865620501|way/865620502
node/9129925028,福利屯站,1,1,0,1,0,,not_available,来源含站台线，不能当作真实面,way/1086702283
node/8858772748,福利站,0,0,0,0,0,,not_available,未获取到关联站台源对象,
node/4730506521,福塘站,0,0,0,0,0,,not_available,未获取到关联站台源对象,
node/12926120974,福安南站,0,0,0,0,0,,not_available,未获取到关联站台源对象,
node/5099753623,福安站,0,0,0,0,0,,not_available,未获取到关联站台源对象,
node/6176057518,福山东站,0,0,0,0,0,,not_available,未获取到关联站台源对象,
node/6176057382,福山北站,0,0,0,0,0,,not_available,未获取到关联站台源对象,
node/3221000847,福山口站,1,1,0,1,0,,not_available,来源含站台线，不能当作真实面,way/1137360704
node/8431451885,福山寺站,2,2,2,0,0,,not_available,源对象与显示一致，实际完整性未核验,way/1094731616|way/1094731617
node/13506343021,福山站,0,0,0,0,0,,not_available,未获取到关联站台源对象,
node/9657303776,福山站,0,0,0,0,0,,not_available,未获取到关联站台源对象,
node/3926567133,福山镇站,2,2,2,0,0,,not_available,源对象与显示一致，实际完整性未核验,way/1037495685|way/1037495686
node/9207275762,福州东站,0,0,0,0,0,,not_available,未获取到关联站台源对象,
node/7719582540,福州南站,7,7,7,0,0,,not_available,源对象与显示一致，实际完整性未核验,way/835455349|way/835455350|way/835455351|way/835455352|way/835455353|way/835455354|way/835455355
way/916922045,福州南站甬广场,1,1,1,0,0,,not_available,源对象与显示一致，实际完整性未核验,way/1212403068
node/6999105218,福州站,7,7,7,0,0,,not_available,源对象与显示一致，实际完整性未核验,way/372802812|way/372802813|way/372802890|way/372802891|way/372802892|way/372802893|way/372802894
node/9119773614,福巨站,0,0,0,0,0,,not_available,未获取到关联站台源对象,
node/1529879342,福德站,0,0,0,0,0,,not_available,未获取到关联站台源对象,
node/6273080816,福泉东站,0,0,0,0,0,,not_available,未获取到关联站台源对象,
node/4933590191,福泉站,0,0,0,0,0,,not_available,未获取到关联站台源对象,
node/7368677843,福海 بۋرىلتوعاي站,0,0,0,0,0,,not_available,未获取到关联站台源对象,
node/7063140991,福海西站,2,2,0,2,0,,not_available,来源含站台线，不能当作真实面,way/1118833906|way/1118833907
node/1878843430,福清站,0,0,0,0,0,,not_available,未获取到关联站台源对象,
node/9245320938,福清西站,0,0,0,0,0,,not_available,未获取到关联站台源对象,
node/1675718407,福港站,0,0,0,0,0,,not_available,未获取到关联站台源对象,
node/8184127153,福溪站,0,0,0,0,0,,not_available,未获取到关联站台源对象,
node/1597596182,福生庄站,0,0,0,0,0,,not_available,未获取到关联站台源对象,
node/2310688619,福田站,4,4,0,4,0,4,osm_station_tags,来源含站台线，不能当作真实面,way/628578393|way/628578397|way/628578400|way/628578403
node/2349438705,福金站,0,0,0,0,0,,not_available,未获取到关联站台源对象,
node/9162699852,福集站,1,1,0,1,0,,not_available,来源含站台线，不能当作真实面,way/1462605968
node/2479269524,福鼎站,0,0,0,0,0,,not_available,未获取到关联站台源对象,
node/12926120980,福鼎西站,0,0,0,0,0,,not_available,未获取到关联站台源对象,
node/4039416861,禹城东站,2,2,2,0,0,,not_available,源对象与显示一致，实际完整性未核验,way/663996519|way/663996520
node/8455171495,禹城站,2,2,2,0,0,,not_available,源对象与显示一致，实际完整性未核验,way/1181946630|way/1181946631
node/5575721522,禹州站,2,2,2,0,0,,not_available,源对象与显示一致，实际完整性未核验,way/1221730420|way/1221730421
node/9313028644,禹州站,0,0,0,0,0,,not_available,未获取到关联站台源对象,
node/3860616644,禹门口站,0,0,0,0,0,,not_available,未获取到关联站台源对象,
node/2981056888,离堆公园站,0,0,0,0,0,,not_available,未获取到关联站台源对象,
node/4076525366,离石站,0,0,0,0,0,,not_available,未获取到关联站台源对象,
node/7249740472,禾家村站,0,0,0,0,0,,not_available,未获取到关联站台源对象,
node/3362691062,禾市站,0,0,0,0,0,,not_available,未获取到关联站台源对象,
node/13742866613,秀全站,2,2,2,0,0,,not_available,源对象与显示一致，实际完整性未核验,way/1470808309|way/1470808310
node/1681825182,秀山站,2,2,2,0,0,,not_available,源对象与显示一致，实际完整性未核验,way/534237850|way/534237851
node/7296224592,秀水河站,0,0,0,0,0,,not_available,未获取到关联站台源对象,
node/7639828443,秀英站,0,0,0,0,0,,not_available,未获取到关联站台源对象,
node/13505962569,秃顶山站,0,0,0,0,0,,not_available,未获取到关联站台源对象,
node/7160979270,秋梨沟站,0,0,0,0,0,,not_available,未获取到关联站台源对象,
node/8509719085,秋浦站,0,0,0,0,0,,not_available,未获取到关联站台源对象,
node/7365783606,科那站,0,0,0,0,0,,not_available,未获取到关联站台源对象,
node/12712336082,科韵路站,7,7,7,0,0,,not_available,源对象与显示一致，实际完整性未核验,way/369816783|way/459791890|way/459791891|way/459791892|way/459795479|way/1434060613|way/1434060614
node/3682215468,秦安站,2,2,0,2,0,,not_available,来源含站台线，不能当作真实面,way/696029085|way/696029086
node/1698277429,秦家庄站,0,0,0,0,0,,not_available,未获取到关联站台源对象,
node/2154670858,秦家站,2,2,2,0,0,,not_available,源对象与显示一致，实际完整性未核验,way/1498945583|way/1498945584
node/1546239752,秦岭站,0,0,0,0,0,,not_available,未获取到关联站台源对象,
node/8243566657,秦王川站,2,2,0,2,0,,not_available,来源含站台线，不能当作真实面,way/886540689|way/886540690
node/7777687788,秦皇岛东站,0,0,0,0,0,,not_available,未获取到关联站台源对象,
node/7777687789,秦皇岛南站,0,0,0,0,0,,not_available,未获取到关联站台源对象,
node/3523553900,秦皇岛站,6,6,6,0,0,,not_available,源对象与显示一致，实际完整性未核验,way/471313097|way/471669835|relation/14563242|relation/14563243|relation/14563244|relation/14563365
node/11158294419,秧田冲站,0,0,0,0,0,,not_available,未获取到关联站台源对象,
node/8334113899,秧草地站,0,0,0,0,0,,not_available,未获取到关联站台源对象,
node/13431715513,秭归站,0,0,0,0,0,,not_available,未获取到关联站台源对象,
node/7212029085,积金南站,0,0,0,0,0,,not_available,未获取到关联站台源对象,
node/8155085820,积金站,0,0,0,0,0,,not_available,未获取到关联站台源对象,
node/8437402279,程家庄站,0,0,0,0,0,,not_available,未获取到关联站台源对象,
node/4551025869,程家站,2,2,2,0,0,,not_available,源对象与显示一致，实际完整性未核验,way/1057781009|way/1057781010
node/7798353051,程村站,0,0,0,0,0,,not_available,未获取到关联站台源对象,
node/3888692142,程祥站,0,0,0,0,0,,not_available,未获取到关联站台源对象,
node/8454007046,税郭站,0,0,0,0,0,,not_available,未获取到关联站台源对象,
node/8154580338,稔竹站,0,0,0,0,0,,not_available,未获取到关联站台源对象,
node/1609056541,稷山站,2,2,2,0,0,,not_available,源对象与显示一致，实际完整性未核验,way/1505113958|way/1505113959
node/9506868288,穆家店站,0,0,0,0,0,,not_available,未获取到关联站台源对象,
node/8456936296,穆庄站,0,0,0,0,0,,not_available,未获取到关联站台源对象,
node/4074611208,穆村站,0,0,0,0,0,,not_available,未获取到关联站台源对象,
node/7188268787,穆棱站,3,3,1,2,0,,not_available,来源含站台线，不能当作真实面,way/560241940|way/606855206|way/606855209
node/6964986998,穆沟站,0,0,0,0,0,,not_available,未获取到关联站台源对象,
node/1589812263,穰东站,0,0,0,0,0,,not_available,未获取到关联站台源对象,
node/9314921233,空投基地,0,0,0,0,0,,not_available,未获取到关联站台源对象,
node/7687064595,穿山港站,0,0,0,0,0,,not_available,未获取到关联站台源对象,
node/11873703176,穿山站,0,0,0,0,0,,not_available,未获取到关联站台源对象,
node/8293700336,穿心店站,0,0,0,0,0,,not_available,未获取到关联站台源对象,
node/1553909153,窑上站,2,2,0,2,0,,not_available,来源含站台线，不能当作真实面,way/1033341451|way/1033341452
node/8406298514,窑场,2,2,2,0,0,,not_available,源对象与显示一致，实际完整性未核验,way/481303598|way/481303599
node/2876178097,窑村站,0,0,0,0,0,,not_available,未获取到关联站台源对象,
node/3958029643,窑街站,0,0,0,0,0,,not_available,未获取到关联站台源对象,
node/8382763913,窦妪站,0,0,0,0,0,,not_available,未获取到关联站台源对象,
node/7894376218,窦家沟站,0,0,0,0,0,,not_available,未获取到关联站台源对象,
node/8410563579,窦庄子站,0,0,0,0,0,,not_available,未获取到关联站台源对象,
node/8363785403,窦店站,2,2,2,0,0,,not_available,源对象与显示一致，实际完整性未核验,way/1062467639|way/1062467640
node/11944888828,立井站,0,0,0,0,0,,not_available,未获取到关联站台源对象,
node/12211994990,立井站,0,0,0,0,0,,not_available,未获取到关联站台源对象,
node/1731938299,立志站,1,1,0,1,0,,not_available,来源含站台线，不能当作真实面,way/1094030082
node/10892808995,立新站,0,0,0,0,0,,not_available,未获取到关联站台源对象,
node/3328298203,站西大道站,0,0,0,0,0,,not_available,未获取到关联站台源对象,
node/3614600943,竞秀站,0,0,0,0,0,,not_available,未获取到关联站台源对象,
node/9255881286,章丘北站,2,2,2,0,0,,not_available,源对象与显示一致，实际完整性未核验,way/659926329|way/659926331
node/10277066297,章丘南站,2,2,2,0,0,,not_available,源对象与显示一致，实际完整性未核验,way/1124395893|way/1124395894
node/8436796782,章丘站,0,0,0,0,0,,not_available,未获取到关联站台源对象,
node/9176129499,章党站,0,0,0,0,0,,not_available,未获取到关联站台源对象,
node/2340355365,章古台站,1,1,1,0,0,,not_available,源对象与显示一致，实际完整性未核验,way/1481764587
node/9258877060,章村站,0,0,0,0,0,,not_available,未获取到关联站台源对象,
node/9226690945,童亭站,0,0,0,0,0,,not_available,未获取到关联站台源对象,
node/3559549536,童家站,0,0,0,0,0,,not_available,未获取到关联站台源对象,
node/5652369240,端州站,2,2,2,0,0,,not_available,源对象与显示一致，实际完整性未核验,way/1338023278|way/1338023279
node/3860349170,端氏站,0,0,0,0,0,,not_available,未获取到关联站台源对象,
node/8164515556,竹园坝站,1,1,0,1,0,,not_available,来源含站台线，不能当作真实面,way/979812210
node/8168457079,竹园站,0,0,0,0,0,,not_available,未获取到关联站台源对象,
node/12712348633,竹料站,4,4,4,0,0,,not_available,源对象与显示一致，实际完整性未核验,way/1434060597|way/1434060598|way/1434060599|way/1434060600
node/9242148054,竹溪站,0,0,0,0,0,,not_available,未获取到关联站台源对象,
node/7824756883,竹马馆站,1,1,1,0,0,,not_available,源对象与显示一致，实际完整性未核验,way/764287107
node/8383166679,笋岗站,0,0,0,0,0,,not_available,未获取到关联站台源对象,
node/2662698143,笔架山站,1,1,0,1,0,,not_available,来源含站台线，不能当作真实面,way/1124364551
node/2454049450,笕桥站,2,2,2,0,0,,not_available,源对象与显示一致，实际完整性未核验,way/1215956346|way/1411792192
node/3624940373,符离集站,0,0,0,0,0,,not_available,未获取到关联站台源对象,
node/13588835324,第一滩站,0,0,0,0,0,,not_available,未获取到关联站台源对象,
node/7473325533,策克站,1,1,1,0,0,,not_available,源对象与显示一致，实际完整性未核验,way/786278059
node/9081732729,策克站,0,0,0,0,0,,not_available,未获取到关联站台源对象,
node/8200722743,策勒 چىرا站,0,0,0,0,0,,not_available,未获取到关联站台源对象,
node/5459595000,策达雅 چېدىر站,0,0,0,0,0,,not_available,未获取到关联站台源对象,
node/10667666355,筠连南站,0,0,0,0,0,,not_available,未获取到关联站台源对象,
node/9329260406,筠连站,0,0,0,0,0,,not_available,未获取到关联站台源对象,
node/7740286551,筻口站,0,0,0,0,0,,not_available,未获取到关联站台源对象,
node/9730798264,简子沟站,0,0,0,0,0,,not_available,未获取到关联站台源对象,
node/12387860408,简州站,0,0,0,0,0,,not_available,未获取到关联站台源对象,
node/3500462638,简阳南站,2,2,0,2,0,,not_available,来源含站台线，不能当作真实面,way/986384476|way/986384477
node/2375939323,简阳站,0,0,0,0,0,,not_available,未获取到关联站台源对象,
node/8445860961,算王庄站,0,0,0,0,0,,not_available,未获取到关联站台源对象,
node/8454361474,管店站,0,0,0,0,0,,not_available,未获取到关联站台源对象,
node/9246201057,箭口站,0,0,0,0,0,,not_available,未获取到关联站台源对象,
node/7272083212,篁墩站,0,0,0,0,0,,not_available,未获取到关联站台源对象,
node/8440342288,簕竹站,0,0,0,0,0,,not_available,未获取到关联站台源对象,
node/12212964520,米兰东站,0,0,0,0,0,,not_available,未获取到关联站台源对象,
node/7319259959,米兰站,0,0,0,0,0,,not_available,未获取到关联站台源对象,
node/8855979703,米场,0,0,0,0,0,,not_available,未获取到关联站台源对象,
node/9192069849,米山站,0,0,0,0,0,,not_available,未获取到关联站台源对象,
node/9846723811,米易东站,0,0,0,0,0,,not_available,未获取到关联站台源对象,
node/1558444943,米易站,0,0,0,0,0,,not_available,未获取到关联站台源对象,
node/7329138461,米林站,2,2,0,2,0,,not_available,来源含站台线，不能当作真实面,way/1228860802|way/1228860803
node/2348271087,米沙子站,0,0,0,0,0,,not_available,未获取到关联站台源对象,
node/6296207744,米泉站,0,0,0,0,0,,not_available,未获取到关联站台源对象,
node/11626723105,米美站,0,0,0,0,0,,not_available,未获取到关联站台源对象,
node/12520800007,米脂北站,0,0,0,0,0,,not_available,未获取到关联站台源对象,
node/1606443999,米脂站,2,2,2,0,0,,not_available,源对象与显示一致，实际完整性未核验,way/1485491020|way/1485491021
node/8383768212,粟城站,0,0,0,0,0,,not_available,未获取到关联站台源对象,
node/4676361140,粮校站,0,0,0,0,0,,not_available,未获取到关联站台源对象,
node/1902381604,精河 جىڭ ᠵᠢᠩ站,0,0,0,0,0,,not_available,未获取到关联站台源对象,
node/1902355169,精河南 جەنۇبىي جىڭ ᠡᠮᠦᠨ᠎ᠡ ᠵᠢᠩ站,0,0,0,0,0,,not_available,未获取到关联站台源对象,
node/3753841690,糜杆桥站,0,0,0,0,0,,not_available,未获取到关联站台源对象,
node/8859191861,糯垌站,0,0,0,0,0,,not_available,未获取到关联站台源对象,
node/1730851586,索伦站,0,0,0,0,0,,not_available,未获取到关联站台源对象,
node/7319259964,索尔库里站,0,0,0,0,0,,not_available,未获取到关联站台源对象,
node/12091508856,紫云站,0,0,0,0,0,,not_available,未获取到关联站台源对象,
node/3373834199,紫泥泉站,0,0,0,0,0,,not_available,未获取到关联站台源对象,
node/8154570897,紫溪站,0,0,0,0,0,,not_available,未获取到关联站台源对象,
node/1984411049,紫荆关站,3,3,3,0,0,,not_available,源对象与显示一致，实际完整性未核验,way/1140113781|way/1140113784|way/1140113792
node/7197704006,紫金山东站,1,1,0,1,0,,not_available,来源含站台线，不能当作真实面,way/187513835
node/8280728427,紫金山站,0,0,0,0,0,,not_available,未获取到关联站台源对象,
node/1556058508,紫阳站,0,0,0,0,0,,not_available,未获取到关联站台源对象,
node/3695373142,綦江东站,0,0,0,0,0,,not_available,未获取到关联站台源对象,
node/8190990043,綦江北站,0,0,0,0,0,,not_available,未获取到关联站台源对象,
node/2327990932,綦江站,0,0,0,0,0,,not_available,未获取到关联站台源对象,
node/5279548424,繁峙站,0,0,0,0,0,,not_available,未获取到关联站台源对象,
node/2987531141,繁昌站,0,0,0,0,0,,not_available,未获取到关联站台源对象,
node/9242148044,繁昌西站,0,0,0,0,0,,not_available,未获取到关联站台源对象,
node/9295636269,红一矿站,0,0,0,0,0,,not_available,未获取到关联站台源对象,
node/9295636268,红二矿站,0,0,0,0,0,,not_available,未获取到关联站台源对象,
node/4071848321,红井子站,0,0,0,0,0,,not_available,未获取到关联站台源对象,
node/9299765147,红会站,0,0,0,0,0,,not_available,未获取到关联站台源对象,
node/9523224050,红光站,2,2,1,1,0,,not_available,来源含站台线，不能当作真实面,way/263139221|way/263139223
node/9327370167,红光镇站,2,2,0,2,0,,not_available,来源含站台线，不能当作真实面,way/857480903|way/857480904
node/2329566268,红兴隆站,1,1,0,1,0,,not_available,来源含站台线，不能当作真实面,way/1124613794
node/12078908868,红升站,0,0,0,0,0,,not_available,未获取到关联站台源对象,
node/2324653265,红卫坝站,1,1,0,1,0,,not_available,来源含站台线，不能当作真实面,way/1128019056
node/9121997533,红卫村站,0,0,0,0,0,,not_available,未获取到关联站台源对象,
node/12982932296,红卫站,0,0,0,0,0,,not_available,未获取到关联站台源对象,
node/8481094903,红卫站,0,0,0,0,0,,not_available,未获取到关联站台源对象,
node/11115758331,红原站,0,0,0,0,0,,not_available,未获取到关联站台源对象,
node/9524436503,红台站,0,0,0,0,0,,not_available,未获取到关联站台源对象,
node/4128354082,红圈沟站,1,1,1,0,0,,not_available,源对象与显示一致，实际完整性未核验,way/411101664
node/13411785021,红土坡站,0,0,0,0,0,,not_available,未获取到关联站台源对象,
node/3697044155,红土站,0,0,0,0,0,,not_available,未获取到关联站台源对象,
node/7202301455,红土站,0,0,0,0,0,,not_available,未获取到关联站台源对象,
node/2912792720,红埠寺站,0,0,0,0,0,,not_available,未获取到关联站台源对象,
node/12747906904,红塘湾站,0,0,0,0,0,,not_available,未获取到关联站台源对象,
node/7199441361,红安站,0,0,0,0,0,,not_available,未获取到关联站台源对象,
node/7199441362,红安西站,2,2,2,0,0,,not_available,源对象与显示一致，实际完整性未核验,way/1082531825|way/1082531826
node/7707974988,红寺堡北站,0,0,0,0,0,,not_available,未获取到关联站台源对象,
node/11757094632,红寺堡站,0,0,0,0,0,,not_available,未获取到关联站台源对象,
node/2987136045,红层南站,0,0,0,0,0,,not_available,未获取到关联站台源对象,
node/9524436501,红山口站,0,0,0,0,0,,not_available,未获取到关联站台源对象,
node/7368677856,红山咀站,0,0,0,0,0,,not_available,未获取到关联站台源对象,
node/9524455320,红山堡站,1,1,0,1,0,,not_available,来源含站台线，不能当作真实面,way/1466326376
node/2154670847,红山站,1,1,0,1,0,,not_available,来源含站台线，不能当作真实面,way/1123370320
node/2340696419,红岘台站,0,0,0,0,0,,not_available,未获取到关联站台源对象,
node/5111172547,红岛站,0,0,0,0,0,,not_available,未获取到关联站台源对象,
node/7363525934,红岭站,0,0,0,0,0,,not_available,未获取到关联站台源对象,
node/2092189972,红峰站,0,0,0,0,0,,not_available,未获取到关联站台源对象,
node/8390594062,红崖站,0,0,0,0,0,,not_available,未获取到关联站台源对象,
node/6308154308,红彦站,1,1,0,1,0,,not_available,来源含站台线，不能当作真实面,way/1126858197
node/9524436502,红旗坎站,0,0,0,0,0,,not_available,未获取到关联站台源对象,
node/8293150981,红旗屯站,0,0,0,0,0,,not_available,未获取到关联站台源对象,
node/9524436509,红旗村站,0,0,0,0,0,,not_available,未获取到关联站台源对象,
node/3174472512,红旗渠站,0,0,0,0,0,,not_available,未获取到关联站台源对象,
node/1582507174,红旗站,2,2,0,2,0,,not_available,来源含站台线，不能当作真实面,way/1460406953|way/1460406954
node/3701345892,红旗营东站,1,1,0,1,0,,not_available,来源含站台线，不能当作真实面,way/1096882575
node/2343318807,红旗营站,1,1,0,1,0,,not_available,来源含站台线，不能当作真实面,way/1091633103
node/7368677858,红旗镇站,0,0,0,0,0,,not_available,未获取到关联站台源对象,
node/5485514757,红星四场,0,0,0,0,0,,not_available,未获取到关联站台源对象,
node/12982956204,红星站,0,0,0,0,0,,not_available,未获取到关联站台源对象,
node/6390678097,红星站,1,1,0,1,0,,not_available,来源含站台线，不能当作真实面,way/1124070626
node/2323529366,红果站,2,2,2,0,0,,not_available,源对象与显示一致，实际完整性未核验,way/1449393622|way/1449650136
node/13739142636,红柳井站,0,0,0,0,0,,not_available,未获取到关联站台源对象,
node/6223194562,红柳川站,0,0,0,0,0,,not_available,未获取到关联站台源对象,
node/4071807990,红柳沟站,0,0,0,0,0,,not_available,未获取到关联站台源对象,
node/2987131890,红柳河南站,0,0,0,0,0,,not_available,未获取到关联站台源对象,
node/7369068583,红柳河站,0,0,0,0,0,,not_available,未获取到关联站台源对象,
node/5010524114,红柳站,0,0,0,0,0,,not_available,未获取到关联站台源对象,
node/9118904881,红柳站,0,0,0,0,0,,not_available,未获取到关联站台源对象,
node/9118904882,红梁子站,0,0,0,0,0,,not_available,未获取到关联站台源对象,
node/9295636270,红沙岗站,0,0,0,0,0,,not_available,未获取到关联站台源对象,
node/13521571042,红沙梁站,0,0,0,0,0,,not_available,未获取到关联站台源对象,
node/4071848332,红沟窑站,0,0,0,0,0,,not_available,未获取到关联站台源对象,
node/10091196499,红河站,4,4,4,0,0,,not_available,源对象与显示一致，实际完整性未核验,way/1221501259|way/1221501260|way/1221501261|way/1221501262
node/7473462483,红泉站,0,0,0,0,0,,not_available,未获取到关联站台源对象,
node/9914675146,红海站,0,0,0,0,0,,not_available,未获取到关联站台源对象,
node/7236789288,红炭山站,0,0,0,0,0,,not_available,未获取到关联站台源对象,
node/9336859437,红牌楼站,2,2,0,2,0,,not_available,来源含站台线，不能当作真实面,way/1061442184|way/1061442185
node/9292699686,红石岩站,0,0,0,0,0,,not_available,未获取到关联站台源对象,
node/3156146730,红石峡站,0,0,0,0,0,,not_available,未获取到关联站台源对象,
node/1596579468,红石崖站,0,0,0,0,0,,not_available,未获取到关联站台源对象,
node/9246201034,红石崖站,0,0,0,0,0,,not_available,未获取到关联站台源对象,
node/9292699672,红石桥站,0,0,0,0,0,,not_available,未获取到关联站台源对象,
node/9171411641,红石砬子站,0,0,0,0,0,,not_available,未获取到关联站台源对象,
node/13437568763,红石砬站,0,0,0,0,0,,not_available,未获取到关联站台源对象,
node/2336082793,红石站,0,0,0,0,0,,not_available,未获取到关联站台源对象,
node/1694262013,红砂坝站,0,0,0,0,0,,not_available,未获取到关联站台源对象,
node/9118892085,红砂岘站,0,0,0,0,0,,not_available,未获取到关联站台源对象,
node/8308420534,红花园站,0,0,0,0,0,,not_available,未获取到关联站台源对象,
node/1817420718,红花塘站,0,0,0,0,0,,not_available,未获取到关联站台源对象,
node/1720956480,红花沟站,1,1,0,1,0,,not_available,来源含站台线，不能当作真实面,way/1459864158
node/5380534763,红花站,0,0,0,0,0,,not_available,未获取到关联站台源对象,
node/1545968420,红花铺站,1,1,0,1,0,,not_available,来源含站台线，不能当作真实面,way/958192374
node/9638789775,红螺寺站,0,0,0,0,0,,not_available,未获取到关联站台源对象,
node/3700492096,红进塔站,0,0,0,0,0,,not_available,未获取到关联站台源对象,
node/9126260261,红部站,1,1,0,1,0,,not_available,来源含站台线，不能当作真实面,way/1115867820
node/9899716444,红龙站,0,0,0,0,0,,not_available,未获取到关联站台源对象,
node/844681837,纪家沟站,2,2,0,2,0,,not_available,来源含站台线，不能当作真实面,way/1453743695|way/1453743696
node/8457282556,纯化站,0,0,0,0,0,,not_available,未获取到关联站台源对象,
way/1190935712,纯洲站,0,0,0,0,0,,not_available,未获取到关联站台源对象,
node/12091626125,纳岸站,0,0,0,0,0,,not_available,未获取到关联站台源对象,
node/8857160235,纳朝站,0,0,0,0,0,,not_available,未获取到关联站台源对象,
node/9081732811,纳林川站,0,0,0,0,0,,not_available,未获取到关联站台源对象,
node/4071010316,纳林沟门站,0,0,0,0,0,,not_available,未获取到关联站台源对象,
node/7740376251,纳林河站,0,0,0,0,0,,not_available,未获取到关联站台源对象,
node/9292699639,纳林皋兔站,0,0,0,0,0,,not_available,未获取到关联站台源对象,
node/3045724425,纳林西里站,0,0,0,0,0,,not_available,未获取到关联站台源对象,
node/5948263050,纳溪站,1,1,0,1,0,,not_available,来源含站台线，不能当作真实面,way/1452669144
node/6339840090,纳赤台站,0,0,0,0,0,,not_available,未获取到关联站台源对象,
node/9329260397,纳雍站,0,0,0,0,0,,not_available,未获取到关联站台源对象,
node/9329260396,纳雍西站,0,0,0,0,0,,not_available,未获取到关联站台源对象,
node/2832809379,纸坊东站,0,0,0,0,0,,not_available,未获取到关联站台源对象,
node/8337379793,纸坊站,0,0,0,0,0,,not_available,未获取到关联站台源对象,
node/8491578431,纸店站,0,0,0,0,0,,not_available,未获取到关联站台源对象,
node/2726647406,纺织城站,0,0,0,0,0,,not_available,未获取到关联站台源对象,
way/1293098382,线路所,0,0,0,0,0,,not_available,未获取到关联站台源对象,
node/11672638207,练塘站,2,2,2,0,0,,not_available,源对象与显示一致，实际完整性未核验,way/1427639334|way/1427639335
node/9282598404,组合站,0,0,0,0,0,,not_available,未获取到关联站台源对象,
node/9209486378,绅坊西站,0,0,0,0,0,,not_available,未获取到关联站台源对象,
node/9137873798,细鳞河站,1,1,0,1,0,,not_available,来源含站台线，不能当作真实面,way/1109541099
node/11753220611,织里站,0,0,0,0,0,,not_available,未获取到关联站台源对象,
node/7706681129,织金北站,0,0,0,0,0,,not_available,未获取到关联站台源对象,
node/3426979825,织金站,2,2,2,0,0,,not_available,源对象与显示一致，实际完整性未核验,way/1521253739|way/1521253740
node/5382282762,绍兴东站,0,0,0,0,0,,not_available,未获取到关联站台源对象,
node/7714110164,绍兴北站,2,2,0,2,0,,not_available,来源含站台线，不能当作真实面,way/893892334|way/893892335
node/1579354023,绍兴站,2,2,2,0,0,,not_available,源对象与显示一致，实际完整性未核验,way/1072949149|way/1072949150
node/9119790829,绍包特站,0,0,0,0,0,,not_available,未获取到关联站台源对象,
node/9119773616,绍根站,0,0,0,0,0,,not_available,未获取到关联站台源对象,
node/8154570907,绍水站,0,0,0,0,0,,not_available,未获取到关联站台源对象,
node/8151140516,经久站,0,0,0,0,0,,not_available,未获取到关联站台源对象,
node/843276771,经棚站,0,0,0,0,0,,not_available,未获取到关联站台源对象,
node/1655741317,绕阳河站,2,2,1,1,0,,not_available,来源含站台线，不能当作真实面,way/1453572836|way/1453572837
node/2999345285,绛帐站,0,0,0,0,0,,not_available,未获取到关联站台源对象,
node/3182650877,统军庄站,1,1,0,1,0,,not_available,来源含站台线，不能当作真实面,way/493841107
node/10313458329,统景站,1,1,0,1,0,,not_available,来源含站台线，不能当作真实面,way/1436851733
node/13674982604,统景站,1,1,0,1,0,,not_available,来源含站台线，不能当作真实面,way/1436851734
node/6316810853,绣峰站,1,1,0,1,0,,not_available,来源含站台线，不能当作真实面,way/1146667330
node/1582507290,绥中北站,0,0,0,0,0,,not_available,未获取到关联站台源对象,
node/9179735860,绥中港站,0,0,0,0,0,,not_available,未获取到关联站台源对象,
node/6499134181,绥中站,2,2,2,0,0,,not_available,源对象与显示一致，实际完整性未核验,way/1431056637|way/1431056638
node/12750145341,绥化南站,3,3,3,0,0,,not_available,源对象与显示一致，实际完整性未核验,way/1446193624|way/1446193625|way/1446193626
node/3768463959,绥化站,1,1,1,0,0,,not_available,源对象与显示一致，实际完整性未核验,way/1434544248
node/1606221014,绥德站,0,0,0,0,0,,not_available,未获取到关联站台源对象,
node/12520800004,绥德西站,0,0,0,0,0,,not_available,未获取到关联站台源对象,
node/2344167675,绥棱站,2,2,0,2,0,,not_available,来源含站台线，不能当作真实面,way/1111042274|way/1111042275
node/8948902792,绥芬河站,3,3,0,3,0,,not_available,来源含站台线，不能当作真实面,way/1092831593|way/1092831594|way/1092831595
node/5082241388,绥阳南站,1,1,0,1,0,,not_available,来源含站台线，不能当作真实面,way/1110290865
node/5082241584,绥阳站,2,2,0,2,0,,not_available,来源含站台线，不能当作真实面,way/1110006725|way/1110006726
node/9125461470,继承站,1,1,0,1,0,,not_available,来源含站台线，不能当作真实面,way/1117205552
node/9242148049,绩溪北站,5,5,5,0,0,,not_available,源对象与显示一致，实际完整性未核验,way/1021915796|way/1021915797|way/1021915798|way/1021915799|way/1021915800
node/7272083204,绩溪县站,0,0,0,0,0,,not_available,未获取到关联站台源对象,
node/10798702237,绰尔站,0,0,0,0,0,,not_available,未获取到关联站台源对象,
node/8154580339,维罗站,0,0,0,0,0,,not_available,未获取到关联站台源对象,
node/12211994988,维马克站,0,0,0,0,0,,not_available,未获取到关联站台源对象,
node/4905588130,绵竹南站,0,0,0,0,0,,not_available,未获取到关联站台源对象,
node/4360101223,绵竹站,0,0,0,0,0,,not_available,未获取到关联站台源对象,
node/7236099479,绵良站,0,0,0,0,0,,not_available,未获取到关联站台源对象,
node/14155798682,绵阳北站,0,0,0,0,0,,not_available,未获取到关联站台源对象,
node/12814651369,绵阳南站,0,0,0,0,0,,not_available,未获取到关联站台源对象,
node/1742504939,绵阳站,5,5,5,0,0,,not_available,源对象与显示一致，实际完整性未核验,way/834381573|way/834381587|way/834386384|way/834386385|way/834386386
node/2623959073,绿化站,0,0,0,0,0,,not_available,未获取到关联站台源对象,
node/3257681290,绿博园站,2,2,2,0,0,,not_available,源对象与显示一致，实际完整性未核验,way/965550107|way/965550108
node/5010529881,绿梁山站,0,0,0,0,0,,not_available,未获取到关联站台源对象,
node/8786471050,绿水站,0,0,0,0,0,,not_available,未获取到关联站台源对象,
node/9137876524,绿潭站,1,1,0,1,0,,not_available,来源含站台线，不能当作真实面,way/1121228781
node/2643971321,绿荫湖站,0,0,0,0,0,,not_available,未获取到关联站台源对象,
node/10270962858,缓岭站,0,0,0,0,0,,not_available,未获取到关联站台源对象,
node/13934170017,编组站,0,0,0,0,0,,not_available,未获取到关联站台源对象,
node/7702364123,缙云站,2,2,2,0,0,,not_available,源对象与显示一致，实际完整性未核验,way/197668237|way/197668238
node/7705042791,缙云西站,2,2,2,0,0,,not_available,源对象与显示一致，实际完整性未核验,way/1023898957|way/1023898958
node/3024721310,缯溪河站,0,0,0,0,0,,not_available,未获取到关联站台源对象,
node/1710092398,缸房夭站,0,0,0,0,0,,not_available,未获取到关联站台源对象,
node/5583528221,缸窑沟站,0,0,0,0,0,,not_available,未获取到关联站台源对象,
node/8509639373,缸窑湖站,0,0,0,0,0,,not_available,未获取到关联站台源对象,
node/5176143900,网岭站,0,0,0,0,0,,not_available,未获取到关联站台源对象,
node/3697044127,罕井站,0,0,0,0,0,,not_available,未获取到关联站台源对象,
node/3045632712,罕台川北站,0,0,0,0,0,,not_available,未获取到关联站台源对象,
node/3045632030,罕台川站,0,0,0,0,0,,not_available,未获取到关联站台源对象,
node/9125461478,罕达盖站,1,1,0,1,0,,not_available,来源含站台线，不能当作真实面,way/1125654108
node/5457244728,罗中站,0,0,0,0,0,,not_available,未获取到关联站台源对象,
node/8859166657,罗同站,0,0,0,0,0,,not_available,未获取到关联站台源对象,
node/2279198906,罗坊站,0,0,0,0,0,,not_available,未获取到关联站台源对象,
node/10108687048,罗坭站,0,0,0,0,0,,not_available,未获取到关联站台源对象,
node/2838829945,罗坳站,0,0,0,0,0,,not_available,未获取到关联站台源对象,
node/5023447655,罗城站,1,1,1,0,0,,not_available,源对象与显示一致，实际完整性未核验,way/514089459
node/5295913003,罗妙真站,0,0,0,0,0,,not_available,未获取到关联站台源对象,
node/12644750363,罗定北站,0,0,0,0,0,,not_available,未获取到关联站台源对象,
node/5711018314,罗定站,0,0,0,0,0,,not_available,未获取到关联站台源对象,
node/3097123145,罗家桥站,0,0,0,0,0,,not_available,未获取到关联站台源对象,
node/8321044512,罗家渡站,0,0,0,0,0,,not_available,未获取到关联站台源对象,
node/5655797145,罗家祠站,0,0,0,0,0,,not_available,未获取到关联站台源对象,
node/1095127254,罗山站,2,2,2,0,0,,not_available,源对象与显示一致，实际完整性未核验,way/894258732|way/894258733
node/9207275770,罗屿站,0,0,0,0,0,,not_available,未获取到关联站台源对象,
node/12211994994,罗布庄站,0,0,0,0,0,,not_available,未获取到关联站台源对象,
node/13739142637,罗布泊南站,0,0,0,0,0,,not_available,未获取到关联站台源对象,
node/13739142638,罗布泊站,0,0,0,0,0,,not_available,未获取到关联站台源对象,
node/4357371949,罗平站,1,1,1,0,0,,not_available,源对象与显示一致，实际完整性未核验,way/1450700340
node/12957861785,罗庄站,0,0,0,0,0,,not_available,未获取到关联站台源对象,
node/3055465230,罗敷站,0,0,0,0,0,,not_available,未获取到关联站台源对象,
node/2665976099,罗文皂站,0,0,0,0,0,,not_available,未获取到关联站台源对象,
node/3894496841,罗江东站,0,0,0,0,0,,not_available,未获取到关联站台源对象,
node/3894496836,罗江站,0,0,0,0,0,,not_available,未获取到关联站台源对象,
node/10271063769,罗浮山站,2,2,2,0,0,,not_available,源对象与显示一致，实际完整性未核验,way/1235965870|way/1235965871
node/1895255830,罗源站,2,2,2,0,0,,not_available,源对象与显示一致，实际完整性未核验,way/1430710234|way/1430710235
node/11694228215,罗溪村站,0,0,0,0,0,,not_available,未获取到关联站台源对象,
node/6757855583,罗王站,0,0,0,0,0,,not_available,未获取到关联站台源对象,
node/6274553749,罗玛站,0,0,0,0,0,,not_available,未获取到关联站台源对象,
node/3499334916,罗田站,0,0,0,0,0,,not_available,未获取到关联站台源对象,
node/2370644361,罗铺站,0,0,0,0,0,,not_available,未获取到关联站台源对象,
node/9900025775,罗麦站,0,0,0,0,0,,not_available,未获取到关联站台源对象,
node/8410567754,羊三木站,0,0,0,0,0,,not_available,未获取到关联站台源对象,
node/7296234978,羊八井站,2,2,2,0,0,,not_available,源对象与显示一致，实际完整性未核验,way/669078733|way/669078734
node/7296234979,羊八林站,0,0,0,0,0,,not_available,未获取到关联站台源对象,
node/9254936103,羊口站,0,0,0,0,0,,not_available,未获取到关联站台源对象,
node/4071548561,羊场湾站,0,0,0,0,0,,not_available,未获取到关联站台源对象,
node/5514622812,羊坪站,2,2,2,0,0,,not_available,源对象与显示一致，实际完整性未核验,way/1284554607|way/1284554608
node/1534144162,羊堡站,1,1,1,0,0,,not_available,源对象与显示一致，实际完整性未核验,way/1442936040
node/7365718249,羊塔克库都克站,0,0,0,0,0,,not_available,未获取到关联站台源对象,
node/8364176783,羊尾哨站,0,0,0,0,0,,not_available,未获取到关联站台源对象,
node/3500351615,羊木站,0,0,0,0,0,,not_available,未获取到关联站台源对象,
node/4357594762,羊者窝站,0,0,0,0,0,,not_available,未获取到关联站台源对象,
node/1758381765,羊臼河站,0,0,0,0,0,,not_available,未获取到关联站台源对象,
node/7679262811,羊草庄站,0,0,0,0,0,,not_available,未获取到关联站台源对象,
node/9137873792,羊草站,2,2,0,2,0,,not_available,来源含站台线，不能当作真实面,way/1097916750|way/1097916751
node/6524836174,羊角沟站,0,0,0,0,0,,not_available,未获取到关联站台源对象,
node/7715301466,羊马站,2,2,2,0,0,,not_available,源对象与显示一致，实际完整性未核验,way/1544654861|way/1544654862
node/7639835673,美兰站,0,0,0,0,0,,not_available,未获取到关联站台源对象,
node/357140849,"美國小鎮大街 Main Street, USA站",1,1,0,1,0,,not_available,来源含站台线，不能当作真实面,way/197853074
node/1694174655,美岱召站,0,0,0,0,0,,not_available,未获取到关联站台源对象,
node/9129186231,美溪站,1,1,0,1,0,,not_available,来源含站台线，不能当作真实面,way/1123071670
node/12211994983,群克站,0,0,0,0,0,,not_available,未获取到关联站台源对象,
node/5175876234,翔安站,0,0,0,0,0,,not_available,未获取到关联站台源对象,
node/9242869574,翟镇矿站,0,0,0,0,0,,not_available,未获取到关联站台源对象,
node/9195330015,翠亨站,0,0,0,0,0,,not_available,未获取到关联站台源对象,
node/3972626285,翠屏山站,0,0,0,0,0,,not_available,未获取到关联站台源对象,
node/1574205198,翠屏站,2,2,2,0,0,,not_available,源对象与显示一致，实际完整性未核验,way/349825828|way/1429040043
node/1252233949,翠岗站,1,1,0,1,0,,not_available,来源含站台线，不能当作真实面,way/1145192311
node/1252233939,翠峰站,1,1,0,1,0,,not_available,来源含站台线，不能当作真实面,way/1127666967
node/3218320255,翼城东站,2,2,2,0,0,,not_available,源对象与显示一致，实际完整性未核验,way/1467919994|way/1467919995
node/3218363029,翼城站,5,5,5,0,0,,not_available,源对象与显示一致，实际完整性未核验,way/1134253935|way/1134253936|way/1134253937|way/1467943707|way/1467943708
node/3697044208,耀州站,1,1,1,0,0,,not_available,源对象与显示一致，实际完整性未核验,way/1208793232
node/3653614511,耀州西站,0,0,0,0,0,,not_available,未获取到关联站台源对象,
node/9322545558,老君站,0,0,0,0,0,,not_available,未获取到关联站台源对象,
node/3926574381,老城镇站,0,0,0,0,0,,not_available,未获取到关联站台源对象,
node/7794871061,老堡站,0,0,0,0,0,,not_available,未获取到关联站台源对象,
node/12798136141,老寨站,0,0,0,0,0,,not_available,未获取到关联站台源对象,
node/1550539278,老岭站,0,0,0,0,0,,not_available,未获取到关联站台源对象,
node/9118904955,老庄子站,0,0,0,0,0,,not_available,未获取到关联站台源对象,
node/1721802918,老府站,2,2,0,2,0,,not_available,来源含站台线，不能当作真实面,way/1459369425|way/1459369426
node/4373641710,老松岭站,0,0,0,0,0,,not_available,未获取到关联站台源对象,
node/3483188021,老河口东站,0,0,0,0,0,,not_available,未获取到关联站台源对象,
node/8548333008,老河口站,0,0,0,0,0,,not_available,未获取到关联站台源对象,
node/2332707897,老爷岭站,0,0,0,0,0,,not_available,未获取到关联站台源对象,
node/9081732760,老牛湾站,0,0,0,0,0,,not_available,未获取到关联站台源对象,
node/9098127456,老石旦站,0,0,0,0,0,,not_available,未获取到关联站台源对象,
node/1603990214,老磨刀石站,2,2,0,2,0,,not_available,来源含站台线，不能当作真实面,way/1204402186|way/1204402187
node/9085696684,老礼堂站,2,2,2,0,0,,not_available,源对象与显示一致，实际完整性未核验,way/1366662230|way/1366662231
node/3734238500,老穆棱站,0,0,0,0,0,,not_available,未获取到关联站台源对象,
node/8742307959,老粮仓站,0,0,0,0,0,,not_available,未获取到关联站台源对象,
node/9111251387,老羊壕站,0,0,0,0,0,,not_available,未获取到关联站台源对象,
node/1593383661,老莱站,1,1,0,1,0,,not_available,来源含站台线，不能当作真实面,way/1125798322
node/2381432148,老营站,1,1,1,0,0,,not_available,源对象与显示一致，实际完整性未核验,way/669614423
node/8386306171,老营镇站,0,0,0,0,0,,not_available,未获取到关联站台源对象,
node/10917569590,老虎台站,1,1,1,0,0,,not_available,源对象与显示一致，实际完整性未核验,way/1557247766
node/9166844945,老虎屯站,0,0,0,0,0,,not_available,未获取到关联站台源对象,
node/9123967449,老虎山站,0,0,0,0,0,,not_available,未获取到关联站台源对象,
node/2349495350,老边站,0,0,0,0,0,,not_available,未获取到关联站台源对象,
node/1964642673,老锅厂站,0,0,0,0,0,,not_available,未获取到关联站台源对象,
node/3754533972,老鸦城站,0,0,0,0,0,,not_available,未获取到关联站台源对象,
node/8329596501,者桑站,0,0,0,0,0,,not_available,未获取到关联站台源对象,
node/8308266740,耒阳站,2,2,2,0,0,,not_available,源对象与显示一致，实际完整性未核验,way/525260807|way/1412740813
node/8393714002,耒阳西站,2,2,2,0,0,,not_available,源对象与显示一致，实际完整性未核验,way/1123585619|way/1123585620
node/4072951384,耶仁高勒站,0,0,0,0,0,,not_available,未获取到关联站台源对象,
node/8018359583,耿坡站,0,0,0,0,0,,not_available,未获取到关联站台源对象,
node/9081732730,耿庆沟站,0,0,0,0,0,,not_available,未获取到关联站台源对象,
node/11202356354,耿达站,0,0,0,0,0,,not_available,未获取到关联站台源对象,
node/7798843257,聂各庄站,3,3,0,3,0,,not_available,来源含站台线，不能当作真实面,way/159546542|way/159546547|way/159546548
node/3864640853,聂家湾站,1,1,0,1,0,,not_available,来源含站台线，不能当作真实面,way/1316914547
node/6367177963,聂庄站,0,0,0,0,0,,not_available,未获取到关联站台源对象,
node/8390870041,聂村站,0,0,0,0,0,,not_available,未获取到关联站台源对象,
node/1252171808,聂河站,1,1,0,1,0,,not_available,来源含站台线，不能当作真实面,way/1146875707
node/6427566587,聊城东站,0,0,0,0,0,,not_available,未获取到关联站台源对象,
node/2651716243,聊城北站,0,0,0,0,0,,not_available,未获取到关联站台源对象,
node/6225072999,聊城站,3,3,3,0,0,,not_available,源对象与显示一致，实际完整性未核验,way/665071566|way/665071581|way/665071582
node/10650882519,聊城西站,6,6,6,0,0,,not_available,源对象与显示一致，实际完整性未核验,way/1216157107|way/1216157108|way/1216157109|way/1216157110|way/1216157111|way/1216157112
node/9072960174,联光站,0,0,0,0,0,,not_available,未获取到关联站台源对象,
node/2092190005,联合乡站,1,1,1,0,0,,not_available,源对象与显示一致，实际完整性未核验,way/515763341
node/7296275991,联通河站,0,0,0,0,0,,not_available,未获取到关联站台源对象,
node/9327370165,聚源站,2,2,0,2,0,,not_available,来源含站台线，不能当作真实面,way/542926647|way/542926648
node/5010493644,肃北站,0,0,0,0,0,,not_available,未获取到关联站台源对象,
node/3915762569,肃宁北站,0,0,0,0,0,,not_available,未获取到关联站台源对象,
node/11296772803,肃宁河间站,2,2,0,2,0,,not_available,来源含站台线，不能当作真实面,way/1548270872|way/1548270873
node/2351141710,肃宁站,2,2,2,0,0,,not_available,源对象与显示一致，实际完整性未核验,way/1081093125|way/1081093126
node/9265488875,肃州站,0,0,0,0,0,,not_available,未获取到关联站台源对象,
node/3701360574,肇东站,3,3,0,3,0,,not_available,来源含站台线，不能当作真实面,way/1097986252|way/1097986253|way/1097986254
node/9195330007,肇庆东站,5,5,5,0,0,,not_available,源对象与显示一致，实际完整性未核验,way/578444738|way/578444739|way/578444742|way/578444745|way/578444747
node/7453106321,肇庆站,6,6,6,0,0,,not_available,源对象与显示一致，实际完整性未核验,way/939264758|way/939264759|way/1058227021|way/1058227022|way/1434652074|way/1434652075
node/8327599040,肖厝站,0,0,0,0,0,,not_available,未获取到关联站台源对象,
node/4666461821,肖家站,0,0,0,0,0,,not_available,未获取到关联站台源对象,
node/9081732801,肖家站,0,0,0,0,0,,not_available,未获取到关联站台源对象,
node/9226690919,肖王站,0,0,0,0,0,,not_available,未获取到关联站台源对象,
node/9242148038,肥东站,2,2,2,0,0,,not_available,源对象与显示一致，实际完整性未核验,way/837146313|way/837146314
node/3649043883,肥乡北站,0,0,0,0,0,,not_available,未获取到关联站台源对象,
node/3649043873,肥乡站,2,2,2,0,0,,not_available,源对象与显示一致，实际完整性未核验,way/1060055931|way/1060055932
node/8456964130,肥城站,0,0,0,0,0,,not_available,未获取到关联站台源对象,
node/10120263982,肥西站,3,3,3,0,0,,not_available,源对象与显示一致，实际完整性未核验,way/1186152486|way/1186152487|way/1186152488
node/7319236185,肯德隆站,0,0,0,0,0,,not_available,未获取到关联站台源对象,
node/8858782217,肯洛站,0,0,0,0,0,,not_available,未获取到关联站台源对象,
node/6390643961,育英站,1,1,0,1,0,,not_available,来源含站台线，不能当作真实面,way/1185185201
node/4663166666,背开柱站,0,0,0,0,0,,not_available,未获取到关联站台源对象,
node/2333085937,背荫河站,2,2,0,2,0,,not_available,来源含站台线，不能当作真实面,way/1112506890|way/1112506891
node/9076173203,胜利站,0,0,0,0,0,,not_available,未获取到关联站台源对象,
node/5697139253,胜利镇站,2,2,2,0,0,,not_available,源对象与显示一致，实际完整性未核验,way/1543026095|way/1543026096
node/8725163007,胜昔桥站,0,0,0,0,0,,not_available,未获取到关联站台源对象,
node/3949357977,胜芳站,2,2,0,2,0,,not_available,来源含站台线，不能当作真实面,way/1077987625|way/1077987626
node/7276599865,胜金北 شىمالىي سىڭگىم站,0,0,0,0,0,,not_available,未获取到关联站台源对象,
node/7272083199,胡乐站,0,0,0,0,0,,not_available,未获取到关联站台源对象,
node/9287647739,胡会站,0,0,0,0,0,,not_available,未获取到关联站台源对象,
node/12734050176,胡家寨站,0,0,0,0,0,,not_available,未获取到关联站台源对象,
node/4780859367,胡家营站,0,0,0,0,0,,not_available,未获取到关联站台源对象,
node/8482789762,胡庄站,0,0,0,0,0,,not_available,未获取到关联站台源对象,
node/5009761945,胡斯台站,0,0,0,0,0,,not_available,未获取到关联站台源对象,
node/7368810566,胡桐林站,0,0,0,0,0,,not_available,未获取到关联站台源对象,
node/12981749287,胡集站,0,0,0,0,0,,not_available,未获取到关联站台源对象,
node/7781338013,胥各庄站,2,2,2,0,0,,not_available,源对象与显示一致，实际完整性未核验,way/1102396262|way/1102396270
node/678741516,胪滨站,1,1,0,1,0,,not_available,来源含站台线，不能当作真实面,way/1125555331
node/6201492201,胶州北站,3,3,3,0,0,,not_available,源对象与显示一致，实际完整性未核验,way/662418886|way/662418888|way/908837178
node/2333425138,胶州站,2,2,2,0,0,,not_available,源对象与显示一致，实际完整性未核验,way/662956984|way/662956988
node/8500082728,胶西站,1,1,0,1,0,,not_available,来源含站台线，不能当作真实面,way/915051476
node/13200405479,能信电厂站,0,0,0,0,0,,not_available,未获取到关联站台源对象,
node/5652914672,腰古站,0,0,0,0,0,,not_available,未获取到关联站台源对象,
node/14003841758,腰屯站,0,0,0,0,0,,not_available,未获取到关联站台源对象,
node/8428776172,腰栈站,1,1,0,1,0,,not_available,来源含站台线，不能当作真实面,way/1453114894
node/9524455319,腰泉子站,0,0,0,0,0,,not_available,未获取到关联站台源对象,
node/5599439289,腰站街站,0,0,0,0,0,,not_available,未获取到关联站台源对象,
node/8329750085,腻革龙站,0,0,0,0,0,,not_available,未获取到关联站台源对象,
node/2501364616,腾桥站,0,0,0,0,0,,not_available,未获取到关联站台源对象,
node/8869317179,自贡北站,2,2,2,0,0,,not_available,源对象与显示一致，实际完整性未核验,way/446623475|way/651793360
node/6353545863,自贡南站,0,0,0,0,0,,not_available,未获取到关联站台源对象,
node/8599259653,自贡站,4,4,0,4,0,,not_available,来源含站台线，不能当作真实面,way/888054350|way/888054351|way/888054352|way/888054353
node/14072867294,致祥屯站,0,0,0,0,0,,not_available,未获取到关联站台源对象,
node/2576637054,舍伯吐站,1,1,1,0,0,,not_available,源对象与显示一致，实际完整性未核验,way/1481600546
node/1273438601,舍力站,0,0,0,0,0,,not_available,未获取到关联站台源对象,
node/1720956513,舍力虎站,0,0,0,0,0,,not_available,未获取到关联站台源对象,
node/2332808254,舒兰站,0,0,0,0,0,,not_available,未获取到关联站台源对象,
node/9987644050,舒城东站,0,0,0,0,0,,not_available,未获取到关联站台源对象,
node/1642883470,舒城站,0,0,0,0,0,,not_available,未获取到关联站台源对象,
node/8093975745,舞钢站,0,0,0,0,0,,not_available,未获取到关联站台源对象,
node/12147781410,舞阳北站,0,0,0,0,0,,not_available,未获取到关联站台源对象,
node/8086727152,舞阳站,0,0,0,0,0,,not_available,未获取到关联站台源对象,
node/7197875276,舵落口站,0,0,0,0,0,,not_available,未获取到关联站台源对象,
node/7702364116,船寮站,0,0,0,0,0,,not_available,未获取到关联站台源对象,
node/8740938516,艮山口站,0,0,0,0,0,,not_available,未获取到关联站台源对象,
node/13475207680,艮山门站,0,0,0,0,0,,not_available,未获取到关联站台源对象,
node/8313484663,良乡站,3,3,1,2,0,,not_available,来源含站台线，不能当作真实面,way/1534552449|way/1062219429|way/1062219430
node/1984410977,良各庄站,0,0,0,0,0,,not_available,未获取到关联站台源对象,
node/7702364115,良岸站,0,0,0,0,0,,not_available,未获取到关联站台源对象,
node/8154580334,良江站,0,0,0,0,0,,not_available,未获取到关联站台源对象,
node/4070997953,色连站,0,0,0,0,0,,not_available,未获取到关联站台源对象,
node/3740820637,艳山红站,0,0,0,0,0,,not_available,未获取到关联站台源对象,
node/2662697998,艾不盖站,0,0,0,0,0,,not_available,未获取到关联站台源对象,
node/7368824856,艾乐站,0,0,0,0,0,,not_available,未获取到关联站台源对象,
node/9171411676,艾友营站,0,0,0,0,0,,not_available,未获取到关联站台源对象,
node/2662698002,艾家村站,1,1,0,1,0,,not_available,来源含站台线，不能当作真实面,way/490673406
node/1984410958,艾河站,1,1,0,1,0,,not_available,来源含站台线，不能当作真实面,way/1150531028
node/9334658551,艾田站,0,0,0,0,0,,not_available,未获取到关联站台源对象,
node/8341413154,芒市站,0,0,0,0,0,,not_available,未获取到关联站台源对象,
node/8341454154,芒市西站,0,0,0,0,0,,not_available,未获取到关联站台源对象,
node/3410043448,芙蓉南站,2,2,2,0,0,,not_available,源对象与显示一致，实际完整性未核验,way/912869818|way/912869819
node/7638983870,芙蓉田站,0,0,0,0,0,,not_available,未获取到关联站台源对象,
node/9544816608,芙蓉镇站,2,2,2,0,0,,not_available,源对象与显示一致，实际完整性未核验,way/1308396756|way/1308396757
node/3751701578,芜湖东站,0,0,0,0,0,,not_available,未获取到关联站台源对象,
node/4592096951,芜湖北站,0,0,0,0,0,,not_available,未获取到关联站台源对象,
node/7791053789,芜湖南站,2,2,2,0,0,,not_available,源对象与显示一致，实际完整性未核验,way/834617878|way/834617879
node/9235207765,芜湖站,8,8,8,0,0,,not_available,源对象与显示一致，实际完整性未核验,way/364611627|way/364611628|way/364611629|way/364611630|way/364611631|way/364612327|way/364612328|way/364612329
node/4052272789,芝兰庄站,0,0,0,0,0,,not_available,未获取到关联站台源对象,
node/7702364117,芝溪站,0,0,0,0,0,,not_available,未获取到关联站台源对象,
node/6382928235,芝罘站,2,2,2,0,0,,not_available,源对象与显示一致，实际完整性未核验,way/1365536026|way/1365536027
node/2958239181,芝阳站,0,0,0,0,0,,not_available,未获取到关联站台源对象,
node/3953290518,芦台站,3,3,3,0,0,,not_available,源对象与显示一致，实际完整性未核验,way/1086840569|way/1086840570|way/1086840571
node/9251152706,芦头站,0,0,0,0,0,,not_available,未获取到关联站台源对象,
node/7625091630,芦官站,2,2,2,0,0,,not_available,源对象与显示一致，实际完整性未核验,way/1328156393|way/1328156394
node/4391464338,芦家屯站,0,0,0,0,0,,not_available,未获取到关联站台源对象,
node/1668749950,芦家庄站,0,0,0,0,0,,not_available,未获取到关联站台源对象,
node/1596389960,芦家村站,0,0,0,0,0,,not_available,未获取到关联站台源对象,
node/9226690966,芦岭矿站,0,0,0,0,0,,not_available,未获取到关联站台源对象,
node/4071368589,芦岭站,0,0,0,0,0,,not_available,未获取到关联站台源对象,
node/8375451249,芦庄站,0,0,0,0,0,,not_available,未获取到关联站台源对象,
node/9524178595,芦庙站,2,2,2,0,0,,not_available,源对象与显示一致，实际完整性未核验,way/1041360062|way/1041360063
node/8333280957,芦沟站,0,0,0,0,0,,not_available,未获取到关联站台源对象,
node/8742776881,芦洪市站,1,1,1,0,0,,not_available,源对象与显示一致，实际完整性未核验,way/1327778311
node/1579621877,芦溪站,0,0,0,0,0,,not_available,未获取到关联站台源对象,
node/1551695122,芦潮港站,1,1,1,0,0,,not_available,源对象与显示一致，实际完整性未核验,way/1184121313
node/7236099484,芦芝站,0,0,0,0,0,,not_available,未获取到关联站台源对象,
node/9118892110,芦花台站,0,0,0,0,0,,not_available,未获取到关联站台源对象,
node/6296203441,芦草沟站,0,0,0,0,0,,not_available,未获取到关联站台源对象,
node/7276779888,芦草河站,0,0,0,0,0,,not_available,未获取到关联站台源对象,
node/9524455331,芨岭站,0,0,0,0,0,,not_available,未获取到关联站台源对象,
node/7372158702,芨芨槽子站,0,0,0,0,0,,not_available,未获取到关联站台源对象,
node/3227951431,芭蕉沟站,0,0,0,0,0,,not_available,未获取到关联站台源对象,
node/8339099563,花兰箐站,0,0,0,0,0,,not_available,未获取到关联站台源对象,
node/9174163141,花博山站,0,0,0,0,0,,not_available,未获取到关联站台源对象,
node/7934261997,花园口站,2,2,2,0,0,,not_available,源对象与显示一致，实际完整性未核验,way/1524787494|way/1524787495
node/7369008126,花园子站,0,0,0,0,0,,not_available,未获取到关联站台源对象,
node/4448663390,花园站,1,1,0,1,0,,not_available,来源含站台线，不能当作真实面,way/440388035
node/13876192807,花園道 Garden Road站,0,0,0,0,0,,not_available,未获取到关联站台源对象,
node/8320421139,花土坡站,0,0,0,0,0,,not_available,未获取到关联站台源对象,
node/7167634581,花坪站,0,0,0,0,0,,not_available,未获取到关联站台源对象,
node/9198249307,花城街站,2,2,2,0,0,,not_available,源对象与显示一致，实际完整性未核验,way/1057518942|way/1057518943
node/9182286755,花家庄站,0,0,0,0,0,,not_available,未获取到关联站台源对象,
node/3377805383,花山南站,2,2,2,0,0,,not_available,源对象与显示一致，实际完整性未核验,way/691807135|way/691807147
node/9198249306,花山镇站,2,2,2,0,0,,not_available,源对象与显示一致，实际完整性未核验,way/901492888|way/901492889
node/7315354783,花庄站,0,0,0,0,0,,not_available,未获取到关联站台源对象,
node/9320122083,花庄站,0,0,0,0,0,,not_available,未获取到关联站台源对象,
node/3640312752,花所,0,0,0,0,0,,not_available,未获取到关联站台源对象,
node/3080266547,花果站,0,0,0,0,0,,not_available,未获取到关联站台源对象,
node/1914777956,花果营站,0,0,0,0,0,,not_available,未获取到关联站台源对象,
node/4249835303,花桥站,2,2,2,0,0,,not_available,源对象与显示一致，实际完整性未核验,way/425689919|way/425689921
node/9914388361,花桥镇站,0,0,0,0,0,,not_available,未获取到关联站台源对象,
node/8460009972,花棚子站,0,0,0,0,0,,not_available,未获取到关联站台源对象,
node/10599205167,花椒坡站,0,0,0,0,0,,not_available,未获取到关联站台源对象,
node/7713641010,花楼坝站,0,0,0,0,0,,not_available,未获取到关联站台源对象,
node/11115721604,花湖湿地站,0,0,0,0,0,,not_available,未获取到关联站台源对象,
node/3097124894,花湖站,2,2,2,0,0,,not_available,源对象与显示一致，实际完整性未核验,way/1067186894|way/1067186895
node/3740822592,花溪南站,1,1,1,0,0,,not_available,源对象与显示一致，实际完整性未核验,way/1225135756
node/7625151870,花溪大学城站,0,0,0,0,0,,not_available,未获取到关联站台源对象,
node/11764002371,花溪站,0,0,0,0,0,,not_available,未获取到关联站台源对象,
node/7625091631,花溪西站,1,1,1,0,0,,not_available,源对象与显示一致，实际完整性未核验,way/1328156396
node/8163363248,花石站,0,0,0,0,0,,not_available,未获取到关联站台源对象,
node/3191254423,花赖站,0,0,0,0,0,,not_available,未获取到关联站台源对象,
node/9198249309,花都站,7,7,7,0,0,,not_available,源对象与显示一致，实际完整性未核验,way/276208082|way/871265522|way/871265523|way/871265524|way/871265525|way/871265526|way/871265527
node/7217592973,花鼓山站,0,0,0,0,0,,not_available,未获取到关联站台源对象,
node/3931615564,花龙门站,0,0,0,0,0,,not_available,未获取到关联站台源对象,
node/9171411684,芳山镇站,0,0,0,0,0,,not_available,未获取到关联站台源对象,
node/6322602590,芳溪站,0,0,0,0,0,,not_available,未获取到关联站台源对象,
node/3969182248,芷村站,0,0,0,0,0,,not_available,未获取到关联站台源对象,
node/2953799860,芷江站,2,2,2,0,0,,not_available,源对象与显示一致，实际完整性未核验,way/1231659171|way/1231659172
node/2953795022,芷江西站,0,0,0,0,0,,not_available,未获取到关联站台源对象,
node/8380107052,芹泉站,0,0,0,0,0,,not_available,未获取到关联站台源对象,
node/9178116412,苇塘站,0,0,0,0,0,,not_available,未获取到关联站台源对象,
node/1590460765,苇子沟站,1,1,1,0,0,,not_available,源对象与显示一致，实际完整性未核验,way/1528941599
node/1603990260,苇河站,2,2,0,2,0,,not_available,来源含站台线，不能当作真实面,way/509481471|way/509481472
node/9160197903,苇河西站,0,0,0,0,0,,not_available,未获取到关联站台源对象,
node/7714110146,苍南站,3,3,3,0,0,,not_available,源对象与显示一致，实际完整性未核验,way/1416454764|way/1416454765|way/1416454766
node/8323744547,苍坪站,0,0,0,0,0,,not_available,未获取到关联站台源对象,
node/3596013093,苍溪站,0,0,0,0,0,,not_available,未获取到关联站台源对象,
node/2662698165,苍石站,0,0,0,0,0,,not_available,未获取到关联站台源对象,
node/2838826081,苎园站,0,0,0,0,0,,not_available,未获取到关联站台源对象,
node/7368822659,苏古尔站,0,0,0,0,0,,not_available,未获取到关联站台源对象,
node/9069903366,苏吉达巴站,0,0,0,0,0,,not_available,未获取到关联站台源对象,
node/4658270870,苏坂站,0,0,0,0,0,,not_available,未获取到关联站台源对象,
node/7473373517,苏宏图站,2,2,2,0,0,,not_available,源对象与显示一致，实际完整性未核验,way/252037809|way/1466362436
node/1607295761,苏家坡站,0,0,0,0,0,,not_available,未获取到关联站台源对象,
node/9174541218,苏家屯站,0,0,0,0,0,,not_available,未获取到关联站台源对象,
node/9513113917,苏家站,0,0,0,0,0,,not_available,未获取到关联站台源对象,
node/5045240332,苏尼特左旗站,0,0,0,0,0,,not_available,未获取到关联站台源对象,
node/12548076967,苏州东站,4,4,0,4,0,,not_available,来源含站台线，不能当作真实面,way/1361485295|way/1361485296|way/1361485300|way/1361485301
node/2716410468,苏州北站,2,2,2,0,0,4,osm_station_tags,源对象数量与标注或参考不一致，待核验,way/476958170|way/476958171
node/10120264001,苏州南站,0,0,0,0,0,,not_available,未获取到关联站台源对象,
node/12326998463,苏州南站,0,0,0,0,0,,not_available,未获取到关联站台源对象,
node/9242148028,苏州园区站,2,2,2,0,0,,not_available,源对象与显示一致，实际完整性未核验,way/531388823|way/531388824
node/5158381514,苏州新区站,2,2,2,0,0,,not_available,源对象与显示一致，实际完整性未核验,way/531388802|way/531388803
node/5218876252,苏州站,7,7,7,0,0,,not_available,源对象与显示一致，实际完整性未核验,way/531393406|way/531393407|way/531393408|way/531393409|way/531393410|way/531393411|way/1460724408
node/7843813333,苏州西站,0,0,0,0,0,,not_available,未获取到关联站台源对象,
node/7368822658,苏布台站,0,0,0,0,0,,not_available,未获取到关联站台源对象,
node/5010512120,苏干湖站,0,0,0,0,0,,not_available,未获取到关联站台源对象,
node/9126260263,苏格河站,0,0,0,0,0,,not_available,未获取到关联站台源对象,
node/8158566853,苏桥站,0,0,0,0,0,,not_available,未获取到关联站台源对象,
node/8158566852,苏桥西站,0,0,0,0,0,,not_available,未获取到关联站台源对象,
node/8187829510,苏泊淖尔站,0,0,0,0,0,,not_available,未获取到关联站台源对象,
node/11309194092,苏溪站,0,0,0,0,0,,not_available,未获取到关联站台源对象,
node/7319259961,苏祖克萨依站,0,0,0,0,0,,not_available,未获取到关联站台源对象,
node/12373618023,苏雄站,0,0,0,0,0,,not_available,未获取到关联站台源对象,
node/1588514504,苏雄站,1,1,1,0,0,,not_available,源对象与显示一致，实际完整性未核验,way/1157461695
node/3465652749,苏集站,0,0,0,0,0,,not_available,未获取到关联站台源对象,
node/7369154304,苏鲁克站,0,0,0,0,0,,not_available,未获取到关联站台源对象,
node/8093975759,苗圃站,0,0,0,0,0,,not_available,未获取到关联站台源对象,
node/9246201046,苗山站,0,0,0,0,0,,not_available,未获取到关联站台源对象,
node/5485779797,苗市站,0,0,0,0,0,,not_available,未获取到关联站台源对象,
node/11115758210,若尔盖站,0,0,0,0,0,,not_available,未获取到关联站台源对象,
node/8342179669,若巴谷站,0,0,0,0,0,,not_available,未获取到关联站台源对象,
node/7319259957,若羌 چاقىلىق站,0,0,0,0,0,,not_available,未获取到关联站台源对象,
node/12211994997,若羌北站,0,0,0,0,0,,not_available,未获取到关联站台源对象,
node/5010529569,苦水沟站,0,0,0,0,0,,not_available,未获取到关联站台源对象,
node/2783387970,英吉沙 يېڭىسار站,0,0,0,0,0,,not_available,未获取到关联站台源对象,
node/7319353485,英库勒站,0,0,0,0,0,,not_available,未获取到关联站台源对象,
node/8308266742,英德站,0,0,0,0,0,,not_available,未获取到关联站台源对象,
node/2764430330,英德西站,1,1,1,0,0,,not_available,源对象与显示一致，实际完整性未核验,way/517839095
node/12211994989,英苏站,0,0,0,0,0,,not_available,未获取到关联站台源对象,
node/3006153563,英豪站,0,0,0,0,0,,not_available,未获取到关联站台源对象,
node/12404403782,英雄岭站,0,0,0,0,0,,not_available,未获取到关联站台源对象,
node/2327511902,英额门站,0,0,0,0,0,,not_available,未获取到关联站台源对象,
node/5711018315,苹塘站,0,0,0,0,0,,not_available,未获取到关联站台源对象,
node/5864577432,苹林站,0,0,0,0,0,,not_available,未获取到关联站台源对象,
node/8342297903,茂兰站,0,0,0,0,0,,not_available,未获取到关联站台源对象,
node/5151602754,茂县站,0,0,0,0,0,,not_available,未获取到关联站台源对象,
node/8973864195,茂名东站,0,0,0,0,0,,not_available,未获取到关联站台源对象,
node/10316979437,茂名南站,3,3,3,0,0,,not_available,源对象与显示一致，实际完整性未核验,way/1507484033|way/1507484034|way/1507484035
node/1641859651,茂名站,4,4,4,0,0,,not_available,源对象与显示一致，实际完整性未核验,way/969734979|way/969734980|way/969734981|way/969734982
node/1641859659,茂名西站,1,1,1,0,0,,not_available,源对象与显示一致，实际完整性未核验,way/522231136
node/9506868290,茂林站,0,0,0,0,0,,not_available,未获取到关联站台源对象,
node/8334228126,茂舍祖站,0,0,0,0,0,,not_available,未获取到关联站台源对象,
node/2999349326,茂陵站,0,0,0,0,0,,not_available,未获取到关联站台源对象,
node/3176631782,范县站,2,2,2,0,0,,not_available,源对象与显示一致，实际完整性未核验,way/665120902|way/665120903
node/3972718318,范各庄站,0,0,0,0,0,,not_available,未获取到关联站台源对象,
node/8436995008,范家屯站,0,0,0,0,0,,not_available,未获取到关联站台源对象,
node/9118904880,范家庄站,0,0,0,0,0,,not_available,未获取到关联站台源对象,
node/9166915291,范屯站,0,0,0,0,0,,not_available,未获取到关联站台源对象,
node/8508786859,范岗站,0,0,0,0,0,,not_available,未获取到关联站台源对象,
node/8043424413,范庄站,0,0,0,0,0,,not_available,未获取到关联站台源对象,
node/8166655736,范店子站,0,0,0,0,0,,not_available,未获取到关联站台源对象,
node/8093813873,范镇站,1,1,1,0,0,,not_available,源对象与显示一致，实际完整性未核验,way/483454794
node/8162951989,茄子溪站,0,0,0,0,0,,not_available,未获取到关联站台源对象,
node/8509674558,茅坦站,0,0,0,0,0,,not_available,未获取到关联站台源对象,
node/13431715512,茅坪港站,0,0,0,0,0,,not_available,未获取到关联站台源对象,
node/7692210521,茅岭站,0,0,0,0,0,,not_available,未获取到关联站台源对象,
node/8173112155,茅店子站,0,0,0,0,0,,not_available,未获取到关联站台源对象,
node/2837833464,茅店站,0,0,0,0,0,,not_available,未获取到关联站台源对象,
node/8454361461,茅村站,2,2,2,0,0,,not_available,源对象与显示一致，实际完整性未核验,way/675298261|way/675298264
node/12725916858,茅栗站,0,0,0,0,0,,not_available,未获取到关联站台源对象,
node/3192961424,茅草坪站,0,0,0,0,0,,not_available,未获取到关联站台源对象,
node/5655796418,茅金坪站,0,0,0,0,0,,not_available,未获取到关联站台源对象,
node/10650882521,茌平南站,0,0,0,0,0,,not_available,未获取到关联站台源对象,
node/9512632285,茌平站,0,0,0,0,0,,not_available,未获取到关联站台源对象,
node/2323335368,茨冲站,0,0,0,0,0,,not_available,未获取到关联站台源对象,
node/1586701868,茨坝站,0,0,0,0,0,,not_available,未获取到关联站台源对象,
node/10751726086,茨榆坨站,0,0,0,0,0,,not_available,未获取到关联站台源对象,
node/12404403779,茫崖湖东站,0,0,0,0,0,,not_available,未获取到关联站台源对象,
node/7319313624,茫崖湖站,1,1,1,0,0,,not_available,源对象与显示一致，实际完整性未核验,way/1435976735
node/7319313621,茫崖站,0,0,0,0,0,,not_available,未获取到关联站台源对象,
node/7319313620,茫崖镇站,0,0,0,0,0,,not_available,未获取到关联站台源对象,
way/761978199,茵特拉根站,0,0,0,0,0,,not_available,未获取到关联站台源对象,
node/7222584421,茶亭站,0,0,0,0,0,,not_available,未获取到关联站台源对象,
node/7319236186,茶卡站,0,0,0,0,0,,not_available,未获取到关联站台源对象,
node/9085696683,茶卡雪站,0,0,0,0,0,,not_available,未获取到关联站台源对象,
node/5823223407,茶卡霞站,0,0,0,0,0,,not_available,未获取到关联站台源对象,
node/9794503304,茶卡风站,0,0,0,0,0,,not_available,未获取到关联站台源对象,
node/5348615143,茶园站,0,0,0,0,0,,not_available,未获取到关联站台源对象,
node/3956108503,茶坞站,0,0,0,0,0,,not_available,未获取到关联站台源对象,
node/3360867134,茶山坳站,0,0,0,0,0,,not_available,未获取到关联站台源对象,
node/8383166680,茶山站,0,0,0,0,0,,not_available,未获取到关联站台源对象,
node/8330592314,茶岭站,0,0,0,0,0,,not_available,未获取到关联站台源对象,
node/2894959049,茶巴拉站,0,0,0,0,0,,not_available,未获取到关联站台源对象,
node/7935693210,茶平站,0,0,0,0,0,,not_available,未获取到关联站台源对象,
node/4628338224,茶条沟站,0,0,0,0,0,,not_available,未获取到关联站台源对象,
node/2349729508,茶淀站,3,3,3,0,0,,not_available,源对象与显示一致，实际完整性未核验,way/1086775133|way/1086775134|way/1086775141
node/2662698229,茶镇站,0,0,0,0,0,,not_available,未获取到关联站台源对象,
node/2847511818,茶陵南站,2,2,2,0,0,,not_available,源对象与显示一致，实际完整性未核验,way/456308965|way/456308966
node/2328102100,茶陵站,0,0,0,0,0,,not_available,未获取到关联站台源对象,
node/2847500922,茶陵西站,0,0,0,0,0,,not_available,未获取到关联站台源对象,
node/8093975751,荆山站,0,0,0,0,0,,not_available,未获取到关联站台源对象,
node/7740322581,荆州东站,0,0,0,0,0,,not_available,未获取到关联站台源对象,
node/1283411486,荆州北站,0,0,0,0,0,,not_available,未获取到关联站台源对象,
node/2492404007,荆州站,4,4,4,0,0,,not_available,源对象与显示一致，实际完整性未核验,way/1142037500|way/1142037501|way/1142037502|way/1500882835
node/7236082612,荆西站,0,0,0,0,0,,not_available,未获取到关联站台源对象,
node/3626681588,荆门东站,0,0,0,0,0,,not_available,未获取到关联站台源对象,
node/5967939605,荆门北站,0,0,0,0,0,,not_available,未获取到关联站台源对象,
node/3073344826,荆门南站,0,0,0,0,0,,not_available,未获取到关联站台源对象,
node/1589178246,荆门站,2,2,2,0,0,,not_available,源对象与显示一致，实际完整性未核验,way/771538001|way/771538002
node/10296374210,荆门西站,5,5,5,0,0,,not_available,源对象与显示一致，实际完整性未核验,way/1314087915|way/1314087919|way/1314087920|way/1314112038|way/1314112040
node/12744888101,草六格尔站,0,0,0,0,0,,not_available,未获取到关联站台源对象,
node/3694572008,草坂站,0,0,0,0,0,,not_available,未获取到关联站台源对象,
node/1599660501,草坝站,0,0,0,0,0,,not_available,未获取到关联站台源对象,
node/2327511887,草市站,0,0,0,0,0,,not_available,未获取到关联站台源对象,
node/8158566843,草店站,0,0,0,0,0,,not_available,未获取到关联站台源对象,
node/1407516493,草店镇站,0,0,0,0,0,,not_available,未获取到关联站台源对象,
node/5530871827,草庙子站,0,0,0,0,0,,not_available,未获取到关联站台源对象,
node/8395232067,草庙站,0,0,0,0,0,,not_available,未获取到关联站台源对象,
node/12212964522,草房子站,0,0,0,0,0,,not_available,未获取到关联站台源对象,
node/1662255973,草河口站,2,2,0,2,0,,not_available,来源含站台线，不能当作真实面,way/1527644431|way/1527644432
node/2344590262,草海站,0,0,0,0,0,,not_available,未获取到关联站台源对象,
node/9171411654,荒沟西站,0,0,0,0,0,,not_available,未获取到关联站台源对象,
node/10925544050,荔波站,0,0,0,0,0,,not_available,未获取到关联站台源对象,
node/11944888812,荣华站,0,0,0,0,0,,not_available,未获取到关联站台源对象,
node/3315766282,荣成站,4,4,4,0,0,,not_available,源对象与显示一致，实际完整性未核验,way/581852579|way/581852580|way/581852581|way/1364748374
node/3500459043,荣昌北站,0,0,0,0,0,,not_available,未获取到关联站台源对象,
node/1586701913,荣昌站,0,0,0,0,0,,not_available,未获取到关联站台源对象,
node/6964986997,荥阳站,0,0,0,0,0,,not_available,未获取到关联站台源对象,
node/8277854595,荫营东站,0,0,0,0,0,,not_available,未获取到关联站台源对象,
node/9750179033,荫营站,0,0,0,0,0,,not_available,未获取到关联站台源对象,
node/4498342889,药村站,0,0,0,0,0,,not_available,未获取到关联站台源对象,
node/3755321733,荷塘站,0,0,0,0,0,,not_available,未获取到关联站台源对象,
node/4019707143,荷树下站,0,0,0,0,0,,not_available,未获取到关联站台源对象,
node/3747755286,莆田东站,0,0,0,0,0,,not_available,未获取到关联站台源对象,
node/1879551033,莆田站,6,6,6,0,0,,not_available,源对象与显示一致，实际完整性未核验,way/377474699|way/377474702|way/377474705|way/1291804792|way/1291804793|way/1291804794
node/7365811220,莎车 يەكەن站,0,0,0,0,0,,not_available,未获取到关联站台源对象,
node/9255881281,莒南北站,2,2,2,0,0,,not_available,源对象与显示一致，实际完整性未核验,way/1378460674|way/1378460675
node/12730345878,莒南站,0,0,0,0,0,,not_available,未获取到关联站台源对象,
node/4484185195,莒县站,0,0,0,0,0,,not_available,未获取到关联站台源对象,
node/13026166604,莒县西站,2,2,2,0,0,,not_available,源对象与显示一致，实际完整性未核验,way/1422599721|way/1422599722
node/10650882518,莘县站,2,2,2,0,0,,not_available,源对象与显示一致，实际完整性未核验,way/1379652753|way/1379652754
node/7168565706,莘庄站,3,3,0,3,0,,not_available,来源含站台线，不能当作真实面,way/1279813448|way/1279813485|way/1321592899
node/13711702752,莘建东路站,0,0,0,0,0,,not_available,未获取到关联站台源对象,
node/7368822661,莫仁站,0,0,0,0,0,,not_available,未获取到关联站台源对象,
node/4498340489,莫口站,0,0,0,0,0,,not_available,未获取到关联站台源对象,
node/5009777022,莫嘎图站,0,0,0,0,0,,not_available,未获取到关联站台源对象,
node/7473373520,莫尔格站,0,0,0,0,0,,not_available,未获取到关联站台源对象,
node/1594860840,莫尔道嘎站,1,1,0,1,0,,not_available,来源含站台线，不能当作真实面,way/1085949938
node/1536549112,莱州北站,0,0,0,0,0,,not_available,未获取到关联站台源对象,
node/7066514582,莱州北站,0,0,0,0,0,,not_available,未获取到关联站台源对象,
node/7128808612,莱州南站,0,0,0,0,0,,not_available,未获取到关联站台源对象,
node/10536357343,莱州站,3,3,3,0,0,,not_available,源对象与显示一致，实际完整性未核验,way/1368962622|way/1368962623|way/1368962624
node/9242869572,莱村站,0,0,0,0,0,,not_available,未获取到关联站台源对象,
node/7837330995,莱芜东站,2,2,1,1,0,,not_available,来源含站台线，不能当作真实面,way/563064672|way/563064671
node/10277100557,莱芜北站,2,2,2,0,0,,not_available,源对象与显示一致，实际完整性未核验,way/1124393976|way/1124393977
node/13026034783,莱芜站,2,2,2,0,0,,not_available,源对象与显示一致，实际完整性未核验,way/1422599719|way/1422599720
node/3914214623,莱西南站,1,1,0,1,0,,not_available,来源含站台线，不能当作真实面,way/933400111
node/6210802486,莱西站,5,4,4,0,1,,not_available,重复源面，仅显示去重,way/663553169|way/1364265608|way/1364265609|way/1478725056|way/1478725057
node/8418956434,莱钢站,0,0,0,0,0,,not_available,未获取到关联站台源对象,
node/11247677863,莱阳南站,2,2,2,0,0,,not_available,源对象与显示一致，实际完整性未核验,way/1364420421|way/1364420422
node/582812682,莱阳站,0,0,0,0,0,,not_available,未获取到关联站台源对象,
node/1577895063,莲东站,0,0,0,0,0,,not_available,未获取到关联站台源对象,
node/8129270659,莲塘站,2,2,2,0,0,,not_available,源对象与显示一致，实际完整性未核验,way/243147183|way/243147222
node/6009757607,莲江口站,2,2,0,2,0,,not_available,来源含站台线，不能当作真实面,way/550589137|way/550589138
node/9182286768,莲池站,0,0,0,0,0,,not_available,未获取到关联站台源对象,
node/2726644062,莲湖站,0,0,0,0,0,,not_available,未获取到关联站台源对象,
node/2940423447,莲花寺站,0,0,0,0,0,,not_available,未获取到关联站台源对象,
node/9079046330,莲花寺站,0,0,0,0,0,,not_available,未获取到关联站台源对象,
node/2348136436,莲花山站,1,1,0,1,0,,not_available,来源含站台线，不能当作真实面,way/1481198783
node/3739155313,莲花滩站,0,0,0,0,0,,not_available,未获取到关联站台源对象,
node/3488155009,莲花站,0,0,0,0,0,,not_available,未获取到关联站台源对象,
node/1577895025,获嘉站,0,0,0,0,0,,not_available,未获取到关联站台源对象,
node/12612402410,菀坪站,0,0,0,0,0,,not_available,未获取到关联站台源对象,
node/2381431787,菇园站,2,2,2,0,0,,not_available,源对象与显示一致，实际完整性未核验,way/1259468952|way/1259468953
node/9354508781,菏泽东站,3,3,0,3,0,,not_available,来源含站台线，不能当作真实面,way/1040144093|way/1040144094|way/1040144095
node/6233214903,菏泽南站,2,2,2,0,0,,not_available,源对象与显示一致，实际完整性未核验,way/1450161335|way/1450161336
node/6229705449,菏泽站,1,1,1,0,0,,not_available,源对象与显示一致，实际完整性未核验,way/536812584
node/3227951432,菜子坝站,0,0,0,0,0,,not_available,未获取到关联站台源对象,
node/8418559224,菱角山站,0,0,0,0,0,,not_available,未获取到关联站台源对象,
node/11901257630,萌芽站,0,0,0,0,0,,not_available,未获取到关联站台源对象,
node/2980616653,萍乡北站,3,3,3,0,0,,not_available,源对象与显示一致，实际完整性未核验,way/338815194|way/338815197|way/338815198
node/1579354019,萍乡站,1,1,1,0,0,,not_available,源对象与显示一致，实际完整性未核验,way/243268490
node/2681224174,营口东站,3,3,1,2,0,,not_available,来源含站台线，不能当作真实面,way/1058466801|way/1047165562|way/1047165563
node/2349495354,营口站,0,0,0,0,0,,not_available,未获取到关联站台源对象,
node/582813068,营城子站,1,1,1,0,0,,not_available,源对象与显示一致，实际完整性未核验,way/1466144802
node/2332707901,营城站,0,0,0,0,0,,not_available,未获取到关联站台源对象,
node/2375898324,营山站,2,2,0,2,0,,not_available,来源含站台线，不能当作真实面,way/848081010|way/848081011
node/11067492110,营山西站,0,0,0,0,0,,not_available,未获取到关联站台源对象,
node/9246201035,营海站,0,0,0,0,0,,not_available,未获取到关联站台源对象,
node/3182661262,营盘上站,0,0,0,0,0,,not_available,未获取到关联站台源对象,
node/9118892091,营盘水站,0,0,0,0,0,,not_available,未获取到关联站台源对象,
node/9111251393,营盘湾站,0,0,0,0,0,,not_available,未获取到关联站台源对象,
node/9176129497,营盘站,0,0,0,0,0,,not_available,未获取到关联站台源对象,
node/4663101942,营街站,0,0,0,0,0,,not_available,未获取到关联站台源对象,
node/3098466027,营里站,0,0,0,0,0,,not_available,未获取到关联站台源对象,
node/2965578067,营镇站,0,0,0,0,0,,not_available,未获取到关联站台源对象,
node/7232690208,萧县北站,0,0,0,0,0,,not_available,未获取到关联站台源对象,
node/3624904914,萧县站,2,2,2,0,0,,not_available,源对象与显示一致，实际完整性未核验,way/1299814250|way/1299814251
node/2817313407,萧家村站,0,0,0,0,0,,not_available,未获取到关联站台源对象,
node/1072744710,萧山站,2,2,2,0,0,,not_available,源对象与显示一致，实际完整性未核验,way/1481960425|way/1481960426
node/7039955202,萧山西站,0,0,0,0,0,,not_available,未获取到关联站台源对象,
node/8204071015,萨尔瓦墩站,0,0,0,0,0,,not_available,未获取到关联站台源对象,
node/5162097926,萨拉齐东站,0,0,0,0,0,,not_available,未获取到关联站台源对象,
node/1694174661,萨拉齐站,2,2,2,0,0,,not_available,源对象与显示一致，实际完整性未核验,way/531815895|way/531815951
node/7365718246,萨特玛站,0,0,0,0,0,,not_available,未获取到关联站台源对象,
node/9265808499,落坡岭站,2,2,0,2,0,,not_available,来源含站台线，不能当作真实面,way/190088558|way/190088560
node/3499301442,落水洞 (预留),0,0,0,0,0,,not_available,未获取到关联站台源对象,
node/4628338193,葆园站,0,0,0,0,0,,not_available,未获取到关联站台源对象,
node/4019707815,葛坳站,0,0,0,0,0,,not_available,未获取到关联站台源对象,
node/3098442550,葛家店站,0,0,0,0,0,,not_available,未获取到关联站台源对象,
node/6715346415,葛家站,0,0,0,0,0,,not_available,未获取到关联站台源对象,
node/7781469280,葛州站,0,0,0,0,0,,not_available,未获取到关联站台源对象,
node/3097129514,葛店南站,2,2,2,0,0,,not_available,源对象与显示一致，实际完整性未核验,way/691789964|way/691789965
node/3182617646,葛店站,0,0,0,0,0,,not_available,未获取到关联站台源对象,
node/12627525340,葛根庙北站,0,0,0,0,0,,not_available,未获取到关联站台源对象,
node/1730851531,葛根庙站,0,0,0,0,0,,not_available,未获取到关联站台源对象,
node/8154580320,葡萄站,0,0,0,0,0,,not_available,未获取到关联站台源对象,
node/9334658554,董公寺站,0,0,0,0,0,,not_available,未获取到关联站台源对象,
node/9282598409,董半川站,0,0,0,0,0,,not_available,未获取到关联站台源对象,
node/9287647749,董半川西站,0,0,0,0,0,,not_available,未获取到关联站台源对象,
node/8093918592,董家口南站,0,0,0,0,0,,not_available,未获取到关联站台源对象,
node/9242869595,董家口站,2,2,2,0,0,,not_available,源对象与显示一致，实际完整性未核验,way/1229833511|way/1229833512
node/8310077340,董家坪站,0,0,0,0,0,,not_available,未获取到关联站台源对象,
node/5171146199,董家庄站,0,0,0,0,0,,not_available,未获取到关联站台源对象,
node/2456722970,董家站,0,0,0,0,0,,not_available,未获取到关联站台源对象,
node/8094193353,董家镇站,1,1,0,1,0,,not_available,来源含站台线，不能当作真实面,way/1363679521
node/9166853443,董屯站,0,0,0,0,0,,not_available,未获取到关联站台源对象,
node/8846820758,董岗站,0,0,0,0,0,,not_available,未获取到关联站台源对象,
node/1577895008,董庄站,0,0,0,0,0,,not_available,未获取到关联站台源对象,
node/4075270190,董村站,0,0,0,0,0,,not_available,未获取到关联站台源对象,
node/3678381881,董西站,0,0,0,0,0,,not_available,未获取到关联站台源对象,
node/4050153585,董集站,0,0,0,0,0,,not_available,未获取到关联站台源对象,
node/5655797101,葫芦口站,0,0,0,0,0,,not_available,未获取到关联站台源对象,
node/2616639486,葫芦山站,0,0,0,0,0,,not_available,未获取到关联站台源对象,
node/7252546303,葫芦山站,0,0,0,0,0,,not_available,未获取到关联站台源对象,
node/1582507182,葫芦岛北站,0,0,0,0,0,,not_available,未获取到关联站台源对象,
node/9169258494,葫芦岛站,0,0,0,0,0,,not_available,未获取到关联站台源对象,
node/6659058858,葫芦峪站,0,0,0,0,0,,not_available,未获取到关联站台源对象,
node/4999729622,葫芦潭站,0,0,0,0,0,,not_available,未获取到关联站台源对象,
node/1597596199,葫芦站,0,0,0,0,0,,not_available,未获取到关联站台源对象,
node/2990496474,葵潭站,0,0,0,0,0,,not_available,未获取到关联站台源对象,
node/5488773094,蒋堂站,0,0,0,0,0,,not_available,未获取到关联站台源对象,
node/9242869568,蒋庄站,0,0,0,0,0,,not_available,未获取到关联站台源对象,
node/1668749941,蒋村站,0,0,0,0,0,,not_available,未获取到关联站台源对象,
node/13380842901,蒙元装车站,1,1,1,0,0,,not_available,源对象与显示一致，实际完整性未核验,way/1458997083
node/9129186257,蒙克山站,1,1,0,1,0,,not_available,来源含站台线，不能当作真实面,way/1146667350
node/11332278134,蒙城站,0,0,0,0,0,,not_available,未获取到关联站台源对象,
node/9255881278,蒙山站,2,2,2,0,0,,not_available,源对象与显示一致，实际完整性未核验,way/705947543|way/705947544
node/9119790824,蒙根塔拉站,0,0,0,0,0,,not_available,未获取到关联站台源对象,
node/8308168390,蒙渡站,0,0,0,0,0,,not_available,未获取到关联站台源对象,
node/3353966064,蒙自北站,2,2,2,0,0,,not_available,源对象与显示一致，实际完整性未核验,way/899179991|way/899179992
node/9182286775,蒙自站,2,2,0,2,0,,not_available,来源含站台线，不能当作真实面,way/964644662|way/964644663
node/13407984219,蒙虹装车站,0,0,0,0,0,,not_available,未获取到关联站台源对象,
node/6318167566,蒙马拉尔站,0,0,0,0,0,,not_available,未获取到关联站台源对象,
node/4074616489,蒲县站,0,0,0,0,0,,not_available,未获取到关联站台源对象,
node/8330592279,蒲圻站,0,0,0,0,0,,not_available,未获取到关联站台源对象,
node/4322790985,蒲坝站,0,0,0,0,0,,not_available,未获取到关联站台源对象,
node/3087121590,蒲城东站,2,2,2,0,0,,not_available,源对象与显示一致，实际完整性未核验,way/1235248540|way/1235248541
node/2958036735,蒲城北站,0,0,0,0,0,,not_available,未获取到关联站台源对象,
node/1607295757,蒲城站,1,1,1,0,0,,not_available,源对象与显示一致，实际完整性未核验,way/1235248520
node/4999004201,蒲家站,0,0,0,0,0,,not_available,未获取到关联站台源对象,
node/8158566844,蒲山店站,0,0,0,0,0,,not_available,未获取到关联站台源对象,
node/8292366941,蒲州站,0,0,0,0,0,,not_available,未获取到关联站台源对象,
node/13739142634,蒲昌海站,0,0,0,0,0,,not_available,未获取到关联站台源对象,
node/4585401946,蒲江站,4,4,0,4,0,,not_available,来源含站台线，不能当作真实面,way/1544741016|way/1544741017|way/1544741018|way/1544741019
node/9167905928,蒲河站,0,0,0,0,0,,not_available,未获取到关联站台源对象,
node/2958019025,蒲石站,0,0,0,0,0,,not_available,未获取到关联站台源对象,
node/8341337733,蒲缥站,0,0,0,0,0,,not_available,未获取到关联站台源对象,
node/11202356350,蒲阳站,0,0,0,0,0,,not_available,未获取到关联站台源对象,
node/7291125780,蒲阳站,0,0,0,0,0,,not_available,未获取到关联站台源对象,
node/8502708027,蒿沟站,0,0,0,0,0,,not_available,未获取到关联站台源对象,
node/9329260385,蒿芝塘站,0,0,0,0,0,,not_available,未获取到关联站台源对象,
node/7649702035,蓝口站,0,0,0,0,0,,not_available,未获取到关联站台源对象,
node/8154570895,蓝家村站,0,0,0,0,0,,not_available,未获取到关联站台源对象,
node/1606221013,蓝村站,3,3,3,0,0,,not_available,源对象与显示一致，实际完整性未核验,way/662969948|way/662969949|way/662969950
node/6206501683,蓝村西站,0,0,0,0,0,,not_available,未获取到关联站台源对象,
node/10861970120,蓝田站,2,2,0,2,0,,not_available,来源含站台线，不能当作真实面,way/1493636653|way/1493636654
node/2375131349,蓟州北站,2,2,2,0,0,,not_available,源对象与显示一致，实际完整性未核验,way/168761779|way/1133582717
node/1799763620,蓟州站,4,4,4,0,0,,not_available,源对象与显示一致，实际完整性未核验,way/168761772|way/1131002360|way/1131002364|way/1131002365
node/1799795759,蓟州西站,1,1,0,1,0,,not_available,来源含站台线，不能当作真实面,way/168766018
node/13593226189,蓬华站,0,0,0,0,0,,not_available,未获取到关联站台源对象,
node/5025905998,蓬安站,0,0,0,0,0,,not_available,未获取到关联站台源对象,
node/11067492051,蓬安西站,2,2,0,2,0,,not_available,来源含站台线，不能当作真实面,way/1319046177|way/1319046178
node/11067492111,蓬溪南站,0,0,0,0,0,,not_available,未获取到关联站台源对象,
node/1916162034,蓬溪站,0,0,0,0,0,,not_available,未获取到关联站台源对象,
node/12721905848,蓬莱机场（在建）,0,0,0,0,0,,not_available,未获取到关联站台源对象,
node/8310275714,蓬莱村站,0,0,0,0,0,,not_available,未获取到关联站台源对象,
node/5075522342,蓬莱站,4,4,4,0,0,,not_available,源对象与显示一致，实际完整性未核验,way/1369813885|way/1369813886|way/1369813887|way/1369813888
node/13612183715,蓬鲁站,0,0,0,0,0,,not_available,未获取到关联站台源对象,
node/9072960180,蓿亥图站,0,0,0,0,0,,not_available,未获取到关联站台源对象,
node/2662698162,蔡家坡站,2,2,2,0,0,,not_available,源对象与显示一致，实际完整性未核验,way/1234601152|way/1234601153
node/9226664099,蔡家岗站,0,0,0,0,0,,not_available,未获取到关联站台源对象,
node/13023075686,蔡家崖站,2,2,0,2,0,,not_available,来源含站台线，不能当作真实面,way/1090513408|way/1090513409
node/2662698161,蔡家沟站,2,2,0,2,0,,not_available,来源含站台线，不能当作真实面,way/1093824431|way/1093824433
node/2940392760,蔡家河站,0,0,0,0,0,,not_available,未获取到关联站台源对象,
node/8434915582,蔡家站,0,0,0,0,0,,not_available,未获取到关联站台源对象,
node/1769587477,蔡山站,0,0,0,0,0,,not_available,未获取到关联站台源对象,
node/9226690955,蔡楼站,0,0,0,0,0,,not_available,未获取到关联站台源对象,
node/2581770808,蔡河站,0,0,0,0,0,,not_available,未获取到关联站台源对象,
node/9246201043,蔺家楼站,0,0,0,0,0,,not_available,未获取到关联站台源对象,
node/3540380001,蔺市站,1,1,1,0,0,,not_available,源对象与显示一致，实际完整性未核验,way/1551314242
node/8310568596,蕉溪站,0,0,0,0,0,,not_available,未获取到关联站台源对象,
node/9691561172,蕲春南站,2,2,0,2,0,,not_available,来源含站台线，不能当作真实面,way/1558947050|way/1558947051
node/8417536127,蕲春站,0,0,0,0,0,,not_available,未获取到关联站台源对象,
node/12798136144,薄竹站,0,0,0,0,0,,not_available,未获取到关联站台源对象,
node/4471053665,薛孤站,0,0,0,0,0,,not_available,未获取到关联站台源对象,
node/1696006352,薛家湾站,0,0,0,0,0,,not_available,未获取到关联站台源对象,
node/9506868284,薛家站,0,0,0,0,0,,not_available,未获取到关联站台源对象,
node/8378245800,薛店站,0,0,0,0,0,,not_available,未获取到关联站台源对象,
node/9226690974,薛湖站,0,0,0,0,0,,not_available,未获取到关联站台源对象,
node/4039408531,藁城南站,2,2,2,0,0,,not_available,源对象与显示一致，实际完整性未核验,way/1063387199|way/1063387200
node/11834913171,藏木（预留）,0,0,0,0,0,,not_available,未获取到关联站台源对象,
node/7365811215,藏桂 زاڭگۇي站,0,0,0,0,0,,not_available,未获取到关联站台源对象,
node/7740322584,藕池站,0,0,0,0,0,,not_available,未获取到关联站台源对象,
node/11875874174,藤县北站,0,0,0,0,0,,not_available,未获取到关联站台源对象,
node/3048731973,藤县站,0,0,0,0,0,,not_available,未获取到关联站台源对象,
node/7371872578,蘑菇滩站,0,0,0,0,0,,not_available,未获取到关联站台源对象,
node/3956117972,虎什哈站,2,2,0,2,0,,not_available,来源含站台线，不能当作真实面,way/1033522455|way/1033522456
node/13588835323,虎头山站,0,0,0,0,0,,not_available,未获取到关联站台源对象,
node/1595925151,虎尔虎拉站,2,2,0,2,0,,not_available,来源含站台线，不能当作真实面,way/1096706566|way/1096706567
node/2329802056,虎山站,1,1,0,1,0,,not_available,来源含站台线，不能当作真实面,way/1058256598
node/1603990147,虎峰站,2,2,0,2,0,,not_available,来源含站台线，不能当作真实面,way/1081481444|way/1081481445
node/8163363236,虎掌站,0,0,0,0,0,,not_available,未获取到关联站台源对象,
node/9137873799,虎林站,2,2,0,2,0,,not_available,来源含站台线，不能当作真实面,way/1120035704|way/1120035710
node/1582670414,虎石台站,1,1,0,1,0,,not_available,来源含站台线，不能当作真实面,way/1366618294
node/9081732813,虎石站,0,0,0,0,0,,not_available,未获取到关联站台源对象,
node/10599205151,虎跳峡站,0,0,0,0,0,,not_available,未获取到关联站台源对象,
node/7063140906,虎门东站,0,0,0,0,0,,not_available,未获取到关联站台源对象,
node/7063140905,虎门北站,1,1,1,0,0,,not_available,源对象与显示一致，实际完整性未核验,way/421823232
node/7063297019,虎门站,2,2,0,2,0,,not_available,来源含站台线，不能当作真实面,way/291507022|way/291507023
node/8391002152,虒亭站,0,0,0,0,0,,not_available,未获取到关联站台源对象,
node/4075270189,虞乡站,0,0,0,0,0,,not_available,未获取到关联站台源对象,
node/2373216519,虞关站,0,0,0,0,0,,not_available,未获取到关联站台源对象,
node/7949727295,虞城县站,2,2,2,0,0,,not_available,源对象与显示一致，实际完整性未核验,way/1363992032|way/1363992033
node/2999328064,虢镇站,2,2,0,2,0,,not_available,来源含站台线，不能当作真实面,way/862838236|way/862838237
node/11202356351,虹口站,0,0,0,0,0,,not_available,未获取到关联站台源对象,
node/2406612498,蚌埠东站,0,0,0,0,0,,not_available,未获取到关联站台源对象,
node/6234311904,蚌埠南站,5,5,5,0,0,,not_available,源对象与显示一致，实际完整性未核验,way/376991977|way/376991978|way/376991979|way/376991980|way/376991982
node/5369761769,蚌埠站,4,4,0,4,0,,not_available,来源含站台线，不能当作真实面,way/1051200535|way/1051200536|way/1051200537|way/1051200538
node/1591050109,蛟河站,1,1,1,0,0,,not_available,源对象与显示一致，实际完整性未核验,way/1203295760
node/4038110668,蛟河西站,2,2,2,0,0,,not_available,源对象与显示一致，实际完整性未核验,way/932944055|way/932944056
node/7255328921,蛟洋站,0,0,0,0,0,,not_available,未获取到关联站台源对象,
node/2349438711,蛤蟆塘站,0,0,0,0,0,,not_available,未获取到关联站台源对象,
node/8080534351,蜀山东站,2,2,2,0,0,,not_available,源对象与显示一致，实际完整性未核验,way/865723041|way/865723042
node/7719079442,蜀山站,0,0,0,0,0,,not_available,未获取到关联站台源对象,
node/3077687998,蜀河站,0,0,0,0,0,,not_available,未获取到关联站台源对象,
node/3227951433,蜜蜂岩站,0,0,0,0,0,,not_available,未获取到关联站台源对象,
node/7915885764,融安站,2,2,2,0,0,,not_available,源对象与显示一致，实际完整性未核验,way/1352466499|way/1352466500
node/1614129022,融水站,0,0,0,0,0,,not_available,未获取到关联站台源对象,
node/10599205157,螺丝湾站,0,0,0,0,0,,not_available,未获取到关联站台源对象,
node/8431451890,螺山站,2,2,2,0,0,,not_available,源对象与显示一致，实际完整性未核验,way/1129028018|way/1129028021
node/1606444008,蟠龙镇站,0,0,0,0,0,,not_available,未获取到关联站台源对象,
node/3915759032,蠡县站,0,0,0,0,0,,not_available,未获取到关联站台源对象,
node/3915765886,行别营站,1,1,1,0,0,,not_available,源对象与显示一致，实际完整性未核验,way/1232216822
node/3628302019,行唐站,0,0,0,0,0,,not_available,未获取到关联站台源对象,
node/2483495331,行宫塘站,0,0,0,0,0,,not_available,未获取到关联站台源对象,
node/3012438537,行者站,0,0,0,0,0,,not_available,未获取到关联站台源对象,
node/2343120365,街基站,1,1,0,1,0,,not_available,来源含站台线，不能当作真实面,way/1094078704
node/8324623917,街洞站,0,0,0,0,0,,not_available,未获取到关联站台源对象,
node/8440342294,街边站,0,0,0,0,0,,not_available,未获取到关联站台源对象,
node/1579237448,衙前站,0,0,0,0,0,,not_available,未获取到关联站台源对象,
node/9831083408,衙门口东站,2,2,2,0,0,,not_available,源对象与显示一致，实际完整性未核验,way/1534154423|way/1534154424
node/1296102366,衙门口站,2,2,0,2,0,,not_available,来源含站台线，不能当作真实面,way/114412876|way/114412883
node/843319821,衙门庙站,0,0,0,0,0,,not_available,未获取到关联站台源对象,
node/5377255160,衙门营站,0,0,0,0,0,,not_available,未获取到关联站台源对象,
node/3361626683,衡南站,1,1,1,0,0,,not_available,源对象与显示一致，实际完整性未核验,way/341790898
node/8311758359,衡山站,0,0,0,0,0,,not_available,未获取到关联站台源对象,
node/8393752517,衡山西站,0,0,0,0,0,,not_available,未获取到关联站台源对象,
node/3949950167,衡水东站,0,0,0,0,0,,not_available,未获取到关联站台源对象,
node/9512632284,衡水北站,2,2,2,0,0,,not_available,源对象与显示一致，实际完整性未核验,way/660402822|way/660402823
node/11296772796,衡水南站,0,0,0,0,0,,not_available,未获取到关联站台源对象,
node/2329491721,衡水站,0,0,0,0,0,,not_available,未获取到关联站台源对象,
node/582375485,衡阳东站,5,5,5,0,0,,not_available,源对象与显示一致，实际完整性未核验,way/446620608|way/446620615|way/446620619|way/447157899|way/447157901
node/582408471,衡阳北站,0,0,0,0,0,,not_available,未获取到关联站台源对象,
node/5152898679,衡阳南站,0,0,0,0,0,,not_available,未获取到关联站台源对象,
node/582293535,衡阳站,4,4,4,0,0,,not_available,源对象与显示一致，实际完整性未核验,way/1150009397|way/1150009398|way/1150009399|way/1150009400
node/8154570880,衡阳西站,1,1,1,0,0,,not_available,源对象与显示一致，实际完整性未核验,way/1240723955
node/5488773091,衢州东站,0,0,0,0,0,,not_available,未获取到关联站台源对象,
node/1584384382,衢州站,6,6,6,0,0,,not_available,源对象与显示一致，实际完整性未核验,way/718076606|way/718076607|way/718076608|way/718076609|way/718076610|way/718254431
node/9302050797,衢州西站,0,0,0,0,0,,not_available,未获取到关联站台源对象,
node/11245305515,衢江站,0,0,0,0,0,,not_available,未获取到关联站台源对象,
node/7368677844,衣提阔腊站,0,0,0,0,0,,not_available,未获取到关联站台源对象,
node/8524219190,袁北站,0,0,0,0,0,,not_available,未获取到关联站台源对象,
node/7368677860,袁家庄站,0,0,0,0,0,,not_available,未获取到关联站台源对象,
node/8503681187,袁寨站,0,0,0,0,0,,not_available,未获取到关联站台源对象,
node/9226690948,袁店一矿站,0,0,0,0,0,,not_available,未获取到关联站台源对象,
node/9226690949,袁店二矿站,0,0,0,0,0,,not_available,未获取到关联站台源对象,
node/8375244254,袁树林站,0,0,0,0,0,,not_available,未获取到关联站台源对象,
node/1582714231,裕国站,1,1,0,1,0,,not_available,来源含站台线，不能当作真实面,way/1367208590
node/8320377891,裕民站,0,0,0,0,0,,not_available,未获取到关联站台源对象,
node/3686482190,裕溪口东站,0,0,0,0,0,,not_available,未获取到关联站台源对象,
node/3686480279,裕溪口站,0,0,0,0,0,,not_available,未获取到关联站台源对象,
node/10120263952,裴城站,0,0,0,0,0,,not_available,未获取到关联站台源对象,
node/9137873804,裴德站,1,1,0,1,0,,not_available,来源含站台线，不能当作真实面,way/808223207
node/3024668830,褒河站,1,1,0,1,0,,not_available,来源含站台线，不能当作真实面,way/702259075
node/3169896303,褚家沟站,0,0,0,0,0,,not_available,未获取到关联站台源对象,
node/11938234794,褚家湾站,1,1,0,1,0,,not_available,来源含站台线，不能当作真实面,way/1287206345
node/8158566851,褚河站,0,0,0,0,0,,not_available,未获取到关联站台源对象,
node/8208342111,襄垣东站,2,2,0,2,0,,not_available,来源含站台线，不能当作真实面,way/1235862561|way/1235862562
node/2323013311,襄垣站,0,0,0,0,0,,not_available,未获取到关联站台源对象,
node/8163363252,襄城站,0,0,0,0,0,,not_available,未获取到关联站台源对象,
node/8509146381,襄安站,0,0,0,0,0,,not_available,未获取到关联站台源对象,
node/7740322574,襄州北站,0,0,0,0,0,,not_available,未获取到关联站台源对象,
node/7713641011,襄州站,4,4,4,0,0,,not_available,源对象与显示一致，实际完整性未核验,way/782350314|way/782350315|way/782350316|way/824402080
node/3625396050,襄汾站,0,0,0,0,0,,not_available,未获取到关联站台源对象,
node/3012035358,襄汾西站,0,0,0,0,0,,not_available,未获取到关联站台源对象,
node/2344152228,襄河站,0,0,0,0,0,,not_available,未获取到关联站台源对象,
node/7713231790,襄阳东站,9,9,9,0,0,,not_available,源对象与显示一致，实际完整性未核验,way/961275625|way/961275626|way/961275627|way/961275628|way/961275629|way/961275630|way/961275631|way/961275632|way/961275633
node/7800640130,襄阳北站,0,0,0,0,0,,not_available,未获取到关联站台源对象,
node/7800861911,襄阳南站,2,2,2,0,0,,not_available,源对象与显示一致，实际完整性未核验,way/798297796|way/798297797
node/1586077500,襄阳站,6,6,6,0,0,,not_available,源对象与显示一致，实际完整性未核验,way/772070243|way/772070244|way/772070245|way/772070246|way/802766447|way/802766448
node/12627525341,西丰站,2,2,2,0,0,,not_available,源对象与显示一致，实际完整性未核验,way/1035796830|way/1035796836
node/5332590673,西乌旗站,1,1,1,0,0,,not_available,源对象与显示一致，实际完整性未核验,way/779393684
node/5363758422,西乡站,0,0,0,0,0,,not_available,未获取到关联站台源对象,
node/9122624812,西代海营子站,0,0,0,0,0,,not_available,未获取到关联站台源对象,
node/9137876518,西佳木斯站,1,1,0,1,0,,not_available,来源含站台线，不能当作真实面,way/1159176881
node/3885999127,西八里站,2,2,0,2,0,,not_available,来源含站台线，不能当作真实面,way/1085137282|way/1085137283
node/1720394612,西六方站,1,1,0,1,0,,not_available,来源含站台线，不能当作真实面,way/1481209728
node/6714892608,西北河站,0,0,0,0,0,,not_available,未获取到关联站台源对象,
node/8465329837,西华站,0,0,0,0,0,,not_available,未获取到关联站台源对象,
node/5242587077,西双版纳站,2,2,2,0,0,,not_available,源对象与显示一致，实际完整性未核验,way/1182149123|way/1182149127
node/4997106699,西口站,0,0,0,0,0,,not_available,未获取到关联站台源对象,
node/4014501760,西合营站,0,0,0,0,0,,not_available,未获取到关联站台源对象,
node/1720394614,西哲里木站,1,1,0,1,0,,not_available,来源含站台线，不能当作真实面,way/1539563589
node/1027662960,西善桥站,0,0,0,0,0,,not_available,未获取到关联站台源对象,
node/9100287775,西固城站,2,2,0,2,0,,not_available,来源含站台线，不能当作真实面,way/984218173|way/984218174
node/4124557516,西固站,2,2,0,2,0,,not_available,来源含站台线，不能当作真实面,way/410656408|way/410656410
node/4693008521,西土城站,0,0,0,0,0,,not_available,未获取到关联站台源对象,
node/9121997540,西地站,0,0,0,0,0,,not_available,未获取到关联站台源对象,
node/8526787924,西场,0,0,0,0,0,,not_available,未获取到关联站台源对象,
node/7236082608,西坑站,0,0,0,0,0,,not_available,未获取到关联站台源对象,
node/8485163587,西坪站,0,0,0,0,0,,not_available,未获取到关联站台源对象,
node/8259080343,西堤头站,0,0,0,0,0,,not_available,未获取到关联站台源对象,
node/13516002823,西塘站,0,0,0,0,0,,not_available,未获取到关联站台源对象,
node/7740286550,西塘站,0,0,0,0,0,,not_available,未获取到关联站台源对象,
node/9312908626,西塞山站,0,0,0,0,0,,not_available,未获取到关联站台源对象,
node/4017665876,西大庙站,0,0,0,0,0,,not_available,未获取到关联站台源对象,
node/9118892112,西大滩站,0,0,0,0,0,,not_available,未获取到关联站台源对象,
node/9121997538,西大道站,0,0,0,0,0,,not_available,未获取到关联站台源对象,
node/7315569494,西宁东站,0,0,0,0,0,,not_available,未获取到关联站台源对象,
node/3957681751,西宁北站,0,0,0,0,0,,not_available,未获取到关联站台源对象,
node/307345596,西宁站,9,9,9,0,0,,not_available,源对象与显示一致，实际完整性未核验,way/371176036|way/371176037|way/371176038|way/371176039|way/371176040|way/371176041|way/371176042|way/371176043|way/371176044
node/2458354436,西宁西站,2,2,2,0,0,,not_available,源对象与显示一致，实际完整性未核验,way/237978726|way/237978727
node/14007558344,西安东站,13,13,0,13,0,,not_available,来源含站台线，不能当作真实面,way/1538825104|way/1538825105|way/1538825106|way/1538825107|way/1538825108|way/1538825109|way/1538825110|way/1538890879|way/1538890880|way/1538890881|way/1538890882|way/1538890883|way/1538890884
node/4185074601,西安北站,18,18,0,18,0,,not_available,来源含站台线，不能当作真实面,way/1047442153|way/1047442154|way/1047442155|way/1047442156|way/1047442157|way/1047442158|way/1047442159|way/1047442160|way/1047442161|way/1047442162|way/1047442163|way/1047442164|way/1047442165|way/1047442166|way/1047442167|way/1047442168|way/1047442169|way/1047442170
node/4075237677,西安国际港站,0,0,0,0,0,,not_available,未获取到关联站台源对象,
node/9620122767,西安站,9,9,9,0,0,,not_available,源对象与显示一致，实际完整性未核验,way/949258219|way/949258220|way/949258221|way/1039444918|way/1039444919|way/1039444920|way/1039444921|way/1039444922|way/1046082761
node/5762027860,西安西站,3,3,3,0,0,,not_available,源对象与显示一致，实际完整性未核验,way/1001982828|way/1001992377|way/1001992378
node/7781469284,西家山站,0,0,0,0,0,,not_available,未获取到关联站台源对象,
node/8454361466,西寺坡站,0,0,0,0,0,,not_available,未获取到关联站台源对象,
node/840299620,西小召站,2,2,2,0,0,,not_available,源对象与显示一致，实际完整性未核验,way/1281994768|way/1281994769
node/3681774232,西小川站,1,1,1,0,0,,not_available,源对象与显示一致，实际完整性未核验,way/409219871
node/12211994980,西尼尔北站,0,0,0,0,0,,not_available,未获取到关联站台源对象,
node/12211994981,西尼尔站,0,0,0,0,0,,not_available,未获取到关联站台源对象,
node/4037619745,西属巴站,0,0,0,0,0,,not_available,未获取到关联站台源对象,
node/9524455328,西屯站,0,0,0,0,0,,not_available,未获取到关联站台源对象,
node/6318780853,西岗子站,0,0,0,0,0,,not_available,未获取到关联站台源对象,
node/9764382693,西岗子站,0,0,0,0,0,,not_available,未获取到关联站台源对象,
node/1595854643,西岭口站,2,2,0,2,0,,not_available,来源含站台线，不能当作真实面,way/1095553025|way/1095553026
node/7740322569,西峡东站,0,0,0,0,0,,not_available,未获取到关联站台源对象,
node/11134133667,西峡站,0,0,0,0,0,,not_available,未获取到关联站台源对象,
node/1716593364,西峡站,0,0,0,0,0,,not_available,未获取到关联站台源对象,
node/1575631542,西川站,0,0,0,0,0,,not_available,未获取到关联站台源对象,
node/9118892108,西干站,0,0,0,0,0,,not_available,未获取到关联站台源对象,
node/2504111817,西平站,0,0,0,0,0,,not_available,未获取到关联站台源对象,
node/6289527417,西平西站,2,2,2,0,0,,not_available,源对象与显示一致，实际完整性未核验,way/1509474215|way/1509474216
node/8944366797,西庙台子站,1,1,0,1,0,,not_available,来源含站台线，不能当作真实面,way/1112639256
node/5488665643,西张店站,0,0,0,0,0,,not_available,未获取到关联站台源对象,
node/4066204023,西张站,0,0,0,0,0,,not_available,未获取到关联站台源对象,
node/13709938931,西彭站,0,0,0,0,0,,not_available,未获取到关联站台源对象,
node/8597160289,西斋站,0,0,0,0,0,,not_available,未获取到关联站台源对象,
node/9111251389,西斗铺站,0,0,0,0,0,,not_available,未获取到关联站台源对象,
node/2376827220,西昌北站,0,0,0,0,0,,not_available,未获取到关联站台源对象,
node/3330230168,西昌南站,0,0,0,0,0,,not_available,未获取到关联站台源对象,
node/274389778,西昌站,0,0,0,0,0,,not_available,未获取到关联站台源对象,
node/5230058264,西昌西站,4,4,0,4,0,,not_available,来源含站台线，不能当作真实面,way/1120106751|way/1120106752|way/1120106753|way/1120106754
node/7217730861,西村站,0,0,0,0,0,,not_available,未获取到关联站台源对象,
node/4585401948,西来站,2,2,2,0,0,,not_available,源对象与显示一致，实际完整性未核验,way/1545643315|way/1545643316
node/9129186238,西林站,1,1,0,1,0,,not_available,来源含站台线，不能当作真实面,way/1178194056
node/8419766773,西枣林站,2,2,2,0,0,,not_available,源对象与显示一致，实际完整性未核验,way/1078911685|way/1078911686
node/3628286804,西柏坡站,0,0,0,0,0,,not_available,未获取到关联站台源对象,
node/2162861434,西柳站,0,0,0,0,0,,not_available,未获取到关联站台源对象,
node/9098127462,西桌子山站,0,0,0,0,0,,not_available,未获取到关联站台源对象,
node/8093813874,西桐古站,0,0,0,0,0,,not_available,未获取到关联站台源对象,
node/3645316480,西武匠站,0,0,0,0,0,,not_available,未获取到关联站台源对象,
node/9123967441,西水地站,1,1,1,0,0,,not_available,源对象与显示一致，实际完整性未核验,way/1184623149
node/3029572802,西沟站,0,0,0,0,0,,not_available,未获取到关联站台源对象,
node/3644667928,西沟站,0,0,0,0,0,,not_available,未获取到关联站台源对象,
node/9295636274,西沟站,0,0,0,0,0,,not_available,未获取到关联站台源对象,
node/8407291889,西河口站,0,0,0,0,0,,not_available,未获取到关联站台源对象,
node/3182603523,西河村站,0,0,0,0,0,,not_available,未获取到关联站台源对象,
node/12714048659,西河站,2,2,2,0,0,,not_available,源对象与显示一致，实际完整性未核验,way/1011165113|way/1011165114
node/8012738237,西泉街站,0,0,0,0,0,,not_available,未获取到关联站台源对象,
node/7236072725,西洋站,0,0,0,0,0,,not_available,未获取到关联站台源对象,
node/5559297478,西渡站,2,2,2,0,0,,not_available,源对象与显示一致，实际完整性未核验,way/1294649511|way/1294649513
node/9123967458,西港口站,1,1,1,0,0,,not_available,源对象与显示一致，实际完整性未核验,way/1482716466
node/3693383858,西湖东站,2,2,2,0,0,,not_available,源对象与显示一致，实际完整性未核验,way/1509538625|way/1509538626
node/9165204571,西湖村站,0,0,0,0,0,,not_available,未获取到关联站台源对象,
node/9122624807,西湖站,0,0,0,0,0,,not_available,未获取到关联站台源对象,
node/4651506340,西湾堡站,0,0,0,0,0,,not_available,未获取到关联站台源对象,
node/12885408376,西皋站,0,0,0,0,0,,not_available,未获取到关联站台源对象,
node/7464713505,西石门站,1,1,1,0,0,,not_available,源对象与显示一致，实际完整性未核验,way/1120186407
node/3416939932,西社站,0,0,0,0,0,,not_available,未获取到关联站台源对象,
node/1723663748,西索木站,1,1,0,1,0,,not_available,来源含站台线，不能当作真实面,way/1117205561
node/4498465011,西芹站,0,0,0,0,0,,not_available,未获取到关联站台源对象,
node/7792095149,西草寨站,0,0,0,0,0,,not_available,未获取到关联站台源对象,
node/9111251371,西营子站,0,0,0,0,0,,not_available,未获取到关联站台源对象,
node/7859363265,西营门站,0,0,0,0,0,,not_available,未获取到关联站台源对象,
node/3965931639,西街口站,0,0,0,0,0,,not_available,未获取到关联站台源对象,
node/1609056570,西贺村站,0,0,0,0,0,,not_available,未获取到关联站台源对象,
node/8043437176,西贾站,0,0,0,0,0,,not_available,未获取到关联站台源对象,
node/9251152703,西赵站,0,0,0,0,0,,not_available,未获取到关联站台源对象,
node/10901620655,西选矿站,0,0,0,0,0,,not_available,未获取到关联站台源对象,
node/14156675336,西选站,0,0,0,0,0,,not_available,未获取到关联站台源对象,
node/554060581,西邑站,0,0,0,0,0,,not_available,未获取到关联站台源对象,
node/9118892104,西邵站,0,0,0,0,0,,not_available,未获取到关联站台源对象,
node/9117619567,西里站,0,0,0,0,0,,not_available,未获取到关联站台源对象,
node/13882570041,西铭站,0,0,0,0,0,,not_available,未获取到关联站台源对象,
node/12844572921,西阳岔站,0,0,0,0,0,,not_available,未获取到关联站台源对象,
node/3645320713,西阳村站,0,0,0,0,0,,not_available,未获取到关联站台源对象,
node/2335674332,西阳站,0,0,0,0,0,,not_available,未获取到关联站台源对象,
node/9258877058,西阳苑站,0,0,0,0,0,,not_available,未获取到关联站台源对象,
node/7236099480,西陂站,0,0,0,0,0,,not_available,未获取到关联站台源对象,
node/4498334311,西陇站,0,0,0,0,0,,not_available,未获取到关联站台源对象,
node/9137873815,西麻山站,2,2,0,2,0,,not_available,来源含站台线，不能当作真实面,way/601045305|way/602286234
node/4642112524,西黄村站,2,2,0,2,0,,not_available,来源含站台线，不能当作真实面,way/1056494555|way/1056494556
node/8852900228,覃塘站,0,0,0,0,0,,not_available,未获取到关联站台源对象,
node/4999063668,覃家坝站,0,0,0,0,0,,not_available,未获取到关联站台源对象,
node/10572429550,观光火车1站台站,0,0,0,0,0,,not_available,未获取到关联站台源对象,
node/10572429526,观光火车2站台站,0,0,0,0,0,,not_available,未获取到关联站台源对象,
node/6322614511,观巢站,0,0,0,0,0,,not_available,未获取到关联站台源对象,
node/3410058504,观沙岭站,0,0,0,0,0,,not_available,未获取到关联站台源对象,
node/8164278905,观音坝站,0,0,0,0,0,,not_available,未获取到关联站台源对象,
node/3006142229,观音堂站,0,0,0,0,0,,not_available,未获取到关联站台源对象,
node/2962269824,观音山站,0,0,0,0,0,,not_available,未获取到关联站台源对象,
node/9242299258,观音机场,0,0,0,0,0,,not_available,未获取到关联站台源对象,
node/8263221024,观音村站,0,0,0,0,0,,not_available,未获取到关联站台源对象,
node/2481375096,角美站,2,2,2,0,0,,not_available,源对象与显示一致，实际完整性未核验,way/1461852493|way/1461852494
node/4075270952,解县站,0,0,0,0,0,,not_available,未获取到关联站台源对象,
node/5075522343,解宋营站,0,0,0,0,0,,not_available,未获取到关联站台源对象,
node/8384557439,解家庄站,0,0,0,0,0,,not_available,未获取到关联站台源对象,
node/8444280830,解庄站,1,1,0,1,0,,not_available,来源含站台线，不能当作真实面,way/1190043031
node/8512766985,誓节渡站,0,0,0,0,0,,not_available,未获取到关联站台源对象,
node/9157555171,让湖路站,1,1,0,1,0,,not_available,来源含站台线，不能当作真实面,way/1092310509
node/8382763916,讲武城站,3,3,0,3,0,,not_available,来源含站台线，不能当作真实面,way/1066958616|way/1066958617|way/1066958618
node/1252233959,讷尔克气站,1,1,0,1,0,,not_available,来源含站台线，不能当作真实面,way/1127463130
node/1593383667,讷河站,2,2,0,2,0,,not_available,来源含站台线，不能当作真实面,way/1125798305|way/1125798306
node/9524455324,许三湾站,0,0,0,0,0,,not_available,未获取到关联站台源对象,
node/7855857387,许官屯站,0,0,0,0,0,,not_available,未获取到关联站台源对象,
node/1782660378,许家台站,0,0,0,0,0,,not_available,未获取到关联站台源对象,
node/1660110954,许家屯站,0,0,0,0,0,,not_available,未获取到关联站台源对象,
node/7167634590,许家洞站,0,0,0,0,0,,not_available,未获取到关联站台源对象,
node/8093975737,许昌东站,2,2,2,0,0,,not_available,源对象与显示一致，实际完整性未核验,way/1221730418|way/1424559709
node/8465304461,许昌北站,0,0,0,0,0,,not_available,未获取到关联站台源对象,
node/8013004348,许昌站,2,2,0,2,0,,not_available,来源含站台线，不能当作真实面,way/1146032321|way/1146032322
node/9226690931,许町站,0,0,0,0,0,,not_available,未获取到关联站台源对象,
node/12811744373,识经站,0,0,0,0,0,,not_available,未获取到关联站台源对象,
node/12925892984,诏安南站,0,0,0,0,0,,not_available,未获取到关联站台源对象,
node/2990496476,诏安站,2,2,2,0,0,,not_available,源对象与显示一致，实际完整性未核验,way/582468972|way/582468973
node/9246201058,诸城站,0,0,0,0,0,,not_available,未获取到关联站台源对象,
node/5530871255,诸往站,0,0,0,0,0,,not_available,未获取到关联站台源对象,
node/9660934591,诸暨东站,0,0,0,0,0,,not_available,未获取到关联站台源对象,
node/1579354030,诸暨站,6,6,6,0,0,,not_available,源对象与显示一致，实际完整性未核验,way/881566212|way/881566213|way/881566214|way/881566227|way/881566228|way/881566229
node/8339026548,诸葛城站,0,0,0,0,0,,not_available,未获取到关联站台源对象,
node/9182286766,读书铺站,2,2,2,0,0,,not_available,源对象与显示一致，实际完整性未核验,way/1002862113|way/1002862114
node/9169253667,调兵山站,2,2,0,2,0,,not_available,来源含站台线，不能当作真实面,way/207662310|way/1473537642
node/10120264004,调军台站,1,1,1,0,0,,not_available,源对象与显示一致，实际完整性未核验,way/822432430
node/2327447502,谢家站,0,0,0,0,0,,not_available,未获取到关联站台源对象,
node/8602113932,谢家镇站,0,0,0,0,0,,not_available,未获取到关联站台源对象,
node/8417536177,谢岗站,0,0,0,0,0,,not_available,未获取到关联站台源对象,
node/8378245799,谢庄站,0,0,0,0,0,,not_available,未获取到关联站台源对象,
node/9226664084,谢桥矿站,0,0,0,0,0,,not_available,未获取到关联站台源对象,
node/5749717143,谢桥站,1,1,0,1,0,,not_available,来源含站台线，不能当作真实面,way/656056871
node/8478497881,谢集站,0,0,0,0,0,,not_available,未获取到关联站台源对象,
node/8158566839,谭子山南站,0,0,0,0,0,,not_available,未获取到关联站台源对象,
node/8154570883,谭子山站,0,0,0,0,0,,not_available,未获取到关联站台源对象,
node/2340595344,谭家井站,2,2,2,0,0,,not_available,源对象与显示一致，实际完整性未核验,way/1448268622|way/1448268623
node/9327370173,谭家场,0,0,0,0,0,,not_available,未获取到关联站台源对象,
node/9254936100,谭家坊站,0,0,0,0,0,,not_available,未获取到关联站台源对象,
node/12218213929,谭屋站,0,0,0,0,0,,not_available,未获取到关联站台源对象,
node/8491516481,谭庄站,0,0,0,0,0,,not_available,未获取到关联站台源对象,
node/8059209404,谷口河站,0,0,0,0,0,,not_available,未获取到关联站台源对象,
node/7713231786,谷城北站,2,2,0,2,0,,not_available,来源含站台线，不能当作真实面,way/1533107787|way/1533107788
node/1532826990,谷城站,2,2,2,0,0,,not_available,源对象与显示一致，实际完整性未核验,way/1454333440|way/1454333441
node/3410058622,谷山站,0,0,0,0,0,,not_available,未获取到关联站台源对象,
node/10574052009,谷峡站,0,0,0,0,0,,not_available,未获取到关联站台源对象,
node/6322614507,谷村站,0,0,0,0,0,,not_available,未获取到关联站台源对象,
node/3060589420,谷立站,0,0,0,0,0,,not_available,未获取到关联站台源对象,
node/5168561346,谷达坡站,0,0,0,0,0,,not_available,未获取到关联站台源对象,
node/8429690204,谷里站,0,0,0,0,0,,not_available,未获取到关联站台源对象,
node/9269060413,豆各庄站,2,2,2,0,0,,not_available,源对象与显示一致，实际完整性未核验,way/1096789650|way/1096789651
node/8182352106,豆坝站,0,0,0,0,0,,not_available,未获取到关联站台源对象,
node/2328405918,豆庄站,2,2,2,0,0,,not_available,源对象与显示一致，实际完整性未核验,way/1121040706|way/1121040707
node/8323645659,豆沙关站,0,0,0,0,0,,not_available,未获取到关联站台源对象,
node/3671675756,豆罗站,0,0,0,0,0,,not_available,未获取到关联站台源对象,
node/11873977001,象州站,0,0,0,0,0,,not_available,未获取到关联站台源对象,
node/8236486688,象鼻子站,0,0,0,0,0,,not_available,未获取到关联站台源对象,
node/2940237260,豫灵站,0,0,0,0,0,,not_available,未获取到关联站台源对象,
node/9072960157,贝力克站,0,0,0,0,0,,not_available,未获取到关联站台源对象,
node/8856694944,贝江站,0,0,0,0,0,,not_available,未获取到关联站台源对象,
node/7329144922,贡嘎站,0,0,0,0,0,,not_available,未获取到关联站台源对象,
node/7236082610,贡川站,0,0,0,0,0,,not_available,未获取到关联站台源对象,
node/9900091322,贡觉站,0,0,0,0,0,,not_available,未获取到关联站台源对象,
node/12723414415,贤昌（预留）,0,0,0,0,0,,not_available,未获取到关联站台源对象,
node/843202351,贲红站,1,1,1,0,0,,not_available,源对象与显示一致，实际完整性未核验,way/540292836
node/7159959458,贵安站,3,3,3,0,0,,not_available,源对象与显示一致，实际完整性未核验,way/1479990902|way/1479990903|way/1479990908
node/2874016882,贵定北站,0,0,0,0,0,,not_available,未获取到关联站台源对象,
node/2643971541,贵定南站,0,0,0,0,0,,not_available,未获取到关联站台源对象,
node/3060319619,贵定县站,0,0,0,0,0,,not_available,未获取到关联站台源对象,
node/2156949139,贵定站,3,3,3,0,0,,not_available,源对象与显示一致，实际完整性未核验,way/834278770|way/834278782|way/834278789
node/11330665365,贵港南（预留）,0,0,0,0,0,,not_available,未获取到关联站台源对象,
node/3909327374,贵港站,4,4,4,0,0,,not_available,源对象与显示一致，实际完整性未核验,way/807573905|way/807573906|way/807573907|way/807573908
node/3098409556,贵溪北站,0,0,0,0,0,,not_available,未获取到关联站台源对象,
node/573197124,贵溪站,0,0,0,0,0,,not_available,未获取到关联站台源对象,
node/3059393382,贵阳东站,6,6,6,0,0,,not_available,源对象与显示一致，实际完整性未核验,way/365487938|way/365487939|way/365487940|way/365487941|way/365487942|way/365487943
node/2874005142,贵阳北站,15,15,15,0,0,,not_available,源对象与显示一致，实际完整性未核验,way/365519812|way/365519815|way/365519817|way/365519819|way/365519823|way/365519826|way/365519828|way/365519830|way/365519833|way/365519835|way/365519837|way/365519839|way/365519842|way/365519844|way/365519845
node/3060353328,贵阳南站,0,0,0,0,0,,not_available,未获取到关联站台源对象,
node/1579354011,贵阳站,4,4,4,0,0,,not_available,源对象与显示一致，实际完整性未核验,way/100458098|way/100458118|way/100458122|way/100458128
node/2341894809,贵阳西站,0,0,0,0,0,,not_available,未获取到关联站台源对象,
node/9255881279,费县北站,2,2,2,0,0,,not_available,源对象与显示一致，实际完整性未核验,way/705948281|way/705948282
node/4632069463,费县站,2,2,2,0,0,,not_available,源对象与显示一致，实际完整性未核验,way/1379454724|way/1379454725
node/2940285324,贺家庄站,0,0,0,0,0,,not_available,未获取到关联站台源对象,
node/1706959743,贺家店站,2,2,0,2,0,,not_available,来源含站台线，不能当作真实面,way/429090648|way/429090650
node/2581770965,贺家河站,0,0,0,0,0,,not_available,未获取到关联站台源对象,
node/10121483640,贺州电厂站,0,0,0,0,0,,not_available,未获取到关联站台源对象,
node/3060261931,贺州站,4,4,4,0,0,,not_available,源对象与显示一致，实际完整性未核验,way/1471784260|way/1471784261|way/1471784274|way/1471784275
node/9069910628,贺斯格乌拉站,0,0,0,0,0,,not_available,未获取到关联站台源对象,
node/5488773088,贺村站,0,0,0,0,0,,not_available,未获取到关联站台源对象,
node/4587890198,贺职站,0,0,0,0,0,,not_available,未获取到关联站台源对象,
node/1854112259,贺胜桥东站,0,0,0,0,0,,not_available,未获取到关联站台源对象,
node/8858946541,贺街站,0,0,0,0,0,,not_available,未获取到关联站台源对象,
node/3019564909,贾家河站,0,0,0,0,0,,not_available,未获取到关联站台源对象,
node/4017508354,贾家营站,0,0,0,0,0,,not_available,未获取到关联站台源对象,
node/9269060414,贾庵子站,0,0,0,0,0,,not_available,未获取到关联站台源对象,
node/7950079975,贾汪站,0,0,0,0,0,,not_available,未获取到关联站台源对象,
node/9254936111,贾象站,0,0,0,0,0,,not_available,未获取到关联站台源对象,
node/9320122089,贾鲁河站,1,1,1,0,0,,not_available,源对象与显示一致，实际完整性未核验,way/1317836583
node/3500461696,资中北站,2,2,2,0,0,,not_available,源对象与显示一致，实际完整性未核验,way/1420101166|way/1420101167
node/1587112384,资中站,0,0,0,0,0,,not_available,未获取到关联站台源对象,
node/10931476416,资中西站,2,2,0,2,0,,not_available,来源含站台线，不能当作真实面,way/1240445891|way/1240445892
node/1583788096,资溪站,1,1,1,0,0,,not_available,源对象与显示一致，实际完整性未核验,way/367451894
node/3500460600,资阳北站,3,3,0,3,0,,not_available,来源含站台线，不能当作真实面,way/529897670|way/529897675|way/529897676
node/5143269410,资阳站,0,0,0,0,0,,not_available,未获取到关联站台源对象,
node/10931476415,资阳西站,0,0,0,0,0,,not_available,未获取到关联站台源对象,
node/2988925900,赋春站,0,0,0,0,0,,not_available,未获取到关联站台源对象,
node/9131669907,赏月站,0,0,0,0,0,,not_available,未获取到关联站台源对象,
node/4019707144,赖村站,0,0,0,0,0,,not_available,未获取到关联站台源对象,
node/9117619568,赛乌苏站,0,0,0,0,0,,not_available,未获取到关联站台源对象,
node/5010516615,赛什腾山站,0,0,0,0,0,,not_available,未获取到关联站台源对象,
node/1596389963,赛汗塔拉站,1,1,1,0,0,,not_available,源对象与显示一致，实际完整性未核验,way/782780890
node/9069910629,赛罕花站,0,0,0,0,0,,not_available,未获取到关联站台源对象,
node/8184170741,赛金桥站,0,0,0,0,0,,not_available,未获取到关联站台源对象,
node/843276797,赛音呼都格站,0,0,0,0,0,,not_available,未获取到关联站台源对象,
node/9121569876,赛音温都日站,0,0,0,0,0,,not_available,未获取到关联站台源对象,
node/8380033995,赛鱼站,2,2,2,0,0,,not_available,源对象与显示一致，实际完整性未核验,way/1059339715|way/1059339716
node/2942018400,赣县北站,2,2,2,0,0,,not_available,源对象与显示一致，实际完整性未核验,way/1030426671|way/1030426672
node/2491236181,赣县站,0,0,0,0,0,,not_available,未获取到关联站台源对象,
node/2489411346,赣州东站,1,1,1,0,0,,not_available,源对象与显示一致，实际完整性未核验,way/453984327
node/2943595537,赣州南站,0,0,0,0,0,,not_available,未获取到关联站台源对象,
node/2490572172,赣州国际港站,1,1,1,0,0,,not_available,源对象与显示一致，实际完整性未核验,way/454098548
node/1641971957,赣州站,3,3,3,0,0,,not_available,源对象与显示一致，实际完整性未核验,way/243512910|way/243512911|way/385142369
node/2942047402,赣州西站,4,4,4,0,0,,not_available,源对象与显示一致，实际完整性未核验,way/893607616|way/893607617|way/893607618|way/893607619
node/7659884182,赣榆北站,0,0,0,0,0,,not_available,未获取到关联站台源对象,
node/7661417607,赣榆站,2,2,2,0,0,,not_available,源对象与显示一致，实际完整性未核验,way/1281433558|way/1281433559
node/14072867296,赤卫站,0,0,0,0,0,,not_available,未获取到关联站台源对象,
node/3955132505,赤城站,2,2,0,2,0,,not_available,来源含站台线，不能当作真实面,way/1093464491|way/1093464492
node/8396912480,赤壁北站,2,2,2,0,0,,not_available,源对象与显示一致，实际完整性未核验,way/793792610|way/793792611
node/2662698249,赤壁站,2,2,2,0,0,,not_available,源对象与显示一致，实际完整性未核验,way/1451005509|way/1451005510
node/1720956449,赤峰东站,1,1,1,0,0,,not_available,源对象与显示一致，实际完整性未核验,way/1184625072
node/5366754455,赤峰北站,0,0,0,0,0,,not_available,未获取到关联站台源对象,
node/7682078574,赤峰南站,3,3,3,0,0,,not_available,源对象与显示一致，实际完整性未核验,way/1185359534|way/1185359550|way/1185359551
node/1720956452,赤峰站,5,5,5,0,0,,not_available,源对象与显示一致，实际完整性未核验,way/1496268701|way/1496268702|way/1496268703|way/1496268704|way/1496268705
node/5851383975,赤木岭站,0,0,0,0,0,,not_available,未获取到关联站台源对象,
node/9160197907,赫尔洪得站,2,2,0,2,0,,not_available,来源含站台线，不能当作真实面,way/231860244|way/231860246
node/8164438895,走马岭站,0,0,0,0,0,,not_available,未获取到关联站台源对象,
node/2575908665,赵光站,2,2,0,2,0,,not_available,来源含站台线，不能当作真实面,way/1111790676|way/1111790677
node/9320122085,赵固一矿站,0,0,0,0,0,,not_available,未获取到关联站台源对象,
node/9320122084,赵固二矿站,0,0,0,0,0,,not_available,未获取到关联站台源对象,
node/3629302729,赵城站,0,0,0,0,0,,not_available,未获取到关联站台源对象,
node/13437566553,赵家屯站,0,0,0,0,0,,not_available,未获取到关联站台源对象,
node/7457814008,赵家屯站,0,0,0,0,0,,not_available,未获取到关联站台源对象,
node/9118892088,赵家水站,0,0,0,0,0,,not_available,未获取到关联站台源对象,
node/9295636271,赵家沟站,0,0,0,0,0,,not_available,未获取到关联站台源对象,
node/3885979634,赵川北站,2,2,0,2,0,,not_available,来源含站台线，不能当作真实面,way/1093442137|way/1093442138
node/9565447508,赵川南站,0,0,0,0,0,,not_available,未获取到关联站台源对象,
node/3885979633,赵川站,0,0,0,0,0,,not_available,未获取到关联站台源对象,
node/3645320740,赵庄站,0,0,0,0,0,,not_available,未获取到关联站台源对象,
node/8330598971,赵李桥站,0,0,0,0,0,,not_available,未获取到关联站台源对象,
node/4039373189,赵湾站,0,0,0,0,0,,not_available,未获取到关联站台源对象,
node/8523388148,赵甸站,0,0,0,0,0,,not_available,未获取到关联站台源对象,
node/9292699674,赵石畔站,0,0,0,0,0,,not_available,未获取到关联站台源对象,
node/3695359762,赶水东站,0,0,0,0,0,,not_available,未获取到关联站台源对象,
node/8192955731,赶水北站,0,0,0,0,0,,not_available,未获取到关联站台源对象,
node/2327990930,赶水站,0,0,0,0,0,,not_available,未获取到关联站台源对象,
node/8163363246,超化站,0,0,0,0,0,,not_available,未获取到关联站台源对象,
node/4069797692,超梁沟站,1,1,0,1,0,,not_available,来源含站台线，不能当作真实面,way/1033477267
node/10309535640,越西站,0,0,0,0,0,,not_available,未获取到关联站台源对象,
node/12923473621,足荣站,0,0,0,0,0,,not_available,未获取到关联站台源对象,
node/9246201064,跃进河站,0,0,0,0,0,,not_available,未获取到关联站台源对象,
node/3227951434,跃进站,1,1,0,1,0,,not_available,来源含站台线，不能当作真实面,way/962101800
node/4582769301,路口铺站,0,0,0,0,0,,not_available,未获取到关联站台源对象,
node/8390669674,路家庄站,0,0,0,0,0,,not_available,未获取到关联站台源对象,
node/8407417227,路罗站,0,0,0,0,0,,not_available,未获取到关联站台源对象,
node/3500272572,跳蹬站,0,0,0,0,0,,not_available,未获取到关联站台源对象,
node/12811744456,踏水站,0,0,0,0,0,,not_available,未获取到关联站台源对象,
node/6322602591,车上站,0,0,0,0,0,,not_available,未获取到关联站台源对象,
node/7171343532,车墩站,3,3,0,3,0,,not_available,来源含站台线，不能当作真实面,way/561190447|way/561190448|way/561190449
node/8440342289,车岗站,0,0,0,0,0,,not_available,未获取到关联站台源对象,
node/7368677857,车峰站,0,0,0,0,0,,not_available,未获取到关联站台源对象,
node/10973711954,车库站,1,1,1,0,0,,not_available,源对象与显示一致，实际完整性未核验,way/1467492756
node/8857133386,车河站,0,0,0,0,0,,not_available,未获取到关联站台源对象,
node/10914009268,车溪 (预留),0,0,0,0,0,,not_available,未获取到关联站台源对象,
node/2323529346,车转湾站,0,0,0,0,0,,not_available,未获取到关联站台源对象,
node/9269060402,车辕寨站,0,0,0,0,0,,not_available,未获取到关联站台源对象,
node/9226690971,车集站,0,0,0,0,0,,not_available,未获取到关联站台源对象,
node/1984411022,轩岗站,0,0,0,0,0,,not_available,未获取到关联站台源对象,
node/8191107033,转关口站,0,0,0,0,0,,not_available,未获取到关联站台源对象,
node/9761526894,转弯桥站,0,0,0,0,0,,not_available,未获取到关联站台源对象,
node/9295305395,转水庙站,0,0,0,0,0,,not_available,未获取到关联站台源对象,
node/3685511906,转龙湾站,0,0,0,0,0,,not_available,未获取到关联站台源对象,
node/8155095351,转龙站,0,0,0,0,0,,not_available,未获取到关联站台源对象,
node/5459573718,轮台 بۈگۈر站,0,0,0,0,0,,not_available,未获取到关联站台源对象,
node/1577895159,轵城站,0,0,0,0,0,,not_available,未获取到关联站台源对象,
node/1588514533,轸溪站,0,0,0,0,0,,not_available,未获取到关联站台源对象,
node/9171411649,辉南站,0,0,0,0,0,,not_available,未获取到关联站台源对象,
node/2988925901,辉埠站,0,0,0,0,0,,not_available,未获取到关联站台源对象,
node/9760951383,辉山站,1,1,0,1,0,,not_available,来源含站台线，不能当作真实面,way/1366004781
node/7473373513,辉森乌拉西站,0,0,0,0,0,,not_available,未获取到关联站台源对象,
node/9125461474,辉河站,1,1,0,1,0,,not_available,来源含站台线，不能当作真实面,way/1117205585
node/8327599021,辋川站,0,0,0,0,0,,not_available,未获取到关联站台源对象,
node/3629303026,辛堡站,0,0,0,0,0,,not_available,未获取到关联站台源对象,
node/8093975744,辛安站,0,0,0,0,0,,not_available,未获取到关联站台源对象,
node/4017528948,辛庄子站,2,2,0,2,0,,not_available,来源含站台线，不能当作真实面,way/1086256021|way/1086256022
node/4076149843,辛庄站,0,0,0,0,0,,not_available,未获取到关联站台源对象,
node/9287647753,辛庄站,0,0,0,0,0,,not_available,未获取到关联站台源对象,
node/3628561009,辛置站,1,1,1,0,0,,not_available,源对象与显示一致，实际完整性未核验,way/1466466761
node/7341266742,辛集南站,2,2,2,0,0,,not_available,源对象与显示一致，实际完整性未核验,way/1063387143|way/1063387144
node/2329491735,辛集站,2,2,2,0,0,,not_available,源对象与显示一致，实际完整性未核验,way/496941137|way/785438235
node/6320650718,辰清站,0,0,0,0,0,,not_available,未获取到关联站台源对象,
node/2662698243,辰溪站,2,2,2,0,0,,not_available,源对象与显示一致，实际完整性未核验,way/1435849511|way/1435849512
node/2662698141,边沟站,0,0,0,0,0,,not_available,未获取到关联站台源对象,
node/9166915286,边海站,0,0,0,0,0,,not_available,未获取到关联站台源对象,
node/12091626134,边饶站,0,0,0,0,0,,not_available,未获取到关联站台源对象,
node/8431451878,辽中站,2,2,2,0,0,,not_available,源对象与显示一致，实际完整性未核验,way/1190277561|way/1190277562
node/4507851963,辽宁朝阳站,3,3,3,0,0,,not_available,源对象与显示一致，实际完整性未核验,way/876434492|way/876434493|way/876434494
node/9174163156,辽源东站,0,0,0,0,0,,not_available,未获取到关联站台源对象,
node/2327447490,辽源站,0,0,0,0,0,,not_available,未获取到关联站台源对象,
node/1609370268,辽阳站,0,0,0,0,0,,not_available,未获取到关联站台源对象,
node/9119790828,达仁塔拉站,0,0,0,0,0,,not_available,未获取到关联站台源对象,
node/7372158699,达坂城站,0,0,0,0,0,,not_available,未获取到关联站台源对象,
node/8436995004,达家沟站,1,1,1,0,0,,not_available,源对象与显示一致，实际完整性未核验,way/1040372556
node/6332802149,达尔布特站,0,0,0,0,0,,not_available,未获取到关联站台源对象,
node/4999670476,达州东站,0,0,0,0,0,,not_available,未获取到关联站台源对象,
node/11067492108,达州南站,7,7,0,7,0,,not_available,来源含站台线，不能当作真实面,way/1348277064|way/1348277069|way/1348277076|way/1348277077|way/1348277110|way/1348277111|way/1348277116
node/1586077379,达州站,0,0,0,0,0,,not_available,未获取到关联站台源对象,
node/357133455,达布逊站,0,0,0,0,0,,not_available,未获取到关联站台源对象,
node/7296208318,达布逊站,0,0,0,0,0,,not_available,未获取到关联站台源对象,
node/9129186264,达拉滨站,1,1,0,1,0,,not_available,来源含站台线，不能当作真实面,way/1126858208
node/1195448519,达拉特北站,1,1,1,0,0,,not_available,源对象与显示一致，实际完整性未核验,way/822493200
node/3045703578,达拉特西站,0,0,0,0,0,,not_available,未获取到关联站台源对象,
node/5315969367,达日其嘎站,0,0,0,0,0,,not_available,未获取到关联站台源对象,
node/7296234980,达琼果站,0,0,0,0,0,,not_available,未获取到关联站台源对象,
node/10599205120,达落站,0,0,0,0,0,,not_available,未获取到关联站台源对象,
node/5697139267,达连河站,0,0,0,0,0,,not_available,未获取到关联站台源对象,
node/3972663932,迁安北站,1,1,0,1,0,,not_available,来源含站台线，不能当作真实面,way/550724740
node/9274358853,迁安站,2,2,2,0,0,,not_available,源对象与显示一致，实际完整性未核验,way/607242321|way/607242322
node/3972663921,迁西站,0,0,0,0,0,,not_available,未获取到关联站台源对象,
node/8344378903,过尧站,0,0,0,0,0,,not_available,未获取到关联站台源对象,
node/4516499679,迈罕陶勒盖站,0,0,0,0,0,,not_available,未获取到关联站台源对象,
node/4531094400,迎宾路站,0,0,0,0,0,,not_available,未获取到关联站台源对象,
node/2186899042,迎春站,1,1,0,1,0,,not_available,来源含站台线，不能当作真实面,way/1120065240
node/8690142673,迎水桥站,0,0,0,0,0,,not_available,未获取到关联站台源对象,
node/1892923697,迎祥街站,0,0,0,0,0,,not_available,未获取到关联站台源对象,
node/10313462554,迎龙站,1,1,1,0,0,,not_available,源对象与显示一致，实际完整性未核验,way/1178313791
node/9513113927,运城北站,4,4,0,4,0,,not_available,来源含站台线，不能当作真实面,way/1178561165|way/1178561166|way/1178561167|way/1178561168
node/2997721596,运城站,1,1,1,0,0,,not_available,源对象与显示一致，实际完整性未核验,way/1469462802
node/7740322553,运城西站,0,0,0,0,0,,not_available,未获取到关联站台源对象,
node/6708802113,运粮河站,0,0,0,0,0,,not_available,未获取到关联站台源对象,
node/4606908595,近会站,0,0,0,0,0,,not_available,未获取到关联站台源对象,
node/9167905925,近海站,0,0,0,0,0,,not_available,未获取到关联站台源对象,
node/3677193823,进德站,0,0,0,0,0,,not_available,未获取到关联站台源对象,
node/11238297044,进贤北站,2,2,2,0,0,,not_available,源对象与显示一致，实际完整性未核验,way/1341750318|way/1341750319
node/2866481152,进贤南站,2,2,2,0,0,,not_available,源对象与显示一致，实际完整性未核验,way/373741244|way/373741245
node/2279180791,进贤站,2,2,2,0,0,,not_available,源对象与显示一致，实际完整性未核验,way/243260397|way/243260450
node/11953008709,远安站,0,0,0,0,0,,not_available,未获取到关联站台源对象,
node/9507383340,远达站,0,0,0,0,0,,not_available,未获取到关联站台源对象,
node/1200669856,连云港东站,0,0,0,0,0,,not_available,未获取到关联站台源对象,
node/4050213966,连云港站,0,0,0,0,0,,not_available,未获取到关联站台源对象,
node/12020354751,连云站,1,1,1,0,0,,not_available,源对象与显示一致，实际完整性未核验,way/793167878
node/5420397489,连城站,0,0,0,0,0,,not_available,未获取到关联站台源对象,
node/1662255999,连山关站,0,0,0,0,0,,not_available,未获取到关联站台源对象,
node/8739506557,连山站,0,0,0,0,0,,not_available,未获取到关联站台源对象,
node/8319166483,连江口站,0,0,0,0,0,,not_available,未获取到关联站台源对象,
node/7713944581,连江站,2,2,2,0,0,,not_available,源对象与显示一致，实际完整性未核验,relation/18620813|relation/18620814
node/7296208320,连湖站,0,0,0,0,0,,not_available,未获取到关联站台源对象,
node/2330259270,连珠山站,1,1,0,1,0,,not_available,来源含站台线，不能当作真实面,way/1119870273
node/8181765560,连界站,0,0,0,0,0,,not_available,未获取到关联站台源对象,
node/12091626106,连篆站,0,0,0,0,0,,not_available,未获取到关联站台源对象,
node/8078137602,迤资站,0,0,0,0,0,,not_available,未获取到关联站台源对象,
node/10649058853,迤车站,0,0,0,0,0,,not_available,未获取到关联站台源对象,
node/8320464767,迤那站,0,0,0,0,0,,not_available,未获取到关联站台源对象,
node/10295316888,迪荡站,0,0,0,0,0,,not_available,未获取到关联站台源对象,
node/9327370176,迴龙站,0,0,0,0,0,,not_available,未获取到关联站台源对象,
node/9750178909,选煤厂站,0,0,0,0,0,,not_available,未获取到关联站台源对象,
node/4254005158,透堡站,0,0,0,0,0,,not_available,未获取到关联站台源对象,
node/2277167044,通化县站,1,1,0,1,0,,not_available,来源含站台线，不能当作真实面,way/1529473706
node/10554222161,通化站,6,6,6,0,0,,not_available,源对象与显示一致，实际完整性未核验,way/1387024069|way/1387024070|way/1387024071|way/1387024073|way/1389231750|way/1389231751
node/2344167676,通北站,2,2,0,2,0,,not_available,来源含站台线，不能当作真实面,way/1111260393|way/1111260394
node/6308157537,通古特站,0,0,0,0,0,,not_available,未获取到关联站台源对象,
node/2329802064,通天屯站,1,1,0,1,0,,not_available,来源含站台线，不能当作真实面,way/1113585246
node/6339814530,通天河站,0,0,0,0,0,,not_available,未获取到关联站台源对象,
node/3840311447,通安驿站,0,0,0,0,0,,not_available,未获取到关联站台源对象,
node/12712850245,通州湾站,0,0,0,0,0,,not_available,未获取到关联站台源对象,
node/844821225,通州西站,4,4,2,2,0,,not_available,来源含站台线，不能当作真实面,way/713937935|way/713937946|way/115505277|way/115505278
node/12627525339,通榆站,2,2,2,0,0,,not_available,源对象与显示一致，实际完整性未核验,way/518996027|way/518996028
node/2327447498,通沟站,0,0,0,0,0,,not_available,未获取到关联站台源对象,
node/13702294373,通海港站,1,1,1,0,0,,not_available,源对象与显示一致，实际完整性未核验,way/1499308618
node/4603641679,通海站,1,1,0,1,0,,not_available,来源含站台线，不能当作真实面,way/964644646
node/3682204873,通渭站,2,2,0,2,0,,not_available,来源含站台线，不能当作真实面,way/728106804|way/728106816
node/9171411680,通辽东站,0,0,0,0,0,,not_available,未获取到关联站台源对象,
node/844681810,通辽北站,0,0,0,0,0,,not_available,未获取到关联站台源对象,
node/9171411681,通辽南站,0,0,0,0,0,,not_available,未获取到关联站台源对象,
node/843153748,通辽站,0,0,0,0,0,,not_available,未获取到关联站台源对象,
node/9171411682,通辽西站,0,0,0,0,0,,not_available,未获取到关联站台源对象,
node/1662256018,通远堡站,2,2,0,2,0,,not_available,来源含站台线，不能当作真实面,way/1527644447|way/1527644448
node/9179735856,通远堡西站,2,2,2,0,0,,not_available,源对象与显示一致，实际完整性未核验,way/1342631965|way/1342631966
node/1273440967,通途站,0,0,0,0,0,,not_available,未获取到关联站台源对象,
node/13661152139,通道站,0,0,0,0,0,,not_available,未获取到关联站台源对象,
node/9900984560,通麦站,0,0,0,0,0,,not_available,未获取到关联站台源对象,
node/7212029087,遂宁南站,0,0,0,0,0,,not_available,未获取到关联站台源对象,
node/3358425493,遂宁站,6,6,4,2,0,,not_available,来源含站台线，不能当作真实面,way/1264343195|way/1264343196|way/1264343197|way/1487368462|way/1347106965|way/1347106969
node/8154764581,遂宁西站,0,0,0,0,0,,not_available,未获取到关联站台源对象,
node/7567152596,遂平站,2,2,0,2,0,,not_available,来源含站台线，不能当作真实面,way/809291285|way/809291286
node/9983211789,遂昌站,0,0,0,0,0,,not_available,未获取到关联站台源对象,
node/12571207390,遂昌西站,0,0,0,0,0,,not_available,未获取到关联站台源对象,
node/13374222462,遂溪南站,0,0,0,0,0,,not_available,未获取到关联站台源对象,
node/1692209475,遂溪站,0,0,0,0,0,,not_available,未获取到关联站台源对象,
node/9125461477,道劳杜站,1,1,0,1,0,,not_available,来源含站台线，不能当作真实面,way/1117399049
node/7935632098,道太站,0,0,0,0,0,,not_available,未获取到关联站台源对象,
node/8744518975,道州站,2,2,2,0,0,,not_available,源对象与显示一致，实际完整性未核验,way/1037094848|way/1037094850
node/5045240074,道布音呼都格站,0,0,0,0,0,,not_available,未获取到关联站台源对象,
node/9131669908,道河站,0,0,0,0,0,,not_available,未获取到关联站台源对象,
node/3300176177,道清站,0,0,0,0,0,,not_available,未获取到关联站台源对象,
node/9196767922,道滘站,2,2,2,0,0,,not_available,源对象与显示一致，实际完整性未核验,way/1509474200|way/1509474201
node/9069903409,道特诺尔站,0,0,0,0,0,,not_available,未获取到关联站台源对象,
node/8157055159,道观音站,0,0,0,0,0,,not_available,未获取到关联站台源对象,
node/1607295746,道镇站,0,0,0,0,0,,not_available,未获取到关联站台源对象,
node/13667101242,遥墙机场,0,0,0,0,0,,not_available,未获取到关联站台源对象,
node/2156363610,遥林站,0,0,0,0,0,,not_available,未获取到关联站台源对象,
node/3695331090,遵义站,0,0,0,0,0,,not_available,未获取到关联站台源对象,
node/3972663868,遵化北站,0,0,0,0,0,,not_available,未获取到关联站台源对象,
node/7781504424,遵化南站,0,0,0,0,0,,not_available,未获取到关联站台源对象,
node/9269060410,遵化站,0,0,0,0,0,,not_available,未获取到关联站台源对象,
node/7828127976,邓善沽站,0,0,0,0,0,,not_available,未获取到关联站台源对象,
node/8323775123,邓家湾站,0,0,0,0,0,,not_available,未获取到关联站台源对象,
node/7780346104,邓家站,0,0,0,0,0,,not_available,未获取到关联站台源对象,
node/5575655387,邓州东站,2,2,2,0,0,,not_available,源对象与显示一致，实际完整性未核验,way/1370052423|way/1370052424
node/1589812240,邓州站,0,0,0,0,0,,not_available,未获取到关联站台源对象,
node/7740322572,邓州西站,0,0,0,0,0,,not_available,未获取到关联站台源对象,
node/8158566858,邓李站,0,0,0,0,0,,not_available,未获取到关联站台源对象,
node/11202356356,邓生沟站,0,0,0,0,0,,not_available,未获取到关联站台源对象,
node/4890692920,邕宁站,1,1,1,0,0,,not_available,源对象与显示一致，实际完整性未核验,way/864959002
node/4585404888,邛崃站,2,2,2,0,0,,not_available,源对象与显示一致，实际完整性未核验,way/1545370781|way/1545370782
node/2753117299,邢台东站,4,4,0,4,0,,not_available,来源含站台线，不能当作真实面,way/438782573|way/438782576|way/674159343|way/674159344
node/3649076556,邢台南站,2,2,2,0,0,,not_available,源对象与显示一致，实际完整性未核验,way/1112541423|way/1112541424
node/2329407071,邢台站,2,2,2,0,0,,not_available,源对象与显示一致，实际完整性未核验,way/673835129|relation/14231847
node/9265808480,邢家堡站,2,2,1,1,0,,not_available,来源含站台线，不能当作真实面,way/1131299152|way/1131299153
node/8402401981,邢家村站,1,1,1,0,0,,not_available,源对象与显示一致，实际完整性未核验,way/1082149094
node/5245259685,那丽站,0,0,0,0,0,,not_available,未获取到关联站台源对象,
node/4039429998,那何站,0,0,0,0,0,,not_available,未获取到关联站台源对象,
node/12734140510,那厘站,0,0,0,0,0,,not_available,未获取到关联站台源对象,
node/12091626092,那排站,0,0,0,0,0,,not_available,未获取到关联站台源对象,
node/7296275987,那曲站,1,1,0,1,0,,not_available,来源含站台线，不能当作真实面,way/28446084
node/8859796902,那桐站,0,0,0,0,0,,not_available,未获取到关联站台源对象,
node/7319313628,那棱格勒站,0,0,0,0,0,,not_available,未获取到关联站台源对象,
node/8317373874,那玉站,0,0,0,0,0,,not_available,未获取到关联站台源对象,
node/12091626097,那福站,0,0,0,0,0,,not_available,未获取到关联站台源对象,
node/1569023846,那罗站,0,0,0,0,0,,not_available,未获取到关联站台源对象,
node/2661130707,那铺站,0,0,0,0,0,,not_available,未获取到关联站台源对象,
node/9193526293,那霍站,0,0,0,0,0,,not_available,未获取到关联站台源对象,
node/9900976695,邦达机场,0,0,0,0,0,,not_available,未获取到关联站台源对象,
node/13666034761,邬隘集装箱中心站,0,0,0,0,0,,not_available,未获取到关联站台源对象,
node/3685465611,邮政井站,0,0,0,0,0,,not_available,未获取到关联站台源对象,
node/4676361117,邮政局站,2,2,0,2,0,,not_available,来源含站台线，不能当作真实面,way/434342926|way/434342927
node/4019707145,邮村站,0,0,0,0,0,,not_available,未获取到关联站台源对象,
node/8397056466,邯郸东站,0,0,0,0,0,,not_available,未获取到关联站台源对象,
node/7213688369,邯郸南站,1,1,0,1,0,,not_available,来源含站台线，不能当作真实面,way/553260358
node/2329019136,邯郸站,3,3,3,0,0,,not_available,源对象与显示一致，实际完整性未核验,way/1067544662|way/1067544663|way/1067544664
node/13437568761,邱皮沟站,0,0,0,0,0,,not_available,未获取到关联站台源对象,
node/7686917330,邱隘站,0,0,0,0,0,,not_available,未获取到关联站台源对象,
node/8402779621,邳州东站,3,3,3,0,0,,not_available,源对象与显示一致，实际完整性未核验,way/1297703172|way/1297703173|way/1297703174
node/12023247143,邳州港站,0,0,0,0,0,,not_available,未获取到关联站台源对象,
node/12023020173,邳州站,0,0,0,0,0,,not_available,未获取到关联站台源对象,
node/5559277115,邵东站,3,3,3,0,0,,not_available,源对象与显示一致，实际完整性未核验,way/797681310|way/797681311|way/1293859406
node/9118892080,邵家堂站,0,0,0,0,0,,not_available,未获取到关联站台源对象,
node/6946475050,邵岗集站,0,0,0,0,0,,not_available,未获取到关联站台源对象,
node/1583788088,邵武站,2,2,2,0,0,,not_available,源对象与显示一致，实际完整性未核验,way/952723283|way/952723284
node/4027284949,邵阳东站,0,0,0,0,0,,not_available,未获取到关联站台源对象,
node/2953774880,邵阳北站,0,0,0,0,0,,not_available,未获取到关联站台源对象,
node/11039709101,邵阳县站,2,2,2,0,0,,not_available,源对象与显示一致，实际完整性未核验,way/1188950150|way/1188950152
node/7263485691,邵阳站,5,5,5,0,0,,not_available,源对象与显示一致，实际完整性未核验,way/1188918749|way/1188918750|way/1188918751|way/1188918752|way/1188918753
node/5559277116,邵阳西站,0,0,0,0,0,,not_available,未获取到关联站台源对象,
node/8432585861,邹坞站,0,0,0,0,0,,not_available,未获取到关联站台源对象,
node/12501009361,邹城东站,0,0,0,0,0,,not_available,未获取到关联站台源对象,
node/1613210008,邹城站,2,2,2,0,0,,not_available,源对象与显示一致，实际完整性未核验,way/1279175727|way/1279175728
node/9123967446,邹家营站,0,0,0,0,0,,not_available,未获取到关联站台源对象,
node/9255881285,邹平站,2,2,2,0,0,,not_available,源对象与显示一致，实际完整性未核验,way/659926356|way/659926357
node/9226690918,邹庄站,0,0,0,0,0,,not_available,未获取到关联站台源对象,
node/4346679979,郁南站,0,0,0,0,0,,not_available,未获取到关联站台源对象,
node/4584123482,郁山站,0,0,0,0,0,,not_available,未获取到关联站台源对象,
node/9750179016,郊区发煤站,2,2,2,0,0,,not_available,源对象与显示一致，实际完整性未核验,way/1061196713|way/1061196715
node/7272083203,郎家溪站,0,0,0,0,0,,not_available,未获取到关联站台源对象,
node/11115663919,郎木寺站,0,0,0,0,0,,not_available,未获取到关联站台源对象,
node/7659427163,郎溪南站,0,0,0,0,0,,not_available,未获取到关联站台源对象,
node/5575721523,郏县站,0,0,0,0,0,,not_available,未获取到关联站台源对象,
node/8493426044,郏县站,0,0,0,0,0,,not_available,未获取到关联站台源对象,
node/9660934589,郑家坞站,0,0,0,0,0,,not_available,未获取到关联站台源对象,
node/2327447503,郑家堡站,0,0,0,0,0,,not_available,未获取到关联站台源对象,
node/8478873868,郑屯站,0,0,0,0,0,,not_available,未获取到关联站台源对象,
node/6654827885,郑州东站,17,17,17,0,0,,not_available,源对象与显示一致，实际完整性未核验,way/589996570|way/589996571|way/589996572|way/589996573|way/589996917|way/775244591|way/775244592|way/775244593|way/775244594|way/775244595|way/775244596|way/775244597|way/775244598|way/775244599|way/775244600|way/775244601|way/1444640091
node/8024938616,郑州北站,0,0,0,0,0,,not_available,未获取到关联站台源对象,
node/269806844,郑州站,9,9,7,2,0,,not_available,来源含站台线，不能当作真实面,way/499655445|way/499655456|way/499655457|way/499655458|way/499655459|way/499655460|way/741843003|way/1448557117|way/1448557118
node/5575721417,郑州航空港站,2,2,2,0,0,,not_available,源对象与显示一致，实际完整性未核验,way/708813780|way/708813781
node/742843791,郑州西站,2,2,2,0,0,,not_available,源对象与显示一致，实际完整性未核验,way/1221730415|way/1221730416
node/3860349169,郑庄站,1,1,1,0,0,,not_available,源对象与显示一致，实际完整性未核验,way/1467912918
node/2912812635,郑旺站,0,0,0,0,0,,not_available,未获取到关联站台源对象,
node/9223366459,郑楼站,0,0,0,0,0,,not_available,未获取到关联站台源对象,
node/11332813139,郑蒲港站,0,0,0,0,0,,not_available,未获取到关联站台源对象,
node/9229648671,郑蒲港站,0,0,0,0,0,,not_available,未获取到关联站台源对象,
node/8491558246,郑郭站,0,0,0,0,0,,not_available,未获取到关联站台源对象,
node/9223366431,郑集站,0,0,0,0,0,,not_available,未获取到关联站台源对象,
node/3090617078,郓城站,3,3,2,1,0,,not_available,来源含站台线，不能当作真实面,way/1377038328|way/1377038329|way/1548131255
node/8018359582,郜营站,0,0,0,0,0,,not_available,未获取到关联站台源对象,
node/9764405150,郝家沟站,0,0,0,0,0,,not_available,未获取到关联站台源对象,
node/8390550521,郝村站,0,0,0,0,0,,not_available,未获取到关联站台源对象,
node/9916173421,郧西站,2,2,0,2,0,,not_available,来源含站台线，不能当作真实面,way/1490211665|way/1490211666
node/8375666665,部落站,0,0,0,0,0,,not_available,未获取到关联站台源对象,
node/9327370166,郫县东站,2,2,0,2,0,,not_available,来源含站台线，不能当作真实面,way/542926711|way/542926712
node/7951474427,郫县站,3,3,1,2,0,,not_available,来源含站台线，不能当作真实面,way/1191350353|way/542926715|way/542926716
node/7951474431,郫县西站,1,1,1,0,0,,not_available,源对象与显示一致，实际完整性未核验,way/680059963
node/3649017238,郭二庄站,0,0,0,0,0,,not_available,未获取到关联站台源对象,
node/7830499566,郭塘站,0,0,0,0,0,,not_available,未获取到关联站台源对象,
node/1657973486,郭家屯站,0,0,0,0,0,,not_available,未获取到关联站台源对象,
node/2348271085,郭家店站,0,0,0,0,0,,not_available,未获取到关联站台源对象,
node/13026091599,郭家沟站,0,0,0,0,0,,not_available,未获取到关联站台源对象,
node/3753846120,郭家河站,0,0,0,0,0,,not_available,未获取到关联站台源对象,
node/3700492100,郭家湾站,0,0,0,0,0,,not_available,未获取到关联站台源对象,
node/9292699666,郭家滩站,0,0,0,0,0,,not_available,未获取到关联站台源对象,
node/9295636267,郭家窑站,0,0,0,0,0,,not_available,未获取到关联站台源对象,
node/9166844977,郭家站,0,0,0,0,0,,not_available,未获取到关联站台源对象,
node/9072960151,郭尔奔敖包站,0,0,0,0,0,,not_available,未获取到关联站台源对象,
node/9242869563,郭屯矿站,0,0,0,0,0,,not_available,未获取到关联站台源对象,
node/9263232732,郭庄子站,0,0,0,0,0,,not_available,未获取到关联站台源对象,
node/11764057802,郭王村站,0,0,0,0,0,,not_available,未获取到关联站台源对象,
node/5102708790,郭磊庄站,3,3,3,0,0,,not_available,源对象与显示一致，实际完整性未核验,way/808018776|way/808018777|way/808018778
node/4559350598,郯城北站,0,0,0,0,0,,not_available,未获取到关联站台源对象,
node/1605321289,郯城站,2,2,0,2,0,,not_available,来源含站台线，不能当作真实面,way/287812049|way/287812053
node/12728225980,郴州南站,0,0,0,0,0,,not_available,未获取到关联站台源对象,
node/12078063304,郴州站,2,2,2,0,0,,not_available,源对象与显示一致，实际完整性未核验,way/1273979423|way/1394481169
node/8390574022,郴州西站,2,2,2,0,0,,not_available,源对象与显示一致，实际完整性未核验,way/966572437|way/966572438
node/12744888103,都仁站,0,0,0,0,0,,not_available,未获取到关联站台源对象,
node/3676346504,都匀东站,11,11,11,0,0,,not_available,源对象与显示一致，实际完整性未核验,way/1204736061|way/1204736062|way/1204736063|way/1204736064|way/1204736065|way/1204736110|way/1204736111|way/1204736115|way/1204736116|way/1204736119|way/1204736120
node/12723452080,都匀北站,0,0,0,0,0,,not_available,未获取到关联站台源对象,
node/2643971283,都匀站,2,2,2,0,0,,not_available,源对象与显示一致，实际完整性未核验,way/499770178|way/499770179
node/10925995018,都安站,0,0,0,0,0,,not_available,未获取到关联站台源对象,
node/9122624799,都希南站,0,0,0,0,0,,not_available,未获取到关联站台源对象,
node/3589687252,都思图站,0,0,0,0,0,,not_available,未获取到关联站台源对象,
node/2873986672,都拉营站,0,0,0,0,0,,not_available,未获取到关联站台源对象,
node/2988923788,都昌站,2,2,2,0,0,,not_available,源对象与显示一致，实际完整性未核验,way/643019280|way/643019281
node/4663095293,都格站,0,0,0,0,0,,not_available,未获取到关联站台源对象,
node/7951474433,都江堰站,4,4,0,4,0,,not_available,来源含站台线，不能当作真实面,way/542926614|way/542926615|way/542926616|way/542926617
node/8857284224,都街站,1,1,0,1,0,,not_available,来源含站台线，不能当作真实面,way/1383677155
node/9069903403,都贵德勒站,0,0,0,0,0,,not_available,未获取到关联站台源对象,
node/3045622996,鄂尔多斯站,4,4,4,0,0,,not_available,源对象与显示一致，实际完整性未核验,way/1293101667|way/1293101668|way/1293101669|way/1293101670
node/3097129515,鄂州东站,2,2,2,0,0,,not_available,源对象与显示一致，实际完整性未核验,way/1067172483|way/1067172484
node/5758847422,鄂州北站,0,0,0,0,0,,not_available,未获取到关联站台源对象,
node/12732524417,鄂州站,2,2,2,0,0,,not_available,源对象与显示一致，实际完整性未核验,way/1066943477|way/1066943478
node/7223069540,鄂州西站,0,0,0,0,0,,not_available,未获取到关联站台源对象,
node/9100062974,鄂托克站,2,2,2,0,0,,not_available,源对象与显示一致，实际完整性未核验,way/1451140522|way/1451140523
node/8419766778,鄄城站,2,2,2,0,0,,not_available,源对象与显示一致，实际完整性未核验,way/1377700439|way/1377700440
node/9527263756,鄠邑站,2,2,2,0,0,,not_available,源对象与显示一致，实际完整性未核验,way/990513092|way/1229652037
node/4732069359,鄢陵站,2,2,2,0,0,,not_available,源对象与显示一致，实际完整性未核验,way/1370793584|way/1370793585
node/269826209,鄯善 پىچان站,0,0,0,0,0,,not_available,未获取到关联站台源对象,
node/2987138033,鄯善北 شىمالىي پىچان站,2,2,2,0,0,,not_available,源对象与显示一致，实际完整性未核验,way/1467591331|way/1467591332
node/2988923789,鄱阳北站,0,0,0,0,0,,not_available,未获取到关联站台源对象,
node/11237974727,鄱阳站,0,0,0,0,0,,not_available,未获取到关联站台源对象,
node/1681825191,酉阳站,0,0,0,0,0,,not_available,未获取到关联站台源对象,
node/2987125725,酒泉南站,3,3,3,0,0,,not_available,源对象与显示一致，实际完整性未核验,way/859802292|way/859802293|way/859802294
node/1508640816,酒泉站,2,2,0,2,0,,not_available,来源含站台线，不能当作真实面,way/1466326409|way/1466326410
node/2958264471,醍醐站,0,0,0,0,0,,not_available,未获取到关联站台源对象,
node/2314081742,醪桥站,0,0,0,0,0,,not_available,未获取到关联站台源对象,
node/3021655200,醴陵东站,0,0,0,0,0,,not_available,未获取到关联站台源对象,
node/5176143879,醴陵南站,0,0,0,0,0,,not_available,未获取到关联站台源对象,
node/1579354017,醴陵站,2,2,2,0,0,,not_available,源对象与显示一致，实际完整性未核验,way/662736887|way/662736888
node/11901257632,醴飨站,0,0,0,0,0,,not_available,未获取到关联站台源对象,
node/9235207767,采石站,0,0,0,0,0,,not_available,未获取到关联站台源对象,
node/8375148425,里八庄站,0,0,0,0,0,,not_available,未获取到关联站台源对象,
node/9137873795,里木店站,2,2,0,2,0,,not_available,来源含站台线，不能当作真实面,way/1098021898|way/1098021899
node/13742866647,里水站,4,4,4,0,0,,not_available,源对象与显示一致，实际完整性未核验,way/1470808293|way/1470808294|way/1470808295|way/1470808296
node/11835192797,里龙（预留）,0,0,0,0,0,,not_available,未获取到关联站台源对象,
node/10561477550,重庆东站,15,15,0,15,0,,not_available,来源含站台线，不能当作真实面,way/1353410438|way/1353410439|way/1353410440|way/1353410441|way/1353410442|way/1353410465|way/1353410466|way/1353410467|way/1353410468|way/1353410469|way/1353410470|way/1353688555|way/1353688556|way/1353688557|way/1353688558
node/654769359,重庆北站,26,26,26,0,0,,not_available,源对象与显示一致，实际完整性未核验,way/455164491|way/455164492|way/455164493|way/455164494|way/772421402|way/772422123|way/772422124|way/772422125|way/772422126|way/772422127|way/772422128|way/772422129|way/772422130|way/772422131|way/1498693639|way/1498693640|way/1498693641|way/1498693642|way/1498693643|way/1498693644|way/1498693645|way/1498693646|way/1498693647|way/1498693648|way/1498693649|way/1498693650
node/654832331,重庆南站,2,2,2,0,0,,not_available,源对象与显示一致，实际完整性未核验,way/1534405289|way/1534405290
node/10758457552,重庆科学城站,0,0,0,0,0,,not_available,未获取到关联站台源对象,
node/530774230,重庆站,2,2,2,0,0,,not_available,源对象与显示一致，实际完整性未核验,way/1417604559|way/1417604560
node/7238885494,重庆西站,11,11,11,0,0,,not_available,源对象与显示一致，实际完整性未核验,way/775978309|way/775978310|way/775978311|way/775978312|way/775978313|way/775978314|way/775978315|way/775978316|way/775978317|way/775978318|way/775978319
node/9336181481,重钢站,0,0,0,0,0,,not_available,未获取到关联站台源对象,
node/7740322567,重阳西站,0,0,0,0,0,,not_available,未获取到关联站台源对象,
node/3499269706,野三关站,0,0,0,0,0,,not_available,未获取到关联站台源对象,
node/3404875246,野三坡站,2,2,0,2,0,,not_available,来源含站台线，不能当作真实面,way/1137077130|way/1137077151
node/8359936340,野象谷站,2,2,2,0,0,,not_available,源对象与显示一致，实际完整性未核验,way/1157164095|way/1157164096
node/8320373858,野马寨站,0,0,0,0,0,,not_available,未获取到关联站台源对象,
node/12404372165,金义站,0,0,0,0,0,,not_available,未获取到关联站台源对象,
node/1892923467,金刚沱站,0,0,0,0,0,,not_available,未获取到关联站台源对象,
node/12382150910,金利站,0,0,0,0,0,,not_available,未获取到关联站台源对象,
node/3021914541,金华东站,1,1,1,0,0,,not_available,源对象与显示一致，实际完整性未核验,way/762235058
node/1645281122,金华南站,3,3,3,0,0,,not_available,源对象与显示一致，实际完整性未核验,way/764275162|way/764275163|way/764275164
node/7160193955,金华站,6,6,6,0,0,,not_available,源对象与显示一致，实际完整性未核验,way/297772962|way/297772963|way/297772964|way/761485133|way/761485134|way/761485136
node/3740820636,金华镇站,1,1,1,0,0,,not_available,源对象与显示一致，实际完整性未核验,way/1328156397
node/12825845991,金华雅畈站,0,0,0,0,0,,not_available,未获取到关联站台源对象,
node/8166662686,金口河南站,0,0,0,0,0,,not_available,未获取到关联站台源对象,
node/1588514399,金口河站,0,0,0,0,0,,not_available,未获取到关联站台源对象,
node/2349438730,金坑站,1,1,0,1,0,,not_available,来源含站台线，不能当作真实面,way/1527338939
node/10120263981,金坛站,2,2,2,0,0,,not_available,源对象与显示一致，实际完整性未核验,way/1100608762|way/1100608763
node/1612747503,金城江站,3,3,3,0,0,,not_available,源对象与显示一致，实际完整性未核验,way/513806611|way/513806614|way/514090489
node/9189836489,金城江西站,0,0,0,0,0,,not_available,未获取到关联站台源对象,
node/3358732442,金堂站,0,0,0,0,0,,not_available,未获取到关联站台源对象,
node/9265488874,金塔站,0,0,0,0,0,,not_available,未获取到关联站台源对象,
node/554059268,金墩站,0,0,0,0,0,,not_available,未获取到关联站台源对象,
node/7272083218,金字牌站,0,0,0,0,0,,not_available,未获取到关联站台源对象,
node/5391003772,金宝屯站,2,2,2,0,0,,not_available,源对象与显示一致，实际完整性未核验,way/1454771215|way/1454771216
node/9174541219,金家堡站,0,0,0,0,0,,not_available,未获取到关联站台源对象,
node/843319798,金家店站,0,0,0,0,0,,not_available,未获取到关联站台源对象,
node/11710655086,金寨东站,0,0,0,0,0,,not_available,未获取到关联站台源对象,
node/4664182640,金寨站,2,2,2,0,0,,not_available,源对象与显示一致，实际完整性未核验,way/1082493073|way/1082493074
node/2597030792,金山北站,2,2,2,0,0,,not_available,源对象与显示一致，实际完整性未核验,way/876399196|way/876399197
node/7171384791,金山卫站,4,4,0,4,0,,not_available,来源含站台线，不能当作真实面,way/561150787|way/561150788|way/561150789|way/561150790
node/3024395538,金山卫西站,0,0,0,0,0,,not_available,未获取到关联站台源对象,
node/7161813537,金山园区站,5,5,2,3,0,,not_available,来源含站台线，不能当作真实面,way/561159405|way/561159406|way/561159407|way/561159408|way/561159409
node/9129186239,金山屯站,1,1,0,1,0,,not_available,来源含站台线，不能当作真实面,way/1122827419
node/4582667346,金山店站,0,0,0,0,0,,not_available,未获取到关联站台源对象,
node/2349438735,金山湾站,0,0,0,0,0,,not_available,未获取到关联站台源对象,
node/8204071014,金山站,1,1,1,0,0,,not_available,源对象与显示一致，实际完整性未核验,way/1442189931
node/8390304459,金山铺站,0,0,0,0,0,,not_available,未获取到关联站台源对象,
node/8345730468,金岭镇站,0,0,0,0,0,,not_available,未获取到关联站台源对象,
node/2838824243,金峰山站,0,0,0,0,0,,not_available,未获取到关联站台源对象,
node/12334978425,金州东门站,2,2,2,0,0,,not_available,源对象与显示一致，实际完整性未核验,way/1147744811|way/1147744813
node/1659133904,金州站,0,0,0,0,0,,not_available,未获取到关联站台源对象,
node/9167905921,金帛湾站,0,0,0,0,0,,not_available,未获取到关联站台源对象,
node/9295636273,金昌站,2,2,2,0,0,,not_available,源对象与显示一致，实际完整性未核验,way/439910755|way/439910756
node/2832751253,金普站,0,0,0,0,0,,not_available,未获取到关联站台源对象,
node/3926574112,金月湾站,2,2,2,0,0,,not_available,源对象与显示一致，实际完整性未核验,way/1035769030|way/1035769031
node/7272083213,金村站,0,0,0,0,0,,not_available,未获取到关联站台源对象,
node/2514251061,金杖子站,1,1,1,0,0,,not_available,源对象与显示一致，实际完整性未核验,way/1466362812
node/4615477738,金板村站,0,0,0,0,0,,not_available,未获取到关联站台源对象,
node/9126260280,金林站,1,1,0,1,0,,not_available,来源含站台线，不能当作真实面,way/1118332741
node/10108678011,金桂站,0,0,0,0,0,,not_available,未获取到关联站台源对象,
node/8756066326,金桥站,0,0,0,0,0,,not_available,未获取到关联站台源对象,
node/9129925027,金沙岗站,1,1,0,1,0,,not_available,来源含站台线，不能当作真实面,way/1124613764
node/8184207928,金沙湾站,1,1,0,1,0,,not_available,来源含站台线，不能当作真实面,way/1365587630
node/8375203852,金沙滩站,0,0,0,0,0,,not_available,未获取到关联站台源对象,
node/7272083200,金沙站,0,0,0,0,0,,not_available,未获取到关联站台源对象,
node/4069794059,金沟屯站,2,2,0,2,0,,not_available,来源含站台线，不能当作真实面,way/1033347317|way/1033347318
node/7368618932,金沟站,0,0,0,0,0,,not_available,未获取到关联站台源对象,
node/9506868280,金沟站,0,0,0,0,0,,not_available,未获取到关联站台源对象,
node/9126260276,金河站,1,1,0,1,0,,not_available,来源含站台线，不能当作真实面,way/1118332758
node/4072824076,金泉南站,0,0,0,0,0,,not_available,未获取到关联站台源对象,
node/4072824075,金泉站,0,0,0,0,0,,not_available,未获取到关联站台源对象,
node/8756066327,金港站,0,0,0,0,0,,not_available,未获取到关联站台源对象,
node/11335043705,金湖站,0,0,0,0,0,,not_available,未获取到关联站台源对象,
node/4676485666,金湖路站,0,0,0,0,0,,not_available,未获取到关联站台源对象,
node/10120263995,金滩站,2,2,2,0,0,,not_available,源对象与显示一致，实际完整性未核验,way/1011165066|way/1011165068
node/3412200079,金牛岭站,0,0,0,0,0,,not_available,未获取到关联站台源对象,
node/8846905722,金牛站,0,0,0,0,0,,not_available,未获取到关联站台源对象,
node/2332314839,金珠站,0,0,0,0,0,,not_available,未获取到关联站台源对象,
node/2903031864,金田站,0,0,0,0,0,,not_available,未获取到关联站台源对象,
node/8727079046,金竹山站,0,0,0,0,0,,not_available,未获取到关联站台源对象,
node/8834770534,金谷站,0,0,0,0,0,,not_available,未获取到关联站台源对象,
node/8320567065,金钟站,0,0,0,0,0,,not_available,未获取到关联站台源对象,
node/7365783607,金银川站,0,0,0,0,0,,not_available,未获取到关联站台源对象,
node/4997123048,金银沟站,0,0,0,0,0,,not_available,未获取到关联站台源对象,
node/3377741446,金银潭站,0,0,0,0,0,,not_available,未获取到关联站台源对象,
node/7625091612,金阳南站,1,1,1,0,0,,not_available,源对象与显示一致，实际完整性未核验,way/1225135755
node/7625091632,金阳站,1,1,1,0,0,,not_available,源对象与显示一致，实际完整性未核验,way/1225135754
node/12212964528,金雁山站,0,0,0,0,0,,not_available,未获取到关联站台源对象,
node/1534144160,金马村站,0,0,0,0,0,,not_available,未获取到关联站台源对象,
node/8756066325,金马站,0,0,0,0,0,,not_available,未获取到关联站台源对象,
node/11837753482,金鲁（预留）,0,0,0,0,0,,not_available,未获取到关联站台源对象,
node/14177530744,金鸡岩站,0,0,0,0,0,,not_available,未获取到关联站台源对象,
node/1569023836,金鸡村站,0,0,0,0,0,,not_available,未获取到关联站台源对象,
node/12211994986,金鹿站,0,0,0,0,0,,not_available,未获取到关联站台源对象,
node/8308052008,金龙站,0,0,0,0,0,,not_available,未获取到关联站台源对象,
node/8244168187,钓马杨站,0,0,0,0,0,,not_available,未获取到关联站台源对象,
node/1607295774,钟家村站,1,1,1,0,0,,not_available,源对象与显示一致，实际完整性未核验,way/1235248502
way/1452659668,钟山站,0,0,0,0,0,,not_available,未获取到关联站台源对象,
node/3676368704,钟山西站,2,2,2,0,0,,not_available,源对象与显示一致，实际完整性未核验,way/1470046228|way/1470046230
node/5952197022,钟楼站,0,0,0,0,0,,not_available,未获取到关联站台源对象,
node/9235207793,钟油坊站,0,0,0,0,0,,not_available,未获取到关联站台源对象,
node/10276981073,钟祥南站,0,0,0,0,0,,not_available,未获取到关联站台源对象,
node/7202547228,钟祥站,0,0,0,0,0,,not_available,未获取到关联站台源对象,
node/12406005738,钟祥西站,0,0,0,0,0,,not_available,未获取到关联站台源对象,
node/12712348632,钟落潭东站,2,2,2,0,0,,not_available,源对象与显示一致，实际完整性未核验,way/967859813|way/967859814
node/8509562691,钟鸣站,0,0,0,0,0,,not_available,未获取到关联站台源对象,
node/9189836466,钢厂站,0,0,0,0,0,,not_available,未获取到关联站台源对象,
node/10277100594,钢城站,2,2,2,0,0,,not_available,源对象与显示一致，实际完整性未核验,way/1124393990|way/1124393991
node/12744888102,钢林站,0,0,0,0,0,,not_available,未获取到关联站台源对象,
node/1999298719,钦州东站,3,3,3,0,0,,not_available,源对象与显示一致，实际完整性未核验,way/807907874|way/807907875|way/807907876
node/7681047738,钦州北站,0,0,0,0,0,,not_available,未获取到关联站台源对象,
node/9001853488,钦州港东站,0,0,0,0,0,,not_available,未获取到关联站台源对象,
node/7661758300,钦州港站,0,0,0,0,0,,not_available,未获取到关联站台源对象,
node/1999298720,钦州站,3,3,2,1,0,,not_available,来源含站台线，不能当作真实面,way/836839716|way/836839717|way/486339492
node/7236103632,钱坂站,0,0,0,0,0,,not_available,未获取到关联站台源对象,
node/604278237,钱塘江站,2,2,2,0,0,,not_available,源对象与显示一致，实际完整性未核验,way/533719253|way/533719254
node/2340355354,钱家店站,2,2,2,0,0,,not_available,源对象与显示一致，实际完整性未核验,way/1481575815|way/1481575816
node/6037693976,钱庙站,0,0,0,0,0,,not_available,未获取到关联站台源对象,
node/5509844302,钱清站,1,1,1,0,0,,not_available,源对象与显示一致，实际完整性未核验,way/1072949147
node/9186758545,钱粮桥站,0,0,0,0,0,,not_available,未获取到关联站台源对象,
node/9226664106,钱营孜站,0,0,0,0,0,,not_available,未获取到关联站台源对象,
node/13508852372,铁东站,0,0,0,0,0,,not_available,未获取到关联站台源对象,
node/7527302797,铁佛寺站,0,0,0,0,0,,not_available,未获取到关联站台源对象,
node/8181736216,铁佛站,0,0,0,0,0,,not_available,未获取到关联站台源对象,
node/7319330884,铁依孜站,0,0,0,0,0,,not_available,未获取到关联站台源对象,
node/4498085580,铁关村站,0,0,0,0,0,,not_available,未获取到关联站台源对象,
node/9174163136,铁刹山站,0,0,0,0,0,,not_available,未获取到关联站台源对象,
node/9137876528,铁力站,0,0,0,0,0,,not_available,未获取到关联站台源对象,
node/7368810565,铁厂沟 تەمىرتام站,0,0,0,0,0,,not_available,未获取到关联站台源对象,
node/12725718355,铁厂站,0,0,0,0,0,,not_available,未获取到关联站台源对象,
node/1550539301,铁厂站,0,0,0,0,0,,not_available,未获取到关联站台源对象,
node/2092190097,铁口站,1,1,1,0,0,,not_available,源对象与显示一致，实际完整性未核验,way/773000273
node/9980091030,铁场,0,0,0,0,0,,not_available,未获取到关联站台源对象,
node/8041771712,铁山庙站,0,0,0,0,0,,not_available,未获取到关联站台源对象,
node/5864609665,铁山洋站,0,0,0,0,0,,not_available,未获取到关联站台源对象,
node/9186758519,铁山港站,0,0,0,0,0,,not_available,未获取到关联站台源对象,
node/11301485609,铁山站,0,0,0,0,0,,not_available,未获取到关联站台源对象,
node/3305863792,铁山站,0,0,0,0,0,,not_available,未获取到关联站台源对象,
node/8434476657,铁岭站,0,0,0,0,0,,not_available,未获取到关联站台源对象,
node/9507383336,铁岭西站,0,0,0,0,0,,not_available,未获取到关联站台源对象,
node/3120594105,铁峪铺站,0,0,0,0,0,,not_available,未获取到关联站台源对象,
node/7319353487,铁干里克站,0,0,0,0,0,,not_available,未获取到关联站台源对象,
node/9118892098,铁桶堡站,0,0,0,0,0,,not_available,未获取到关联站台源对象,
node/4622247199,铁炉村站,0,0,0,0,0,,not_available,未获取到关联站台源对象,
node/6327401988,铁炉站,0,0,0,0,0,,not_available,未获取到关联站台源对象,
node/8448860730,铁牛庙站,0,0,0,0,0,,not_available,未获取到关联站台源对象,
node/3182700050,铁石口站,0,0,0,0,0,,not_available,未获取到关联站台源对象,
node/8384078493,铁石站,0,0,0,0,0,,not_available,未获取到关联站台源对象,
node/9176129496,铁背山站,0,0,0,0,0,,not_available,未获取到关联站台源对象,
node/2092190100,铁西站,0,0,0,0,0,,not_available,未获取到关联站台源对象,
node/4699409521,铁门关站,0,0,0,0,0,,not_available,未获取到关联站台源对象,
node/3006173718,铁门站,0,0,0,0,0,,not_available,未获取到关联站台源对象,
node/2462517053,铅山西站,0,0,0,0,0,,not_available,未获取到关联站台源对象,
node/1768189965,铜井站,0,0,0,0,0,,not_available,未获取到关联站台源对象,
node/7245028950,铜仁东站,0,0,0,0,0,,not_available,未获取到关联站台源对象,
node/13390328161,铜仁北站,0,0,0,0,0,,not_available,未获取到关联站台源对象,
node/2953807111,铜仁南站,2,2,2,0,0,,not_available,源对象与显示一致，实际完整性未核验,way/1091995620|way/1091995621
node/1681825151,铜仁站,3,3,3,0,0,,not_available,源对象与显示一致，实际完整性未核验,way/541594798|way/541594799|way/1083078326
node/4628342385,铜佛寺站,0,0,0,0,0,,not_available,未获取到关联站台源对象,
node/4070978717,铜匠川站,0,0,0,0,0,,not_available,未获取到关联站台源对象,
node/9229648672,铜城闸站,0,0,0,0,0,,not_available,未获取到关联站台源对象,
node/7949655783,铜山站,0,0,0,0,0,,not_available,未获取到关联站台源对象,
node/9290860299,铜川东站,1,1,1,0,0,,not_available,源对象与显示一致，实际完整性未核验,way/1208789142
node/11124350855,铜川北站,0,0,0,0,0,,not_available,未获取到关联站台源对象,
node/12513878306,铜川站,3,3,0,3,0,,not_available,来源含站台线，不能当作真实面,way/1524369551|way/1524369552|way/1524369553
node/3097123132,铜录山站,0,0,0,0,0,,not_available,未获取到关联站台源对象,
node/11287610458,铜梁站,0,0,0,0,0,,not_available,未获取到关联站台源对象,
node/1587088564,铜罐驿站,0,0,0,0,0,,not_available,未获取到关联站台源对象,
node/6239494589,铜陵北站,2,2,2,0,0,,not_available,源对象与显示一致，实际完整性未核验,way/666438168|way/666438169
node/8509650925,铜陵南站,0,0,0,0,0,,not_available,未获取到关联站台源对象,
node/9521958023,铜陵站,4,4,4,0,0,,not_available,源对象与显示一致，实际完整性未核验,way/1020470684|way/1020470685|way/1020470686|way/1020470687
node/10120264000,铜陵西站,0,0,0,0,0,,not_available,未获取到关联站台源对象,
node/8323495962,铜鼓溪站,0,0,0,0,0,,not_available,未获取到关联站台源对象,
node/6322602593,铜鼓站,0,0,0,0,0,,not_available,未获取到关联站台源对象,
node/4221293655,银光火车站,1,1,0,1,0,,not_available,来源含站台线，不能当作真实面,way/422391879
node/9118892105,银光站,0,0,0,0,0,,not_available,未获取到关联站台源对象,
node/8431451887,银城铺站,2,2,2,0,0,,not_available,源对象与显示一致，实际完整性未核验,way/999821238|way/1094984005
node/11753220638,银山一路站,0,0,0,0,0,,not_available,未获取到关联站台源对象,
node/11753220637,银山二路站,0,0,0,0,0,,not_available,未获取到关联站台源对象,
node/8173099879,银山镇站,0,0,0,0,0,,not_available,未获取到关联站台源对象,
node/9307694651,银川东站,2,2,0,2,0,,not_available,来源含站台线，不能当作真实面,way/1356616734|way/1356616735
node/7772948676,银川南站,0,0,0,0,0,,not_available,未获取到关联站台源对象,
node/9118892109,银川站,5,5,5,0,0,,not_available,源对象与显示一致，实际完整性未核验,way/1287782288|way/1287782289|way/1287782290|way/1287782301|way/1287782302
node/9118904883,银星二号站,0,0,0,0,0,,not_available,未获取到关联站台源对象,
node/6352805441,银浪站,1,1,0,1,0,,not_available,来源含站台线，不能当作真实面,way/1112314610
node/3926574090,银滩站,2,2,2,0,0,,not_available,源对象与显示一致，实际完整性未核验,way/1037495673|way/1037495674
node/6164592089,银瓶站,2,2,2,0,0,,not_available,源对象与显示一致，实际完整性未核验,way/658280640|way/658280642
node/8177044599,银盏坳站,1,1,1,0,0,,not_available,源对象与显示一致，实际完整性未核验,way/588262847
node/9198249303,银盏站,2,2,2,0,0,,not_available,源对象与显示一致，实际完整性未核验,way/878535532|way/878535533
node/10313622592,银花站,2,2,2,0,0,,not_available,源对象与显示一致，实际完整性未核验,way/1175277937|way/1175277938
node/7123583974,银镇站,1,1,0,1,0,,not_available,来源含站台线，不能当作真实面,way/1453121358
node/5530871826,铺集站,0,0,0,0,0,,not_available,未获取到关联站台源对象,
node/1596389964,锡林呼都嘎站,0,0,0,0,0,,not_available,未获取到关联站台源对象,
node/13208823489,锡林浩特东站,0,0,0,0,0,,not_available,未获取到关联站台源对象,
node/9072960143,锡林浩特北站,0,0,0,0,0,,not_available,未获取到关联站台源对象,
node/1552699343,锡林浩特站,3,3,3,0,0,,not_available,源对象与显示一致，实际完整性未核验,way/1462280202|way/1462280290|way/1462280300
node/9072960144,锡林浩特西站,0,0,0,0,0,,not_available,未获取到关联站台源对象,
node/1602496000,锡铁山站,0,0,0,0,0,,not_available,未获取到关联站台源对象,
node/9292699637,锦东站,0,0,0,0,0,,not_available,未获取到关联站台源对象,
node/7245028947,锦和站,0,0,0,0,0,,not_available,未获取到关联站台源对象,
node/8156943653,锦州北站,3,3,3,0,0,,not_available,源对象与显示一致，实际完整性未核验,way/876426417|way/876426418|way/876426419
node/8431451881,锦州南站,0,0,0,0,0,,not_available,未获取到关联站台源对象,
node/2336082903,锦州站,3,3,3,0,0,,not_available,源对象与显示一致，实际完整性未核验,way/679182329|way/679182330|way/679182331
node/9129186243,锦河站,0,0,0,0,0,,not_available,未获取到关联站台源对象,
node/1606443982,锦界站,0,0,0,0,0,,not_available,未获取到关联站台源对象,
node/11490095547,镇原站,0,0,0,0,0,,not_available,未获取到关联站台源对象,
node/4066228569,镇城底站,0,0,0,0,0,,not_available,未获取到关联站台源对象,
node/12091508851,镇宁站,0,0,0,0,0,,not_available,未获取到关联站台源对象,
node/1585550003,镇安站,2,2,2,0,0,,not_available,源对象与显示一致，实际完整性未核验,way/1303284226|way/1303284227
node/10855631025,镇安西站,0,0,0,0,0,,not_available,未获取到关联站台源对象,
node/1793113865,镇川站,1,1,0,1,0,,not_available,来源含站台线，不能当作真实面,way/1485491037
node/1589822216,镇平站,2,2,2,0,0,,not_available,源对象与显示一致，实际完整性未核验,way/975169926|way/975169927
node/8453216521,镇江东站,0,0,0,0,0,,not_available,未获取到关联站台源对象,
node/5151619743,镇江关站,2,2,0,2,0,,not_available,来源含站台线，不能当作真实面,way/1551660036|way/1551660037
node/9262932760,镇江南站,2,2,2,0,0,,not_available,源对象与显示一致，实际完整性未核验,way/720204803|way/720204804
node/1971813821,镇江站,5,5,5,0,0,,not_available,源对象与显示一致，实际完整性未核验,way/757854596|way/757854597|way/757854600|way/757854602|way/757854607
node/7690156549,镇海站,0,0,0,0,0,,not_available,未获取到关联站台源对象,
node/7687112630,镇海西站,0,0,0,0,0,,not_available,未获取到关联站台源对象,
node/8192936370,镇紫街站,0,0,0,0,0,,not_available,未获取到关联站台源对象,
node/9169253670,镇西堡站,0,0,0,0,0,,not_available,未获取到关联站台源对象,
node/1730851608,镇西站,0,0,0,0,0,,not_available,未获取到关联站台源对象,
node/1267537594,镇赉站,0,0,0,0,0,,not_available,未获取到关联站台源对象,
node/2825263049,镇远站,0,0,0,0,0,,not_available,未获取到关联站台源对象,
node/8745183065,镇雄站,2,2,0,2,0,,not_available,来源含站台线，不能当作真实面,way/1230252217|way/1230252218
node/12712348628,镇龙站,0,0,0,0,0,,not_available,未获取到关联站台源对象,
node/7369092519,镜儿井北站,0,0,0,0,0,,not_available,未获取到关联站台源对象,
node/7369092520,镜儿井南站,0,0,0,0,0,,not_available,未获取到关联站台源对象,
node/2045664588,镜铁山站,0,0,0,0,0,,not_available,未获取到关联站台源对象,
node/9524540935,长临河站,2,2,2,0,0,,not_available,源对象与显示一致，实际完整性未核验,way/1221998718|way/1221998719
node/4238806284,长乐东站,2,2,2,0,0,,not_available,源对象与显示一致，实际完整性未核验,way/1021874431|way/1021874432
node/4238806429,长乐南站,0,0,0,0,0,,not_available,未获取到关联站台源对象,
node/4238807785,长乐站,2,2,2,0,0,,not_available,源对象与显示一致，实际完整性未核验,way/1021874429|way/1021874430
node/7342408836,长兴南站,0,0,0,0,0,,not_available,未获取到关联站台源对象,
node/9166844946,长兴岛港站,0,0,0,0,0,,not_available,未获取到关联站台源对象,
node/5474173610,长兴岛站,2,2,2,0,0,,not_available,源对象与显示一致，实际完整性未核验,way/1330161070|way/1330161071
node/7342299449,长兴站,2,2,2,0,0,,not_available,源对象与显示一致，实际完整性未核验,way/496803791|way/496803792
node/9198249300,长冈站,1,1,1,0,0,,not_available,源对象与显示一致，实际完整性未核验,way/1021152620
node/840033510,长农站,0,0,0,0,0,,not_available,未获取到关联站台源对象,
node/3060545256,长冲沟站,0,0,0,0,0,,not_available,未获取到关联站台源对象,
node/11901257633,长冲站,0,0,0,0,0,,not_available,未获取到关联站台源对象,
node/9186758542,长冲站,0,0,0,0,0,,not_available,未获取到关联站台源对象,
node/2329802051,长发屯站,1,1,0,1,0,,not_available,来源含站台线，不能当作真实面,way/1113017018
node/3621005061,长台关站,0,0,0,0,0,,not_available,未获取到关联站台源对象,
node/2965620828,长哨站,0,0,0,0,0,,not_available,未获取到关联站台源对象,
node/7702364122,长坑站,0,0,0,0,0,,not_available,未获取到关联站台源对象,
node/3797722071,长坝站,0,0,0,0,0,,not_available,未获取到关联站台源对象,
node/8334108050,长坡岭站,0,0,0,0,0,,not_available,未获取到关联站台源对象,
node/2662698213,长垣站,2,2,0,2,0,,not_available,来源含站台线，不能当作真实面,way/815639027|way/815639028
node/3589651635,长城南站,0,0,0,0,0,,not_available,未获取到关联站台源对象,
node/9287647741,长城梁站,0,0,0,0,0,,not_available,未获取到关联站台源对象,
node/2340696382,长城站,0,0,0,0,0,,not_available,未获取到关联站台源对象,
node/13593175786,长基站,0,0,0,0,0,,not_available,未获取到关联站台源对象,
node/3174427205,长子南站,0,0,0,0,0,,not_available,未获取到关联站台源对象,
node/3644693220,长子站,0,0,0,0,0,,not_available,未获取到关联站台源对象,
node/3957682379,长宁堡站,0,0,0,0,0,,not_available,未获取到关联站台源对象,
node/5822178036,长宁站,0,0,0,0,0,,not_available,未获取到关联站台源对象,
node/13505962547,长安站,0,0,0,0,0,,not_available,未获取到关联站台源对象,
node/7063140961,长安站,0,0,0,0,0,,not_available,未获取到关联站台源对象,
node/7063140911,长安西站,0,0,0,0,0,,not_available,未获取到关联站台源对象,
node/5912000134,长安镇站,0,0,0,0,0,,not_available,未获取到关联站台源对象,
node/7199441367,长安集站,0,0,0,0,0,,not_available,未获取到关联站台源对象,
node/2775155961,长寿北站,4,4,0,4,0,,not_available,来源含站台线，不能当作真实面,way/733111415|way/733111424|way/733111441|way/733111446
node/3500369577,长寿湖站,2,2,0,2,0,,not_available,来源含站台线，不能当作真实面,way/753696366|way/753696378
node/1681825052,长寿站,0,0,0,0,0,,not_available,未获取到关联站台源对象,
node/9176129493,长山堡站,0,0,0,0,0,,not_available,未获取到关联站台源对象,
node/1273440762,长山屯站,0,0,0,0,0,,not_available,未获取到关联站台源对象,
node/12825968238,长山站,0,0,0,0,0,,not_available,未获取到关联站台源对象,
node/2335674320,长岗站,0,0,0,0,0,,not_available,未获取到关联站台源对象,
node/13771187219,长岭子交接所,0,0,0,0,0,,not_available,未获取到关联站台源对象,
node/2349477555,长岭子站,0,0,0,0,0,,not_available,未获取到关联站台源对象,
node/7855857388,长庄站,0,0,0,0,0,,not_available,未获取到关联站台源对象,
node/8100864291,长庆桥站,1,1,0,1,0,,not_available,来源含站台线，不能当作真实面,way/1196326079
node/2987878254,长庆站,0,0,0,0,0,,not_available,未获取到关联站台源对象,
node/840178488,长征站,0,0,0,0,0,,not_available,未获取到关联站台源对象,
node/9078386671,长征站,0,0,0,0,0,,not_available,未获取到关联站台源对象,
node/3039672927,长春东站,0,0,0,0,0,,not_available,未获取到关联站台源对象,
node/6056731233,长春北站,0,0,0,0,0,,not_available,未获取到关联站台源对象,
node/2662698188,长春南站,0,0,0,0,0,,not_available,未获取到关联站台源对象,
node/6711772972,长春岭站,0,0,0,0,0,,not_available,未获取到关联站台源对象,
node/9171411689,长春站,0,0,0,0,0,,not_available,未获取到关联站台源对象,
node/9507383335,长春西站,0,0,0,0,0,,not_available,未获取到关联站台源对象,
node/3353966065,长桥海站,0,0,0,0,0,,not_available,未获取到关联站台源对象,
node/8100859938,长武站,1,1,1,0,0,,not_available,源对象与显示一致，实际完整性未核验,way/1302876521
node/10649058857,长水机场,0,0,0,0,0,,not_available,未获取到关联站台源对象,
node/2925675933,长汀南站,3,3,3,0,0,,not_available,源对象与显示一致，实际完整性未核验,way/385141094|way/385141095|way/385141096
node/5746525364,长汀站,0,0,0,0,0,,not_available,未获取到关联站台源对象,
node/7901607621,长汀镇站,1,1,0,1,0,,not_available,来源含站台线，不能当作真实面,way/1086346552
node/2381028354,长江埠站,1,1,1,0,0,,not_available,源对象与显示一致，实际完整性未核验,way/771530049
node/11135889825,长江新区站,0,0,0,0,0,,not_available,未获取到关联站台源对象,
node/3363289706,长沙东站,0,0,0,0,0,,not_available,未获取到关联站台源对象,
node/8312461955,长沙北站,0,0,0,0,0,,not_available,未获取到关联站台源对象,
node/2803078099,长沙南站,15,15,13,2,0,,not_available,来源含站台线，不能当作真实面,way/468837003|way/468837010|way/468837011|way/468837012|way/468837013|way/468837014|way/468837015|way/468837016|way/468837017|way/468837018|way/468837019|way/468837020|way/468837021|way/1217778434|way/1217778435
node/8173073150,长沙埂站,0,0,0,0,0,,not_available,未获取到关联站台源对象,
node/317113112,长沙站,7,7,7,0,0,,not_available,源对象与显示一致，实际完整性未核验,way/617095592|way/617095593|way/617095594|way/617095595|way/617095596|way/617095597|way/617095598
node/14162042752,长沙西站,0,0,0,0,0,,not_available,未获取到关联站台源对象,
node/8502736253,长沟站,0,0,0,0,0,,not_available,未获取到关联站台源对象,
node/1588514309,长河坝站,0,0,0,0,0,,not_available,未获取到关联站台源对象,
node/9334658581,长河碥站,0,0,0,0,0,,not_available,未获取到关联站台源对象,
node/8208342110,长治东站,3,3,3,0,0,,not_available,源对象与显示一致，实际完整性未核验,way/1171082213|way/1171082214|way/1171082215
node/2329166651,长治北站,2,2,2,0,0,,not_available,源对象与显示一致，实际完整性未核验,way/1173959423|way/1173959424
node/12730398299,长治南站,2,2,2,0,0,,not_available,源对象与显示一致，实际完整性未核验,way/1171457339|way/1171457340
node/1578466504,长治站,1,1,0,1,0,,not_available,来源含站台线，不能当作真实面,way/412752209
node/7236126629,长泰站,0,0,0,0,0,,not_available,未获取到关联站台源对象,
node/1995670427,长流站,0,0,0,0,0,,not_available,未获取到关联站台源对象,
node/10650882522,长清站,0,0,0,0,0,,not_available,未获取到关联站台源对象,
node/8858946404,长滩站,0,0,0,0,0,,not_available,未获取到关联站台源对象,
node/7846554149,长甸站,0,0,0,0,0,,not_available,未获取到关联站台源对象,
node/9287647725,长畛站,0,0,0,0,0,,not_available,未获取到关联站台源对象,
node/11690751559,长白山东站,0,0,0,0,0,,not_available,未获取到关联站台源对象,
node/10291003161,长白山站,5,5,5,0,0,,not_available,源对象与显示一致，实际完整性未核验,relation/18330494|relation/18330495|relation/18330496|relation/18330497|relation/18330498
node/2381431791,长白山西站,4,4,4,0,0,,not_available,源对象与显示一致，实际完整性未核验,way/1531595850|way/1531595851|way/1531595852|way/1531595853
node/7704451131,长箐站,2,2,0,2,0,,not_available,来源含站台线，不能当作真实面,way/1503130658|way/1503130659
node/9129186256,长缨站,1,1,0,1,0,,not_available,来源含站台线，不能当作真实面,way/1185066140
node/2662698207,长胜站,0,0,0,0,0,,not_available,未获取到关联站台源对象,
node/9122624805,长胜站,0,0,0,0,0,,not_available,未获取到关联站台源对象,
node/5010504129,长草沟站,0,0,0,0,0,,not_available,未获取到关联站台源对象,
node/5575721521,长葛北站,2,2,2,0,0,,not_available,源对象与显示一致，实际完整性未核验,way/1046621720|way/1046621721
node/2504135265,长葛站,2,2,2,0,0,,not_available,源对象与显示一致，实际完整性未核验,way/1221730424|way/1221730425
node/1660818512,长虹站,0,0,0,0,0,,not_available,未获取到关联站台源对象,
node/7780210953,长辛店站,2,2,0,2,0,,not_available,来源含站台线，不能当作真实面,way/128248661|way/128248662
node/11716384850,长阳东站,0,0,0,0,0,,not_available,未获取到关联站台源对象,
node/3499295504,长阳站,0,0,0,0,0,,not_available,未获取到关联站台源对象,
node/2999349684,长陵站,1,1,1,0,0,,not_available,源对象与显示一致，实际完整性未核验,way/1210975803
node/5396240119,长青站,0,0,0,0,0,,not_available,未获取到关联站台源对象,
node/4525871790,门源站,2,2,0,2,0,,not_available,来源含站台线，不能当作真实面,way/971682367|way/971682368
node/2340355350,门达站,1,1,1,0,0,,not_available,源对象与显示一致，实际完整性未核验,way/1481575779
node/9119790827,门迪诺尔站,0,0,0,0,0,,not_available,未获取到关联站台源对象,
node/3156146802,闫庄则站,0,0,0,0,0,,not_available,未获取到关联站台源对象,
node/4714766414,闵行站,0,0,0,0,0,,not_available,未获取到关联站台源对象,
node/3377737911,闵集站,0,0,0,0,0,,not_available,未获取到关联站台源对象,
node/9186758521,闸口镇站,0,0,0,0,0,,not_available,未获取到关联站台源对象,
node/8502558721,闸河站,0,0,0,0,0,,not_available,未获取到关联站台源对象,
node/8428654340,闹海营站,1,1,0,1,0,,not_available,来源含站台线，不能当作真实面,way/1033475863
node/4076158511,闻喜站,0,0,0,0,0,,not_available,未获取到关联站台源对象,
node/13042935458,闻喜西站,0,0,0,0,0,,not_available,未获取到关联站台源对象,
node/7252546293,闽侯站,0,0,0,0,0,,not_available,未获取到关联站台源对象,
node/9524540938,闽清北站,0,0,0,0,0,,not_available,未获取到关联站台源对象,
node/5106720167,闽清站,0,0,0,0,0,,not_available,未获取到关联站台源对象,
node/12725916924,阁老坝南站,0,0,0,0,0,,not_available,未获取到关联站台源对象,
node/5773711724,阁老坝站,0,0,0,0,0,,not_available,未获取到关联站台源对象,
node/3596013343,阆中站,3,3,0,3,0,,not_available,来源含站台线，不能当作真实面,way/860146773|way/860146774|way/860146775
node/2940257470,阌乡站,0,0,0,0,0,,not_available,未获取到关联站台源对象,
node/2184985159,阎家站,1,1,0,1,0,,not_available,来源含站台线，不能当作真实面,way/1113251929
node/9265808495,阎村站,0,0,0,0,0,,not_available,未获取到关联站台源对象,
node/1530850989,阎良站,1,1,1,0,0,,not_available,源对象与显示一致，实际完整性未核验,way/1211786789
node/7365811217,阔什站,0,0,0,0,0,,not_available,未获取到关联站台源对象,
node/7319259960,阔拉布拉克站,0,0,0,0,0,,not_available,未获取到关联站台源对象,
node/7365865350,阔镇站,0,0,0,0,0,,not_available,未获取到关联站台源对象,
node/9223366433,阚山电厂站,0,0,0,0,0,,not_available,未获取到关联站台源对象,
node/2370486189,阜南站,0,0,0,0,0,,not_available,未获取到关联站台源对象,
node/3949950027,阜城东站,1,1,1,0,0,,not_available,源对象与显示一致，实际完整性未核验,way/1112069082
node/11297287176,阜城南站,0,0,0,0,0,,not_available,未获取到关联站台源对象,
node/6273011814,阜城站,0,0,0,0,0,,not_available,未获取到关联站台源对象,
node/4050188145,阜宁东站,0,0,0,0,0,,not_available,未获取到关联站台源对象,
node/4715006899,阜宁南站,2,2,2,0,0,,not_available,源对象与显示一致，实际完整性未核验,way/1188393892|way/1188393893
node/1665822785,阜宁站,0,0,0,0,0,,not_available,未获取到关联站台源对象,
node/11297643263,阜平站,0,0,0,0,0,,not_available,未获取到关联站台源对象,
node/6308158131,阜康站,0,0,0,0,0,,not_available,未获取到关联站台源对象,
node/2340355349,阜新南站,0,0,0,0,0,,not_available,未获取到关联站台源对象,
node/4507866480,阜新站,2,2,2,0,0,,not_available,源对象与显示一致，实际完整性未核验,way/1481770204|way/1481770205
node/8050267870,阜阳北站,0,0,0,0,0,,not_available,未获取到关联站台源对象,
node/8278853407,阜阳站,0,0,0,0,0,,not_available,未获取到关联站台源对象,
node/4592130192,阜阳西站,10,10,0,10,0,,not_available,来源含站台线，不能当作真实面,way/854966096|way/854966097|way/854966098|way/854966099|way/854966100|way/854966101|way/854966102|way/854966103|way/854966104|way/854966105
node/8447586421,阮家村站,0,0,0,0,0,,not_available,未获取到关联站台源对象,
node/5932710969,防城港北站,2,2,2,0,0,,not_available,源对象与显示一致，实际完整性未核验,way/825425699|way/825425700
node/5110344150,防城港站,2,2,0,2,0,,not_available,来源含站台线，不能当作真实面,way/1108000343|way/1108000344
node/1535222204,防城站,0,0,0,0,0,,not_available,未获取到关联站台源对象,
node/3589417020,防沙林场,0,0,0,0,0,,not_available,未获取到关联站台源对象,
node/8868075261,阳东站,2,2,2,0,0,,not_available,源对象与显示一致，实际完整性未核验,way/970025074|way/970025075
node/8390728501,阳乐站,0,0,0,0,0,,not_available,未获取到关联站台源对象,
node/4391676558,阳信站,2,2,2,0,0,,not_available,源对象与显示一致，实际完整性未核验,way/1374089324|way/1374089325
node/5010481118,阳关站,0,0,0,0,0,,not_available,未获取到关联站台源对象,
node/4261930501,阳原站,2,2,0,2,0,,not_available,来源含站台线，不能当作真实面,way/550988859|way/550988860
node/8841766451,阳圩站,0,0,0,0,0,,not_available,未获取到关联站台源对象,
node/8387392482,阳坪站,0,0,0,0,0,,not_available,未获取到关联站台源对象,
node/2967248859,阳城站,0,0,0,0,0,,not_available,未获取到关联站台源对象,
node/13251910596,阳城货场,0,0,0,0,0,,not_available,未获取到关联站台源对象,
node/3695429928,阳宗站,2,2,2,0,0,,not_available,源对象与显示一致，实际完整性未核验,way/952443563|way/952443572
node/1550539310,阳岔站,0,0,0,0,0,,not_available,未获取到关联站台源对象,
node/3003935024,阳峪站,0,0,0,0,0,,not_available,未获取到关联站台源对象,
node/3024571603,阳平关东站,0,0,0,0,0,,not_available,未获取到关联站台源对象,
node/1546239767,阳平关站,0,0,0,0,0,,not_available,未获取到关联站台源对象,
node/2999354100,阳平站,0,0,0,0,0,,not_available,未获取到关联站台源对象,
node/2941322852,阳店站,0,0,0,0,0,,not_available,未获取到关联站台源对象,
node/1769587486,阳新站,2,2,2,0,0,,not_available,源对象与显示一致，实际完整性未核验,way/1068918062|way/1068918063
node/3699706745,阳方口站,0,0,0,0,0,,not_available,未获取到关联站台源对象,
node/1984411027,阳明堡站,0,0,0,0,0,,not_available,未获取到关联站台源对象,
node/9674103621,阳春东站,0,0,0,0,0,,not_available,未获取到关联站台源对象,
node/1640922648,阳春站,0,0,0,0,0,,not_available,未获取到关联站台源对象,
node/3671619715,阳曲站,0,0,0,0,0,,not_available,未获取到关联站台源对象,
node/3671646981,阳曲西站,0,0,0,0,0,,not_available,未获取到关联站台源对象,
node/3676370264,阳朔站,2,2,2,0,0,,not_available,源对象与显示一致，实际完整性未核验,way/1029217001|way/1029217002
node/8310212465,阳朗站,1,1,1,0,0,,not_available,源对象与显示一致，实际完整性未核验,way/1113489221
node/11613300847,阳江北站,3,3,3,0,0,,not_available,源对象与显示一致，实际完整性未核验,way/1551517202|way/1551517203|way/1551517204
node/9192805743,阳江港站,0,0,0,0,0,,not_available,未获取到关联站台源对象,
node/5485730495,阳江站,0,0,0,0,0,,not_available,未获取到关联站台源对象,
node/9192805744,阳江站,0,0,0,0,0,,not_available,未获取到关联站台源对象,
node/7875446254,阳泉东站,2,2,0,2,0,,not_available,来源含站台线，不能当作真实面,way/956540835|way/956540836
node/2505163524,阳泉北站,4,4,4,0,0,,not_available,源对象与显示一致，实际完整性未核验,way/844263568|way/844263569|way/1029666656|way/1029666657
node/2328308916,阳泉曲站,0,0,0,0,0,,not_available,未获取到关联站台源对象,
node/2295519230,阳泉站,2,2,2,0,0,,not_available,源对象与显示一致，实际完整性未核验,way/1059339713|way/1059339714
node/9242148029,阳澄湖站,2,2,2,0,0,,not_available,源对象与显示一致，实际完整性未核验,way/532963185|way/532963186
node/12612402429,阳澄湖西站,0,0,0,0,0,,not_available,未获取到关联站台源对象,
node/9192805737,阳西站,2,2,2,0,0,,not_available,源对象与显示一致，实际完整性未核验,way/938820026|way/938820027
node/11296772784,阳谷东站,0,0,0,0,0,,not_available,未获取到关联站台源对象,
node/8419766776,阳谷站,2,2,2,0,0,,not_available,源对象与显示一致，实际完整性未核验,way/1373860401|relation/18925034
node/7461167199,阳邑站,2,2,2,0,0,,not_available,源对象与显示一致，实际完整性未核验,way/1121040699|way/1121040700
node/5459595001,阳霞 يېڭىسار站,1,1,1,0,0,,not_available,源对象与显示一致，实际完整性未核验,way/871950360
node/7193434490,阳高南站,0,0,0,0,0,,not_available,未获取到关联站台源对象,
node/1597596273,阳高站,0,0,0,0,0,,not_available,未获取到关联站台源对象,
node/4587890204,阴塔站,0,0,0,0,0,,not_available,未获取到关联站台源对象,
node/8204071012,阿克吐孜站,0,0,0,0,0,,not_available,未获取到关联站台源对象,
node/7319259958,阿克塔什站,0,0,0,0,0,,not_available,未获取到关联站台源对象,
node/5010483348,阿克塞站,0,0,0,0,0,,not_available,未获取到关联站台源对象,
node/2662698004,阿克苏站,0,0,0,0,0,,not_available,未获取到关联站台源对象,
node/9182286778,阿克陶 ئاقتو / ﺍﻗﺘﻮﻭ站,2,2,2,0,0,,not_available,源对象与显示一致，实际完整性未核验,way/866738121|way/866738122
node/8787834135,阿勒泰 التاي站,2,2,2,0,0,,not_available,源对象与显示一致，实际完整性未核验,way/676213740|way/795945907
node/1758381586,阿南庄站,0,0,0,0,0,,not_available,未获取到关联站台源对象,
node/2662698034,阿图什 ئاتۇش / ارتىش站,0,0,0,0,0,,not_available,未获取到关联站台源对象,
node/6314359568,阿城北站,2,2,0,2,0,,not_available,来源含站台线，不能当作真实面,way/971320937|way/971320938
node/2662697995,阿城站,2,2,0,2,0,,not_available,来源含站台线，不能当作真实面,way/1098738860|way/1098738861
node/7368822660,阿夏勒站,0,0,0,0,0,,not_available,未获取到关联站台源对象,
node/7740365165,阿如柴达木站,0,0,0,0,0,,not_available,未获取到关联站台源对象,
node/2092189927,阿寨站,0,0,0,0,0,,not_available,未获取到关联站台源对象,
node/5377255161,阿尔乡站,1,1,0,1,0,,not_available,来源含站台线，不能当作真实面,way/1481764588
node/4996978334,阿尔山北站,2,2,0,2,0,,not_available,来源含站台线，不能当作真实面,way/1093273383|way/1093273384
node/2662697996,阿尔山站,0,0,0,0,0,,not_available,未获取到关联站台源对象,
node/12212964527,阿尔金山北站,0,0,0,0,0,,not_available,未获取到关联站台源对象,
node/7319259963,阿尔金山站,0,0,0,0,0,,not_available,未获取到关联站台源对象,
node/4516499680,阿巴嘎旗站,0,0,0,0,0,,not_available,未获取到关联站台源对象,
node/6318167562,阿恰尔站,0,0,0,0,0,,not_available,未获取到关联站台源对象,
node/10180356246,阿房宫南站,2,2,2,0,0,,not_available,源对象与显示一致，实际完整性未核验,way/1222225362|way/1222225363
node/9069903370,阿拉坦站,0,0,0,0,0,,not_available,未获取到关联站台源对象,
node/7372291396,阿拉尔站,0,0,0,0,0,,not_available,未获取到关联站台源对象,
node/2662698005,阿拉山口 ئالاتاۋ ئېغىزى ᠠᠯᠠᠭ ᠠᠭᠤᠯᠠ站,2,2,0,2,0,,not_available,来源含站台线，不能当作真实面,way/231999825|way/231999826
node/7319353489,阿拉干站,0,0,0,0,0,,not_available,未获取到关联站台源对象,
node/7368677849,阿拉德站,0,0,0,0,0,,not_available,未获取到关联站台源对象,
node/7368677850,阿日德塞站,0,0,0,0,0,,not_available,未获取到关联站台源对象,
node/9072960136,阿日高勒站,0,0,0,0,0,,not_available,未获取到关联站台源对象,
node/9129186255,阿木尔站,1,1,0,1,0,,not_available,来源含站台线，不能当作真实面,way/1185066143
node/8406252703,阿湖镇站,0,0,0,0,0,,not_available,未获取到关联站台源对象,
way/1244187777,阿瓦提站,1,1,1,0,0,,not_available,源对象与显示一致，实际完整性未核验,way/1244187781
node/9126260260,阿荣旗站,0,0,0,0,0,,not_available,未获取到关联站台源对象,
node/11115721603,阿西站,0,0,0,0,0,,not_available,未获取到关联站台源对象,
node/2662697997,阿贵图站,0,0,0,0,0,,not_available,未获取到关联站台源对象,
node/7473373516,阿达日嘎站,0,0,0,0,0,,not_available,未获取到关联站台源对象,
node/12744883799,阿达日格站,0,0,0,0,0,,not_available,未获取到关联站台源对象,
node/9072960158,阿都呼都格站,0,0,0,0,0,,not_available,未获取到关联站台源对象,
node/2662698006,阿里河站,1,1,0,1,0,,not_available,来源含站台线，不能当作真实面,way/1124987770
node/2662698003,阿金站,0,0,0,0,0,,not_available,未获取到关联站台源对象,
node/2662698007,阿龙山站,1,1,0,1,0,,not_available,来源含站台线，不能当作真实面,way/1118332773
node/9193526301,陂面站,0,0,0,0,0,,not_available,未获取到关联站台源对象,
node/7272083202,际坑口站,0,0,0,0,0,,not_available,未获取到关联站台源对象,
node/10554312400,陆丰东站,2,2,2,0,0,,not_available,源对象与显示一致，实际完整性未核验,way/1478717209|way/1478717210
node/10554312405,陆丰南站,2,2,0,2,0,,not_available,来源含站台线，不能当作真实面,way/1323089716|way/1323089717
node/1732278092,陆丰站,0,0,0,0,0,,not_available,未获取到关联站台源对象,
node/8337629501,陆家山站,0,0,0,0,0,,not_available,未获取到关联站台源对象,
node/14142543996,陆家浜站,0,0,0,0,0,,not_available,未获取到关联站台源对象,
node/8158566833,陆屋站,0,0,0,0,0,,not_available,未获取到关联站台源对象,
node/1541942454,陆川站,0,0,0,0,0,,not_available,未获取到关联站台源对象,
node/2093554455,陆良站,0,0,0,0,0,,not_available,未获取到关联站台源对象,
node/8865215031,陇凌站,0,0,0,0,0,,not_available,未获取到关联站台源对象,
node/9546662163,陇南站,3,3,0,3,0,,not_available,来源含站台线，不能当作真实面,way/463070570|way/463070572|way/463070573
node/3500351611,陇南西站,0,0,0,0,0,,not_available,未获取到关联站台源对象,
node/2368523117,陇县站,0,0,0,0,0,,not_available,未获取到关联站台源对象,
node/4438875617,陇西站,2,2,0,2,0,,not_available,来源含站台线，不能当作真实面,way/961960458|way/1327844265
node/9226690978,陈四楼站,0,0,0,0,0,,not_available,未获取到关联站台源对象,
node/8814335390,陈坊站,0,0,0,0,0,,not_available,未获取到关联站台源对象,
node/7252546307,陈墩站,0,0,0,0,0,,not_available,未获取到关联站台源对象,
node/5636152166,陈官营站,3,3,0,3,0,,not_available,来源含站台线，不能当作真实面,way/590288488|way/590288541|way/1080349094
node/6183396198,陈家寨站,1,1,1,0,0,,not_available,源对象与显示一致，实际完整性未核验,way/842901554
node/13645169083,陈家沟站,0,0,0,0,0,,not_available,未获取到关联站台源对象,
node/8387184315,陈家沟站,0,0,0,0,0,,not_available,未获取到关联站台源对象,
node/3555707810,陈家湖站,0,0,0,0,0,,not_available,未获取到关联站台源对象,
node/1817420719,陈家湾站,0,0,0,0,0,,not_available,未获取到关联站台源对象,
node/3958199219,陈家湾西站,0,0,0,0,0,,not_available,未获取到关联站台源对象,
node/8946555593,陈家站,1,1,0,1,0,,not_available,来源含站台线，不能当作真实面,way/1061495926
node/2957260058,陈庄站,0,0,0,0,0,,not_available,未获取到关联站台源对象,
node/9251972104,陈庄镇站,0,0,0,0,0,,not_available,未获取到关联站台源对象,
node/11932116431,陈村站,2,2,2,0,0,,not_available,源对象与显示一致，实际完整性未核验,way/1434130064|way/1434130065
node/6164244012,陈江南站,2,2,2,0,0,,not_available,源对象与显示一致，实际完整性未核验,way/658242879|way/658242880
node/8417536176,陈江站,0,0,0,0,0,,not_available,未获取到关联站台源对象,
node/2662698244,陈相屯站,2,2,2,0,0,,not_available,源对象与显示一致，实际完整性未核验,way/1500639967|way/1500639968
node/7705042790,陈篆站,0,0,0,0,0,,not_available,未获取到关联站台源对象,
node/7740322562,陕州站,0,0,0,0,0,,not_available,未获取到关联站台源对象,
node/10075851733,陡河站,0,0,0,0,0,,not_available,未获取到关联站台源对象,
node/7249740476,陬市站,0,0,0,0,0,,not_available,未获取到关联站台源对象,
node/4729023821,陵城站,2,2,2,0,0,,not_available,源对象与显示一致，实际完整性未核验,way/1374089287|way/1374089288
node/3924117307,陵水站,2,2,2,0,0,,not_available,源对象与显示一致，实际完整性未核验,way/316381505|way/316381520
node/7740376250,陶利庙南站,0,0,0,0,0,,not_available,未获取到关联站台源对象,
node/7740376249,陶利庙站,0,0,0,0,0,,not_available,未获取到关联站台源对象,
node/3589734341,陶利站,0,0,0,0,0,,not_available,未获取到关联站台源对象,
node/7296208321,陶力站,0,0,0,0,0,,not_available,未获取到关联站台源对象,
node/9111268214,陶勒盖站,0,0,0,0,0,,not_available,未获取到关联站台源对象,
node/2933291741,陶卜齐站,0,0,0,0,0,,not_available,未获取到关联站台源对象,
node/3957682081,陶家寨站,0,0,0,0,0,,not_available,未获取到关联站台源对象,
node/8436995009,陶家屯站,0,0,0,0,0,,not_available,未获取到关联站台源对象,
node/6013154795,陶家沟站,0,0,0,0,0,,not_available,未获取到关联站台源对象,
node/1694174667,陶思浩站,2,2,2,0,0,,not_available,源对象与显示一致，实际完整性未核验,way/1283408505|way/1283408506
node/8436995000,陶赖昭站,0,0,0,0,0,,not_available,未获取到关联站台源对象,
node/3523467824,隆化站,3,3,0,3,0,,not_available,来源含站台线，不能当作真实面,way/1033296090|way/1033296091|way/1033299469
node/5559277118,隆回站,2,2,0,2,0,,not_available,来源含站台线，不能当作真实面,way/1169298771|way/1169298772
node/5559277117,隆回西站,0,0,0,0,0,,not_available,未获取到关联站台源对象,
node/4039439588,隆安东站,4,4,2,2,0,,not_available,来源含站台线，不能当作真实面,way/1304341280|way/1304341281|way/1304341282|way/1304341283
node/7278842964,隆安站,1,1,0,1,0,,not_available,来源含站台线，不能当作真实面,way/779481620
node/8382763914,隆尧县站,3,3,3,0,0,,not_available,源对象与显示一致，实际完整性未核验,way/1067672780|way/1067672781|way/1067672782
node/7158189078,隆昌北站,2,2,0,2,0,,not_available,来源含站台线，不能当作真实面,way/1283578998|way/1283578999
node/1586701901,隆昌站,2,2,2,0,0,,not_available,源对象与显示一致，实际完整性未核验,way/1529514239|way/1529514244
node/8155108833,隆盛站,0,0,0,0,0,,not_available,未获取到关联站台源对象,
node/8536809977,随县站,0,0,0,0,0,,not_available,未获取到关联站台源对象,
node/8536806862,随州南站,2,2,2,0,0,,not_available,源对象与显示一致，实际完整性未核验,way/919980346|way/919980347
node/8930909278,随州站,0,0,0,0,0,,not_available,未获取到关联站台源对象,
node/8547262358,随阳店站,0,0,0,0,0,,not_available,未获取到关联站台源对象,
node/7202565682,隔蒲站,0,0,0,0,0,,not_available,未获取到关联站台源对象,
node/4074615779,隰县站,0,0,0,0,0,,not_available,未获取到关联站台源对象,
node/1596579483,雁儿崖站,0,0,0,0,0,,not_available,未获取到关联站台源对象,
node/12073094316,雁南矿站,0,0,0,0,0,,not_available,未获取到关联站台源对象,
node/7805085887,雁栖湖站,2,2,0,2,0,,not_available,来源含站台线，不能当作真实面,way/237351408|way/836237313
node/9638789772,雁栖湖站,0,0,0,0,0,,not_available,未获取到关联站台源对象,
node/1620226847,雁洋站,0,0,0,0,0,,not_available,未获取到关联站台源对象,
node/7237831723,雁石南站,0,0,0,0,0,,not_available,未获取到关联站台源对象,
node/1756562940,雁石坪站,0,0,0,0,0,,not_available,未获取到关联站台源对象,
node/5864608172,雁石站,0,0,0,0,0,,not_available,未获取到关联站台源对象,
node/9871363429,雁矿一号站,1,1,0,1,0,,not_available,来源含站台线，不能当作真实面,way/1303647306
node/10955936165,雁矿西站,1,1,0,1,0,,not_available,来源含站台线，不能当作真实面,way/1303647273
node/9265808485,雁翅站,3,3,1,2,0,,not_available,来源含站台线，不能当作真实面,way/1133996172|way/1133996147|way/1133996148
node/7714110153,雁荡山站,0,0,0,0,0,,not_available,未获取到关联站台源对象,
node/10297769454,雁门关站,0,0,0,0,0,,not_available,未获取到关联站台源对象,
node/11297643243,雄安城际站,0,0,0,0,0,,not_available,未获取到关联站台源对象,
node/6819545356,雄安站,7,7,0,7,0,,not_available,来源含站台线，不能当作真实面,way/795983691|way/795983755|way/1075411372|way/1075411373|way/1075411374|way/1075411375|way/1075411376
node/5459596867,雅克拉站,0,0,0,0,0,,not_available,未获取到关联站台源对象,
node/8524456718,雅周站,1,1,1,0,0,,not_available,源对象与显示一致，实际完整性未核验,way/1497138753
node/8087546224,雅园站,0,0,0,0,0,,not_available,未获取到关联站台源对象,
node/1202941467,雅子泉站,0,0,0,0,0,,not_available,未获取到关联站台源对象,
node/7369730796,雅安站,3,3,3,0,0,,not_available,源对象与显示一致，实际完整性未核验,way/1085289445|way/1085289446|way/1085289447
node/13406991164,雅干站,0,0,0,0,0,,not_available,未获取到关联站台源对象,
node/9899713913,雅江站,2,2,0,2,0,,not_available,来源含站台线，不能当作真实面,way/1271742439|way/1271742440
node/9174163140,雅河站,0,0,0,0,0,,not_available,未获取到关联站台源对象,
node/7369016948,雅满苏 يامانسۇ站,0,0,0,0,0,,not_available,未获取到关联站台源对象,
node/1595854649,雅鲁站,1,1,0,1,0,,not_available,来源含站台线，不能当作真实面,way/1095954807
node/8390350395,集义庄站,0,0,0,0,0,,not_available,未获取到关联站台源对象,
node/7740352491,集义站,0,0,0,0,0,,not_available,未获取到关联站台源对象,
node/8115111821,集北站,0,0,0,0,0,,not_available,未获取到关联站台源对象,
node/4693142089,集宁南站,3,3,3,0,0,,not_available,源对象与显示一致，实际完整性未核验,way/455459075|way/455459076|way/455459077
node/5241738017,集宁站,0,0,0,0,0,,not_available,未获取到关联站台源对象,
node/2278432367,集安站,0,0,0,0,0,,not_available,未获取到关联站台源对象,
node/10889243004,集店站,0,0,0,0,0,,not_available,未获取到关联站台源对象,
node/13506342970,集贤站,1,1,1,0,0,,not_available,源对象与显示一致，实际完整性未核验,way/1471924761
node/13508852338,集配站,0,0,0,0,0,,not_available,未获取到关联站台源对象,
node/14156675325,集配站,0,0,0,0,0,,not_available,未获取到关联站台源对象,
node/9226690982,集配站,0,0,0,0,0,,not_available,未获取到关联站台源对象,
node/8154580330,雒容站,0,0,0,0,0,,not_available,未获取到关联站台源对象,
node/4593965704,雨格站,0,0,0,0,0,,not_available,未获取到关联站台源对象,
node/3353913802,雨过铺站,0,0,0,0,0,,not_available,未获取到关联站台源对象,
node/11837799349,雪嘎（预留）,0,0,0,0,0,,not_available,未获取到关联站台源对象,
node/7781469265,雪峰站,0,0,0,0,0,,not_available,未获取到关联站台源对象,
node/6274215183,雪查玛站,0,0,0,0,0,,not_available,未获取到关联站台源对象,
node/10282066317,雪野站,2,2,2,0,0,,not_available,源对象与显示一致，实际完整性未核验,way/1124393931|way/1124393939
node/8293700337,雪门寺站,0,0,0,0,0,,not_available,未获取到关联站台源对象,
node/2876178099,零口站,0,0,0,0,0,,not_available,未获取到关联站台源对象,
node/2134702880,零陵站,0,0,0,0,0,,not_available,未获取到关联站台源对象,
node/8244169099,雷家站,0,0,0,0,0,,not_available,未获取到关联站台源对象,
node/1692280663,雷州站,0,0,0,0,0,,not_available,未获取到关联站台源对象,
node/9269060406,雷庄站,2,2,2,0,0,,not_available,源对象与显示一致，实际完整性未核验,way/1098087743|way/1098087744
node/7988859871,雷麻店站,0,0,0,0,0,,not_available,未获取到关联站台源对象,
node/9171411674,雹神站,0,0,0,0,0,,not_available,未获取到关联站台源对象,
node/12612402402,震泽站,0,0,0,0,0,,not_available,未获取到关联站台源对象,
node/7368810564,霍吉尔特 قوجىرتى站,0,0,0,0,0,,not_available,未获取到关联站台源对象,
node/6318115609,霍城 قورغاس站,0,0,0,0,0,,not_available,未获取到关联站台源对象,
node/8341297449,霍家寨站,0,0,0,0,0,,not_available,未获取到关联站台源对象,
node/6316474613,霍尔果斯站,2,2,2,0,0,,not_available,源对象与显示一致，实际完整性未核验,way/674478102|way/674478103
node/3012041088,霍州东站,2,2,2,0,0,,not_available,源对象与显示一致，实际完整性未核验,way/1463795423|way/1463795424
node/807798137,霍州站,2,2,2,0,0,,not_available,源对象与显示一致，实际完整性未核验,way/1394833285|way/1394833286
node/9069903365,霍林河站,0,0,0,0,0,,not_available,未获取到关联站台源对象,
node/3283374416,霍林郭勒站,1,1,1,0,0,,not_available,源对象与显示一致，实际完整性未核验,way/779443766
node/7369154345,霍达站,0,0,0,0,0,,not_available,未获取到关联站台源对象,
node/3848630531,霍邱站,0,0,0,0,0,,not_available,未获取到关联站台源对象,
node/9129186273,霍龙门站,1,1,0,1,0,,not_available,来源含站台线，不能当作真实面,way/1126434614
node/3949950010,霞口站,0,0,0,0,0,,not_available,未获取到关联站台源对象,
node/5043812384,霞洞站,0,0,0,0,0,,not_available,未获取到关联站台源对象,
node/5617318079,霞浦站,0,0,0,0,0,,not_available,未获取到关联站台源对象,
node/7272083196,霞西站,1,1,1,0,0,,not_available,源对象与显示一致，实际完整性未核验,way/998445082
node/1590840573,露水河站,0,0,0,0,0,,not_available,未获取到关联站台源对象,
node/6819545358,霸州北站,2,2,2,0,0,,not_available,源对象与显示一致，实际完整性未核验,way/1151599299|way/1151599300
node/9763960468,霸州南站,1,1,0,1,0,,not_available,来源含站台线，不能当作真实面,way/1062873267
node/2351141700,霸州站,2,2,2,0,0,,not_available,源对象与显示一致，实际完整性未核验,way/727716257|way/727716258
node/3931584035,霸州西站,2,2,2,0,0,,not_available,源对象与显示一致，实际完整性未核验,way/727703862|way/727703863
node/9226690946,青东站,0,0,0,0,0,,not_available,未获取到关联站台源对象,
node/2279127731,青云谱站,2,2,2,0,0,,not_available,源对象与显示一致，实际完整性未核验,way/243018800|way/243019107
node/9274358844,青凝候站,0,0,0,0,0,,not_available,未获取到关联站台源对象,
node/9118892101,青分站,0,0,0,0,0,,not_available,未获取到关联站台源对象,
node/1668282552,青县站,2,2,0,2,0,,not_available,来源含站台线，不能当作真实面,way/1050875494|way/1050875495
node/7951474434,青城山站,3,3,1,2,0,,not_available,来源含站台线，不能当作真实面,way/1262414006|way/542926624|way/542926625
node/1188969446,青堆子站,0,0,0,0,0,,not_available,未获取到关联站台源对象,
node/9166853510,青堆站,0,0,0,0,0,,not_available,未获取到关联站台源对象,
node/9014801321,青山堡站,0,0,0,0,0,,not_available,未获取到关联站台源对象,
node/5485779795,青山庙站,0,0,0,0,0,,not_available,未获取到关联站台源对象,
node/8742337980,青山桥站,0,0,0,0,0,,not_available,未获取到关联站台源对象,
node/7950079974,青山泉站,0,0,0,0,0,,not_available,未获取到关联站台源对象,
node/1604972737,青山站,1,1,0,1,0,,not_available,来源含站台线，不能当作真实面,way/1113585260
node/1585552955,青岔站,0,0,0,0,0,,not_available,未获取到关联站台源对象,
node/8081624907,青岛北站,8,8,8,0,0,,not_available,源对象与显示一致，实际完整性未核验,way/1487719534|way/1487719535|way/1487719536|way/1487719537|way/1487719538|way/1487719539|way/1487719540|way/1487719541
node/8253269141,青岛机场,2,2,2,0,0,,not_available,源对象与显示一致，实际完整性未核验,way/1348965927|way/1348965928
node/9255077341,青岛站,9,9,6,3,0,,not_available,来源含站台线，不能当作真实面,way/1465995418|way/1465995419|way/1465995420|way/1465995421|way/1465995422|way/1465995423|way/1207747488|way/1207747489|way/1207747490
node/9549447313,青岛西站,0,0,0,0,0,,not_available,未获取到关联站台源对象,
node/1603990235,青岭子站,2,2,0,2,0,,not_available,来源含站台线，不能当作真实面,way/1107943343|way/1107943344
node/6711712376,青岭站,0,0,0,0,0,,not_available,未获取到关联站台源对象,
node/4676361101,青峰路站,0,0,0,0,0,,not_available,未获取到关联站台源对象,
node/7332270418,青川站,1,1,0,1,0,,not_available,来源含站台线，不能当作真实面,way/643486947
node/5322560852,青州市北站,2,2,2,0,0,,not_available,源对象与显示一致，实际完整性未核验,way/1238783741|way/1238783742
node/1306269935,青州市南站,4,4,0,4,0,,not_available,来源含站台线，不能当作真实面,way/903944922|way/903944923|way/982241023|way/982241026
node/4071777100,青州市站,2,2,2,0,0,,not_available,源对象与显示一致，实际完整性未核验,way/904064409|way/904064410
node/7235401601,青州站,0,0,0,0,0,,not_available,未获取到关联站台源对象,
node/4323698778,青杠站,0,0,0,0,0,,not_available,未获取到关联站台源对象,
node/7272049303,青杨站,3,3,0,3,0,,not_available,来源含站台线，不能当作真实面,way/778861424|way/778861425|way/778861426
node/3640220039,青林站,0,0,0,0,0,,not_available,未获取到关联站台源对象,
node/1727803074,青水山站,1,1,0,1,0,,not_available,来源含站台线，不能当作真实面,way/1125532010
node/10901470924,青沟子站,0,0,0,0,0,,not_available,未获取到关联站台源对象,
node/12844704701,青沟子站,0,0,0,0,0,,not_available,未获取到关联站台源对象,
node/3688803386,青海湖站,0,0,0,0,0,,not_available,未获取到关联站台源对象,
node/627665638,青溪站,0,0,0,0,0,,not_available,未获取到关联站台源对象,
node/7702364113,青田东站,0,0,0,0,0,,not_available,未获取到关联站台源对象,
node/7702364114,青田站,2,2,2,0,0,,not_available,源对象与显示一致，实际完整性未核验,way/1023899808|way/1023899809
node/8506138833,青疃站,0,0,0,0,0,,not_available,未获取到关联站台源对象,
node/9527263758,青白江东站,2,2,2,0,0,,not_available,源对象与显示一致，实际完整性未核验,way/1230071583|way/1230071584
node/3931849630,青白江站,0,0,0,0,0,,not_available,未获取到关联站台源对象,
node/7726261682,青白石站,0,0,0,0,0,,not_available,未获取到关联站台源对象,
node/14156675341,青石山站,0,0,0,0,0,,not_available,未获取到关联站台源对象,
node/2912826692,青石岭站,0,0,0,0,0,,not_available,未获取到关联站台源对象,
node/2962269853,青石崖站,1,1,1,0,0,,not_available,源对象与显示一致，实际完整性未核验,way/1487397382
node/8148643737,青神站,0,0,0,0,0,,not_available,未获取到关联站台源对象,
node/9282598398,青羊湾站,0,0,0,0,0,,not_available,未获取到关联站台源对象,
node/13482094387,青花坪站,0,0,0,0,0,,not_available,未获取到关联站台源对象,
node/12732718438,青花站,0,0,0,0,0,,not_available,未获取到关联站台源对象,
node/4419756540,青茅站,0,0,0,0,0,,not_available,未获取到关联站台源对象,
node/8148277240,青莲站,0,0,0,0,0,,not_available,未获取到关联站台源对象,
node/5923782517,青铜峡站,0,0,0,0,0,,not_available,未获取到关联站台源对象,
node/4071540593,青铝厂前站,0,0,0,0,0,,not_available,未获取到关联站台源对象,
node/1588514481,青龙场,0,0,0,0,0,,not_available,未获取到关联站台源对象,
node/1406037216,青龙寺站,0,0,0,0,0,,not_available,未获取到关联站台源对象,
node/6325241129,青龙山站,1,1,1,0,0,,not_available,源对象与显示一致，实际完整性未核验,way/675412954
node/9638789773,青龙峡站,0,0,0,0,0,,not_available,未获取到关联站台源对象,
node/822489029,青龙桥站,2,2,0,2,0,,not_available,来源含站台线，不能当作真实面,way/127699398|way/127699404
node/300533008,青龙桥西站,1,1,1,0,0,,not_available,源对象与显示一致，实际完整性未核验,way/322854686
node/5010518205,青龙沟站,0,0,0,0,0,,not_available,未获取到关联站台源对象,
node/9137873813,青龙站,1,1,0,1,0,,not_available,来源含站台线，不能当作真实面,way/601045308
node/9171411652,靖宇站,2,2,2,0,0,,not_available,源对象与显示一致，实际完整性未核验,way/1173240731|way/1173240732
node/1614129013,靖州站,1,1,1,0,0,,not_available,源对象与显示一致，实际完整性未核验,way/1498795611
node/9218083770,靖江南站,0,0,0,0,0,,not_available,未获取到关联站台源对象,
node/8524700810,靖江站,0,0,0,0,0,,not_available,未获取到关联站台源对象,
node/4971974524,靖西站,1,1,1,0,0,,not_available,源对象与显示一致，实际完整性未核验,way/1541091443
node/7740376254,靖边东站,0,0,0,0,0,,not_available,未获取到关联站台源对象,
node/7740376253,靖边北站,0,0,0,0,0,,not_available,未获取到关联站台源对象,
node/4040032497,靖边站,2,2,0,2,0,,not_available,来源含站台线，不能当作真实面,way/952711110|way/952711111
node/9609590094,靖远北站,1,1,1,0,0,,not_available,源对象与显示一致，实际完整性未核验,way/1125816001
node/840181798,靖远站,0,0,0,0,0,,not_available,未获取到关联站台源对象,
node/840181301,靖远西站,0,0,0,0,0,,not_available,未获取到关联站台源对象,
node/4068175267,静乐站,0,0,0,0,0,,not_available,未获取到关联站台源对象,
node/8452311706,静海站,2,2,0,2,0,,not_available,来源含站台线，不能当作真实面,way/1050592247|way/1050592248
node/4067966881,静游站,0,0,0,0,0,,not_available,未获取到关联站台源对象,
node/8333191558,革居站,0,0,0,0,0,,not_available,未获取到关联站台源对象,
node/7473471988,鞍子山站,0,0,0,0,0,,not_available,未获取到关联站台源对象,
node/2662698022,鞍山站,2,2,2,0,0,,not_available,源对象与显示一致，实际完整性未核验,way/822432384|way/822432385
node/6179162252,鞍山西站,2,2,2,0,0,,not_available,源对象与显示一致，实际完整性未核验,way/659975028|way/659975030
node/1607295764,韦庄站,0,0,0,0,0,,not_available,未获取到关联站台源对象,
node/9223366458,韩圩站,0,0,0,0,0,,not_available,未获取到关联站台源对象,
node/3098460725,韩坑站,0,0,0,0,0,,not_available,未获取到关联站台源对象,
node/7740322549,韩城北站,0,0,0,0,0,,not_available,未获取到关联站台源对象,
node/1011213583,韩城站,2,2,2,0,0,,not_available,源对象与显示一致，实际完整性未核验,way/283100428|way/283100429
node/8158566845,韩堂站,0,0,0,0,0,,not_available,未获取到关联站台源对象,
node/9126260245,韩家园站,0,0,0,0,0,,not_available,未获取到关联站台源对象,
node/8375127566,韩家岭站,0,0,0,0,0,,not_available,未获取到关联站台源对象,
node/4070997926,韩家村站,0,0,0,0,0,,not_available,未获取到关联站台源对象,
node/4587890200,韩家楼站,0,0,0,0,0,,not_available,未获取到关联站台源对象,
node/2958019030,韩家河站,0,0,0,0,0,,not_available,未获取到关联站台源对象,
node/8440124812,韩庄站,0,0,0,0,0,,not_available,未获取到关联站台源对象,
node/8244168136,韩庙站,0,0,0,0,0,,not_available,未获取到关联站台源对象,
node/1783909022,韩府湾站,0,0,0,0,0,,not_available,未获取到关联站台源对象,
node/9223366434,韩桥站,0,0,0,0,0,,not_available,未获取到关联站台源对象,
node/3098445471,韩美岭站,0,0,0,0,0,,not_available,未获取到关联站台源对象,
node/4075255923,韩阳镇站,0,0,0,0,0,,not_available,未获取到关联站台源对象,
node/1722176654,韩麻营站,1,1,0,1,0,,not_available,来源含站台线，不能当作真实面,way/1150271809
node/5646972857,韶关东站,3,3,3,0,0,,not_available,源对象与显示一致，实际完整性未核验,way/376327431|way/376327433|way/376327435
node/2409601358,韶关站,2,2,2,0,0,,not_available,源对象与显示一致，实际完整性未核验,way/961970119|way/961970120
node/2953768282,韶山南站,2,2,2,0,0,,not_available,源对象与显示一致，实际完整性未核验,way/1280566883|way/1280566884
node/9202090132,韶山站,0,0,0,0,0,,not_available,未获取到关联站台源对象,
node/8491560354,项城站,0,0,0,0,0,,not_available,未获取到关联站台源对象,
node/7798806784,顺义站,6,6,0,6,0,,not_available,来源含站台线，不能当作真实面,way/161656677|way/161656684|way/161656692|way/161656695|way/161662943|way/161662944
node/9507383338,顺义西站,2,2,2,0,0,,not_available,源对象与显示一致，实际完整性未核验,way/1158810409|way/1158810410
node/5243518970,顺场,0,0,0,0,0,,not_available,未获取到关联站台源对象,
node/8509576943,顺安站,0,0,0,0,0,,not_available,未获取到关联站台源对象,
node/11932116428,顺德北站,4,4,4,0,0,,not_available,源对象与显示一致，实际完整性未核验,way/1434130068|way/1434130069|way/1542875636|way/1542875637
node/7710011711,顺德学院站,0,0,0,0,0,,not_available,未获取到关联站台源对象,
node/7710011710,顺德站,0,0,0,0,0,,not_available,未获取到关联站台源对象,
node/1583788092,顺昌站,1,1,1,0,0,,not_available,源对象与显示一致，实际完整性未核验,way/952044153
node/8173073433,顺河场,0,0,0,0,0,,not_available,未获取到关联站台源对象,
node/9160197910,顺河站,1,1,0,1,0,,not_available,来源含站台线，不能当作真实面,way/1095301134
node/9226664078,顾北矿站,0,0,0,0,0,,not_available,未获取到关联站台源对象,
node/9226664077,顾桥矿站,1,1,1,0,0,,not_available,源对象与显示一致，实际完整性未核验,way/1334649146
node/9226664076,顾桥站,0,0,0,0,0,,not_available,未获取到关联站台源对象,
node/9186758524,顿谷站,0,0,0,0,0,,not_available,未获取到关联站台源对象,
node/9987644049,颍上北站,0,0,0,0,0,,not_available,未获取到关联站台源对象,
node/5749716721,颍上站,1,1,0,1,0,,not_available,来源含站台线，不能当作真实面,way/606433144
node/5207764951,颍南站,2,2,0,2,0,,not_available,来源含站台线，不能当作真实面,way/704142837|way/704142838
node/9299765128,颍川堡站,0,0,0,0,0,,not_available,未获取到关联站台源对象,
node/12178090169,颍泉北站,0,0,0,0,0,,not_available,未获取到关联站台源对象,
node/8050290197,颍泉站,0,0,0,0,0,,not_available,未获取到关联站台源对象,
node/3362909207,颜家垄站,0,0,0,0,0,,not_available,未获取到关联站台源对象,
node/3026390661,颜家河站,0,0,0,0,0,,not_available,未获取到关联站台源对象,
node/8423567002,颜庄站,1,1,0,1,0,,not_available,来源含站台线，不能当作真实面,way/907139444
node/9069903400,额吉淖尔站,0,0,0,0,0,,not_available,未获取到关联站台源对象,
node/9072960170,额很乌苏站,0,0,0,0,0,,not_available,未获取到关联站台源对象,
node/6332801171,额敏 ءدوربىلجىن站,0,0,0,0,0,,not_available,未获取到关联站台源对象,
node/5198821252,额济纳站,2,2,2,0,0,,not_available,源对象与显示一致，实际完整性未核验,way/866300933|way/1465779245
node/9076173185,额济纳西站,0,0,0,0,0,,not_available,未获取到关联站台源对象,
node/10216416087,额雨站,0,0,0,0,0,,not_available,未获取到关联站台源对象,
node/7296224588,风火山站,0,0,0,0,0,,not_available,未获取到关联站台源对象,
node/807798220,风陵渡站,0,0,0,0,0,,not_available,未获取到关联站台源对象,
node/7473471987,风雷山站,0,0,0,0,0,,not_available,未获取到关联站台源对象,
node/9189836470,飞凤坡站,0,0,0,0,0,,not_available,未获取到关联站台源对象,
node/4525941651,飞来峡站,0,0,0,0,0,,not_available,未获取到关联站台源对象,
node/9330198476,飞霞站,2,2,0,2,0,,not_available,来源含站台线，不能当作真实面,way/1346844254|way/1346844255
node/3938893102,饮马峡北站,0,0,0,0,0,,not_available,未获取到关联站台源对象,
node/7276945325,饮马峡站,0,0,0,0,0,,not_available,未获取到关联站台源对象,
node/7296208319,饮马峡西站,0,0,0,0,0,,not_available,未获取到关联站台源对象,
node/2332707902,饮马河站,0,0,0,0,0,,not_available,未获取到关联站台源对象,
node/12925892983,饶平南站,0,0,0,0,0,,not_available,未获取到关联站台源对象,
node/9258885991,饶平站,2,2,2,0,0,,not_available,源对象与显示一致，实际完整性未核验,way/573061432|way/573061434
node/4666461813,饶桥站,0,0,0,0,0,,not_available,未获取到关联站台源对象,
node/2351141707,饶阳站,2,2,2,0,0,,not_available,源对象与显示一致，实际完整性未核验,way/1081971844|way/1081971845
node/8407532455,馆陶站,0,0,0,0,0,,not_available,未获取到关联站台源对象,
node/4019707146,首塅站,0,0,0,0,0,,not_available,未获取到关联站台源对象,
node/635061854,首山站,0,0,0,0,0,,not_available,未获取到关联站台源对象,
node/8043424412,首山站,0,0,0,0,0,,not_available,未获取到关联站台源对象,
node/5175784960,首羡站,0,0,0,0,0,,not_available,未获取到关联站台源对象,
node/10285456131,首钢工业站,0,0,0,0,0,,not_available,未获取到关联站台源对象,
node/3006174634,首阳山站,0,0,0,0,0,,not_available,未获取到关联站台源对象,
node/4075255924,首阳站,0,0,0,0,0,,not_available,未获取到关联站台源对象,
node/9137876522,香兰站,0,0,0,0,0,,not_available,未获取到关联站台源对象,
node/2333085951,香坊站,4,4,2,2,0,,not_available,来源含站台线，不能当作真实面,way/699148784|way/868174737|way/511257668|way/966988847
node/2461373514,香屯站,0,0,0,0,0,,not_available,未获取到关联站台源对象,
node/9296633913,香格里拉 སེམས་ཀྱི་ཉི་ཟླ་འབབ་ཚུགས།站,0,0,0,0,0,,not_available,未获取到关联站台源对象,
node/3410044783,香樟路站,0,0,0,0,0,,not_available,未获取到关联站台源对象,
node/10296507040,香河站,0,0,0,0,0,,not_available,未获取到关联站台源对象,
node/7919700008,香港西九龍 Hong Kong West Kowloon站,14,14,14,0,0,,not_available,源对象与显示一致，实际完整性未核验,way/627689358|way/627689359|way/627689360|way/627689361|way/627689362|way/627689363|way/627689364|way/627689365|way/627698244|way/627698245|way/627698246|way/627698247|way/627698248|way/627698249
node/11209622976,香炉山站,0,0,0,0,0,,not_available,未获取到关联站台源对象,
node/9979758367,香隅站,0,0,0,0,0,,not_available,未获取到关联站台源对象,
node/685376309,马三家站,2,2,2,0,0,,not_available,源对象与显示一致，实际完整性未核验,way/1352000521|way/1352000524
node/6265599323,马乡站,0,0,0,0,0,,not_available,未获取到关联站台源对象,
node/8780112732,马仗房站,0,0,0,0,0,,not_available,未获取到关联站台源对象,
node/8434476650,马仲河站,0,0,0,0,0,,not_available,未获取到关联站台源对象,
way/1437146364,马兰站,2,2,2,0,0,,not_available,源对象与显示一致，实际完整性未核验,way/1467893769|way/1467893793
node/1964861297,马嘎站,0,0,0,0,0,,not_available,未获取到关联站台源对象,
node/8417536129,马回岭站,3,3,3,0,0,,not_available,源对象与显示一致，实际完整性未核验,way/243606396|way/243606397|way/243606410
node/2341894811,马场,0,0,0,0,0,,not_available,未获取到关联站台源对象,
node/8495516700,马场坪站,0,0,0,0,0,,not_available,未获取到关联站台源对象,
node/4071079346,马场壕站,0,0,0,0,0,,not_available,未获取到关联站台源对象,
node/9263223088,马坊站,0,0,0,0,0,,not_available,未获取到关联站台源对象,
node/3694575617,马坑站,0,0,0,0,0,,not_available,未获取到关联站台源对象,
node/8320812736,马坝站,2,2,2,0,0,,not_available,源对象与显示一致，实际完整性未核验,way/1022754313|way/1022754314
node/8544386562,马坪站,0,0,0,0,0,,not_available,未获取到关联站台源对象,
node/2381264901,马垱站,0,0,0,0,0,,not_available,未获取到关联站台源对象,
node/12798136147,马塘站,0,0,0,0,0,,not_available,未获取到关联站台源对象,
node/2329134712,马头站,3,3,3,0,0,,not_available,源对象与显示一致，实际完整性未核验,way/1069357372|relation/14249236|way/1069357382
node/3840225695,马家坪站,0,0,0,0,0,,not_available,未获取到关联站台源对象,
node/3026390647,马家湾站,1,1,0,1,0,,not_available,来源含站台线，不能当作真实面,way/470375590
node/8419766777,马寨站,0,0,0,0,0,,not_available,未获取到关联站台源对象,
node/9015643721,马寨站,0,0,0,0,0,,not_available,未获取到关联站台源对象,
node/9254936101,马尚站,1,1,1,0,0,,not_available,源对象与显示一致，实际完整性未核验,way/1182386975
node/3019467506,马尾站,0,0,0,0,0,,not_available,未获取到关联站台源对象,
node/10926262897,马山县站,0,0,0,0,0,,not_available,未获取到关联站台源对象,
node/9169258490,马山站,0,0,0,0,0,,not_available,未获取到关联站台源对象,
node/8163363238,马岭山站,0,0,0,0,0,,not_available,未获取到关联站台源对象,
node/2999345287,马嵬坡站,0,0,0,0,0,,not_available,未获取到关联站台源对象,
node/3797726343,马市站,0,0,0,0,0,,not_available,未获取到关联站台源对象,
node/8086780669,马庄站,0,0,0,0,0,,not_available,未获取到关联站台源对象,
node/8378245804,马庄站,0,0,0,0,0,,not_available,未获取到关联站台源对象,
node/3739167562,马度白站,0,0,0,0,0,,not_available,未获取到关联站台源对象,
node/9193526294,马文寨站,0,0,0,0,0,,not_available,未获取到关联站台源对象,
node/4676485642,马料地站,1,1,0,1,0,,not_available,来源含站台线，不能当作真实面,way/434722672
node/1588514431,马村站,0,0,0,0,0,,not_available,未获取到关联站台源对象,
node/1720956490,马林站,1,1,1,0,0,,not_available,源对象与显示一致，实际完整性未核验,way/1184322018
node/8431451884,马柳站,2,2,2,0,0,,not_available,源对象与显示一致，实际完整性未核验,way/1094465149|way/1094465150
node/3699740707,马栅站,0,0,0,0,0,,not_available,未获取到关联站台源对象,
node/1560023580,马格庄站,0,0,0,0,0,,not_available,未获取到关联站台源对象,
node/8038701586,马棚站,0,0,0,0,0,,not_available,未获取到关联站台源对象,
node/5010548828,马海南站,0,0,0,0,0,,not_available,未获取到关联站台源对象,
node/5010529255,马海站,1,1,1,0,0,,not_available,源对象与显示一致，实际完整性未核验,way/1248237721
node/7365811223,马牙克站,0,0,0,0,0,,not_available,未获取到关联站台源对象,
node/9660895494,马王塘站,0,0,0,0,0,,not_available,未获取到关联站台源对象,
node/2968410794,马王村站,0,0,0,0,0,,not_available,未获取到关联站台源对象,
node/8373975418,马田墟站,0,0,0,0,0,,not_available,未获取到关联站台源对象,
node/2661130703,马皇站,0,0,0,0,0,,not_available,未获取到关联站台源对象,
node/1597596212,马盖图站,0,0,0,0,0,,not_available,未获取到关联站台源对象,
node/9176129487,马相屯站,0,0,0,0,0,,not_available,未获取到关联站台源对象,
node/8996142436,马莲井站,0,0,0,0,0,,not_available,未获取到关联站台源对象,
node/2333212319,马莲河站,1,1,0,1,0,,not_available,来源含站台线，不能当作真实面,way/1115717801
node/4068182356,马营海站,0,0,0,0,0,,not_available,未获取到关联站台源对象,
node/9327370170,马街站,2,2,0,2,0,,not_available,来源含站台线，不能当作真实面,way/542926731|way/542926732
node/11134136691,马街镇站,0,0,0,0,0,,not_available,未获取到关联站台源对象,
node/2987541002,马衙站,0,0,0,0,0,,not_available,未获取到关联站台源对象,
node/1546239744,马角坝站,0,0,0,0,0,,not_available,未获取到关联站台源对象,
node/3589651630,马跑泉站,0,0,0,0,0,,not_available,未获取到关联站台源对象,
node/8093975758,马跑泉站,0,0,0,0,0,,not_available,未获取到关联站台源对象,
node/8859228082,马路圩站,0,0,0,0,0,,not_available,未获取到关联站台源对象,
node/7781469271,马跳站,0,0,0,0,0,,not_available,未获取到关联站台源对象,
node/8976366466,马踏站,2,2,2,0,0,,not_available,源对象与显示一致，实际完整性未核验,way/970008788|way/970008789
node/2324653299,马蹄湾站,1,1,0,1,0,,not_available,来源含站台线，不能当作真实面,way/1157852314
node/5322101446,马辛庄站,2,2,0,2,0,,not_available,来源含站台线，不能当作真实面,way/551070189|way/551070222
node/9274358854,马铺营站,0,0,0,0,0,,not_available,未获取到关联站台源对象,
node/3798940125,马鞍山东站,3,3,3,0,0,,not_available,源对象与显示一致，实际完整性未核验,way/385511762|way/385511764|way/385511765
node/11332813140,马鞍山南站,0,0,0,0,0,,not_available,未获取到关联站台源对象,
node/1029084857,马鞍山站,2,2,2,0,0,,not_available,源对象与显示一致，实际完整性未核验,way/88617162|way/376483076
node/11067492049,马鞍站,2,2,0,2,0,,not_available,来源含站台线，不能当作真实面,way/1296676824|way/1296676825
node/8738141388,马颈坳站,0,0,0,0,0,,not_available,未获取到关联站台源对象,
node/8380127631,马首站,0,0,0,0,0,,not_available,未获取到关联站台源对象,
node/7473462480,马鬃山站,0,0,0,0,0,,not_available,未获取到关联站台源对象,
node/7705012379,马龙站,0,0,0,0,0,,not_available,未获取到关联站台源对象,
node/9263223093,驻操营站,0,0,0,0,0,,not_available,未获取到关联站台源对象,
node/4545840842,驻马哨站,0,0,0,0,0,,not_available,未获取到关联站台源对象,
node/3305961225,驻马店站,2,2,2,0,0,,not_available,源对象与显示一致，实际完整性未核验,way/1292844709|way/1292844710
node/8396976231,驻马店西站,2,2,2,0,0,,not_available,源对象与显示一致，实际完整性未核验,way/1029941338|way/1029941339
node/2327447499,驼腰岭站,0,0,0,0,0,,not_available,未获取到关联站台源对象,
node/9171411644,驿马站,0,0,0,0,0,,not_available,未获取到关联站台源对象,
node/7473462473,骆驼圈子 تۆگە چەمبىرىكى站,0,0,0,0,0,,not_available,未获取到关联站台源对象,
node/665133159,骆驼巷站,1,1,1,0,0,,not_available,源对象与显示一致，实际完整性未核验,way/411046539
node/8398678588,骆驼村站,0,0,0,0,0,,not_available,未获取到关联站台源对象,
node/12212964526,骆驼泉站,0,0,0,0,0,,not_available,未获取到关联站台源对象,
node/9169258489,骆驼营站,0,0,0,0,0,,not_available,未获取到关联站台源对象,
node/9327370181,骑龙站,0,0,0,0,0,,not_available,未获取到关联站台源对象,
node/8737376578,高兴站,0,0,0,0,0,,not_available,未获取到关联站台源对象,
node/3182655176,高兴镇站,0,0,0,0,0,,not_available,未获取到关联站台源对象,
node/10914061380,高县站,0,0,0,0,0,,not_available,未获取到关联站台源对象,
node/2987122989,高台南站,2,2,2,0,0,,not_available,源对象与显示一致，实际完整性未核验,way/1516018422|way/1516018423
node/1595854606,高台子站,2,2,0,2,0,,not_available,来源含站台线，不能当作真实面,way/1096319892|way/1096319893
node/5387371821,高台山站,1,1,1,0,0,,not_available,源对象与显示一致，实际完整性未核验,way/558578988
node/2987123075,高台站,2,2,2,0,0,,not_available,源对象与显示一致，实际完整性未核验,way/1487135283|way/1487135284
node/3956268935,高各庄站,2,2,0,2,0,,not_available,来源含站台线，不能当作真实面,way/1031686183|way/1031686184
node/8445590870,高唐站,0,0,0,0,0,,not_available,未获取到关联站台源对象,
node/3324718872,高坑站,0,0,0,0,0,,not_available,未获取到关联站台源对象,
node/9334658549,高坝站,0,0,0,0,0,,not_available,未获取到关联站台源对象,
node/10120263998,高坪站,2,2,0,2,0,,not_available,来源含站台线，不能当作真实面,way/1123303413|way/1123303414
node/2643969694,高坪铺站,0,0,0,0,0,,not_available,未获取到关联站台源对象,
node/3858109183,高城站,0,0,0,0,0,,not_available,未获取到关联站台源对象,
node/9072960183,高头窑北站,0,0,0,0,0,,not_available,未获取到关联站台源对象,
node/9072960184,高头窑站,0,0,0,0,0,,not_available,未获取到关联站台源对象,
node/1728086194,高头站,1,1,0,1,0,,not_available,来源含站台线，不能当作真实面,way/544983019
node/2828212883,高安站,2,2,2,0,0,,not_available,源对象与显示一致，实际完整性未核验,way/371732695|way/371732696
node/8327462725,高家坊站,0,0,0,0,0,,not_available,未获取到关联站台源对象,
node/8389795973,高家堡站,0,0,0,0,0,,not_available,未获取到关联站台源对象,
node/5199656164,高家庄站,0,0,0,0,0,,not_available,未获取到关联站台源对象,
node/9111251392,高家村站,0,0,0,0,0,,not_available,未获取到关联站台源对象,
node/9157555169,高家站,1,1,0,1,0,,not_available,来源含站台线，不能当作真实面,way/1097271419
node/7950385244,高家营站,0,0,0,0,0,,not_available,未获取到关联站台源对象,
node/3315761484,高密东站,0,0,0,0,0,,not_available,未获取到关联站台源对象,
node/5285771422,高密北站,2,2,2,0,0,,not_available,源对象与显示一致，实际完整性未核验,way/786564408|way/900706505
node/9246201062,高密南站,0,0,0,0,0,,not_available,未获取到关联站台源对象,
node/2333425137,高密站,0,0,0,0,0,,not_available,未获取到关联站台源对象,
node/3230859511,高寺台站,2,2,0,2,0,,not_available,来源含站台线，不能当作真实面,way/1150828634|way/1150828635
node/9162845412,高尔山站,2,2,0,2,0,,not_available,来源含站台线，不能当作真实面,way/991723639|way/991723640
node/1655741293,高山子站,0,0,0,0,0,,not_available,未获取到关联站台源对象,
node/5346336883,高岭站,0,0,0,0,0,,not_available,未获取到关联站台源对象,
way/92241279,高峰 Summit站,0,0,0,0,0,2,osm_station_tags,未获取到关联站台源对象；源对象数量与标注或参考不一致，待核验,
node/2341894807,高峰站,0,0,0,0,0,,not_available,未获取到关联站台源对象,
node/9045435158,高川站,0,0,0,0,0,,not_available,未获取到关联站台源对象,
node/5043311371,高州站,2,2,2,0,0,,not_available,源对象与显示一致，实际完整性未核验,way/516715208|way/516715209
node/8208342108,高平东站,0,0,0,0,0,,not_available,未获取到关联站台源对象,
node/1578466518,高平站,0,0,0,0,0,,not_available,未获取到关联站台源对象,
node/8163363261,高庄站,0,0,0,0,0,,not_available,未获取到关联站台源对象,
node/8410712138,高庄站,0,0,0,0,0,,not_available,未获取到关联站台源对象,
node/9242869566,高庄站,0,0,0,0,0,,not_available,未获取到关联站台源对象,
node/11607169593,高明站,0,0,0,0,0,,not_available,未获取到关联站台源对象,
node/4076212845,高显站,0,0,0,0,0,,not_available,未获取到关联站台源对象,
node/3671619714,高村站,0,0,0,0,0,,not_available,未获取到关联站台源对象,
node/8155130406,高板站,0,0,0,0,0,,not_available,未获取到关联站台源对象,
node/9500070311,高林屯站,0,0,0,0,0,,not_available,未获取到关联站台源对象,
node/2940257431,高柏站,0,0,0,0,0,,not_available,未获取到关联站台源对象,
node/7707072352,高栏港站,0,0,0,0,0,,not_available,未获取到关联站台源对象,
node/9760843029,高桥北站,0,0,0,0,0,,not_available,未获取到关联站台源对象,
node/1657245384,高桥镇站,2,2,2,0,0,,not_available,源对象与显示一致，实际完整性未核验,way/1449929167|way/1449929168
node/5697139266,高楞站,0,0,0,0,0,,not_available,未获取到关联站台源对象,
node/1758381624,高楼房站,0,0,0,0,0,,not_available,未获取到关联站台源对象,
node/4071291814,高沙窝站,0,0,0,0,0,,not_available,未获取到关联站台源对象,
node/8524111584,高流站,0,0,0,0,0,,not_available,未获取到关联站台源对象,
node/5507082480,高溪市站,0,0,0,0,0,,not_available,未获取到关联站台源对象,
node/1556058452,高滩站,0,0,0,0,0,,not_available,未获取到关联站台源对象,
node/2324653244,高潭子站,0,0,0,0,0,,not_available,未获取到关联站台源对象,
node/5772960010,高炉子站,0,0,0,0,0,,not_available,未获取到关联站台源对象,
node/10108678014,高田乡站,0,0,0,0,0,,not_available,未获取到关联站台源对象,
node/9189836469,高田站,0,0,0,0,0,,not_available,未获取到关联站台源对象,
node/9728646336,高石崖站,0,0,0,0,0,,not_available,未获取到关联站台源对象,
node/7235401598,高砂站,0,0,0,0,0,,not_available,未获取到关联站台源对象,
node/2753105922,高碑店东站,2,2,2,0,0,,not_available,源对象与显示一致，实际完整性未核验,way/1175512956|way/1175512957
node/8313484665,高碑店站,7,7,5,2,0,,not_available,来源含站台线，不能当作真实面,way/1076416574|way/1076416575|way/1076416576|way/1076416577|way/1076416587|way/115332746|way/115332749
node/10719872700,高碑店西站,0,0,0,0,0,,not_available,未获取到关联站台源对象,
node/9167905926,高花站,0,0,0,0,0,,not_available,未获取到关联站台源对象,
node/8440342291,高要站,0,0,0,0,0,,not_available,未获取到关联站台源对象,
node/1681825082,高谷站,0,0,0,0,0,,not_available,未获取到关联站台源对象,
node/1709805051,高资站,0,0,0,0,0,,not_available,未获取到关联站台源对象,
node/2329407068,高邑站,3,3,3,0,0,,not_available,源对象与显示一致，实际完整性未核验,way/1067237919|way/1067237920|way/1067237921
node/2753124016,高邑西站,2,2,2,0,0,,not_available,源对象与显示一致，实际完整性未核验,way/1029936449|way/1029936450
node/13061742380,高邮北站,2,2,2,0,0,,not_available,源对象与显示一致，实际完整性未核验,way/1411771402|way/1411771403
node/4715031302,高邮站,0,0,0,0,0,,not_available,未获取到关联站台源对象,
node/1524297087,高里站,0,0,0,0,0,,not_available,未获取到关联站台源对象,
node/4666461812,高阜站,0,0,0,0,0,,not_available,未获取到关联站台源对象,
node/1659252251,高阳镇站,0,0,0,0,0,,not_available,未获取到关联站台源对象,
node/12513851177,高陵站,2,2,0,2,0,,not_available,来源含站台线，不能当作真实面,way/1524346624|way/1524346630
node/1816772506,高骈站,0,0,0,0,0,,not_available,未获取到关联站台源对象,
node/3019467507,魁岐站,0,0,0,0,0,,not_available,未获取到关联站台源对象,
node/8445004257,魏善庄站,0,0,0,0,0,,not_available,未获取到关联站台源对象,
node/8390948603,魏家坡站,0,0,0,0,0,,not_available,未获取到关联站台源对象,
node/3122180865,魏家楼站,0,0,0,0,0,,not_available,未获取到关联站台源对象,
node/9282598399,魏家沟站,0,0,0,0,0,,not_available,未获取到关联站台源对象,
node/6308158132,魏家泉站,0,0,0,0,0,,not_available,未获取到关联站台源对象,
node/8387454958,魏家滩站,1,1,0,1,0,,not_available,来源含站台线，不能当作真实面,way/1104825481
node/2336082823,魏杖子站,1,1,1,0,0,,not_available,源对象与显示一致，实际完整性未核验,way/1496765826
node/7363504705,鱼儿沟 يۈئېرگو站,0,0,0,0,0,,not_available,未获取到关联站台源对象,
node/5010529568,鱼卡站,0,0,0,0,0,,not_available,未获取到关联站台源对象,
node/1681825234,鱼嘴站,0,0,0,0,0,,not_available,未获取到关联站台源对象,
node/5566980856,鱼池村站,0,0,0,0,0,,not_available,未获取到关联站台源对象,
node/6200921471,鱼池站,2,2,0,2,0,,not_available,来源含站台线，不能当作真实面,way/1107739563|way/1107739564
node/1790560446,鱼河站,0,0,0,0,0,,not_available,未获取到关联站台源对象,
node/1681825197,鱼泉站,0,0,0,0,0,,not_available,未获取到关联站台源对象,
node/9196767918,鱼珠站,4,4,4,0,0,,not_available,源对象与显示一致，实际完整性未核验,way/459818615|way/459818904|way/459822060|way/459822061
node/3499344281,鱼背山站,0,0,0,0,0,,not_available,未获取到关联站台源对象,
node/10599205276,鲁吉站,0,0,0,0,0,,not_available,未获取到关联站台源对象,
node/1577895084,鲁山站,0,0,0,0,0,,not_available,未获取到关联站台源对象,
node/9900984585,鲁朗站,0,0,0,0,0,,not_available,未获取到关联站台源对象,
node/1595854624,鲁河站,2,2,0,2,0,,not_available,来源含站台线，不能当作真实面,way/1096461328|way/1096461329
node/2323529374,鲁番站,0,0,0,0,0,,not_available,未获取到关联站台源对象,
node/3991630280,鲁舒站,0,0,0,0,0,,not_available,未获取到关联站台源对象,
node/9166915290,鲅鱼圈北站,0,0,0,0,0,,not_available,未获取到关联站台源对象,
node/4391476630,鲅鱼圈站,0,0,0,0,0,,not_available,未获取到关联站台源对象,
node/3501765796,鲇鱼山站,0,0,0,0,0,,not_available,未获取到关联站台源对象,
node/9242869555,鲍店站,0,0,0,0,0,,not_available,未获取到关联站台源对象,
node/3122180839,鲍渠站,0,0,0,0,0,,not_available,未获取到关联站台源对象,
node/10224522918,鲘门站,0,0,0,0,0,,not_available,未获取到关联站台源对象,
node/8150317088,鲜滩站,0,0,0,0,0,,not_available,未获取到关联站台源对象,
node/7369008122,鲢鱼山站,0,0,0,0,0,,not_available,未获取到关联站台源对象,
node/13630103534,鲤鱼江站,0,0,0,0,0,,not_available,未获取到关联站台源对象,
node/4472458864,鸟岛站,2,2,2,0,0,,not_available,源对象与显示一致，实际完整性未核验,way/974036513|way/974036514
node/9137873810,鸡东站,2,2,0,2,0,,not_available,来源含站台线，不能当作真实面,way/1119775526|way/1119775527
node/3612854137,鸡公山站,0,0,0,0,0,,not_available,未获取到关联站台源对象,
node/1660818524,鸡冠山站,0,0,0,0,0,,not_available,未获取到关联站台源对象,
node/9329260384,鸡场坡站,0,0,0,0,0,,not_available,未获取到关联站台源对象,
node/13116167365,鸡头村站,0,0,0,0,0,,not_available,未获取到关联站台源对象,
node/3949862921,鸡泽站,1,1,1,0,0,,not_available,源对象与显示一致，实际完整性未核验,way/1112541461
node/8154570885,鸡笼街站,0,0,0,0,0,,not_available,未获取到关联站台源对象,
node/9131669916,鸡西站,2,2,2,0,0,2,osm_station_tags,源对象与显示一致，实际完整性未核验,way/548653702|way/548653703
node/9429768333,鸡西西站,2,2,0,2,0,,not_available,来源含站台线，不能当作真实面,way/946748409|way/946748410
node/3412200086,鸡鸣村站,0,0,0,0,0,,not_available,未获取到关联站台源对象,
node/9081732763,鸡鸣驿站,0,0,0,0,0,,not_available,未获取到关联站台源对象,
node/9512571937,鸣李站,0,0,0,0,0,,not_available,未获取到关联站台源对象,
node/11524745970,鸣沙山站,0,0,0,0,0,,not_available,未获取到关联站台源对象,
node/7202301456,鸦雀岭站,0,0,0,0,0,,not_available,未获取到关联站台源对象,
node/8236486689,鸭咀岩站,0,0,0,0,0,,not_available,未获取到关联站台源对象,
node/9174163144,鸭园站,2,2,1,1,0,,not_available,来源含站台线，不能当作真实面,way/1259468963|way/1390030539
node/4071540592,鸭子荡站,0,0,0,0,0,,not_available,未获取到关联站台源对象,
node/8197954877,鸭江站,0,0,0,0,0,,not_available,未获取到关联站台源对象,
node/5431792961,鸭鸽营站,3,3,3,0,0,,not_available,源对象与显示一致，实际完整性未核验,way/1067245092|way/1067245093|way/1067245094
node/4071291815,鸳鸯湖电厂站,0,0,0,0,0,,not_available,未获取到关联站台源对象,
node/3589417019,鸳鸯湖站,0,0,0,0,0,,not_available,未获取到关联站台源对象,
node/3840303358,鸳鸯镇站,2,2,0,2,0,,not_available,来源含站台线，不能当作真实面,way/745134378|way/745134379
node/2483691483,鹄山站,0,0,0,0,0,,not_available,未获取到关联站台源对象,
node/9129186220,鹤北站,1,1,0,1,0,,not_available,来源含站台线，不能当作真实面,way/1086144995
node/8401357511,鹤壁东站,0,0,0,0,0,,not_available,未获取到关联站台源对象,
node/4074894515,鹤壁北站,0,0,0,0,0,,not_available,未获取到关联站台源对象,
node/9320122100,鹤壁南站,0,0,0,0,0,,not_available,未获取到关联站台源对象,
node/6630719937,鹤壁时丰站,2,2,2,0,0,,not_available,源对象与显示一致，实际完整性未核验,way/1339925879|way/1339925880
node/8308266735,鹤壁站,0,0,0,0,0,,not_available,未获取到关联站台源对象,
node/1727803035,鹤山站,1,1,0,1,0,,not_available,来源含站台线，不能当作真实面,way/1125992833
node/11607169592,鹤山西站,0,0,0,0,0,,not_available,未获取到关联站台源对象,
node/9902166569,鹤岗南站,1,1,0,1,0,,not_available,来源含站台线，不能当作真实面,way/1124430637
node/3824970873,鹤岗站,2,2,0,2,0,,not_available,来源含站台线，不能当作真实面,way/1122584751|way/1122584752
node/11716384859,鹤峰站,0,0,0,0,0,,not_available,未获取到关联站台源对象,
node/2215509164,鹤庆站,0,0,0,0,0,,not_available,未获取到关联站台源对象,
node/10817239536,鹤洲南站,0,0,0,0,0,,not_available,未获取到关联站台源对象,
node/9129186225,鹤立站,1,1,0,1,0,,not_available,来源含站台线，不能当作真实面,way/1116561124
node/5407444043,鹧鸪江站,0,0,0,0,0,,not_available,未获取到关联站台源对象,
node/9299765149,鹰咀站,0,0,0,0,0,,not_available,未获取到关联站台源对象,
node/844821222,鹰手营子站,1,1,0,1,0,,not_available,来源含站台线，不能当作真实面,way/1112569648
node/2980591313,鹰潭北站,7,7,3,4,0,,not_available,来源含站台线，不能当作真实面,way/373741554|way/373741555|way/373741556|way/1306292642|way/1306292643|way/1306292644|way/1306292645
node/2499054680,鹰潭南站,0,0,0,0,0,,not_available,未获取到关联站台源对象,
node/2445713990,鹰潭站,0,0,0,0,0,,not_available,未获取到关联站台源对象,
node/9123967445,鹰窝山站,0,0,0,0,0,,not_available,未获取到关联站台源对象,
node/9076173190,鹰窝沟站,0,0,0,0,0,,not_available,未获取到关联站台源对象,
node/4419754645,鹿寨北站,2,2,2,0,0,,not_available,源对象与显示一致，实际完整性未核验,way/1307031163|way/1307031164
node/1539233565,鹿寨站,0,0,0,0,0,,not_available,未获取到关联站台源对象,
node/9320122099,鹿楼站,0,0,0,0,0,,not_available,未获取到关联站台源对象,
node/2333212318,鹿道站,1,1,0,1,0,,not_available,来源含站台线，不能当作真实面,way/1093385158
node/5433619339,麓谷站,0,0,0,0,0,,not_available,未获取到关联站台源对象,
node/988059698,麥當勞道 MacDonnell Road站,0,0,0,0,0,,not_available,未获取到关联站台源对象,
node/1583788086,麦园站,0,0,0,0,0,,not_available,未获取到关联站台源对象,
node/11121532885,麦积山站,0,0,0,0,0,,not_available,未获取到关联站台源对象,
node/7199441363,麻城北站,2,2,2,0,0,,not_available,源对象与显示一致，实际完整性未核验,way/1082520606|way/1082520607
node/1575144249,麻城站,0,0,0,0,0,,not_available,未获取到关联站台源对象,
node/10120263940,麻套站,1,1,1,0,0,,not_available,源对象与显示一致，实际完整性未核验,way/485206197
node/1612747505,麻尾站,2,2,2,0,0,,not_available,源对象与显示一致，实际完整性未核验,way/1270307985|way/1270307986
node/9137873814,麻山站,1,1,0,1,0,,not_available,来源含站台线，不能当作真实面,way/601045306
node/3640192783,麻庵河站,0,0,0,0,0,,not_available,未获取到关联站台源对象,
node/9119790819,麻斯塔拉站,0,0,0,0,0,,not_available,未获取到关联站台源对象,
node/5549333750,麻旺站,0,0,0,0,0,,not_available,未获取到关联站台源对象,
node/14177579130,麻柳滩站,0,0,0,0,0,,not_available,未获取到关联站台源对象,
node/1556058493,麻柳站,0,0,0,0,0,,not_available,未获取到关联站台源对象,
node/1763859676,麻柳镇站,0,0,0,0,0,,not_available,未获取到关联站台源对象,
node/8151271758,麻栗站,0,0,0,0,0,,not_available,未获取到关联站台源对象,
node/12723334387,麻江西站,0,0,0,0,0,,not_available,未获取到关联站台源对象,
node/4072805992,麻池站,0,0,0,0,0,,not_available,未获取到关联站台源对象,
node/11121532897,麻沿站,0,0,0,0,0,,not_available,未获取到关联站台源对象,
node/7740376257,麻洞川站,0,0,0,0,0,,not_available,未获取到关联站台源对象,
node/8901184330,麻涌站,2,2,2,0,0,,not_available,源对象与显示一致，实际完整性未核验,way/1467964959|way/1467964960
node/5655797052,麻田站,0,0,0,0,0,,not_available,未获取到关联站台源对象,
node/8383889158,麻田镇站,0,0,0,0,0,,not_available,未获取到关联站台源对象,
node/8314373248,麻芝铺站,0,0,0,0,0,,not_available,未获取到关联站台源对象,
node/1613271747,麻阳站,0,0,0,0,0,,not_available,未获取到关联站台源对象,
node/9544816612,麻阳西站,2,2,2,0,0,,not_available,源对象与显示一致，实际完整性未核验,way/1308393171|way/1308393172
node/4936405300,黄丝站,0,0,0,0,0,,not_available,未获取到关联站台源对象,
node/9317600789,黄冈东站,2,2,2,0,0,,not_available,源对象与显示一致，实际完整性未核验,way/1081338585|way/1081338586
node/4640099971,黄冈站,0,0,0,0,0,,not_available,未获取到关联站台源对象,
node/3387439248,黄冈西站,2,2,2,0,0,,not_available,源对象与显示一致，实际完整性未核验,way/1176912490|way/1419597061
node/8154580326,黄冕站,0,0,0,0,0,,not_available,未获取到关联站台源对象,
node/8502219695,黄口站,0,0,0,0,0,,not_available,未获取到关联站台源对象,
node/3774609329,黄台站,0,0,0,0,0,,not_available,未获取到关联站台源对象,
node/9653920387,黄圃站,2,2,2,0,0,,not_available,源对象与显示一致，实际完整性未核验,way/1252192300|way/1252192302
node/8154570898,黄土井站,0,0,0,0,0,,not_available,未获取到关联站台源对象,
node/7272083201,黄土坑站,0,0,0,0,0,,not_available,未获取到关联站台源对象,
node/9282598406,黄土坡站,0,0,0,0,0,,not_available,未获取到关联站台源对象,
node/5395447266,黄土岗站,0,0,0,0,0,,not_available,未获取到关联站台源对象,
node/1419186468,黄土店站,9,9,0,9,0,,not_available,来源含站台线，不能当作真实面,way/94057553|way/94057565|way/115706733|way/115706736|way/115706737|way/115706749|way/115706756|way/115706757|way/128404407
node/9295305369,黄土庙站,0,0,0,0,0,,not_available,未获取到关联站台源对象,
node/8001953633,黄埔站,4,4,4,0,0,,not_available,源对象与显示一致，实际完整性未核验,way/459836734|way/459836736|way/459839308|way/459839309
node/3697044158,黄堡站,0,0,0,0,0,,not_available,未获取到关联站台源对象,
node/8670636176,黄塘站,0,0,0,0,0,,not_available,未获取到关联站台源对象,
node/1558444909,黄家坝站,0,0,0,0,0,,not_available,未获取到关联站台源对象,
node/2726644057,黄家寨站,0,0,0,0,0,,not_available,未获取到关联站台源对象,
node/1721802916,黄家店站,0,0,0,0,0,,not_available,未获取到关联站台源对象,
node/3481368249,黄家营站,0,0,0,0,0,,not_available,未获取到关联站台源对象,
node/3656291049,黄山北站,7,7,7,0,0,,not_available,源对象与显示一致，实际完整性未核验,way/878868664|way/878868665|way/878868666|way/878868667|way/878868668|way/878868669|way/878868671
node/778220947,黄山站,0,0,0,0,0,,not_available,未获取到关联站台源对象,
node/10667605781,黄山西站,0,0,0,0,0,,not_available,未获取到关联站台源对象,
node/5655200581,黄岗站,0,0,0,0,0,,not_available,未获取到关联站台源对象,
node/8772819609,黄岗站,0,0,0,0,0,,not_available,未获取到关联站台源对象,
node/9246201033,黄岛站,0,0,0,0,0,,not_available,未获取到关联站台源对象,
node/7780322125,黄岭站,0,0,0,0,0,,not_available,未获取到关联站台源对象,
node/9118892089,黄崖站,1,1,0,1,0,,not_available,来源含站台线，不能当作真实面,way/426116302
node/9292699676,黄嵩界站,0,0,0,0,0,,not_available,未获取到关联站台源对象,
node/8417536126,黄州站,2,2,0,2,0,,not_available,来源含站台线，不能当作真实面,way/1557581576|way/1557581577
node/4014396782,黄帝城站,0,0,0,0,0,,not_available,未获取到关联站台源对象,
node/5593903605,黄平站,0,0,0,0,0,,not_available,未获取到关联站台源对象,
node/8163363269,黄庄站,0,0,0,0,0,,not_available,未获取到关联站台源对象,
node/7197289103,黄庵站,0,0,0,0,0,,not_available,未获取到关联站台源对象,
node/8597208764,黄康站,0,0,0,0,0,,not_available,未获取到关联站台源对象,
node/8349669881,黄旗堡站,0,0,0,0,0,,not_available,未获取到关联站台源对象,
node/3227951435,黄村井站,0,0,0,0,0,,not_available,未获取到关联站台源对象,
node/2351141827,黄村站,2,2,2,0,0,,not_available,源对象与显示一致，实际完整性未核验,way/661394145|way/661394146
node/1590460721,黄松甸站,0,0,0,0,0,,not_available,未获取到关联站台源对象,
node/1550539257,黄柏站,0,0,0,0,0,,not_available,未获取到关联站台源对象,
node/11327619630,黄桥站,0,0,0,0,0,,not_available,未获取到关联站台源对象,
node/7704451133,黄桶北站,0,0,0,0,0,,not_available,未获取到关联站台源对象,
node/1565858570,黄桶站,0,0,0,0,0,,not_available,未获取到关联站台源对象,
node/9302855771,黄梅东站,2,2,0,2,0,,not_available,来源含站台线，不能当作真实面,way/1008350430|way/1008350431
node/9520363421,黄梅南站,2,2,2,0,0,,not_available,源对象与显示一致，实际完整性未核验,way/1081074281|way/1081074282
node/8509345768,黄梅山站,0,0,0,0,0,,not_available,未获取到关联站台源对象,
node/1642883463,黄梅站,0,0,0,0,0,,not_available,未获取到关联站台源对象,
node/8163363251,黄榆店站,0,0,0,0,0,,not_available,未获取到关联站台源对象,
node/8166819983,黄水塘南站,0,0,0,0,0,,not_available,未获取到关联站台源对象,
node/8151179056,黄水塘站,0,0,0,0,0,,not_available,未获取到关联站台源对象,
node/3500438112,黄水站,2,2,2,0,0,,not_available,源对象与显示一致，实际完整性未核验,way/1428353185|way/1428353186
node/8154570900,黄沙河站,0,0,0,0,0,,not_available,未获取到关联站台源对象,
node/7780322123,黄沙潭站,0,0,0,0,0,,not_available,未获取到关联站台源对象,
node/3717101415,黄河景区站,0,0,0,0,0,,not_available,未获取到关联站台源对象,
node/7855842557,黄河涯站,0,0,0,0,0,,not_available,未获取到关联站台源对象,
node/12494933328,黄泥崴子站,0,0,0,0,0,,not_available,未获取到关联站台源对象,
node/1590460718,黄泥河站,0,0,0,0,0,,not_available,未获取到关联站台源对象,
node/8175954972,黄洋站,0,0,0,0,0,,not_available,未获取到关联站台源对象,
node/3926612108,黄流站,2,2,2,0,0,,not_available,源对象与显示一致，实际完整性未核验,way/1034311575|way/1034311576
node/7638983864,黄流镇站,0,0,0,0,0,,not_available,未获取到关联站台源对象,
node/4513596856,黄渡站,0,0,0,0,0,,not_available,未获取到关联站台源对象,
node/3026607439,黄牛铺站,1,1,0,1,0,,not_available,来源含站台线，不能当作真实面,way/1247266189
node/7850592663,黄瓜园站,0,0,0,0,0,,not_available,未获取到关联站台源对象,
node/9209486380,黄田站,0,0,0,0,0,,not_available,未获取到关联站台源对象,
node/13508827064,黄甲站,1,1,1,0,0,,not_available,源对象与显示一致，实际完整性未核验,way/1465080314
node/8269111608,黄略站,0,0,0,0,0,,not_available,未获取到关联站台源对象,
node/9098127464,黄白茨站,0,0,0,0,0,,not_available,未获取到关联站台源对象,
node/12732524418,黄石北站,2,2,2,0,0,,not_available,源对象与显示一致，实际完整性未核验,way/1067589015|way/1067589016
node/3182617648,黄石站,1,1,0,1,0,,not_available,来源含站台线，不能当作真实面,way/1088184754
node/1586701879,黄磏站,0,0,0,0,0,,not_available,未获取到关联站台源对象,
node/8330381358,黄秀桥站,0,0,0,0,0,,not_available,未获取到关联站台源对象,
node/8382763915,黄粱梦站,0,0,0,0,0,,not_available,未获取到关联站台源对象,
node/8852859358,黄练站,0,0,0,0,0,,not_available,未获取到关联站台源对象,
node/3156037786,黄羊城站,0,0,0,0,0,,not_available,未获取到关联站台源对象,
node/3589417000,黄羊墩站,0,0,0,0,0,,not_available,未获取到关联站台源对象,
node/7368677852,黄羊泉站,0,0,0,0,0,,not_available,未获取到关联站台源对象,
node/9118892094,黄羊湾站,0,0,0,0,0,,not_available,未获取到关联站台源对象,
node/13665852390,黄羊湾（旧址）,0,0,0,0,0,,not_available,未获取到关联站台源对象,
node/9118892107,黄羊滩站,0,0,0,0,0,,not_available,未获取到关联站台源对象,
node/12404403767,黄羊苏站,0,0,0,0,0,,not_available,未获取到关联站台源对象,
node/2340595339,黄羊镇站,0,0,0,0,0,,not_available,未获取到关联站台源对象,
node/8151154551,黄联关站,0,0,0,0,0,,not_available,未获取到关联站台源对象,
node/9147757648,黄胜关站,0,0,0,0,0,,not_available,未获取到关联站台源对象,
node/4419759246,黄腊站,0,0,0,0,0,,not_available,未获取到关联站台源对象,
node/9122624809,黄花塔拉站,0,0,0,0,0,,not_available,未获取到关联站台源对象,
node/1720956481,黄花筒站,1,1,0,1,0,,not_available,来源含站台线，不能当作真实面,way/1481209767
node/9242148052,黄荆苯站,0,0,0,0,0,,not_available,未获取到关联站台源对象,
node/13521571005,黄草滩站,0,0,0,0,0,,not_available,未获取到关联站台源对象,
node/6183396194,黄莲坑站,0,0,0,0,0,,not_available,未获取到关联站台源对象,
node/8164923685,黄许镇站,0,0,0,0,0,,not_available,未获取到关联站台源对象,
node/9017817968,黄道站,0,0,0,0,0,,not_available,未获取到关联站台源对象,
node/8236461402,黄金坳站,0,0,0,0,0,,not_available,未获取到关联站台源对象,
node/10216408085,黄金子站,0,0,0,0,0,,not_available,未获取到关联站台源对象,
node/8154570892,黄阳司站,0,0,0,0,0,,not_available,未获取到关联站台源对象,
node/3856514511,黄陂站,2,2,2,0,0,,not_available,源对象与显示一致，实际完整性未核验,way/691543104|way/691543105
node/2958021496,黄陵东站,0,0,0,0,0,,not_available,未获取到关联站台源对象,
node/2958021495,黄陵南站,0,0,0,0,0,,not_available,未获取到关联站台源对象,
node/11124438407,黄陵站,0,0,0,0,0,,not_available,未获取到关联站台源对象,
node/1532800145,黄陵西站,1,1,0,1,0,,not_available,来源含站台线，不能当作真实面,way/1323797836
node/11297405062,黄骅东站,0,0,0,0,0,,not_available,未获取到关联站台源对象,
node/8410555586,黄骅东站,0,0,0,0,0,,not_available,未获取到关联站台源对象,
node/12066274835,黄骅北站,0,0,0,0,0,,not_available,未获取到关联站台源对象,
node/11297399866,黄骅南站,0,0,0,0,0,,not_available,未获取到关联站台源对象,
node/1668282547,黄骅南站,1,1,0,1,0,,not_available,来源含站台线，不能当作真实面,way/1219389887
node/11297405064,黄骅港站,0,0,0,0,0,,not_available,未获取到关联站台源对象,
node/4021619860,黄骅港站,1,1,1,0,0,,not_available,源对象与显示一致，实际完整性未核验,way/1216016843
node/4021611202,黄骅站,0,0,0,0,0,,not_available,未获取到关联站台源对象,
node/2838827861,黄麟站,0,0,0,0,0,,not_available,未获取到关联站台源对象,
node/10574674384,黄龙九寨站,2,2,0,2,0,,not_available,来源含站台线，不能当作真实面,way/1558072301|way/1558072302
node/5249136616,黍地沟站,0,0,0,0,0,,not_available,未获取到关联站台源对象,
node/10276529761,黎城站,3,3,3,0,0,,not_available,源对象与显示一致，实际完整性未核验,way/1123718665|way/1123718666|way/1123718667
node/7911621940,黎塘站,3,3,3,0,0,,not_available,源对象与显示一致，实际完整性未核验,way/847842000|way/847842001|way/847842002
node/4071540590,黎家新庄站,0,0,0,0,0,,not_available,未获取到关联站台源对象,
node/14003841757,黎明站,0,0,0,0,0,,not_available,未获取到关联站台源对象,
node/8060376207,黎明站,1,1,0,1,0,,not_available,来源含站台线，不能当作真实面,way/1112506845
node/3915767506,黎民居站,1,1,1,0,0,,not_available,源对象与显示一致，实际完整性未核验,way/1231782292
node/1758381653,黑井站,0,0,0,0,0,,not_available,未获取到关联站台源对象,
node/2340595336,黑冲滩站,0,0,0,0,0,,not_available,未获取到关联站台源对象,
node/9137873807,黑台站,1,1,0,1,0,,not_available,来源含站台线，不能当作真实面,way/808223189
node/9072960160,黑城子站,1,1,1,0,0,,not_available,源对象与显示一致，实际完整性未核验,way/1547275804
node/8502773180,黑塔站,0,0,0,0,0,,not_available,未获取到关联站台源对象,
node/9129186270,黑宝山站,1,1,0,1,0,,not_available,来源含站台线，不能当作真实面,way/1126608476
node/4507869068,黑山北站,2,2,2,0,0,,not_available,源对象与显示一致，实际完整性未核验,way/1481770222|way/1481770223
node/2327511889,黑山头站,0,0,0,0,0,,not_available,未获取到关联站台源对象,
node/3956111537,黑山寺站,1,1,0,1,0,,not_available,来源含站台线，不能当作真实面,way/1032987952
node/7473462479,黑山梁站,0,0,0,0,0,,not_available,未获取到关联站台源对象,
node/2635901972,黑山湖站,0,0,0,0,0,,not_available,未获取到关联站台源对象,
node/6506098921,黑山站,1,1,0,1,0,,not_available,来源含站台线，不能当作真实面,way/1539506162
node/7368618930,黑山站,0,0,0,0,0,,not_available,未获取到关联站台源对象,
node/1301361569,黑旺站,2,2,2,0,0,,not_available,源对象与显示一致，实际完整性未核验,way/1362779011|way/1362779012
node/11822383810,黑松驿站,0,0,0,0,0,,not_available,未获取到关联站台源对象,
node/9506868289,黑水站,0,0,0,0,0,,not_available,未获取到关联站台源对象,
node/3685453995,黑沙土站,0,0,0,0,0,,not_available,未获取到关联站台源对象,
node/4516601326,黑河南站,2,2,2,0,0,,not_available,源对象与显示一致，实际完整性未核验,way/1087794936|way/1087794937
node/9129186241,黑河站,1,1,0,1,0,,not_available,来源含站台线，不能当作真实面,way/1054420412
node/3006178368,黑石关站,1,1,0,1,0,,not_available,来源含站台线，不能当作真实面,way/541839993
node/9193526300,黑石岗站,0,0,0,0,0,,not_available,未获取到关联站台源对象,
node/9081732727,黑石川站,0,0,0,0,0,,not_available,未获取到关联站台源对象,
node/5010504433,黑石沟站,0,0,0,0,0,,not_available,未获取到关联站台源对象,
node/8311758357,黑石铺站,0,0,0,0,0,,not_available,未获取到关联站台源对象,
node/9497085055,黑背站,1,1,0,1,0,,not_available,来源含站台线，不能当作真实面,way/1113017034
node/4067925765,黑茶山站,0,0,0,0,0,,not_available,未获取到关联站台源对象,
node/9129186269,黑金站,1,1,0,1,0,,not_available,来源含站台线，不能当作真实面,way/1126608490
node/9122624804,黑鱼泡子站,0,0,0,0,0,,not_available,未获取到关联站台源对象,
node/7473471985,黑鹰山站,0,0,0,0,0,,not_available,未获取到关联站台源对象,
node/3589734343,黑龙井站,0,0,0,0,0,,not_available,未获取到关联站台源对象,
node/7369008116,黑龙峰站,0,0,0,0,0,,not_available,未获取到关联站台源对象,
node/8739286261,黔城站,1,1,1,0,0,,not_available,源对象与显示一致，实际完整性未核验,way/1489680448
node/12681122279,黔江北（预留）,0,0,0,0,0,,not_available,未获取到关联站台源对象,
node/1681825133,黔江站,4,4,2,2,0,,not_available,来源含站台线，不能当作真实面,way/579293113|way/579293114|way/1369173444|way/1369173450
node/3059440682,黔灵山站,0,0,0,0,0,,not_available,未获取到关联站台源对象,
node/3740915261,黔西站,0,0,0,0,0,,not_available,未获取到关联站台源对象,
node/9072960145,默里浑德站,0,0,0,0,0,,not_available,未获取到关联站台源对象,
node/10666136336,黟县东站,2,2,2,0,0,,not_available,源对象与显示一致，实际完整性未核验,way/1234261193|way/1234261194
node/7272083216,黟县站,0,0,0,0,0,,not_available,未获取到关联站台源对象,
node/9195330008,鼎湖东站,6,6,6,0,0,,not_available,源对象与显示一致，实际完整性未核验,way/1434652032|way/1434652033|way/1434652034|way/1434652035|way/1434652041|way/1434652042
node/6961702890,鼎湖山站,0,0,0,0,0,,not_available,未获取到关联站台源对象,
node/8440342292,鼎湖站,2,2,2,0,0,,not_available,源对象与显示一致，实际完整性未核验,way/1058227032|way/1058227033
node/9117619570,齐哈日格图站,0,0,0,0,0,,not_available,未获取到关联站台源对象,
node/7245028946,齐天坪站,0,0,0,0,0,,not_available,未获取到关联站台源对象,
node/9226690984,齐山站,0,0,0,0,0,,not_available,未获取到关联站台源对象,
node/3499334919,齐岳山站,0,0,0,0,0,,not_available,未获取到关联站台源对象,
node/9246201036,齐星站,0,0,0,0,0,,not_available,未获取到关联站台源对象,
node/6184600989,齐河站,2,2,2,0,0,,not_available,源对象与显示一致，实际完整性未核验,way/660565872|way/660565873
node/7872489296,齐齐哈尔南站,5,5,0,5,0,,not_available,来源含站台线，不能当作真实面,way/1088963196|way/1088963197|way/1088963198|way/1088963199|way/1088963200
node/7872489297,齐齐哈尔站,4,4,0,4,0,,not_available,来源含站台线，不能当作真实面,way/1088844960|way/1088844961|way/1088844962|way/1088844963
node/9223324915,龙东矿站,0,0,0,0,0,,not_available,未获取到关联站台源对象,
node/6164592109,龙丰站,2,2,2,0,0,,not_available,源对象与显示一致，实际完整性未核验,way/1509538623|way/1509538624
node/13662465797,龙井乘降所,0,0,0,0,0,,not_available,未获取到关联站台源对象,
node/8858734615,龙井村站,0,0,0,0,0,,not_available,未获取到关联站台源对象,
node/9171411668,龙井站,1,1,1,0,0,,not_available,源对象与显示一致，实际完整性未核验,way/1202537954
node/7296234982,龙仁站,0,0,0,0,0,,not_available,未获取到关联站台源对象,
node/1577103516,龙伯屯站,0,0,0,0,0,,not_available,未获取到关联站台源对象,
node/10313458327,龙兴站,2,2,2,0,0,,not_available,源对象与显示一致，实际完整性未核验,way/1178313788|way/1178313789
node/10917569593,龙凤站,0,0,0,0,0,,not_available,未获取到关联站台源对象,
node/12247244618,龙凤镇站,0,0,0,0,0,,not_available,未获取到关联站台源对象,
node/8760954204,龙南东站,0,0,0,0,0,,not_available,未获取到关联站台源对象,
node/1641971970,龙南站,2,2,2,0,0,,not_available,源对象与显示一致，实际完整性未核验,way/732298454|way/1424377582
node/9251972108,龙口北站,0,0,0,0,0,,not_available,未获取到关联站台源对象,
node/7276779890,龙口坝站,0,0,0,0,0,,not_available,未获取到关联站台源对象,
node/5075522332,龙口市站,4,4,4,0,0,,not_available,源对象与显示一致，实际完整性未核验,way/1367631630|way/1367631631|way/1368012637|way/1368012638
node/7128808621,龙口港站,0,0,0,0,0,,not_available,未获取到关联站台源对象,
node/3182655177,龙口站,0,0,0,0,0,,not_available,未获取到关联站台源对象,
node/7128808616,龙口西站,0,0,0,0,0,,not_available,未获取到关联站台源对象,
node/2375089681,龙嘉站,2,2,2,0,0,,not_available,源对象与显示一致，实际完整性未核验,way/696492790|way/696492791
node/3182691334,龙回站,0,0,0,0,0,,not_available,未获取到关联站台源对象,
node/9223324916,龙固站,0,0,0,0,0,,not_available,未获取到关联站台源对象,
node/8208703840,龙坑站,0,0,0,0,0,,not_available,未获取到关联站台源对象,
node/8440342284,龙坪站,0,0,0,0,0,,not_available,未获取到关联站台源对象,
node/8445967195,龙堌集站,0,0,0,0,0,,not_available,未获取到关联站台源对象,
node/1758381670,龙塘坝站,0,0,0,0,0,,not_available,未获取到关联站台源对象,
node/12982640792,龙塘站,0,0,0,0,0,,not_available,未获取到关联站台源对象,
node/9198249302,龙塘镇站,2,2,2,0,0,,not_available,源对象与显示一致，实际完整性未核验,way/502543480|way/502543481
node/2757833092,龙宫站,0,0,0,0,0,,not_available,未获取到关联站台源对象,
node/2332707898,龙家堡站,0,0,0,0,0,,not_available,未获取到关联站台源对象,
node/7777444183,龙家营站,2,2,2,0,0,,not_available,源对象与显示一致，实际完整性未核验,way/1093337104|way/1093337105
node/8244462065,龙居站,0,0,0,0,0,,not_available,未获取到关联站台源对象,
node/6615339423,龙山北站,2,2,2,0,0,,not_available,源对象与显示一致，实际完整性未核验,way/1285605842|way/1285605844
node/9176129491,龙山站,0,0,0,0,0,,not_available,未获取到关联站台源对象,
node/9312908627,龙山站,0,0,0,0,0,,not_available,未获取到关联站台源对象,
node/9165204574,龙山镇东站,0,0,0,0,0,,not_available,未获取到关联站台源对象,
node/7252318603,龙山镇站,0,0,0,0,0,,not_available,未获取到关联站台源对象,
node/7236810280,龙岩东站,0,0,0,0,0,,not_available,未获取到关联站台源对象,
node/638704454,龙岩站,6,6,6,0,0,,not_available,源对象与显示一致，实际完整性未核验,way/385141546|way/385141547|way/385141548|way/775713775|way/775713776|way/775713777
node/8417536131,龙川北站,0,0,0,0,0,,not_available,未获取到关联站台源对象,
node/1619080438,龙川站,2,2,2,0,0,,not_available,源对象与显示一致，实际完整性未核验,way/1187915336|way/1187933872
node/9053630464,龙川西站,4,4,4,0,0,,not_available,源对象与显示一致，实际完整性未核验,way/1265108154|way/1265108157|way/1265108184|way/1265108188
node/11278698812,龙州站,0,0,0,0,0,,not_available,未获取到关联站台源对象,
node/3362903230,龙市站,2,2,2,0,0,,not_available,源对象与显示一致，实际完整性未核验,way/379356318|way/379356319
node/8320962483,龙广站,0,0,0,0,0,,not_available,未获取到关联站台源对象,
node/8445993262,龙拱港站,0,0,0,0,0,,not_available,未获取到关联站台源对象,
node/8163476370,龙桂站,0,0,0,0,0,,not_available,未获取到关联站台源对象,
node/4724795895,龙桥站,1,1,1,0,0,,not_available,源对象与显示一致，实际完整性未核验,way/1301375385
node/7235401599,龙江村站,0,0,0,0,0,,not_available,未获取到关联站台源对象,
node/4146575707,龙江站,2,2,0,2,0,,not_available,来源含站台线，不能当作真实面,way/1096461333|way/1096461334
node/11202356352,龙池站,0,0,0,0,0,,not_available,未获取到关联站台源对象,
node/1681825098,龙池站,0,0,0,0,0,,not_available,未获取到关联站台源对象,
node/3840242010,龙沟站,0,0,0,0,0,,not_available,未获取到关联站台源对象,
node/9174163162,龙泉北站,0,0,0,0,0,,not_available,未获取到关联站台源对象,
node/269831765,龙泉寺站,2,2,2,0,0,,not_available,源对象与显示一致，实际完整性未核验,way/409219868|way/409219869
node/7935632105,龙泉市站,0,0,0,0,0,,not_available,未获取到关联站台源对象,
node/8490990624,龙泉村站,0,0,0,0,0,,not_available,未获取到关联站台源对象,
node/9178152018,龙泉站,0,0,0,0,0,,not_available,未获取到关联站台源对象,
node/9171411651,龙泉镇站,0,0,0,0,0,,not_available,未获取到关联站台源对象,
node/3739089059,龙洞堡站,0,0,0,0,0,,not_available,未获取到关联站台源对象,
node/12712336081,龙洞站,2,2,2,0,0,,not_available,源对象与显示一致，实际完整性未核验,way/1434060603|way/1434060604
node/7705058633,龙津沟站,0,0,0,0,0,,not_available,未获取到关联站台源对象,
node/12612402415,龙津站,0,0,0,0,0,,not_available,未获取到关联站台源对象,
node/3694546892,龙海站,0,0,0,0,0,,not_available,未获取到关联站台源对象,
node/8780112731,龙港站,0,0,0,0,0,,not_available,未获取到关联站台源对象,
node/5488773092,龙游东站,0,0,0,0,0,,not_available,未获取到关联站台源对象,
node/9302050796,龙游北站,0,0,0,0,0,,not_available,未获取到关联站台源对象,
node/7898882551,龙游南站,2,2,2,0,0,,not_available,源对象与显示一致，实际完整性未核验,way/1335863836|way/1335863837
node/1651805298,龙游站,0,0,0,0,0,,not_available,未获取到关联站台源对象,
node/13508900516,龙湖站,0,0,0,0,0,,not_available,未获取到关联站台源对象,
node/5564278234,龙湖站,0,0,0,0,0,,not_available,未获取到关联站台源对象,
node/3195094193,龙潭寺站,0,0,0,0,0,,not_available,未获取到关联站台源对象,
node/6457291276,龙潭山站,0,0,0,0,0,,not_available,未获取到关联站台源对象,
node/1709795978,龙潭站,3,3,3,0,0,,not_available,源对象与显示一致，实际完整性未核验,way/888805888|way/888805889|way/888805890
node/7249740474,龙潭镇站,0,0,0,0,0,,not_available,未获取到关联站台源对象,
node/1592559583,龙爪沟站,0,0,0,0,0,,not_available,未获取到关联站台源对象,
node/5980498115,龙爪站,1,1,0,1,0,,not_available,来源含站台线，不能当作真实面,way/1114822550
node/9081732758,龙王渠站,0,0,0,0,0,,not_available,未获取到关联站台源对象,
node/8859041367,龙田站,0,0,0,0,0,,not_available,未获取到关联站台源对象,
node/9192069851,龙田面站,0,0,0,0,0,,not_available,未获取到关联站台源对象,
node/9137876530,龙船站,2,2,0,2,0,,not_available,来源含站台线，不能当作真实面,way/1120249670|way/1120249671
node/3060329171,龙里北站,2,2,2,0,0,,not_available,源对象与显示一致，实际完整性未核验,way/375884808|way/375884809
node/3544629616,龙里站,2,2,2,0,0,,not_available,源对象与显示一致，实际完整性未核验,way/375884585|way/375884586
node/9129186248,龙镇站,2,2,0,2,0,,not_available,来源含站台线，不能当作真实面,way/1111790723|way/1111790724
way/911544815,龙镇站,1,1,1,0,0,,not_available,源对象与显示一致，实际完整性未核验,way/1171947684
node/8158566840,龙门南站,0,0,0,0,0,,not_available,未获取到关联站台源对象,
node/10216416208,龙门河站,0,0,0,0,0,,not_available,未获取到关联站台源对象,
node/3955132495,龙门站,1,1,0,1,0,,not_available,来源含站台线，不能当作真实面,way/1093464510
node/8440210939,龙门镇站,0,0,0,0,0,,not_available,未获取到关联站台源对象,
node/8341377369,龙陵站,0,0,0,0,0,,not_available,未获取到关联站台源对象,
node/3629306166,龙马站,0,0,0,0,0,,not_available,未获取到关联站台源对象,
node/1758381661,龙骨甸站,0,0,0,0,0,,not_available,未获取到关联站台源对象,
node/8738067118,龙鼻咀站,0,0,0,0,0,,not_available,未获取到关联站台源对象,
node/7935693243,龟潭站,0,0,0,0,0,,not_available,未获取到关联站台源对象,
node/4261071242,가림,0,0,0,0,0,,not_available,未获取到关联站台源对象,
node/4119577453,간상봉,0,0,0,0,0,,not_available,未获取到关联站台源对象,
node/2092919302,간평,0,0,0,0,0,,not_available,未获取到关联站台源对象,
node/5261887342,강구,0,0,0,0,0,,not_available,未获取到关联站台源对象,
node/4619830209,강안,0,0,0,0,0,,not_available,未获取到关联站台源对象,
node/2092843532,강안리,0,0,0,0,0,,not_available,未获取到关联站台源对象,
node/2092826912,강양,1,1,1,0,0,,not_available,源对象与显示一致，实际完整性未核验,way/1312251307
node/5261877516,강하,0,0,0,0,0,,not_available,未获取到关联站台源对象,
node/1879088831,고령진,0,0,0,0,0,,not_available,未获取到关联站台源对象,
node/4632081859,국경,0,0,0,0,0,,not_available,未获取到关联站台源对象,
node/4262730004,금생,0,0,0,0,0,,not_available,未获取到关联站台源对象,
node/2091516665,남양,2,2,2,0,0,,not_available,源对象与显示一致，实际完整性未核验,way/1312251361|way/1312251362
node/5267562746,남촌,0,0,0,0,0,,not_available,未获取到关联站台源对象,
node/2259998236,늪평,0,0,0,0,0,,not_available,未获取到关联站台源对象,
node/5262475278,대응,0,0,0,0,0,,not_available,未获取到关联站台源对象,
node/4261099700,독산,0,0,0,0,0,,not_available,未获取到关联站台源对象,
node/5262475274,두지,0,0,0,0,0,,not_available,未获取到关联站台源对象,
node/5262475277,라죽,0,0,0,0,0,,not_available,未获取到关联站台源对象,
node/5261887321,량강신상,0,0,0,0,0,,not_available,未获取到关联站台源对象,
node/2661557894,림토,0,0,0,0,0,,not_available,未获取到关联站台源对象,
node/1932707324,무산,2,2,0,2,0,,not_available,来源含站台线，不能当作真实面,way/214647522|way/214660307
node/1932707630,무산철산,0,0,0,0,0,,not_available,未获取到关联站台源对象,
node/5262475276,무창,0,0,0,0,0,,not_available,未获取到关联站台源对象,
node/5262662317,문악,0,0,0,0,0,,not_available,未获取到关联站台源对象,
node/5261877520,민탕,0,0,0,0,0,,not_available,未获取到关联站台源对象,
node/2450469989,부풍,0,0,0,0,0,,not_available,未获取到关联站台源对象,
node/2092891265,삼봉,0,0,0,0,0,,not_available,未获取到关联站台源对象,
node/2260340146,삼수청년,0,0,0,0,0,,not_available,未获取到关联站台源对象,
node/4119577867,삼포,0,0,0,0,0,,not_available,未获取到关联站台源对象,
node/5261887335,상대,0,0,0,0,0,,not_available,未获取到关联站台源对象,
node/5262610476,상풍강,0,0,0,0,0,,not_available,未获取到关联站台源对象,
node/4262578212,세선,0,0,0,0,0,,not_available,未获取到关联站台源对象,
node/5262616686,송삼,0,0,0,0,0,,not_available,未获取到关联站台源对象,
node/3010140151,송전,0,0,0,0,0,,not_available,未获取到关联站台源对象,
node/2092826954,수구포,0,0,0,0,0,,not_available,未获取到关联站台源对象,
node/1932590001,수풍,0,0,0,0,0,,not_available,未获取到关联站台源对象,
node/2210419589,신건,0,0,0,0,0,,not_available,未获取到关联站台源对象,
node/2075424333,신아산,0,0,0,0,0,,not_available,未获取到关联站台源对象,
node/2092929505,신전,1,1,1,0,0,,not_available,源对象与显示一致，实际完整性未核验,way/475057019
node/5261877517,신파청년,0,0,0,0,0,,not_available,未获取到关联站台源对象,
node/2092929532,신학포,0,0,0,0,0,,not_available,未获取到关联站台源对象,
node/5262616688,십리동,0,0,0,0,0,,not_available,未获取到关联站台源对象,
node/5262662318,연포,0,0,0,0,0,,not_available,未获取到关联站台源对象,
node/5262475273,오구비,0,0,0,0,0,,not_available,未获取到关联站台源对象,
node/2124257886,위연청년,0,0,0,0,0,,not_available,未获取到关联站台源对象,
node/1932726280,유선,0,0,0,0,0,,not_available,未获取到关联站台源对象,
node/5261887337,인산,0,0,0,0,0,,not_available,未获取到关联站台源对象,
node/5262627903,자강삼강,0,0,0,0,0,,not_available,未获取到关联站台源对象,
node/2092851690,종성,0,0,0,0,0,,not_available,未获取到关联站台源对象,
node/5262506065,죽전,0,0,0,0,0,,not_available,未获取到关联站台源对象,
node/4119577600,차가수,0,0,0,0,0,,not_available,未获取到关联站台源对象,
node/5262669395,차가평,0,0,0,0,0,,not_available,未获取到关联站台源对象,
node/5262619106,창골,0,0,0,0,0,,not_available,未获取到关联站台源对象,
node/3517631768,청수,0,0,0,0,0,,not_available,未获取到关联站台源对象,
node/5262475275,포평청년,0,0,0,0,0,,not_available,未获取到关联站台源对象,
node/2091582393,풍리,1,1,1,0,0,,not_available,源对象与显示一致，实际完整性未核验,way/1312336997
node/5261887324,풍양,0,0,0,0,0,,not_available,未获取到关联站台源对象,
node/2092929428,학포,0,0,0,0,0,,not_available,未获取到关联站台源对象,
node/4252336537,혜산청년,2,2,2,0,0,,not_available,源对象与显示一致，实际完整性未核验,way/425964249|way/425968859
node/4261048179,화전,0,0,0,0,0,,not_available,未获取到关联站台源对象,
node/2091603510,황파,0,0,0,0,0,,not_available,未获取到关联站台源对象,
node/3010140312,후주청년,0,0,0,0,0,,not_available,未获取到关联站台源对象,
node/2091603488,훈융,0,0,0,0,0,,not_available,未获取到关联站台源对象,
node/1932707709,흥암,0,0,0,0,0,,not_available,未获取到关联站台源对象,
