车站名,Node ID
104线路所,9189836468
107km线路所,10236653887
110km（哈达河）线路所,10236653878
129公里站,14051258179
173线路所,9287647729
176线路所,9259607252
183线路所,9235497288
1907站,14040548954
1909广场站,2432360139
208线路所,9178116402
276 км,7086086252
5#,9078386670
54km线路所,10235075233
54公里线路所,9890738887
71km辅助所站,9860535844
764线路所,11458514485
76km线路所,9131669915
774线路所,11757509507
810,13947603649
K107线路所,8442827807
K141线路所,7239071038
K229线路所,7691063511
K235线路所,13326206474
K23线路所,9209486381
K385线路所,7222584422
K3线路所,7014649364
K40线路所,9290860301
K487线路所,7235336798
K651线路所,7236126628
K80线路所,9334658557
L1/L2线路所,7199376349
Благовещенск-Перевалка,2934051732
Благовещенск-Экспорт,2934048033
Достық,4025083258
Забайкальск,3965162822
Замын-Үүд,277600601
Замын-Үүд 2,2472141711
Камышовая,7028989013
Поярково,1865551023
Приаргунск,3960807349
Разъезд №19,4064729705
Рассыпная Падь,1301805513
Сосновая Падь,1410813674
Ханги өртөө,12522713710
Шивээ Хүрэн,13324149045
ບໍ່ເຕັນ 磨丁站,10827451489
一平浪站,1758381773
一条梁站,7369154347
一步滩站,8182270076
一矿站,13506343001
一碗泉站,8481094113
一里坪站,5010548830
一间堡站,1273440092
一间房站,7365690072
一零一站,288858553
一零二厂（吉化）,7036495786
一面坡北站,7082028652
一面坡站,1603990297
一面山站,2349438769
丁公,9854691986
丁家坝站,11429021488
丁家墩线路所,13124881868
丁家庄站,8263220926
丁山站,9218083776
丁庄站,8239658402
丁庄站,9254936104
丁桥油库卸油站,9493068983
丁河站,8485182624
丁营站,8158566857
丁集矿站,9226664075
丁香湖1号线路所,9160197900
丁香湖2号所站,9160197898
七个泉站,12404403784
七公里站,9258877064
七台河站,5581944159
七台河西站,9532243466
七孔桥站,2432359973
七宝南线路所,11785899246
七宝山站,7217592975
七宝站,13711702746
七宝站,3024239751
七宝线路所,7170847274
七家子站,1273438455
七岭子站,7685213003
七峰站,2958264470
七斗冲站,8327421948
七星站,13506342924
七星站,13971777221
七星站,5485559707
七松站,5497031789
七泉湖 چىچان站,9524436498
七甸站,1569661841
七矿站,8163363263
七苏木站,843276759
七营站,4500244352
七道桥站,7777165767
七道河站,2332707899
七里坪站,3026602365
七里河站,2336082808
七里湖站,2509493459
七里营站,8354235230
七里镇站,3698187689
七间房线路所,7155705440
七面峰站,12212964524
七龙星站,7748172763
万乐站,8946555592
万全西站,4692536654
万发屯站,2344167677
万宁站,3923183425
万安县站,2941969186
万安站,3901349147
万宝镇线路所,12732987415
万家屯站,5515174038
万家岭站,9178344020
万家码头南站,9276824807
万家码头站,9263232729
万寨站,7950086637
万山站,6200921467
万岩站,8738033124
万州北站,3500359221
万州站,1667611895
万州西站,4999776321
万年站,1675935532
万德站,8455171499
万拉木站,10599205185
万水泉南站,4071020924
万水泉站,9081737223
万源站,1586077485
万盛东站,8059209405
万盛南站,8062536481
万盛站,8059179211
万能站,2501306647
万荣站,7740322551
万里河站,2409086519
万顷沙站,12400103236
丈亭站,7952881489
三义井站,1720956510
三义村站,11764057797
三井子站,9171411671
三井站,12519624555
三亚站,7639541307
三交东站,4037619764
三交南线路所,8393724130
三交线路所,4066597098
三元区站,2396394864
三元坝站,8308189559
三元西站,7781469281
三关口站,1783909033
三北羊场站,3589687255
三十六站,13684002725
三十家站,2336082812
三十里堡站,1658989381
三十里铺站,9229648676
三卜素站,5162097835
三原站,1532510497
三叠泉缆车上站,11782342897
三叠泉缆车下站,11782342898
三口站,8724397078
三台站,12814703203
三台站,1655741320
三合场站,8164711331
三合庄站,1984410997
三合路线路所,12670087878
三唐站,8437828906
三坪站,7372047595
三垧梁站,9081737222
三堂集站,8417601181
三堆子站,1558444975
三堡站,7843554047
三塔镇站,4634382792
三塘湖站,11524899214
三塘站,8154570881
三塘铺站,2377231982
三宝屯站,10973711947
三家子站,13437566513
三家子站,9169253668
三家子站,9169253672
三家寨站,2323960864
三家店站,9265808501
三屯营站,9263223089
三岔湖站,10931476413
三岔站,4587890199
三工北站,4676361146
三工南站,4676361144
三平站,8410935353
三把火站,1720956509
三昆站,7272083210
三明东站,4665378516
三明北站,2501318815
三明站,4665328470
三星堆站,10574653712
三星站,7212001153
三根河站,9160197913
三桥站,2726644060
三槽站,12091626128
三正站,8198236818
三民村站,2726644061
三水北站,9195330012
三水南站,9527375843
三水站,8440342293
三水西站,3141113475
三汇坝站,12732718441
三汇镇站,1586077454
三汊埠站,8014005485
三江东站,8059209390
三江南站,9527375842
三江县站,1614129025
三江口站,2340355359
三江坝站,8175969225
三江站,7322084532
三江镇站,2450072204
三汲站,3628286816
三河县站,1582348727
三河尖矿站,9223324914
三河站,7199441364
三源浦 삼원포站,2327447495
三溪口站,3500240394
三灶东站,11581097078
三甲站,9193526297
三界站,8454361476
三矿站,12472566282
三矿站,13506343004
三矿站,9320122102
三穗站,2953809308
三给村站,4066488618
三花石站,1556058497
三荷站,7740286549
三营站,1783909034
三葛庄站,7372158701
三街站,8154570915
三角地站,7365718247
三角庄站,4076525348
三道堰站,9327370171
三道沙河站,10536269299
三道沟站,4615476306
三道渠站,9081732803
三道湖站,6283151042
三道班站,7365751920
三道营站,1597596229
三都县站,3676339900
三都站,7167634630
三都站,9750178917
三里坪站,4999670497
三铺站,7950385245
三门县站,7714110158
三门峡南站,5128985378
三门峡站,4608144934
三门峡西站,4721424792
三门站,5831974015
三间房站,1267538049
三间房站,9119790831
三阳川站,3840292051
三阳站,5728132767
上万站,7798863096
上交站,3217457893
上仓站,1582348728
上仡佬站,10160788242
上元站,9076173199
上兰村站,4066466652
上关站,553060982
上周村站,8509189921
上园站,2336082815
上坝站,8341349258
上垌站,12218208493
上塘站,2456723931
上大堰站,8557057511
上孟站,3202942071
上安站,8405135450
上宫站,13602824158
上寺站,11832960722
上庄坨站,9263223095
上房山站,7236082611
上普雄站,2092190082
上杭站,9992008818
上板城南站,4017665839
上板城站,844821220
上格达站,7601066676
上水村线路所,9334658548
上河口站,12627525332
上河清站,9524455321
上泉站,3649017297
上洪站,7740215249
上海南,7171261760
上海庙站,3589651636
上海庙西站,13907939990
上海松江,7160140850
上海站,7161749775
上海虹桥站,4610023440
上海西站,7169128140
上海金山站,13124881862
上深涧站,9282598408
上清站,10901470908
上清站,4666461822
上游站,7236056302
上烟站,9750179088
上腰墩站,2340595342
上营站,2333085946
上虞南站,11536193005
上虞站,7719079445
上街站,6960866211
上西线路所,12570981201
上西铺站,3193144359
上谷站,2374576654
上郭关线路所,11512989550
上铺站,5488773089
上阳武站,8375507556
上陵站,8016226687
上隍站,9218083765
上饶站,1579354022
上饶线路所,7217663632
上高南站,2456850535
上高站,6322602588
上高镇站,2371591471
上鹅峰站,9980091033
下两站,4899864476
下五渡线路所,10700073371
下仓站,1582348730
下元站,6537015830
下冷水站,13119854182
下初站,5530871825
下南泉站,6308158129
下却站,9087403300
下台子站,4017761229
下各站,8541577163
下坪站,10108686955
下城子站,9131669913
下堡坪站,10983326653
下塘站,8293209406
下塘集站,8503032873
下太和站,7212001154
下夹河线路所,9179735866
下官院站,2470295127
下寨站,2643971205
下小岔站,7276282772
下峪口站,2958219633
下庄站,3956108502
下庙子站,13437560697
下庙站,9218083764
下普雄站,2092190123
下村站,7781469282
下板城站,2336082826
下棕溪站,13119854181
下河清站,9076173196
下河站,3956103706
下洋站,8765292889
下湾站,3706573238
下炉站,9199275517
下王塘站,4498342876
下社站,1984411019
下秦山站,10302861890
下花园北站,4759822044
下花园站,277605044
下藤桥站,9329260405
下蜀站,1709799617
下辛店站,7202565684
下过溪站,7252546302
下锦场线路所,12712833106
下马塘站,2349438759
下马崖 باي站,7369154308
下马崖北 شىمالىي باي站,7369154307
不冻泉站,7296224595
不连沟站,11982991005
不锈钢园区站,7021861674
且午站,4663166665
且末 چەرچەن站,8204071013
世博园站,9763069258
丙村站,9980091035
丙谷东站,5230059143
丙谷站,1558444875
丛树村线路所,9336859430
东三家站,9169258492
东三矿站,7369194524
东丰站,1550774742
东乌旗站,6510193806
东乐站,9524455329
东乡站,11873977105
东乡站,573196736
东二矿站,13406974022
东二道河站,9129925022
东井站,14003841750
东京城站,1604842611
东佳木斯站,9129925036
东保卫站,13506321586
东信号所,9263223106
东元庆站,8392781271
东光北站,3949950007
东光站,8410481231
东关屯站,12519624558
东关站,10897836294
东关站,9229648673
东兴市站,6237827899
东兴站,4180575967
东冲铺站,3365112220
东冶站,2351995606
东凌井站,3671619716
东凤站,9758623232
东北流站,3649076555
东升坝站,8191141376
东升站,7710011720
东华线路所,9336859435
东南线路所,7160238157
东南线路所,7236810281
东南营子站,1720956464
东双合屯站,9121569871
东双桥站,8024938629
东双河站,3612292346
东口站,3026390646
东台地站,7369008114
东台站,1608115663
东吴站,9207275765
东周窑站,9282598412
东四矿站,7369194525
东园站,7798843654
东坝站,11832960822
东坡站,3697044152
东坡站,8021537650
东城南站,9196767921
东埔站,5206669511
东大坝站,8428724689
东大屯站,9123967454
东大沽站,9235497290
东孚站,2502491263
东孝站,3022089959
东孝线路所,7699355512
东宁站,9131669906
东宅科线路所,8244544755
东安东站,5144292957
东安站,1573735881
东官营站,9169253678
东富站,2332314835
东寨站,4068182352
东寨线路所,9259607251
东山县站,12925939824
东山站,14156675334
东山站,4366580972
东山镇站,13963970445
东岔站,4906402909
东岗站,10917569597
东岗站,6687935740
东川站,9182286758
东平站,10120263951
东平站,12791639302
东庄,9242869561
东庄站,1984410965
东庙沟站,7473462474
东张马站,8407297387
东徐庄乘降所,9517242680
东戴河站,8413859638
东方站,7638983866
东方红站,3693604532
东明县站,9565762623
东明村站,1720956461
东村线路所,9053957974
东来站,844682326
东柴山站,7319313623
东桥站,7202547229
东梁站,6483314927
东榆林站,8375244252
东槽站,4076455347
东水峡站,2045664613
东江站,8857281208
东沙王庄站,5171146200
东沟门站,2336082786
东河南站,9512571940
东河站,8390829875
东泉站,9223366448
东津站,2154670845
东津线路所,9317600724
东海县站,9242299259
东海岛站,8973993061
东海站,9137873809
东淤地站,1984410964
东港北站,9166853507
东港站,9280035522
东湖站,12712850244
东湾站,840178569
东滩站,4617869310
东灶港站,12712850246
东牛家庄站,2945730153
东环站,8901184327
东田良站,746565019
东碾头站,9282598410
东神头站,12957861681
东简站,8973993060
东篁店站,9312908631
东胜东站,5169885348
东胜站,4593258154
东胜西站,3045569787
东至站,2381264575
东舍场站,10973711959
东花园北站,4759794422
东花园站,7354877226
东荣站,13506343003
东莞东站,4641554944
东莞南站,8270586790
东莞港站,9195330004
东莞站,7101309828
东莞西站,7056577695
东营,4585491663
东营南,3855828881
东营港站,9251972100
东营西站,9254936105
东葛站,6558478659
东西岩站,11873245098
东观站,3507932989
东赵站,8380178586
东辛庄站,1582507134
东辛站,9223366454
东边井站,2344167668
东辽阳站,9164484582
东选站,14156675332
东通化站,1550539230
东都站,8415534944
东鄯河线路所,12957861829
东镇站,4076158512
东门站,9131669864
东阳关站,8398800764
东阳北站,11309195871
东阳站,9287647724
东阳线路所,8442827810
东陵站,8829211661
东露天站,9287647742
东韩家站,10556364303
东风南站,9265491972
东风港站,5109697031
东风站,8345587836
东风站,9076173202
东黄坨站,10751726085
东齐家线路所,13667101259
丝茅冲线路所,3363292840
两下店站,8440044938
两城站,12697922880
两家站,1273438948
两山站,11901257578
两当站,2373342127
两所屯站,8317336145
两水站,11134136751
两河口站,8192930847
两渡站,3901345861
两路口站,8293700344
严关乡站,8154570912
严坊站,7780346106
个旧站,9182286776
丫口寨站,8286223112
中仓站,4883415766
中仙站,2501362971
中兴站,1660818558
中华站,14003841749
中华门站,1027660030
中卫南站,7095681950
中卫站,9118892093
中原站,6894218190
中台子站,1721802922
中和站,1728086250
中和镇站,9322545562
中嘴站,1681825253
中固站,8434476651
中国原子城站,10286831051
中垾站,8009300158
中堂站,7063140834
中堡站,3840243154
中复站,2838820650
中宁东站,4071848354
中宁南站,840033678
中宁站,5920270996
中宅站,7687064594
中寨站,8333458803
中小线路所,9179735867
中山北站,7249634471
中山站,7710011719
中川北站,3754504344
中川机场东站,10826706380
中川机场站,3744898244
中心区乘降点站,13988389002
中心庄线路所,12405138065
中心河站,13508852396
中心站,11944888811
中心站,13505962534
中心站,9334658562
中新产业园站,13516002825
中方站,1909889540
中村站,3098439950
中桥站,4676485633
中梁山站,3500267612
中沙坝（预留）,11837829321
中滩站,8337940185
中灶火站,12404403773
中牟站,1775221286
中至站,9246201055
中谊村站,8337934840
中阳站,1794819239
中馆驿线路所,12828317912
中驿站,7202574479
中高村站,4022924743
中鸡站,3156239524
中鼎物流园站,7792095154
丰乐站,8508742580
丰乐镇站,9129925029
丰南南站,3953271241
丰南站,9274358857
丰南西站,3953246950
丰县站,9223324913
丰台西站,7415912688
丰城东站,2940767972
丰城南站,2314081732
丰城站,2445670162
丰宁北站,4020932776
丰宁南站,4020941089
丰宁站,3955145563
丰广站,2332314836
丰林站,4997195705
丰水村站,9118892083
丰润南站,7781504426
丰润西站,3969960720
丰都北站,11302329933
丰都站,3499357608
丰镇北站,11669105993
丰镇站,1597596180
丰顺东站,13061379941
丰顺村站,7723115153
丰顺站,13645613004
丰顺线路所,13125176573
串子沟站,1657973439
临县北站,4066594113
临县站,4066594112
临城站,5431792962
临夏站,4537723162
临安站,13077904498
临川站,2445434505
临巴溪站,8175715379
临平北站,9417119736
临平南站,7160108922
临平站,7357921368
临朐站,8395249615
临水站,2329134709
临水镇站,8506560192
临汝镇站,4976678690
临江场站,1586701899
临江寺站,8173038391
临江村线路所,13322465598
临江溪站,8323579405
临江站,9174163143
临江铺站,8087507139
临江镇站,2279196087
临汾北站,4076217870
临汾站,807798087
临汾西站,3012035419
临沂,10120263942
临沂东,1673581107
临沂北站,9255881280
临沂南站,2913762899
临沧站,8342496886
临沭站,3341441115
临河站,7473263125
临泉站,8905032006
临泽南站,2987122864
临泽站,8064049603
临洺关站,4607602418
临海东站,8566164681
临海南站,8566213144
临海站,7714110157
临涣矿站,9226690944
临淄,8093813886
临淄北站,6202567108
临清东站,11296772787
临清站,1672448051
临港北区站,10143420163
临港园区站,11327519783
临港线路所,10142334022
临湘站,4582610497
临溪站,7272083209
临潼东站,3012438538
临潼北站,8141157726
临潼站,1532569277
临澧东站,13267095693
临澧西站,1612906141
临猗站,7740322552
临西站,5449784703
临邑站,8239658478
临颍站,10120263953
临高南站,3926581871
临高站,7638983873
丹东站,582810252
丹东西站,4615408976
丹凤站,3120581897
丹徒站,8218329634
丹景山站,6012947255
丹水池站,7199220808
丹水站,12269525676
丹江口站,7713231787
丹江站,1768044164
丹洲营站,9081732786
丹灶站,7463907644
丹阳东站,8453216522
丹阳北站,2830170172
丹阳站,267224937
丹霞山站,2531818014
丽春站,9327370174
丽水站,7702364120
丽江东站,7463917718
丽江站,1530613773
乃托站,2092190162
乃林站,1722042118
久长站,8169302207
么荒站,9171411683
义乌站,1579354026
义乌西站,7048299296
义井站,9258877062
义兴线路所,10297479957
义卜寨站,8413808174
义县站,2336082835
义县西站,9506868283
义合站,8417536170
义和镇站,3508401731
义安站,4076329835
义棠站,3901345867
义阳站,8204071008
义马站,3006173671
乌东站,6296203446
乌丹站,7871710227
乌丽站,6339806509
乌伊岭站,9129186228
乌兰乌苏站,7371981473
乌兰哈达站,843202343
乌兰图嘎线路所,9069903372
乌兰察布站,4283506941
乌兰敖包站,8481093431
乌兰敖都 ᠤᠯᠠᠭᠠᠨ᠌ᠣ᠋ᠳᠤ站,9122624803
乌兰木伦站,1335718570
乌兰木图站,4507866465
乌兰毛杜站,9121569873
乌兰浩特北站,9125461494
乌兰浩特站,9125461495
乌兰站,7296208322
乌兰胡同站,9111251385
乌兰花站,9117619573
乌兰计站,4072805995
乌兰陶勒盖站,3157943265
乌力吉图站,9122624800
乌北站,2805869476
乌吉密站,6200921463
乌固诺尔站,1723657614
乌图美仁站,7319313629
乌奴耳站,1595854639
乌审召化工园站,3685475103
乌审召站,7740334169
乌审旗南站,7740376248
乌审旗站,3157941149
乌尊哨站,12212964529
乌尔旗汗站,4954697537
乌尼特站,9069903407
乌山站,7266064581
乌拉图嘎站,9069903371
乌拉山站,9118904621
乌拉山西站,9118904620
乌拉泊站,7372158703
乌拉特前旗站,10913546185
乌斯土站,12627525335
乌日图站,9072960154
乌日根塔拉站,9072960150
乌江寨站,3695320136
乌江站,8308637344
乌海东站,9098127459
乌海北站,9118892116
乌海南站,10908472712
乌海站,10913546173
乌海西站,9098127466
乌玛塘站,7296234983
乌珠穆沁站,9069903401
乌石站,8320812739
乌舍尔站,7369154310
乌苏 شيحۋ站,6419224897
乌西站,2805929239
乌西线路所,7368932420
乌锦站,9066263814
乌鲁布铁站,6310901953
乌鲁木齐 ئۈرۈمچى站,2987146433
乌鲁木齐南 ئۇرۇمچى جەنۇبى站,269838523
乌龙泉东站,8399430834
乌龙泉南站,12732838005
乌龙泉站,8337379794
乐业站,12091508865
乐东站,3926612094
乐亭站,5725118924
乐化站,2341431066
乐同站,9198249304
乐善村站,1569661826
乐善站,8859021531
乐土驿站,7372014522
乐坝站,8175954985
乐山港站,12811744457
乐山站,3740929566
乐平北站,11237974728
乐平市站,3501736671
乐昌东站,1126427517
乐昌站,8308266741
乐武站,2092189993
乐清东站,7714110152
乐清湾站,9209486377
乐清站,7714110151
乐秀路站,13711385120
乐素河站,2324653287
乐至站,11067492114
乐跃站,1558444941
乐都站,1674452372
乐里河站,8293209383
乔乙站,3697044156
乔司站,3196681654
乔庄东站,9875307791
乔村站,7007355811
九三站,9129186266
九佛站,12712348631
九公里站,9131669904
九华山站,10667605849
九台南站,6538449301
九台站,2332707895
九圪塔站,4589602574
九家湾站,4676485646
九寨站,9178344021
九架线路所,13011886289
九江北站,2502430052
九江南站,3006887576
九江站,2988920235
九江西站,2450075261
九矿站,4074894516
九矿站,8163363262
九站,6542797321
九节壕线路所,11683498264
九苏木站,9081732782
九营站,2329566271
九道河站,7365811228
九道湾站,6296203444
九郎山站,8480158171
九里垄站,2509918452
九里山站,5023671094
九里站,1588514402
九龙坡站,8997696992
九龙塘站,8681173547
九龙山站,1582507185
九龙岗站,4525980385
乡会桥站,1623926658
乱流站,8380031230
乱石山站,1656306624
乳山南站,11402000342
乳山站,1277317542
乾县站,3003935031
乾安站,1732027894
了墩北站,7276635779
了墩站,1202941672
二井站,1595119236
二井站,2344111803
二十里台站,8756066329
二十里堡站,5521602281
二号矿站,3698187691
二坝站,3686468743
二塘区站,8320443738
二塘站,4419760316
二家河站,5485793770
二密河站,1550539235
二峰山站,13960020842
二工西站,4676485660
二拨子线路所,7155820311
二环路线路所,9327370168
二矿站,12367132906
二矿站,13506343002
二矿站,13928568109
二矿站,3678381878
二营站,1783909009
二连站,277606205
二道岗站,9129925026
二道岩站,2341864260
二道桥站,8323936153
二道沙河站,7851736024
二道沟站,843276738
二道沟门站,3956215975
二道河站,1590471989
二道河站,9081732732
二道湾站,1727802988
二郎庙站,8164637767
二郎庙站,9269060400
二郎庙线路所,8095671842
二龙屯站,9121569875
二龙山屯站,2344111807
二龙站,1722042117
于官屯站,7855842556
于家庄站,8382763908
于洪站,7320955107
于田 كېرىيە站,8200737578
于都北站,4019707812
于都站,1641971972
云东海站,5652318543
云南驿站,8327589121
云县站,7533067745
云台山站,8522743185
云居寺站,1984411038
云山站,3677430195
云岗站,9280035517
云岗西站,9280019516
云崖站,5009784593
云彩岭站,1984411035
云梦东站,8535898770
云梦站,1767965265
云池站,9307694622
云浮东站,5098263175
云浮站,12644750366
云浮站,9193526291
云湖桥站,4982418820
云溪站,8330390824
云田乡站,3840302638
云盘站,3362906992
云端站,1720394641
云约站,7706508973
云阳站,5575694409
云霄站,9258885992
云龙站,7687112643
互做布其站,7473373518
五七站,5385397988
五个圈站,5010529880
五五站,5015714710
五凤溪站,8172947405
五十家子站,1721802920
五华山站,9524455318
五华站,9992012168
五原东站,1941455550
五原村站,3006154441
五原站,10913546184
五叉沟站,2252852443
五台县站,11297681769
五台山北站,1984411012
五台山站,11297643266
五合站,11330533630
五塘站,8148445740
五大连池站,2344111818
五女山站,3185538711
五字湾站,3700492086
五家子站,9174163158
五家站,8436994998
五寨站,1698277432
五尧线路所,9861146162
五岛站,9166844947
五峰站,11716384853
五常站,2503795727
五府山站,2987230246
五彩城站,7365879209
五星站,6390678098
五杨站,12211994991
五林站,1604842623
五栋房站,9069910630
五桥站,3499350275
五棵树站,2332808261
五沟站,9226690935
五河站,9694086104
五眼桥线路所,11607708421
五矿站,8163363264
五矿站,9320122101
五竹站,11381081744
五苇场站,8204071011
五茂林站,8369385357
五莲站,1605321370
五营站,9129186229
五象南站,7831128900
五路站,321939663
五通口站,11209622972
五通站,3278047664
五道木站,2340355363
五道梁站,6266296878
五道沟站,2327447501
五道河站,3956214548
五道班站,7365751919
五部站,7935632086
五里堂线路所,8442466532
五里堡站,8024938625
五里墩站,3365124338
五里峰站,6183396196
五里川站,7740322566
五里铺站,3020183036
五间房站,7365811230
五阳站,3644691734
五龙背东站,9179735854
五龙背站,2349438756
井亭站,8432585664
井冈山站,2488907822
井南站,1668497958
井口站,3500252727
井头墟站,8154570896
井山站,8858813789
井店南站,8482839914
井店站,2328405920
井研南站,12811743623
井研站,12811743761
井陉北站,3628303092
井陉站,1668497959
亚复站,2332314843
亚布力南站,2897002523
亚布力站,1603990283
亚布力西站,7074398341
亚沟站,6054225285
亚河站,1604972747
亚龙湾站,7639835667
亢村站,8354235242
交口站,3006129153
交城站,3169909573
交接站,12466332492
交河站,11297336693
交界站,5023672362
亦庄站,9274358867
京唐港站,6367178489
京宁热电电厂站,13407984194
京山南站,10275614607
京山站,2381028362
京津线路所,9262840938
京海站,4021611224
京福线路所,7160213293
亭亮站,1577103545
亭子山线路所,7197289113
亭子站,4999670518
亭林站,7171384790
亮兵台站,9178116403
亮甲店站,12335046085
亲睦村站,8154580321
亳州南站,8930866816
亳州站,8417601178
人民塘线路所,9336859436
什邡站,1816772633
什邡西站,10574674379
什里店站,2328405924
仁东站,8855823377
仁和村站,4528392271
仁和站,7463917719
仁寿村站,13077554359
仁川站,8526666002
仁布站,2894968049
仇桥站,8524258177
介休上行场站,4076320982
介休东站,3012070492
介休站,5229679253
从江站,3676351216
仓山镇站,8154795072
仓房沟站,4676361100
他山站,9178344025
他郎河站,8344367826
付家店站,9123967453
付村站,9242869567
付楼站,6570063478
付水寨站,9263223097
仙人桥站,2156363608
仙人洞站,4615516888
仙人脚站,3227950938
仙台站,8158566849
仙塘站,8417536171
仙居乡站,7740322577
仙居南站,8541577162
仙居站,11340624005
仙师站,9980091037
仙店站,7252546316
仙景台站,9171411661
仙村站,8383166682
仙林站,7197704007
仙林线路所,9242148047
仙桃东站,7202398097
仙桃园站,10302396544
仙桃站,9526280425
仙桃西站,3053775977
仙槎站,7250091633
仙水站,1964642719
仙游站,3365981115
代县站,1984410961
代湾站,1588514327
代郢线路所,12178102363
代马沟站,2897112229
以勒站,10108687173
仪征北站,11327619638
仪征站,1666058770
仪村站,9258877066
仪陇站,11067492050
仲恺站,8722619828
件只站,3949966000
任丘站,2888280456
任丘西站,11296772806
任家庄站,4071540595
任家湾站,2962269778
任庄站,9226690932
任楼站,9226690920
伊列克得站,9157555167
伊吗图站,6982315837
伊图塔站,9069910632
伊图里河站,1552037425
伊塘湖站,7276779887
伊宁东站,583127919
伊宁站,583119960
伊尔施南线路所,9125461486
伊尔施站,9072960133
伊尹站,8417616506
伊屋站,7780322121
伊川站,8158566842
伊拉勒延站,9117619565
伊拉哈站,9129186267
伊敏站,9125461471
伊敏索木站,9125461472
伊斯克苏站,7365718250
伊春站,6389123837
伊春西站,11277905801
伊林站,1603990289
伊通站,5514312184
伊金霍洛旗站,3045718306
伍佑站,9218083771
伍明站,8417601183
伏牛溪站,8162951988
休宁站,7272083214
会同站,1614129010
会展中心站,4676485673
会昌北站,2837802223
会沟站,4076525341
会泽站,10649058854
会让站,12519624548
会让站,14156675333
会龙站,8155046265
伞塘站,9186758520
传流店站,2243340983
伦镇站,8445725542
伯信特站,7364331417
伯官站,11768457613
伯根里站,9129186274
伶俐站,4564763475
伶站,12091533271
低庄站,1585780235
低窝铺站,1600348016
佑君站,5230067642
何三家站,1657245396
何刘站,1235648681
何官屯站,10108687238
何家塔站,5169884817
何家湾站,4714822087
何家湾线路所,13171639566
何家线路所,8019984377
何寨站,3012148387
何屋站,4019707813
佗城站,8417536169
余丁站,9118892095
余下站,2763938975
余吾站,10885859985
余坪站,7740243081
余姚北站,7714110163
余姚站,571882460
余姚西站,7719079444
余官营站,8093975760
余家寮站,5655797053
余家湖站,8556982202
余家湾站,8337379751
余家站,4666461823
余干站,13353368352
余江站,2445713991
余粮堡站,1720394638
佛坪站,10120263956
佛塱站,12712348630
佛山站,6934042658
佛山西站,7706970417
佛岭站,2329802054
佛峪站,8390606424
佛崖站,11134136669
佛肇站,11610116803
作登站,12923473620
佟家站,7527335479
佳木斯站,2185005492
佳木斯西站,4226682338
依克特站,9129186272
依兰站,5697139268
依吞布拉克站,7319259965
依坑站,5652369316
依安站,9129186252
依寻站,13739142632
侯各庄线路所,9280035524
侯家坪站,6207701358
侯家庙站,7345342407
侯家母站,3156214517
侯杖子站,2336082796
侯潭站,7272083219
侯马北站,4076206413
侯马站,5425662246
侯马西站,4766563924
俄霍布拉克站,7368477865
保健站,843276810
保国站,9169253673
保定东站,8401357514
保定南站,11297643251
保定工业站,9262515450
保定站,8308266733
保家楼站,2662698099
保山北站,8341271209
保山站,8341288522
保平线路所,9336859434
保康县站,5575694856
保康站,2892566733
保德站,4587890203
保田站,13123179966
俞冲站,8182151354
信丰站,1359398411
信丰西站,8345915095
信宜站,5041838931
信湖矿站,9226690952
信都站,12732987418
信阳东站,2264149886
信阳北站,3858082961
信阳站,6237929169
信阳西站,3858082968
修文县站,8211935366
修文站,1668749977
修武站,1577895139
修武西站,3717101391
倒湖站,7042327418
倘不浪线路所,9111251378
倭肯站,2184985150
倮果站,5232371904
偃师站,3006174635
偏关站,3699737031
偏岭站,2349633643
偏岭镇站,9169258506
偏店站,2328405922
傅庄站,9274358850
儋州站,7638983872
儿童生态乐园站,9489931062
元坝站,8175881695
元宝山站,1720956551
元宝湾站,9072960181
元山站,7781481486
元氏站,2329407072
元江站,8344240485
元田坝站,8308403239
元谋站,7699201214
元谋西站,5230023374
元龙山站,10917569596
元龙站,3026390650
先锋站,3410058501
先锋营站,9846723810
光华门站,8280728428
光国村线路所,12523155316
光山站,2370491433
光明城站,7103617869
光明站,1727803023
光泽站,1583788084
光辉村站,9162699851
克一河站,9126260259
克东站,10219936787
克什克站,7368677845
克孜勒亚站,7368477863
克孜勒站,7365811222
克山站,9129186250
克拉玛依北站,7368677854
克拉玛依站,9094856520
克音沟站,7369154309
免渡河站,1595854626
兑镇站,2328308912
兖州,8452913704
兖州北,8455171505
兖州西,8446034574
党家庄站,5171146202
党峪站,2713090866
党武站,7625151869
全州南站,8154570904
全州站,1573735882
全旺站,7898882542
全村站,8857330837
全椒站,5427515088
全红信号所,9754794106
全集北站,7319251385
八一矿站,9242869573
八一站,7638983871
八仙筒站,844682657
八坼站,12326986399
八塘站,8852911279
八宝站,9174163152
八家子站,9171411656
八家户站,4676485671
八家旺站,8740946395
八岭山线路所,11683498227
八所站,7639801223
八斗岭站,9694086110
八斗站,1614132448
八方山站,7072113720
八方站,1727802981
八景站,2456670714
八柳树站,3699736998
八步站,5408138793
八渡站,5537379125
八甲站,9193526296
八盘峡站,3958138723
八盘磨站,7365811227
八矿站,13928568110
八矿站,8163363268
八苏木站,1597596167
八角台站,2662698081
八达岭站,7805044408
八达岭西线路所,8186644073
八达岭长城站,6472124842
八达沟站,5980498116
八道壕站,2340355342
八道河站,6711712945
八都站,2662698040
八里坪站,9131669909
八里庄站,2329491710
八里庄线路所,9266232122
八里店站,11753229070
八里店站,2758430366
八里湾站,3316389462
八里甸子站,9174163133
八里站,12942017910
八里铺站,8389663570
八陡站,9246201040
八面城站,2662698087
八面通站,2662698088
公主岭南站,4111704869
公主岭站,5413859423
公乌素站,9098127461
公兴站,1588514368
公利线路所,8958843996
公园站,10917569592
公坪站,8236492544
公安站,7740322583
公平墟站,5108216933
公庄站,4075255922
公庙子站,9111268213
公沟站,9081732815
公积坂站,8686094505
公营子站,2336764044
六个鸡站,4571484268
六井站,13506321537
六公里站,1943110242
六十六团站,6318126109
六十里铺站,8506548624
六合站,1666058769
六合西站,11327619641
六合镇站,9129186268
六孟站,8856363385
六安北站,11710655083
六安站,5157242006
六摆渡站,8453216520
六景东站,8158566831
六景站,5211473138
六枝南站,7704451132
六枝站,2341864262
六栋房站,13505654474
六槽站,14156675326
六王屯线路所,9507383337
六甲站,8857192174
六盘山站,1783909024
六盘水东站,7704451130
六盘水南站,4663087677
六盘水站,7704433025
六道河子站,4018879802
六道河站,9178152017
兰城站,8204063699
兰家沟站,10108687221
兰家窑站,9081732733
兰家站,12744883800
兰岗站,1604842617
兰岭站,9137873812
兰州东川站,9303518364
兰州东站,6568513151
兰州北站,9299765127
兰州新区站,4088610999
兰州站,269826006
兰州西站,3481086575
兰巨站,7935632118
兰店站,4615504837
兰棱站,6357489709
兰溪东站,9302014474
兰溪站,1979139432
兰考南站,3311834108
兰考站,1775221273
兰花坡线路所,11513473739
兰草站,8176138570
兰陵北站,2417820308
兰陵西站,3178717101
共和站,1588514366
共青城东站,7213210232
共青城站,2447053249
关口老站,10120264009
关寨站,2341864261
关山站,3012148388
关岭站,3328325801
关帝庙站,6952606886
关春站,5655797146
关村坝站,1588514386
关村站,10897832920
关林站,6752636232
关田站,3060551491
关碾房站,4071015341
关西镇站,3182773626
关龙桥站,8198233372
兴业南站,11330665364
兴业站,1692209509
兴义南站,10724756176
兴义站,4353564606
兴凯站,9137873803
兴化站,8524358521
兴华站,5697139282
兴卫村站,1709793868
兴县站,8393394858
兴发村线路所,7249740477
兴和北站,4693191082
兴和站,843276814
兴和西站,4283508204
兴国南线路所,7781413673
兴国站,1641971971
兴国西站,2941992827
兴城站,2609234203
兴城西站,7949510450
兴宁南站,9992012167
兴宁站,1619080445
兴宁西站,9980091031
兴安北站,7830203476
兴安岭站,1595854645
兴安站,14156675340
兴安站,1573735883
兴寿站,3822196733
兴山站,14156675327
兴山站,5575694842
兴平站,9634216172
兴文南站,10108678013
兴文站,5822178037
兴无站,1731938337
兴旺村站,14072867292
兴泉堡站,2340696431
兴福站,2154670879
兴福镇站,4025119050
兴莲站,9137876519
兴隆县站,4017761245
兴隆县西站,4507823280
兴隆场站,2616210383
兴隆山站,2332707900
兴隆庄站,7053359013
兴隆店站,1655741348
兴隆河站,9176129492
兴隆站,8182496501
兴隆站,9242869547
兴隆站,9322545559
兴隆镇站,2344167678
兴隆镇西站,12750131952
兴隆镇（窄轨）,8948999365
兴隆集站,8547282910
兵马营站,3956115071
养马场线路所,9706897782
养马河站,8172984763
养龙司站,8310060703
冀州站,3949965025
内乡站,1589822196
内乡西站,7740322570
内山村站,7781469274
内江东站,8437135034
内江北站,8869763827
内江南站,7555690994
内江站,1587112363
内邱站,2329407069
内黄站,9521570748
内黄集站,8478393901
冈干特乌拉站,9069910634
冉家河站,1532826994
册亨站,4349874037
冕宁站,11180444686
冕山站,2092190024
冗贝站,8320813167
军垦站,9524455317
军庄站,2112867309
军田站,8373909179
军粮城北站,9274358865
军粮城站,9274358860
军营沟站,8163363259
农业大学站,4676485641
农中站,8457132633
农乃庙站,9069910627
农乐线路所,11581955906
农场站,13506321565
农垦四团站,5233987484
农大线路所,3202596665
农安站,1273441187
冠县站,8444259398
冠朝站,3182658839
冠豸山南站,2838818230
冠豸山站,7780346102
冬瓜铺站,8319382860
冯井站,4485375612
冯家坝站,5548164601
冯家山站,1545860364
冯家川站,9287647738
冯家湾线路所,12334984131
冯屯站,1728086189
冯庄站,8093975746
冯庄线路所,13376467050
冯记沟站,9118904954
冰沟站,14064241890
冰湖沟站,10901470925
冰草湾站,5999657687
冲康（预留）,11837753486
冶源站,8395249616
冶金园区站,12753975887
冷坝站,8212315728
冷水井站,8739186970
冷水江东站,8204507930
冷水江西站,8727106275
冷水站,3081853221
冷水铺站,5236564858
冷水镇站,7202547227
冷泉站,4076265639
准东北站,6308157532
准东站,6308158125
准格尔召站,9081732816
准格尔站,5166914644
凉亭坳站,8738649611
凉亭河站,9242148050
凉水井站,1964642696
凉水站,9171411665
凉红站,2092190000
凉雾站,3499334914
凉风垭站,5779176951
凉风桥站,8154570914
凌云站,12091508868
凌家场站,7555690993
凌村线路所,9061506083
凌河站,13437566554
凌海南站,8156943652
凌海站,8226400767
凌源东站,2336082800
凌源站,2336764049
凤凰古城站,9544816611
凤凰城站,3525595222
凤凰山站,1569253485
凤凰岭站,9729529799
凤凰岭站,9729591800
凤凰店站,8239658421
凤凰机场站,3926614045
凤凰村站,3153830009
凤凰站,8154580333
凤凰西线路所,12747906905
凤县站,2373342112
凤台南站,4592125078
凤台电厂站,9226664074
凤台站,6037693464
凤城东站,9179735855
凤山站,13614157094
凤山站,9259607261
凤岩站,7249740465
凤岭北线路所,11113140359
凤州站,1545968418
凤洼站,9320122086
凤翔站,1545860366
凤翔西站,3753841665
凤阁岭站,3026390659
凤阳站,8454361469
凤鸣站,8852812886
凫村站,8447564477
凭祥东站,11278710052
凭祥站,1577103523
凯北站,9137873801
凯里南站,2953809299
凯里站,4460276303
凯里西站,8313638248
刀尔登站,2514251053
分场站,13508900515
分守岭站,9118892100
分宜北站,6322602586
分宜站,1579621876
分水寺站,4999763859
分水站,9178344024
分路口站,9229648667
刘元头站,9728700883
刘召站,840299212
刘官营站,9269060399
刘家场站,5348593372
刘家堡线路所,7792095152
刘家峡站,6948470581
刘家店站,6436067243
刘家沟站,2584265429
刘家河站,1660818526
刘家线路所,8248422631
刘山站,10973711956
刘庄矿站,9226664094
刘庄站,8229961825
刘店站,9226690954
刘庙站,9577248882
刘府站,8012738236
刘征站,8093813875
刘村站,3860611403
刘村集站,9226664108
刘桥一矿站,9226690967
刘桥二矿站,9226690968
刘沟站,1588514426
刘碑站,8163363243
刘通屯站,10973711948
刘集站,9223366432
刘集线路所,8244544091
则岔站,12379039198
则巴站,9900082001
刚察站,1602495957
初一铺站,8341205025
初城站,9193526292
利华站,14072867290
利国站,7950385243
利国镇站,12747885400
利川站,2843985541
利水站,7236126631
利津南站,8069276053
利津站,8069276054
利津西站,9251972105
利略站,5168561348
利辛站,11332278137
利辛西站,8506186906
别勒站,11524708100
别山站,8431451891
到保站,1273440099
制气厂站,8356810470
前亭站,7950079970
前卫站,9179735861
前场站,3694551474
前寨站,3699706752
前山站,7710011714
前川线路所,12827889764
前朱堡站,9111251382
前河站,1590471464
前河镇站,2758337191
前洲站,7844659549
前湾港站,12511699089
前甸站,9176129500
前磨头站,2329491725
前程站,8585160522
前窑站,13938081070
前苇塘站,4018879800
前苗村线路所,12066294895
前进镇站,2329566272
前邱寨站,9226664114
前锋站,9129925021
前长川站,9118892081
前阳南站,4615481534
前阳站,4615477737
前霍家屯站,9131669869
前黄站,9218083777
剑斗站,13593194988
剑门关站,9527263757
功塘站,7821699291
加劳站,8311466865
加南站,9129186262
加查站,7329144913
加格达奇站,9126260256
加气场站,4676361135
加福站,8757937722
劲松站,1252233943
勃利站,2329802050
勇士站,11901257631
勉县站,3024659063
勉西站,13072237763
勐腊北站,8360132527
勐腊站,5241062776
勐远站,8360024363
勤丰营站,8337229958
勾庄线路所,10013131730
包头东站,843140591
包头北站,840299765
包头南站,3045703093
包头站,1691425745
包头西站,9111251397
包官营站,9274358852
包家楼线路所,12896333793
包尔呼东站,9069903367
包尔海站,3375279510
包尔海站,3377078435
包庄站,8406254934
包木少勒站,9121997532
包门陶勒盖站,9072960141
化北屯站,4068178364
化城站,4527901811
化处站,1565858520
化州站,5078329376
化工南站,3156146807
化工厂（吉化）,7036495785
化工站,7202565683
化德站,843276763
化念站,8344111740
化新村线路所,11430326211
化稍营站,3474726963
化隆站,11113252102
化龙南站,9720919816
化龙站,5303369729
北1门站,14040548925
北三家站,2327511881
北东闸站,9320122078
北义井站,1668749906
北井子站,9166853508
北亩站,8383157274
北京东站,7907338281
北京丰台站,124205138
北京北站,8016534536
北京南站,539260172
北京南运转站,9229387014
北京大兴站,6817368518
北京朝阳站,1824913462
北京站,269996666
北京西站,7780210950
北京通州站,6124474481
北仑港区站,7699546989
北仑站,7687024680
北仓北线路所,9269060397
北仓站,4128945015
北信号所,9781538484
北刘各庄线路所,9742097752
北召店站,5023671113
北台站,2349438691
北合流站,8380188353
北周庄站,8375231401
北和公路站,13974578808
北园站,2001416765
北坊站,9265808494
北坑站,7272083217
北坡泉子站,7369092521
北城站,9322545560
北塘站,270625758
北塘西站,8259096344
北塬站,3698187688
北大牛站,3914534097
北宅站,3956109209
北安站,5384795491
北宋站,9251972106
北屯市站,6308214105
北屯站,9512571941
北山北站,7368618933
北山站,7368618931
北师店站,8418440633
北广场站,4676485657
北庄口站,8383065288
北张庄线路所,9269060394
北戴河站,2349729507
北斗站,8341184013
北斗站,9202090139
北朱村站,8025293292
北杨庄站,4022919435
北松浦站,9131669865
北板桥站,2322953958
北格站,7792095150
北正线路所,9259607260
北沟东站,8402762256
北沟站,9251152705
北河店站,8382763906
北河站,9524455334
北流东站,8859352839
北流站,4858245585
北海北站,13374222464
北海港站,7692389333
北海站,1541942450
北渐站,9242869556
北渔站,9218083768
北港农场站,9263232731
北湖线路所,9336859433
北溪头线路所,11197311295
北滘站,7710011709
北滘西站,11932116429
北滩站,9740539443
北牟站,9246201050
北田受站,8390570273
北界站,7939109389
北石窟站,11490095515
北碚南站,11233257587
北碚站,12732718442
北社站,5259133369
北票东站,9169258488
北票南线路所,2662698130
北票站,4507849536
北舍站,9259607263
北辛堡站,4017557362
北辛店线路所,9258877061
北辰站,10296507042
北郊站,848234307
北部站,8503926533
北降壁线路所,9276824796
北集坡站,8455171503
北霍布逊站,3939022842
北马圈子站,4017761235
北马村站,8186122057
北黄土沟站,9081732787
北龙凤站,10917569600
医学院站,4676361125
十一道街站,10973711952
十三冶线路所,9274358859
十三矿站,8163363256
十三间房站,9524436506
十九沟站,9081732788
十二中站,4676361092
十二排站,9980091029
十二里阁站,8455171496
十八台站,6282283239
十八站,4531894734
十堰东站,7713231789
十堰站,1532826995
十字铺站,2483457193
十字门站,2936895096
十家堡站,8434915583
十渡站,3404875130
十矿站,9320122098
十里冲站,5808928069
十里坪站,9171411653
十里坪（预留）,13431715514
十里岩线路所,11222277922
十里村站,4545964164
十里海站,10278210941
十里画廊观光电车上站,3335876195
十里画廊观光电车下站,3337515049
十里站,3204071294
十陵站,3931615583
千岛湖南站,7203536183
千岛湖站,5907965300
千条沟站,7473471989
千河站,1545860369
千阳站,1545860370
升昌站,2330634149
午汲站,2328405926
半坡村站,4076149833
半坡站,8163363237
半壁山站,3970036216
半截店站,9119773613
半截河站,9129186226
半边山站,12249018131
半边山线路所,7238976159
半边街站,8313828491
华丰站,8429540714
华亭站,3640219997
华兴村线路所,9334658571
华城站,1619080437
华安站,11835248960
华家站,1273440681
华容东站,4714756571
华容南站,3097129502
华容县站,7740357586
华容站,3387438193
华山北站,5315070687
华山站,3658461057
华山街站,4676485650
华岩站,8390323662
华州站,2940419851
华桥站,2824331879
华桥站,9451694525
华泰站,6267918153
华能车场站,12070292547
华蓥站,4999256344
协塘站,2456756756
协荣站,2894949391
卑家店站,7781338010
卓宅站,7236103631
卓山站,4958240444
卓资东站,4693191075
卓资山站,1597596288
单侯站,4022919436
南三道站,12203265804
南丰站,2501345649
南丹东站,4615476307
南丹站,1566833365
南乐站,10650882517
南五台站,8141617705
南京,267225237
南京东站,1337206981
南京北站,11327619644
南京南,2483530943
南京南线路所,9242148046
南京西站,9218083763
南仇站,8093813876
南仓南信号站,9231741597
南仓站,269618532
南仓线路所,7896909880
南充东站,1916163128
南充北站,3500325327
南充南站,8163532928
南充站,1916163102
南充西站,8154613413
南充高坪站,13171216145
南关岭站,1659133906
南关站,3629288249
南分路站,5340949139
南化站,8050775700
南千里站,9126260264
南华北站,3159071367
南华站,5845757092
南博山站,9246201048
南口前站,2327511890
南口站,7798847270
南召站,1577895099
南台子站,11524934727
南台站,10917569598
南台站,2349464753
南园村站,5162096662
南坡底站,2361437267
南坪矿站,9081732800
南坪站,3699736992
南坪镇站,2097330674
南城司站,1984410984
南城站,2501336698
南堡北站,7783459219
南堡站,6367235212
南塔底站,8377234990
南塘站,8154570911
南塘镇站,3182651407
南夏宋线路所,8436993844
南大寺站,9365769451
南大庙站,3956103730
南头站,7710011712
南奇站,9262515448
南宁东站,7691075908
南宁北站,8813693941
南宁南站,1184786579
南宁站,7775776484
南宁西站,4039439552
南安北站,7781469266
南定北站,12125759365
南定站,8463034285
南宫东站,2351141705
南宫站,3949965963
南家岗站,9131669867
南尔岗站,2092190042
南屯矿站,9242869554
南屯站,8204092217
南山北站,5683003449
南山口站,7296170209
南山站,14156675337
南岔站,9129186240
南岗村站,3006173721
南岗站,3624896593
南岗站,8846820746
南岸坝站,8184134155
南岸站,4249087973
南峧站,8398757715
南峪站,1668749963
南川东站,4692374234
南川北站,10561477666
南川站,2716403721
南市站,2941777333
南常站,3218363033
南平市站,7726031896
南平镇站,8059178932
南店线路所,7159952773
南张村站,8405220118
南彭站,10313432165
南昌东站,7213210230
南昌北站,2370492050
南昌南站,1575144244
南昌站,1575144250
南昌西站,2266601966
南星桥站,604278239
南曹站,3717120378
南朗站,7710011718
南木站,1595854628
南杂木站,2327511892
南桥站,1657973530
南梁坡站,4676485638
南武康站,8859793280
南永宁站,2958261850
南江口站,4346644640
南江站,3740824337
南沙北站,8385846445
南沙河站,8455171507
南沙港南站,9505740238
南沙港站,9505740239
南沟站,9178116409
南河川站,3840292052
南泉站,9097307501
南洞站,2432359657
南津港站,4278849586
南洼营站,9125461466
南涧站,8342166807
南港东站,9276824805
南港北站,9276824806
南港站,6322602587
南湖东站,3377844348
南湖东线路所,9317600737
南湖店站,5010467067
南湖站,9312874416
南湖西线路所,13451356925
南湾站,3914518061
南溪北站,5174810878
南溪河站,8344263875
南溪站,10246926862
南溪站,11710655089
南漳站,5575694871
南照站,8506528770
南王站,8390892203
南甸站,9174163132
南疆港站,9235497291
南疆港线路所,10147982640
南疏解线路所,9320122077
南白镇站,9334658552
南皮站,6361256290
南石线路所,7236810279
南票站,1657369364
南翔,1709861023
南翔北,9242148031
南翔北线路所,7169084945
南胡庄站,3628286370
南芬北站,4622152185
南芬站,2349438741
南药园站,9944113270
南莫站,8523272763
南营井站,7461160278
南街线路所,7258084776
南观村站,2577030414
南通东站,2990299387
南通站,1665500370
南通西站,8061438171
南部站,3500325328
南阳东站,5575699927
南阳寨站,3717102991
南阳疏解区线路所,9314921234
南阳站,12982640791
南阳站,9722713792
南阳西站,8025229797
南陈铺站,8392744858
南陵站,9521935585
南陶洛站,8447604703
南雄站,2531823886
南雅站,7252546309
南靖站,7252318602
南驿站,8429539646
博乐 بۆرتالا ᠪᠣᠷᠣᠲᠠᠯ᠎ᠠ站,7368834474
博乐东 شەرقىي بۆرتالا ᠵᠡᠭᠦᠨ ᠪᠣᠷᠣᠲᠠᠯ᠎ᠠ站,7368834476
博克图站,2662698151
博兴站,2339632251
博山,2061664087
博平站,8444329739
博拉站,12379039197
博源银根站,13406829168
博白站,7969766722
博罗北站,14096806211
博罗北站,8270803358
博罗站,10271063788
博贺站,10302396511
博野站,3915760736
博鳌站,7639835668
卜家沟站,9290860300
卞庄站,8454361473
占杨站,8478282709
卡伦站,2332707896
卡堆站,3040869663
卡如站,2895044142
卡山站,7365899724
卡布其站,9098127458
卡路屯站,8944268243
卢氏站,7740322565
卢龙北站,4623207080
卢龙站,2542325244
卧佛寺站,4014463065
卧厂站,3699714010
卧牛河站,1595854637
卧虎屯站,2340355362
卧里屯站,4683294077
卧龙寺站,3070095245
卧龙站,11202356355
卫城站,9329260393
卫家店站,3613959439
卫星站,2186787956
卫辉南站,9521570747
卫辉站,8360877105
卫闽站,8814335471
即墨北站,3914198648
即墨站,7195969160
卷子榜站,8184230012
厂东门站,648177309
历城北站,9057278694
历城站,10277066232
厉家寨站,9255881282
厉山东线路所,9312908634
厉山站,8544457342
厚坝站,9613303362
厚溪站,3493038856
厚禄站,8841975451
厚街站,7063140902
原一部（吉化）,7036495784
原平南站,3914539770
原平站,1984411031
原平西站,4471055300
原庄站,2380085346
原林站,9126260270
厢竹线路所,11061908821
厦门,928056895
厦门北,6527623010
厦门高崎站,2502478744
叆河站,7527313931
叉河站,7638983868
友好站,4676361122
友好站,9129186230
友谊水库站,4692536681
友谊站,9169258500
双丰站,2154670864
双井子站,11757094631
双兴站,13506342945
双凤驿站,1892923753
双刘站,9229648674
双加站,12247247153
双口站,3949377567
双吉站,8123335452
双城堡站,8424837468
双城站,11113905993
双堆集站,11332278122
双塔山站,3956221482
双塔站,7276774510
双墩集站,9019104055
双子河站,2154670865
双富站,13506342954
双寨站,3688793561
双屿站,7702364107
双岭线路所,8210144944
双峰北站,8735302380
双峰寺站,3953353570
双峰沟线路所,12712667359
双平站,7935632088
双庙子站,8434476649
双捷站,9192805745
双望站,2349729513
双杨站,12125759370
双板桥站,9164484549
双柳站,9066263808
双桥站,6712107183
双楼港站,9223366435
双水站,1964861301
双水镇站,7114221876
双江站,8725117846
双河口站,8164640379
双河市站,7368834475
双河站,11944888827
双河站,12981749289
双河镇站,1548856842
双泡子站,1720394536
双洋站,7237831724
双流机场站,6594651893
双流站,1588514496
双流西站,9334658568
双流镇站,9334658565
双涟站,9164484548
双清站,2377231984
双湄村站,4528311944
双溪站,3500381164
双潮站,7702364112
双牌站,8590127941
双石桥站,8190097111
双碑线路所,7239131185
双福站,1588514494
双羊店站,1582507275
双蒙站,12981824332
双辽站,2340355367
双阳站,13506342947
双阳站,1646226920
双鸭山站,7894350047
双鸭山西站,9532243464
双龙南站,3740822501
双龙山站,9129925024
双龙峡站,8728869856
双龙桥站,7755544827
双龙湖站,5697139252
双龙煤业乘降点站,13988388992
双龙站,4999019088
反修站,9076173204
发耳站,2323960863
取柴河站,1548856832
叙永北站,10107977688
叙永站,5948263051
叠溪站,10574674382
口前站,2332314841
口头站,8093813877
口孜东矿站,9226664093
口孜集站,4445455691
口泉站,9282598402
古丈站,8737942949
古丈西站,9544816609
古东站,4066214772
古井站,8401464464
古交站,4066214793
古冶站,7781338011
古北口站,7805039069
古城东站,8417601180
古城子站,10973711950
古城子站,8840528310
古城村所站,9619494322
古城湾站,8686105331
古城站,9129186251
古城线路所,12957861682
古城镇站,2936218355
古城集站,12739152874
古培塘站,8330381465
古家沱站,1586701877
古尔班站,10574044806
古尔班站,4172561675
古市站,3797730465
古市站,7935598870
古店站,8384099362
古月站,3915744472
古水站,9292699673
古河站,7372000105
古浪北站,11822437402
古浪站,3840278537
古源站,1252233958
古瓦站,9189836492
古田会址站,2927491272
古田北站,9524540937
古田站,7252546299
古砦站,5026739169
古窑子站,9118904864
古竹站,8856785003
古荣站,6265569362
古莲站,1252171318
古营盘站,4693008520
古蔺站,9165204573
古路站,10313458331
古镇站,1732229867
古雄站,8199141268
古露站,7296275985
句容站,10951246228
句容西站,1769095955
召壕站,4071079334
可可森林站,12513805504
可可西里站,7296224590
可门站,4254006090
台儿庄站,12501009369
台前东站,11296772781
台前北站,6254324863
台前站,1925101211
台前西站,3247656533
台头站,8417536125
台安南站,9167905924
台安站,8431451879
台山站,5485730430
台州南站,7714110155
台州站,5154991268
台州西站,7714110156
台曲站,8390827538
台格庙站,9111251402
台梁站,4072824040
台特玛湖站,12211994995
台阁牧站,4259953297
台集屯东站,9123967455
史口东站,8244544482
史口站,8244544275
史喇口线路所,11771814185
史家乡站,8173125933
史家线路所,12064373406
史家铺站,1783909047
史店站,4076206412
叶县站,8095297272
叶城 قاغىلىق站,7365811218
叶城路站,13711560837
叶庄子线路所,7616088908
叶庄站,9313028643
叶柏寿站,1722042132
叶榭站,7171384792
叶茂站,8857333057
叶集站,4861918438
司家岭站,2371591472
司家营站,9280035519
合作站,11115499274
合山站,9189836490
合川东站,11233257584
合川站,7212001156
合村线路所,9246201063
合浦站,7692389334
合肥东站,9229648677
合肥北城,6233986121
合肥北站,8503068163
合肥南,7197518162
合肥南线路所,9229648669
合肥派河港铁路物流基地站,10210657433
合肥站,6234423783
合肥西站,8080534350
合肥铁路采石场站,10580182192
合阳北站,9292699684
合阳站,2958264469
吉兰泰站,9098127465
吉安南站,2488909028
吉安站,2314081738
吉安西站,2941788642
吉庆线路所,9622699879
吉文站,6305217536
吉新河站,1595854618
吉林北站,7036495787
吉林站,7923463054
吉林西站,2332314838
吉柯德东站,9076173187
吉水站,2314081741
吉水西站,2941775894
吉舒站,3290227424
吉舟站,8814335135
吉首东站,9544816610
吉首南站,5168561353
吉首站,1613271746
吉鲁庆线路所,9111251374
同仁站,11113383138
同兴站,4615408975
同家梁站,9282598400
同心站,840034002
同忻站,9287647752
同江北站,9129186219
同江站,3038816725
同田湾站,7245028945
名山站,7715301467
后吕村站,4708350145
后坪站,5496983804
后寨站,1577895019
后寮站,7781469268
后封台站,8411537995
后岭线路所,7237754197
后沟屯站,9131669868
后河站,11716384856
后港站,7740322580
后湖站,9317600736
后溪街站,5488773090
后章村站,6402626384
后营站,3972681068
后长川站,6223194456
后马庄站,8081330370
吐列毛杜站,1720394581
吐哈站,3688882534
吐尔洪站,7365879198
吐鲁番 تۇرپان站,3590285440
吐鲁番北 شىمالىي تۇرپان站,2987139656
向东线路所,6210095858
向塘站,1575144251
向塘西站,2279169019
向莆线路所,6210111448
向阳山站,9131675318
向阳川站,2330634150
向阳店站,4066466687
向阳桥站,582408458
向阳站,8493444662
向阳站,9497085064
向阳镇站,3085853060
向韶站,4982401686
吕四港南站,10863420044
吕四港站,13665364285
吕四站,7723050270
吕城站,2666710929
吕家沟站,8387450533
吕店站,5488696648
吕梁北站,4037619746
吕梁站,4948920661
吕河站,3020201803
吕渠河站,2758349366
君山站,7740286537
含山南站,9242148035
含山站,11332813138
启东站,7723050258
启东西站,11327619621
吴中站,12612402421
吴四圪堵站,9022798756
吴圩机场站,10241499928
吴圩站,7692210515
吴场站,1588584188
吴城站,8158566855
吴城镇站,4074608700
吴堡站,3508395507
吴官田站,1759329327
吴家塘站,8818386823
吴家山站,4109184657
吴家山线路所,12185527272
吴家山线路所,7199506233
吴家川站,1782991881
吴家窑站,9118892086
吴川站,8513056250
吴忠站,5649169436
吴村站,8429540365
吴桥站,8410521685
吴江站,12612402418
吴泾调车场站,5263921177
吴集站,8506610676
吹塘站,8856047981
告成站,8163363242
周口东站,9350376210
周口店站,13887517191
周口站,9023014147
周口西站,12147944156
周士庄站,3954505582
周宁站,7935693257
周宅子站,8442827811
周家坳站,8327328026
周家寨站,5168561349
周家庄线路所,9303518324
周家村站,3652362063
周家梁线路所,11771814184
周家沟站,8670894833
周家湾站,1557387243
周家站,2333085953
周曲家站,3686468744
周村东站,581375688
周村站,581386965
周水子站,1659133908
周泾巷站,8453216527
周铁岗站,5488627422
呼仍努如站,13406991165
呼伦河站,12404403785
呼兰北站,12750056578
呼兰站,2168572656
呼和哈达站,9121569869
呼和德尔斯站,4516499677
呼和浩特东站,1670013561
呼和浩特南站,9509616900
呼和浩特站,843121428
呼和温都尔站,5233988680
呼和芒哈站,9111251400
呼图壁站,7372047603
呼家塔站,1606443960
呼家村线路所,11343471007
呼斯图站,9121997531
呼鲁斯太站,9299765144
和乐站,3923176483
和什托洛盖 قوستولعاي ᠬᠣᠣᠰᠲᠣᠯᠣᠭᠠᠢ站,7368677848
和南村线路所,9171411658
和吉镇线路所,7747187775
和平北站,12741513019
和平站,2274076590
和平线路所,9787713625
和庵浜线路所,13125176527
和日木站,9121569874
和村站,2328405919
和田 خوتەن站,9085688393
和田东 شەرقىي خوتەن站,9260662619
和硕站,7365692468
和静站,5009777021
和顺县站,7747896002
和顺站,2451635621
和龙站,7572569683
咸丰站,4940608663
咸味井站,7473471986
咸塘站,4246064710
咸宁东站,7733587986
咸宁北站,8396912405
咸宁南站,7733587985
咸宁站,8308266738
咸水河站,9166915287
咸水沽站,9274358841
咸水站,8154570908
咸阳北站,7967048506
咸阳站,1532510499
咸阳西站,2726644052
品甸站,8321133430
哈业胡同站,840299579
哈业脑包站,4072805996
哈克托让格站,11524780803
哈克站,1723657613
哈力图站,1252233940
哈密 قۇمۇل站,7276635778
哈密东站,7473462472
哈密南站,7369008128
哈密南线路所,7369008127
哈密路站,4676361120
哈尔巴岭站,7160979269
哈尔滨东站,678564923
哈尔滨北站,3701366547
哈尔滨南站,7927375383
哈尔滨站,334358067
哈尔滨西站,2155516551
哈尔盖站,1602495967
哈尼乎热站,9069903406
哈拉敖包站,8999125809
哈拉海站,1273440529
哈拉苏站,1595854614
哈日努拉站,1720394438
哈日根台站,9121997529
哈朱尚德站,4516499678
哈福站,2327447488
哈西线路所,9131669860
哈西线路所,9695171721
哈贝日格站,4072951333
哈达汗站,9295305375
哈达湾站,6542797320
哈达站,1552037408
哈达铺站,13058397777
哈达阳站,1252233954
响水县站,4050159916
响水塘站,9292699675
响沙湾站,3045649824
哲桥站,582408142
哲里木站,9123967440
唐之洼站,8390212289
唐公塔站,9081732756
唐南集站,8454361467
唐县站,11297643257
唐县镇站,8547255905
唐口站,9242869558
唐古拉北站,360150835
唐古拉南站,6274058065
唐古拉站,7296275995
唐家堡站,3840310450
唐家村线路所,12753975990
唐家沱站,1681825138
唐家湾站,7710011716
唐家站,1655741336
唐尕昂站,11113693816
唐山东站,7897441935
唐山北站,7773645865
唐山南站,7781338012
唐山站,7783472725
唐山西站,6124511976
唐村线路所,11238346285
唐林岗站,8375631004
唐河站,2326869288
唐洞站,2409490149
唐洼站,4021619845
唐海南站,7783459220
唐王山站,9169258495
唐田站,8509731685
唯亭站,1709842763
商丘,1775221285
商丘东站,8478942598
商丘北站,8016226690
商丘南站,1775221284
商丘西线路所,7232690206
商南站,3561932072
商城站,2467424392
商水站,8491509462
商河北站,7164830501
商河站,12065911424
商洛北站,2940517365
商洛站,4593464427
商洛西站,10861970067
商都站,843276742
商酒务站,4976690857
商镇站,3122045551
喀什 قەشقەر‎站,4440740116
喀什北 شىمالىي قەشقەر站,7365811225
喀喇其站,1726229865
喀尔达坂站,7319353488
喀左站,9179735874
喀拉哲腊站,7365892500
喀拉玉尔滚站,7365718248
喀拉米兰站,8204071016
喀拉通克站,7365892526
喀木斯特站,7365879197
喀腊塑克站,7365892563
喀谷站,7365879208
喇嘛山站,1595854620
喇嘛甸站,9157555170
喜屯站,8293209401
喜德站,2092190129
喜德西站,8166750686
喜集水站,4254305665
喜鹊乐站,8364156350
喵山谷站,11901257634
喻家线路所,7199441360
嘉东站,9081737228
嘉兴东站,9660895495
嘉兴南站,14087531797
嘉兴南站,7160140842
嘉兴科技城站,14085402045
嘉兴站,8789087280
嘉兴站,9076173194
嘉北站,9097307500
嘉善北站,12609648091
嘉善南站,7160140843
嘉善火车站,13516002826
嘉善站,9660857768
嘉定新城东站,13711560830
嘉峪关IV场站,13932576824
嘉峪关南站,2987127367
嘉峪关站,273171648
嘉峰站,2971083433
嘉川站,8175912649
嘉明站,12247247570
嘉祥北站,9354508779
嘉祥站,808126207
嘉西站,9081737229
嘎什吐站,1720956478
嘎什甸子站,1720956465
嘎扎（预留）,11837753481
嘎拉德斯汰站,12307568124
噶恰站,7296275989
四会站,5652369262
四公里线路所,9287647723
四分滩站,9118904619
四台沟站,9282598414
四合永站,9506868287
四合站,1720956530
四团站,7161803592
四姑娘山站,11202356358
四季花海站,12383977214
四工农场站,7276779889
四平东站,2155516446
四平站,2340355361
四方台站,13506321530
四方台站,2344167674
四方台站,634878085
四方站,1608118434
四棵树 شىگىشور站,3943039213
四渡站,7252546319
四眼井站,9072960176
四矿站,13928568111
四老沟站,1596579472
四道柳站,9081732814
四道沙河站,10536269280
四道沟站,2336082820
四道湾站,2348136437
四里河线路所,11662943938
四马架站,9129925034
四马站,6715109146
回凤站,3914544154
回龙庵线路所,10598824067
回龙河线路所,9634947005
回龙站,8737578390
回龙镇站,4039373251
团山站,11147672001
团山站,1623929715
团山站,4162472432
团林站,9171411648
团林铺站,7202376846
团溪站,12725879767
团瓢庄站,3969960737
团结小区站,4676361137
团结村站,3500244573
团结站,1727803113
团风东站,11209622979
团风站,5488619687
园冲站,8739334513
园墩站,2340595348
园岱站,4498091591
园村站,10120263992
固原北站,12136399093
固原站,10120263954
固城站,8382763907
固始站,11334686620
固安东站,6819545357
固安站,2351141702
固川站,3026390663
固庄站,9750178886
固镇南站,11332278125
固镇站,2493727321
国华厂内站,12674175578
国道村线路所,9223366466
图们北站,6650863285
图们站,9171411667
图克木庙站,7473373521
图克站,3157943286
图呼木站,12744888104
图强站,1252171115
图影站,11753220644
图拉尔根站,7369154344
图木舒克南站,9072960165
图木舒克站,6332834576
图里河站,1552037416
圃田站,8017754343
圃田西站,6970221147
土们岭站,2375124727
土地堂东站,5952244473
土坎站,1681825153
土型站,9223898607
土垭村线路所,13171639586
土城子站,9171411673
土堂站,4066204001
土塘站,12736790501
土塘站,13630150254
土庄站,9246201061
土木站,9509616897
土桥子站,1783909049
土溪站,4999085917
土牧尔台站,843202341
土贵乌拉站,1694262037
土门子站,2340595345
土龙川站,4128354315
圣佛站,3628532725
圣泉站,13979330390
圣浪站,2154670861
圣都火车站,13228555018
圩洋线路所,9218083772
圪塔坨线路所,10728510840
地州站,7935693233
地方站,2913735192
地窝铺站,7368621234
地阳坪站,8740991973
圳上站,4666461820
坂尾站,2662698093
坂田站,2313840301
均口站,7780322124
均安站,9676218792
坊塘铺站,3026390676
坊子站,8327589167
坎儿井站,7473462475
坎市站,9980091038
坑口站,8764449719
坑坑店站,8175982065
坑边站,8757937723
坝心站,478548316
坝梁站,2662698083
坞坭站,9513113918
坡圩站,8860156495
坡头站,8380049522
坡底下站,4223371569
坡底村站,1607295756
坡朝站,8856992320
坦途站,2343318815
坨台站,9166915288
坨里站,9265808493
坪上站,8448819908
坪南站,5655797147
坪头站,3026390662
坪子上站,9329260401
坪山东线路所,11559160358
坪田站,7740286542
坪石站,1687160578
坳上站,7167634588
垫江站,3500369575
垭口站,1558445028
埃岱站,2092189923
埌南站,8859150439
城北路站,13711560861
城厢站,8111810331
城口站,11233257572
城口站,7236103634
城固北站,3826011096
城固站,1555369805
城子坦东站,7934242277
城子坦站,7934242278
城西站,4730443125
城郊站,9226690981
城门站,7236103633
城阳站,5582581360
城际联线路所,9610012930
埔上站,2974091103
埔前站,8417536172
基太站,5864598409
堂邑站,8444275806
堅尼地道 Kennedy Road站,526904599
堡东沟（预留）,13043317977
堡则站,9287647718
堡子湾站,8384182960
堡集站,8244169117
塔什店站,5009778444
塔什萨依站,8204071010
塔儿坪站,4039376320
塔前站,1675718467
塔哈站,1728086228
塔城 شاۋەشەك站,7368810563
塔塔尔站,5013115940
塔尔丁站,7319313627
塔尔根站,9129186259
塔尔气站,2476481452
塔尔站,7368822656
塔山站,1657245438
塔山站,9287647751
塔崖驿站,1984411005
塔布都格站,9072960137
塔拉哈尔站,7473373515
塔拉站,9069903385
塔拉肖尔站,7365783604
塔木切站,12212964525
塔林高勒站,9069903392
塔桥站,1768168795
塔河站,9126260246
塔湾站,10917569595
塔源站,9129186261
塔然高勒站,9081737221
塔石咀站,1758381733
塔铺站,8491327933
塔门站,7372291395
塔黄旗东站,3970079080
塔黄旗站,3970078048
塘厦线路所,12736790503
塘口南线路所,9192805747
塘口站,8269111606
塘头厦站,4637933741
塘子站,8364344567
塘岗站,7296275997
塘布站,10599205224
塘库站,7794861975
塘沽站,2349729514
塘渡口站,2423050560
塘缀站,9192805735
塘豹站,8741000147
塘雅站,3022141419
塘雅线路所,7704999794
塘霞俚街站,13588835322
塞北山站,7473462477
塞北管理区站,13042499818
墙子路站,4018879794
增城站,11222481080
增城西站,8939465341
墟沟北站,9223366455
墟沟站,9223366456
墨冲站,8307822362
墨台子站,9123967451
墨江站,6924642420
墨池坝站,8173041522
墨玉 قاراقاش站,7365811213
墨镫站,2380167846
墩义堂站,7199441365
墩吕克站,12211994996
墩墩山站,13521571025
墩美站,9196767917
壮志站,1731938360
壶关站,3645329641
壶天站,8742341996
壶镇站,8526666000
复兴站,9131669902
复州湾站,9166844976
复插线路所,10831357696
复盛站,3500370030
夏坝站,8190885462
夏官营客车线路所,9303518337
夏官营站,1782660376
夏官营货车线路所,9303518336
夏家桥站,7418522137
夏家站,9131669859
夏店站,8392534046
夏拉哈马站,9117619569
夏普吐勒站,9524436496
夏格庄站,7721237366
夏河站,11113561094
夏玛勒巴格站,7368477861
夏畈站,3182599976
夏石站,1577103546
夏茂站,2501360812
夏邑县站,13629141471
夏里站,9900984437
夏集站,8158566846
外力哈达站,3688803422
外垟站,7702364108
外洋站,4498461027
外西沟站,9081732764
外跨塘站,8453216529
多伦站,9072960161
多吉站,11850354146
多头山站,7369008115
多尔本毛道站,4981006727
多来提巴格站,7365784930
大东站,9174163151
大东章站,9242869557
大丰南站,13721670670
大丰港站,12923458079
大丰站,8480158185
大丰西站,8524348465
大乌斯站,12404403781
大乌苏站,9129186260
大二环1号线路所,9160197899
大二环2号所站,9160197895
大云站,2483450131
大亚湾站,8073204173
大仓站,8342141482
大仲村站,3885769230
大余太站,4072824047
大余站,2531799715
大佛寺站,3462876043
大保当站,3156134249
大元站,1535265373
大光山站,2903598918
大关冲站,8310282887
大关站,1964179110
大兴机场站,6817368517
大兴沟站,1590460699
大兴站,1267537893
大兴站,9123967456
大兴镇站,2327447486
大冶北站,3097125157
大冶站,3305863719
大凹子站,13509452388
大刘庄站,8378245803
大刘站,8158566854
大力寺线路所,11711016398
大包郢线路所,9229648679
大协站,8429754319
大南湖站,7369008125
大厂县站,8410936838
大厂站,10293210794
大口屯站,810112410
大口钦站,2332314834
大古城站,9182286769
大同东站,1597596175
大同南站,9287647750
大同县站,4615408263
大同站,620760655
大名站,7167637462
大咀子站,3944215258
大土站,3060545266
大坑口站,8319382855
大坝站,9118904844
大坡村站,8859320874
大坡站,8738626027
大垌站,2855588660
大城子站,4018879793
大埔站,1620224250
大埠站,11209622978
大堡站,2662698287
大堡镇站,4014483946
大塔北站,4071018844
大塔站,4545840845
大塘埠站,3182700049
大塘站,7692331706
大墅站,11328549616
大夫庄线路所,12957861684
大头羊站,5010533066
大孙台站,9507383342
大季家北站,5075522354
大孤山站,9166853509
大安北站,1273440575
大安站,7873323376
大安西站,9171411686
大宗坪站,7160251670
大官塘站,8846820770
大官屯站,2662698295
大官庄线路所,11297399795
大家洼站,7837226369
大寨坝（预留）,12723634023
大寨岭站,3640208179
大屯电厂站,9223366417
大屯站,8436995007
大山头站,3644642693
大山站,8856985994
大山铺站,9334658580
大岗站,2995662947
大岭站,3907776774
大岭铺站,2975808868
大峡站,3957937644
大平房站,2336082776
大平站,12519624557
大平站,8163363245
大平站,8390968778
大庄子站,9265488873
大庄矿站,8163363260
大庄站,8163363266
大庆东站,3701360573
大庆岭线路所,5980498114
大庆站,1731938259
大庆西站,1731938313
大庙屯线路所,9070877717
大庙站,8406233615
大弯镇站,3931849639
大强矿站,9169253623
大德站,1758381608
大成站,677180563
大战场站,840034046
大托铺站,4574238637
大扬气站,1252233951
大拐弯站,1234841199
大拟站,2661130699
大新站,3699706763
大方南站,5040321633
大方站,3740915229
大旧庄站,1758381614
大旺站,6169134982
大昆仑站,8462998257
大明湖站,6211223929
大朗站,7826309937
大朗镇站,6289527666
大木头沟站,9121997541
大朴屯站,10973711949
大村甸站,8154570891
大村站,9165204575
大杖子站,2336082782
大杨树东站,6308727638
大杨树站,9129186263
大松树站,8364130833
大板东站,5382207646
大板北站,9122624798
大板站,9119790820
大林站,2340355346
大柳塔站,3685511919
大柴旦站,5010529588
大树村站,9846723809
大树湾站,4071020922
大树里站,9076173201
大格达站,9118892090
大桥站,9178116410
大梨树站,9176129489
大榄坪站,9189836465
大榆树站,9507383341
大槐站,9192805738
大步站,9524436505
大武口站,2757766467
大毕庄站,8259080342
大民屯站,2343318805
大水乘降所,13077904458
大水坑站,4071848322
大水沟站,9334658563
大江口站,8727610639
大汶口站,8455171504
大沁他拉站,9122624808
大沙坪站,8093002740
大沙田站,8739286262
大沙站,5652369315
大河口站,5348593339
大河坝站,3191192381
大河沿 داخىيەن站,2987140437
大河站,8455171501
大沽河线路所,8248422523
大泉南站,7276635775
大泉源站,8840528309
大泉站,1601166962
大洋洲站,2314081729
大洋站,9302014473
大洲站,7235375608
大洼站,9167905922
大浦街站,8327327837
大海则站,9292699669
大涧站,1984410962
大深站,1529879341
大渔溪站,9899713909
大渡口站,8162951990
大港东线路所,12066326544
大港南站,8169623407
大湖站,8406285271
大湾站,8320403905
大源村站,4498335987
大源站,12712336080
大溪河站,8154580318
大溶江北站,8158566836
大溶江站,7828484846
大满庄站,8455171494
大滩站,1532826988
大漠刘线路所,5615208046
大灰厂站,7798816471
大灶火站,7319313631
大牛地站,4035963398
大牛店站,8375528419
大王庄线路所,8436980649
大王滩站,7692210516
大理东站,553661156
大理洱海站,553073225
大理站,2215381943
大理西站,8341134977
大田北站,7781469275
大田坝站,9329260399
大田站,7707072348
大田边站,520979589
大甸站,9179735863
大盘石站,9512571942
大目埕站,7252546295
大石东站,12712336085
大石头南站,4038068157
大石头站,1590460695
大石家站,12953900745
大石寨站,1730851514
大石庄站,3824598535
大石桥站,2349495346
大石河站,9269060401
大碑站,7935693236
大碑线路所,13694090898
大碶站,7687024679
大磴沟站,9299765145
大福站,7199531262
大禾山站,4498092789
大程站,2956832938
大窑湾港站,9166853511
大窝铺站,13437568762
大端河站,8154580325
大竹卡站,2894977575
大竹园站,2325983508
大箕铺站,3182617644
大箬站,7252546296
大红城站,9081732762
大红旗站,2662698297
大红门站,6817579579
大绥河站,13202304912
大罕站,2662698296
大良站,10029194513
大花岭南站,9312908622
大花岭站,11273525106
大花岭站,8337379787
大英东站,3196466450
大英站,2375898322
大苴站,9186758543
大茅站,7740263592
大荒地线路所,9179735868
大荔北站,1607295743
大荔站,2876179002
大莫站,8857186898
大营站,1984410963
大营镇站,2351141701
大葛村站,8419766775
大虎山站,2340355345
大西海子站,12211994987
大观站,12091508862
大许南站,8402779618
大许家站,8406251199
大豫站,12712850243
大足南站,9334658570
大足石刻站,11335770721
大足站,8190026294
大路底站,8856697787
大路站,3840225700
大路西站,9111251380
大路辛庄线路所,7804551917
大路铺站,5133616502
大辛庄站,4079506642
大连东站,8756066323
大连北站,8083924038
大连湾站,8756066324
大连站,7913022526
大连西站,1659133902
大通县站,2987111333
大通站,8154633304
大通站,9226664096
大通西站,2987111334
大道站,9186758536
大邑站,4585422027
大郑庄线路所,5615208045
大郑站,12627525336
大长屯站,9171411669
大阳岔站,1575631449
大阳站,9174163134
大陆号站,843276724
大陆站,14156675338
大陆站,9129186221
大降坪站,9193526290
大院东站,5169885590
大隆站,12519624549
大雁站,9160197911
大雅河站,4250072741
大集站,10973711953
大青沟站,6536662718
大青站,9169253669
大青阳口站,9524455330
大风站,4999697869
大饭铺站,3153985459
大马站,7692389330
大骡子沟站,4020938879
大黑山站,9176129488
大龙哈站,8360151916
大龙场站,9329260398
大龙村站,5168561345
大龙站,8310509738
天业站,9524436494
天义站,1722042123
天仙站,12247246812
天全站,9899713908
天台山站,8786286703
天台站,3191203571
天回镇站,3931850871
天堂寨站,7199441366
天堂站,8440342287
天宝站,8440244101
天山站,7372253800
天岗站,2408994545
天峻站,3306292897
天平店站,8456941082
天府机场站,10931476414
天府站,10598617809
天成站,9081732784
天成站,9747042332
天文站,12723576516
天柱山站,9242148051
天桥岭站,2333212320
天桥沟站,9174163139
天桥站,7527334064
天桥站,9123967457
天桥镇站,3956195237
天水南站,3682237011
天水站,770448206
天河东站,12736762600
天河机场站,9317600734
天河潭站,3740822572
天河站,8100253873
天河街站,3377717641
天津北站,270203072
天津南站,10589687035
天津散货物流中心站,10142334038
天津机场站,12405137683
天津站,273088049
天津西站,4126740846
天津西线路所,9225604062
天涯海角站,7140606345
天涯站,12747906903
天涯线路所,12747906902
天生桥站,8364353363
天碱车场站,10142331909
天祝站,840181646
天祝西站,10941424948
天空之镜站,5823223403
天草站,7473471990
天西站,1577103536
天镇站,1597596254
天长站,12355777369
天门东站,3738701063
天门北站,2381028366
天门南站,3053765017
天门站,9933676260
天鹅湖站,7473373512
天鹅湖西站,7473325535
天齐庙站,9223898614
天龙站,8317319473
太仆寺旗站,13042499815
太仓南站,9218083767
太仓港站,4714975256
太仓站,7434948409
太公站,3500351612
太原东站,1668497965
太原北站,843479829
太原南站,1880719610
太原站,273217367
太原西站,8205661855
太和东站,7013047628
太和北站,5237940872
太和站,1588514509
太善村线路所,7804551918
太姥山站,7714110145
太子城站,6405832271
太山线路所,5176169325
太峪站,3003934516
太师庄站,3915694961
太平山站,12519624556
太平岭站,9178116411
太平川站,1267537503
太平桥站,8948967845
太平站,2913752530
太平站,8341181634
太平里站,7167634587
太平镇站,9129925033
太本庙站,9121997530
太湖南站,8498511451
太湖站,1642992168
太湖路站,11753220639
太白站,8308146686
太石站,11134133679
太要站,2940237261
太谷东站,8208342114
太谷站,5157238246
太谷西站,3012075980
太阳升站,6356074761
太阳坪站,8740869243
太阳山站,4071848331
太阳村站,8858769590
太阳沟站,1252233977
央塔克站,7319353490
头坝河站,3840279226
头堡 سۇمقاغا站,9524436507
头屯河站,7368932421
头道桥站,9118904618
头道水站,9182286759
头道河线路所,7364331421
头门港站,10559351227
夹心子站,1659252257
夹江站,1588514418
夹沟站,8454361464
夹河寨站,9223324912
夹浦站,7353784884
奇峰塔站,1984410994
奇梁洞（暂未开放）,12500846358
奈曼站,844682153
奈林皋站,4507841540
奉化站,7714110160
奉节站,5575694417
奉贤站,13124881859
奎屯东站,7371981476
奎屯北站,7368677859
奎屯河站,7368677861
奎屯站,7368652199
奎屯西站,5008643698
奎山站,9137873816
奔中（预留）,11835182658
奔牛站,6199049698
奢岭站,9174163160
女儿河站,1657245414
好鲁库站,843276744
如东站,4503716497
如皋南站,7561195837
如皋站,1665500371
如皋西（在建）,11327619627
妙西站,7342323557
妙西镇线路所,10012908158
妥如站,7296275986
妥楼岭站,7781481487
始兴站,2531823889
姑家堡站,1597596197
姚千户屯站,9176129509
姚哥庄站,6205775154
姚堡站,9171411690
姚孟站,8095297279
姚安站,1758381768
姚家洲站,2849708344
姚家港站,9307694648
姚家窝堡线路所,9179735876
姚家站,8436995001
姚庄站,13516002824
姚庄线路所,12147993634
姚李庙站,8506889392
姚村站,8429540384
姚桥矿站,9223366418
姚楼站,9226690979
姚渡站,3500351613
姜堰站,7709478565
姜家坡站,8449145145
姜家湾站,9282598407
姜家窝铺线路所,9760836235
姜家站,9137873794
姜家线路所,7202546583
姜庄站,4068182366
姜庄站,8158566861
姜戈庄线路所,8500071999
威信站,7635531004
威宁站,2349633677
威岭站,7901797430
威海,1565198993
威海北站,4253918671
威海南海站,12637924812
威海南站,5530871859
威箐站,8320666176
威舍站,520978380
威虎岭北站,4038110655
威虎岭站,1590470996
威远站,10931476417
娄家店站,9169253677
娄山关南站,3695336868
娄山关站,6170790719
娄山站,8081928887
娄底东站,8725186467
娄底南站,2953769618
娄底站,1571743515
娄底西站,8733277350
娄烦站,4067966875
娘娘庙站,1783909028
娘子关站,1668749965
婺源北线路所,7194660190
婺源站,2517241085
嫘祖站,11953008789
嫩江北站,9129186275
嫩江站,1252233963
子洲站,3122180958
子长站,1606444071
子陵线路所,13482088883
孔垄站,1642883465
孔家庄站,4682791391
孔寨线路所,9262515451
孔庄矿站,9223366423
孔庄站,9513113919
孔滩站,5669251660
孔良站,8859086365
存车场站,7457814028
孙吴北站,9129186246
孙吴站,9129186247
孙家埠站,7272083193
孙家寨站,7319112431
孙家庄站,3949965028
孙家沟线路所,9179735873
孙家站,717572642
孙岗站,9242869571
孙常站,4075255927
孙桥站,7202547230
孙滨线路所,9752849629
孙疃站,9226690934
孙郢线路所,12590300262
孙镇站,1607295762
孝义站,9246201044
孝儿站,8187157369
孝北堡站,3697044160
孝南站,2328374340
孝子店站,9312908630
孝感东站,3377737086
孝感北站,9263921398
孝感南站,13227238994
孝感站,8014005486
孝泉站,9327370178
孝西站,2328374341
孟关站,3740822485
孟塬站,787700715
孟孔站,5702663297
孟家壕站,3156146806
孟家岗站,2329802061
孟家湾站,8481094419
孟家湾站,9292699667
孟庄站,3717120379
孟庙站,8013004349
孟村站,3949949969
孟根站,11992244233
孟楼站,9242869553
孟津站,1577895095
孟门站,4066597470
孤家子站,2349656758
孤山口站,1984410970
孤山子站,1720956479
孤山川站,3156029334
孤山站,1597350729
孤店子站,2332707894
孤榆树站,12519624550
学庄站,5684911277
宁东北站,3589651634
宁东南站,4071295750
宁东站,8039455367
宁中站,7296234981
宁乡站,1613124735
宁乡西站,9521843730
宁化站,7780322120
宁县南站,3004843849
宁县站,8315153997
宁国南站,11222071214
宁城站,9179735870
宁安站,4373913761
宁家站,1730851559
宁强南站,3946003276
宁强站,2372114887
宁德北站,7377472995
宁德站,5614557340
宁明东站,11278671526
宁明站,1577103520
宁村站,1535265377
宁条梁站,4040060191
宁武站,843479827
宁武西站,3699706417
宁波东站,7686886385
宁波北站,7687112631
宁波站,7714110161
宁洱站,5242767722
宁海站,7714110159
宁艾站,8383075510
宁都站,4019707140
宁阳东,8429529323
宁阳东站,12501009358
宁陵县站,1775221283
宅科站,7128808607
宇宙地站,843276700
安乐站,9630961323
安亭北站,824530194
安亭北线路所,7169087736
安亭站,8453216531
安亭西站,7448000468
安仁站,3360858459
安化站,8669791118
安化镇站,11134136671
安北站,9524436515
安匠站,4507816735
安口南站,3640219996
安口窑站,2369200350
安口站,5655200309
安吉站,9242148032
安国站,3915737872
安国镇站,9738697403
安图站,1590460668
安图西站,4038062746
安塘站,1698277407
安多南站,6268255753
安多站,7296275993
安太堡站,9287647747
安子沟站,2758338403
安家岭站,9287647748
安家庄站,9265808486
安家楼站,9123967444
安家湾站,8014378764
安家站,2333085936
安富镇站,8189955806
安居站,3644667948
安山站,7740215256
安岳站,11745723800
安州站,10574674380
安平站,2662698018
安广站,2662698013
安庄线路所,10650882520
安庆北站,5211777601
安庆沟站,1720956432
安庆站,7882515905
安庆西站,5968244721
安庙站,8163363239
安康东站,3024721311
安康东线路所,9290601100
安康站,1575728431
安康西站,10855657242
安德站,7951474432
安恕站,2382136965
安棚站,8485980103
安次站,9457049792
安民站,9174163153
安江东站,7263485693
安江站,1776176405
安泽站,4074623469
安洛站,8166750317
安济站,7252546305
安溪东站,7781469267
安福寺站,8568516735
安福站,2502946151
安边镇站,1948759715
安达站,2662698010
安邑站,4076149831
安阳东站,8397056467
安阳城站,9320122087
安阳站,6727504065
安阳西站,4074915621
安陆站,1589666687
安陆西站,8535913689
安靖站,8059008256
安顺站,1565858517
安顺西站,2874016753
安龙站,5112419144
宋城路站,6708802185
宋埠站,7202574478
宋家峪站,3628286392
宋家庄站,8375166978
宋家铺站,9329260408
宋寨站,679339572
宋庄站,9226690917
宋新庄站,9118904956
宋站,8664177567
宋阁站,8491493156
完县站,7601595322
完工站,9160197908
宏伟站,14072867291
宏克力站,5697139275
宏庆站,2373342119
官亭站,2888472267
官亭站,6672562646
官厅站,9265808481
官厅西站,9265808482
官台站,8244544750
官地站,13882570039
官地营站,9111251381
官坝站,8737559838
官塘站,7740243084
官塘驿站,8334871482
官墩站,4498350071
官家山站,4528385605
官家站,1662255988
官庄站,5570066662
官桥北站,8901184328
官桥站,8455171508
官渡站,4054362233
官渡镇站,7740215247
官港站,8289124494
官牛犋站,8194588317
官田线路所,11597741589
官窑站,3677116665
官道站,12626083718
官马站,13447717046
官高站,3822196746
定兴站,3968220233
定南南站,8761012355
定南站,3182773625
定家沟线路所,9740672318
定州东站,3915753122
定州东站,8401357513
定州站,7890361040
定州西站,3628302022
定府辛庄线路所,9883843882
定江线路所,8363016569
定襄北站,11297681772
定襄站,4520679371
定西北站,7276282771
定西站,3840316912
定边站,1948759714
定远东站,11332232841
定远站,7104703253
定陶站,8419766780
宜丰南站,6322602589
宜兴北站,8524923315
宜兴埠线路所,9276824799
宜兴站,7260208795
宜君站,11124350882
宜城南站,2381093541
宜城站,10669812179
宜安站,3628286371
宜宾东站,10246926860
宜宾北站,8182280909
宜宾南站,8182272020
宜宾港站,12813381921
宜宾站,9878566698
宜宾西站,9334658566
宜川站,7740376258
宜州站,7775792086
宜昌东站,539460541
宜昌东线路所,7199534437
宜昌北站,13431715511
宜昌南站,3486462974
宜昌站,506077822
宜昌西线路所,7199534435
宜春站,2453762119
宜春西站,3316847894
宜沟站,8360877024
宜耐站,8334187500
宜良北站,1569661883
宜都站,13267095684
宜阳站,2667149103
宝东站,9137873800
宝丰厂前站,9118904879
宝丰物流园站,9118904878
宝丰站,8018461286
宝丰站,9312908617
宝丰线路所,9312908618
宝兴站,9182286763
宝力格站,9069903408
宝华山站,8283601960
宝坻北站,1582348722
宝坻南站,10604527790
宝坻站,6124512542
宝山站,13506321554
宝山站,9176129490
宝峰站,8730877394
宝幢站,7687024678
宝应站,8517786933
宝拉格站,2662698102
宝日呼吉尔线路所,9120538846
宝日格站,9069903384
宝日温都尔站,9069903368
宝木吐站,2662698106
宝林站,2662698104
宝泉岭站,2662698107
宝清站,5344371130
宝矿交接站,11777560848
宝秀站,13077904440
宝老山站,2662698103
宝莲寺站,3256496082
宝钱公路站,13974578807
宝镜站,9164484581
宝鸡东站,2989027227
宝鸡南站,7276282773
宝鸡站,7728028162
宝龙山站,9500070312
审坡站,3949950053
宣化北站,4759822025
宣化站,843052503
宣和站,840033594
宣城站,6240058953
宣威站,1569253486
宣汉南站,11233257578
宣汉站,1586077503
家竹箐站,13328263533
容县南站,11645146215
容县站,4858076963
容桂站,1669426966
宽甸站,1592559566
宾安站,5697139256
宾州站,5697139255
宾西东站,5697139239
宾西北站,5697139240
宾西站,9131669870
宾阳站,4804713181
宿州东站,7733885003
宿州南站,8454361465
宿州站,8449407604
宿州西站,11332278119
宿松东站,8498528070
宿松站,1642883476
宿迁站,8223644856
密云北站,7805109679
密云站,6717674851
密云路线路所,9225604061
密地站,5232371905
密山站,9137873806
密山西站,9137873805
密江站,9131669903
密江站,9171411664
密马龙站,1758381694
寇庄站,4589602573
富兴线路所,8879413160
富力站,14156675339
富县东站,2958549715
富县北站,11124438533
富县站,2958549714
富埇站,8859164011
富宁站,4039923101
富安站,1665822771
富家桥站,8742862746
富岭站,8835788899
富川站,5072511977
富平南站,12513878220
富平站,2758430367
富庄子站,8431451888
富庶岭站,4666461819
富强堡站,3840243133
富强站,13508852373
富拉尔基站,1595925150
富文站,8814335320
富民站,8846877292
富海站,6339908047
富源北站,3328330803
富源站,2323529356
富用站,8856369199
富蕴站,7365892527
富裕站,1727803016
富锦园区站,10285479238
富锦站,9129925025
富阳站,5907956116
富阳西站,12693325019
富顺站,9059413685
富龙山站,13505681744
寒亭站,7128808609
寒岭站,2349438715
寒王站,2380085341
寒葱沟站,2075745777
察尔汗站,2662698175
察汗诺站,4472531698
察素齐站,1709764696
寨口站,9265808488
寨西店站,8382763909
寨隆站,8856779635
寮步站,6289527611
寸滩线路所,11357632957
对亭站,8154580329
对青山站,9137873796
寺后线路所,8395771970
寺坡站,8093975747
寺沟站,3653614729
寻甸东站,10649058856
寻甸站,8364361958
寿光东站,12066013376
寿光北站,5517787951
寿光站,6758716668
寿光西站,6758716662
寿县站,4592125064
寿安站,10598598288
寿昌站,7816787315
寿阳站,2318026357
封丘站,2371670079
封浜站,3024250988
射阳站,7856211589
将乐站,2501355015
将军堡线路所,9176129501
将军川站,8407343074
将军庙东站,7368618934
将军庙站,6308157535
将口站,7252546314
尉犁站,7319330883
小东站,1655741338
小中甸站,10599205245
小乐屯线路所,9178344028
小井村1#线路所,8345100410
小井村2#线路所,8345100411
小保当站,9292699638
小儿坪站,8323475049
小关溪站,8323680333
小兴安站,12516715158
小北山线路所,8436940999
小南垭站,9334658559
小南川站,7296170208
小南海站,1587088565
小合隆站,1273438120
小哨站,2001913825
小商桥站,8378245801
小团山线路所,7160218225
小坝站,9118892103
小堡站,9174163137
小塘站,9193526307
小塘西站,9193526306
小处站,7702364121
小姑家站,9178116413
小宋站,3645328094
小宛站,7276779891
小寨坝站,8310107343
小寨站,3024657029
小寺沟站,2336082833
小尖山东站,12404403777
小尖山站,7319313625
小尚站,8184227423
小屯站,2349438762
小屯街站,4976690855
小山站,2156363609
小岭站,333760355
小市站,2349633693
小布盖齐站,9072960169
小平房站,2336082829
小平阳站,8154580336
小康庄站,8015997054
小康站,9169253665
小得江站,2324108332
小房身站,7679262640
小扬气站,1725778036
小攀枝花站,8503926531
小新街站,1759329328
小景站,4076457023
小月旧站,9186758546
小李庄站,8378245798
小村站,1758381742
小林站,5895931044
小柴旦站,4366580973
小柴旦站,5010533065
小桥站,7315534542
小梁庄站,8278853416
小榄站,7710011721
小榆树站,1727803138
小水峪站,2920243795
小江站,3182773627
小池口站,8417536128
小池站,8509054227
小池镇站,2838826705
小河头站,9287647740
小河沿站,2348136438
小河港站,12428681648
小河镇站,1585549999
小清河线路所,12588882676
小清河西站,8244544702
小湖站,7781469276
小湖集站,9226690947
小湾东站,8342287688
小溪坝站,5130311992
小溪塔站,7202320835
小溪河站,8454361471
小灶火站,7319313630
小烟墩站,8568508323
小白站,2154670877
小石家庄站,4068178340
小碧线路所,9414290758
小站南线路所,13041515212
小站线路所,9280035518
小箐站,8364119777
小红井站,7473462484
小红山站,9118892092
小红门站,9265808487
小纪汗北站,9292699668
小纪汗站,9295305376
小绍站,7935693225
小舟站,8833940923
小花果站,8597721377
小草湖站,9524436504
小草湖西站,7276635780
小营站,8069175976
小葆台线路所,4708374241
小董站,2661130711
小董西站,7692331707
小蒜沟站,4692536680
小西堡线路所,9336181482
小西庄站,1984411015
小观岭线路所,12430842415
小觉站,2351995607
小许家线路所,12915898019
小路溪站,1758381746
小车乡站,9262515449
小里站,11297643246
小金口站,9196767920
小雨谷站,2324108333
小青站,12519624547
小马站,9320122094
小高站,1558445020
小鱼沱站,11945267393
小黄山站,6308158130
小龙门站,8728079137
尔赛河站,2092189947
尕斯湖站,12404403783
尖坡线路所,12368892358
尖子山线路所,13171639546
尖山站,13505962533
尖山站,9204348259
尖峰北站,12747885399
尖峰站,3926611494
尚仁里站,8742913289
尚家站,9137873793
尚庄站,8175765364
尚志南站,4684549549
尚志站,333757159
尚武站,8175886886
尤尔敦东站,7369154306
尤尔敦站,7369154305
尤溪站,2501327340
尧化门站,8283601959
尹地站,8334886055
尹洼站,9242869570
尼勒克站,7368822657
尼日站,4518496301
尼木站,2894963051
尼波站,2092190048
尾亚站,9524436512
尾芽站,8320759765
居庸关站,7843554046
居延海站,7473325534
居都谷站,10599205319
屈原岗站,8485210273
屏南站,7935693261
屏山站,5507309248
屏边站,3438638221
履坦站,7702364129
屯升站,9524455323
屯里站,3677188104
山丹北站,12739507004
山丹湖站,9524436495
山丹站,1650149193
山丹马场站,3688836605
山南站,11944888810
山南站,4022925840
山南站,9087403304
山南站,9223366449
山口站,7369016949
山嘴子站,9131669901
山场屯站,2340355360
山坡东站,3700684521
山坡站,8337379795
山城镇站,2327511895
山头站,9246201041
山家林,8432585812
山岭子站,7828127977
山市站,1603990245
山庄站,14156675342
山底岭站,8689278108
山河屯站,2333085947
山河站,5581519431
山河镇站,9174163159
山海关站,7809638499
山湾子站,1720956511
山神庙站,9263223092
山腰站,3739156389
山钢站,12753978477
山阳站,10861970007
山阴南站,10297769455
山阴站,4471051508
岐山站,2820611675
岑川站,7740286559
岑村站,4742584040
岑溪东站,11645146216
岑溪北站,8859199265
岑溪站,5625820075
岔哈泉站,11524917652
岔江站,2324108331
岔河站,5033211505
岔滩站,8192996909
岗上线路所,7804463382
岗嘎站,7329138459
岗秀站,7296275988
岗美站,9192805746
岗茨站,12404403780
岚县站,4067931193
岚山港站,12753977166
岚山站,8454064913
岚山西站,9549447314
岚桥港站,12753977167
岚皋站,11233257569
岜仑站,8857216869
岞山站,8349669772
岢岚站,1698277412
岩会站,1668749979
岩前站,7272083215
岩寺站,7272083211
岩屋庙站,8568528381
岩山站,9126260268
岩峰站,7878280135
岩泊渡站,5047565016
岩脚站,9329260402
岩龙站,8293151033
岫岩站,4615517246
岭东站,13505962546
岭东站,14156675335
岭北站,9126260271
岭南站,2331935776
岭头站,7236072723
岭庄站,9274358847
岭西站,13505962535
岭顶站,13454424823
岱岳站,1697955555
岱庄站,9242869559
岱河站,3624925002
岳东村线路所,11328549615
岳口站,7202372382
岳家村线路所,11343471008
岳家桥线路所,12078092992
岳池站,5149515712
岳阳东站,581851038
岳阳北站,8312461954
岳阳南站,12855205050
岳阳站,8308266739
岷县站,3500351614
峙峪站,8386361771
峙滩站,1675935530
峡口站,9524436513
峡山站,6205624598
峡江站,2314081758
峡谷站,8728869855
峡阳站,4498403715
峤山站,9246201053
峦城站,11330540416
峨山站,7454666944
峨桥站,8509525977
峨眉山站,3740929616
峨眉站,1588514347
峨边南站,5230065211
峨边站,3328325346
峰洞站,7694882110
峰高铺站,8190017002
峻德站,14156675344
峻德站,9129186223
峻立站,14156675343
崇仁站,2449480731
崇信站,1783909006
崇州站,4585404860
崇左南站,7781698840
崇左站,1577103484
崇明站,11327619618
崇礼站,8930800105
崔家寨站,4022919459
崔家屯站,10120264003
崔家庙站,3949950019
崔家营子线路所,9179735877
崔寨站,9223366429
崔马庄站,7897441936
崔马庄线路所,6844121862
崔黄口站,2662698280
崖州湾站,12495157623
崖州站,3926611765
崖州西站,12747906901
崞阳镇站,8390453039
崮山站,8455171497
嵊州北站,9536779007
嵊州新昌站,8786263678
嵊州西站,11309231855
嵩店站,3003934515
嵩明站,3328336259
嵯岗站,2662698281
巍山站,8342139015
川井站,4072951363
川地托站,7473410514
川山坪站,8330381532
川水站,8727550314
巡场站,8184167803
巢北站,7197289096
巢湖东站,9242148036
巢湖站,2662698219
巢湖西站,8503473771
工业园站,9226690970
工人村站,13508852351
工农湖站,1732027867
工农站,12982669161
工厂站,9509322809
左云站,9282598411
左家站,1548856871
左岭站,3377805382
左权站,2380085355
巧克力学院站,12513805582
巨亭站,2324653272
巨各庄站,4018879789
巨宝站,1732027878
巨峰站,3259307096
巨野北站,9354508780
巨野站,808126461
巨鹿站,3949965979
巩义东站,3006178420
巩义南站,742604118
巩义站,2541047079
巫山站,5575694829
巴东站,5575694835
巴中东站,5166043347
巴中站,4357630358
巴中西站,11067492048
巴什考拱站,7319259962
巴伦台站,2662698086
巴关河站,5232376020
巴南站,10561477589
巴哥站,9524436500
巴图塔站,3685511916
巴图营站,8156943654
巴塘站,9900025731
巴山站,2662698113
巴彦托海站,11992239555
巴彦敖包站,9072960149
巴彦浩特站,12078170082
巴彦淖尔站,10913546181
巴彦淖站,9100062973
巴彦温多尔站,9072960146
巴彦站,9121997536
巴彦胡硕站,9069910626
巴彦郭勒站,9117619572
巴彦陶勒盖站,9117619566
巴彦高勒站,2662698116
巴彦高勒站,9111251406
巴拉素站,7769478550
巴日图站,9122624801
巴日图站,9125461476
巴朗山站,11202356357
巴林站,1595854597
巴楚 مارالبېشى站,9182286777
巴河线路所,9908908222
巴润别立站,12078133684
巴润哈岱站,3155747344
巴润海日汉站,13406991166
巴特站,7369008123
巴玉站,5503181180
巴羌站,7365811226
巴里巴盖站,6308214106
巴音杭盖站,4072951339
巴音花站,9072960168
巴音达拉站,7368677847
巷口桥站,1768168820
布列开站,583129128
布寨站,7740376247
布尔陶亥南站,9081737217
布尔陶亥站,4071079367
布强格站,7296275996
布拉克站,11524990503
布敦化站,1720394364
布海站,2348271082
布玛德站,6339822976
布苏里站,9126260257
师宗站,8334104641
带岭站,9137876526
常山港线路所,11245305445
常山站,6732058638
常州北站,9262932759
常州站,8453216523
常平东站,6165855572
常平南站,7101114420
常平站,4502133906
常庄站,9246201047
常德东站,7266092586
常德站,1613124729
常村站,10885904305
常村站,8398804169
常林站,9334658582
常熟站,4714979977
常熟西站,12604108462
常营站,9242869550
帽儿山站,1603990187
帽儿山西站,9160197904
帽峰山站,12387014249
干其毛德站,9069903393
干塘站,2340595334
干塘西线路所,11769031576
干沟站,1550539251
干溪沟站,1681825080
平东站,2327447493
平东线路所,9447862274
平义分站,3822196715
平乡站,3949977029
平关站,2323529386
平凉南站,1783909030
平凉站,10120263955
平南北站,11874046844
平南南站,4440864400
平南站,8382763912
平原东站,4039416860
平原堡站,9524455327
平原站,8437848569
平台站,1730851583
平吉站,8158566834
平圩电厂站,9229648681
平坊站,3956215997
平坝南站,3328318453
平坝站,12714048670
平坡站,9898800633
平型关站,1984410986
平塘站,8154580335
平安地站,9119773615
平安城站,8414125037
平安站,3889846793
平安驿站,3310590144
平定站,8383045233
平定营站,8318662232
平山站,10973711957
平山站,2337943710
平山站,3628286797
平岗站,2327447494
平峪站,3404875131
平川西站,7609920784
平川路站,4676485645
平庄北站,1720956500
平庄南站,1722042122
平庄站,9179735869
平度北站,7128808611
平度站,5485698345
平度西站,3315761473
平房站,2333085945
平旺站,9282598403
平昌站,4899865064
平望站,12612402407
平松站,8398724672
平林村站,8293151044
平林站,8544413856
平果站,2666736648
平桥站,2264465496
平江站,7740243082
平江线路所,7237842125
平河口站,1759329323
平泉北站,4507808013
平泉站,2336082805
平洋站,2343318811
平湖南站,7703982669
平湖站,13124881865
平湖站,4637945401
平潭站,9207275763
平琴站,8856409727
平田站,2323529390
平社站,3671675731
平竂站,8856267032
平等站,1586701907
平罗站,840179022
平舒站,9287647717
平菁线路所,13123179919
平谷站,3824581961
平遥古城站,3012070515
平遥站,2372888814
平邑站,9242869600
平阳站,7714110147
平陆站,7740322560
平陌站,8163363244
平陵城站,7532871900
平顶堡站,8434476652
平顶山东站,8041771714
平顶山南站,12147743329
平顶山站,8041771715
平顶山西站,5575699923
平顶庙站,843276794
平顺站,4074616745
平鲁站,9287647745
平鲁西站,3699714008
年家岗站,8012738239
幸福线路所,9992012169
幺铺站,8317322041
幻想世界 Fantasyland站,357140956
幼平站,12091626112
幽兰站,8154580327
广丰站,5192908317
广元东站,7715445609
广元南站,7715445610
广元站,1532826989
广元西站,7719283429
广兴站,9334658558
广前站,7781469278
广南卫站,1534144155
广南县站,4039900173
广宁寺站,1659133903
广宁站,3676379819
广安东站,11233257580
广安南站,9322545561
广安站,12732718440
广安门站,6817425178
广宗站,3949977011
广州东站,7890691571
广州北站,8308266744
广州南沙站,11572997022
广州南站,3677030154
广州国际港站,12490274890
广州大学城站,12712336084
广州新塘站,8383166683
广州白云站,11458372313
广州站,7855785186
广州莲花山站,8901184329
广州长隆站,8901184364
广平站,7134468969
广德南站,9242148033
广德号站,8428772257
广德站,9215831993
广武堡站,9118892102
广武站,8308266736
广水站,4441733026
广水西站,9312908632
广汇站,7369194522
广汉北站,3815021470
广汉站,1796732962
广通北站,4528280671
广通站,1758381638
广阳站,3697044153
广阳站,7733885006
广顺场站,8190000127
庄儿上站,2361436882
庄圩站,1665918342
庄头窑站,9081732783
庄头站,10889237960
庄头营站,9169253679
庄寨站,9354508782
庄桥站,7714110162
庄河北站,7934261996
庄河站,12627525337
庄河西站,8233544501
庄里站,3001672843
庆丰站,1732027898
庆丰镇站,1665825560
庆元站,7935632138
庆城站,8914665863
庆安南站,12750175449
庆安站,9137876529
庆荣站,9171411666
庆阳站,8315110661
庐山南站,7213210233
庐山站,1769587482
庐江南站,5058306764
庐江站,9242148053
庐江西站,7647440638
库伦站,9169253671
库伦铁布克站,7368677846
库前站,3501736632
库北站,7365692467
库台克力克站,7368477864
库宗桥站,5559297479
库尔勒 كورلا站,7319308250
库尔勒东站,7319330882
库尔木依站,7319353486
库尔楚站,5009794575
库木苏站,11524780871
库西站,5009786771
库车站,4440851033
库车西站,7365718252
库都尔站,2331935772
应县站,4471046650
应县西站,10297785571
应城东站,6223371686
应城站,1589666701
底吾玛站,7296275990
店上站,3644691729
店坡站,8378364076
店坪南站,9287595916
店坪站,3699706764
店塔站,9295305370
店塔线路所,9295305371
庙下站,4976681279
庙台子站,5003354058
庙坝站,1681825115
庙城站,844821216
庙头站,8154570899
庙头西站,8158566838
庙头镇站,13367171881
庙子沟站,8172999775
庙宫站,8428741233
庙山站,3917347243
庙岭站,1590460731
庙庄站,1783909027
庙庄站,8163363249
庙沟站,3006142157
庙阳站,1592559592
府祝站,7272083197
府谷站,3156029305
庞家屯线路所,7616088924
庞村站,9320122097
度下站,9207275766
座虎滩站,1726959249
康县站,11134133702
康城站,2329019140
康定站,9899713910
康山线路所,11669202705
康庄站,7805038907
康村站,7368477862
康熙岭站,7692210520
康萨站,9087403301
康金井站,2379151406
廉桥站,12732987416
廉江南站,13685903984
廉江站,1692209463
廊坊北站,9065844661
廊坊站,7733885007
延吉站,9085329466
延吉西 연길서站,6655757505
延安东站,7740376256
延安北站,4040015585
延安新区站,12520717089
延安站,7765120777
延川站,12520763498
延平东站,7014731879
延平站,7014731878
延平西站,6103626029
延庆北站,4256148315
延庆站,4912450673
延津站,2371670081
建三江站,2329566270
建丰站,1941455551
建华镇站,7740376255
建国站,8512795829
建国营站,2616683421
建始站,3499299959
建宁南站,7780322126
建宁县北站,2501352080
建宁站,13784005831
建安站,9174163157
建山站,2456759107
建平站,9179735871
建德南站,9302050795
建德站,5907965299
建新站,8510278042
建昌站,1657973505
建明站,9263223090
建桥站,13061379940
建水北站,4527856939
建水站,2203273019
建河站,3026390649
建湖站,1665822813
建瓯东站,12713843276
建瓯站,7252546311
建瓯西站,9524540936
建西站,4498392603
建设坪站,3958003260
建设站,6715109132
建阳站,2458071812
廿里堡站,8076915520
开上（预留）,12725916868
开化站,2988925896
开原站,2348271086
开原西站,3881554929
开埠地站,9263223099
开安站,2375089448
开封北站,6736774928
开封站,3476981835
开州南站,11067492106
开州站,11233257583
开平南站,8020545908
开平站,7781356273
开心岭站,6339810455
开村站,9287647720
开江南站,1763859669
开江站,11067492107
开源线路所,12712758923
开福寺站,3410058503
开远南站,8168457078
开远站,4545843126
开道站,1603990160
开阳站,3060364298
开鲁站,843319819
弄弄坪站,5232371899
弋阳站,655354700
弓棚子站,4162472429
引镇站,3012138072
张三营站,8428684999
张八岭站,8454361477
张兰站,4076329836
张北矿站,9226664082
张北站,13042499809
张双楼矿站,9223366425
张台子站,9178344029
张坊站,7740215248
张夏站,8455171498
张家口南站,3885972887
张家口站,843052502
张家山站,1569051635
张家岗线路所,9229648680
张家峁站,3685524106
张家川站,3640220053
张家庄站,6369731904
张家河站,8396321414
张家港北站,4714983421
张家港站,4714983432
张家湾站,2940285306
张家界北站,4269858105
张家界站,5047862549
张家界西站,6615309047
张家祠站,3958182651
张家窝站,9274358845
张家站,5721596579
张家线路所,9174163142
张家船站,1607295766
张寨站,9223366428
张巷站,2936532130
张庄站,8437839707
张庄站,9223898609
张庙站,4714845108
张掖站,2897338934
张掖西站,2987122176
张新站,13722351866
张旗屯站,3949949981
张旗杆站,8509133271
张桥站,1607295768
张楼站,9226690951
张槎站,11932116427
张溪站,8510217934
张滩站,2588167863
张百湾站,3956223671
张礼站,3589034461
张维屯站,2344167683
张茅站,3006129133
张营子站,9123967447
张褚站,3949949807
张贵庄站,9274358861
张辛站,7855950711
张郭站,12643489097
张阁庄站,8017754342
张集矿站,9226664081
张集站,6037693735
弥勒站,3695433676
弥家河站,4039952187
弥河站,8395249614
弥渡站,1758381688
弯坵站,4323698780
弯道站,1727803127
强家湾线路所,11458658968
归仁站,9223366461
归德乡站,6013154794
归昌站,5380534764
归流河站,1730851549
归谷站,13533424940
当涂东站,2987518504
当涂站,1768168796
当金山站,5010512521
当阳站,1589178241
当阳西站,10296364139
当雄站,6266000537
彝良北站,10720363226
彝良南站,5033589222
彝良站,1964179113
彦吉嘎站,9069910635
彬县西站,3462876028
彬州东站,7966315898
彬州站,3462876026
彬江站,1579621858
彭县站,3226072060
彭城站,2329134714
彭家湾站,3621005002
彭山北站,4087268660
彭山站,1588514469
彭州南站,7951474430
彭州站,7951474428
彭庄站,8163363257
彭水站,5549317613
彭水西站,10561718990
彭泽站,2381264577
彭阳站,1783909029
彰武站,1655741373
徂阳站,8429540784
待王站,1577895002
徐南线路所,8944366796
徐圩站,12018732471
徐塘庄站,8406252704
徐墩站,7252546312
徐家坪站,2324653304
徐家店站,3724551270
徐家沟站,3697044154
徐家站,2344167681
徐州,5570292382
徐州东,7733885004
徐州东线路所,7232619689
徐州北站,4607355378
徐州南站,8454361462
徐州西站,7949642386
徐庄矿站,9223366422
徐楼站,8506018243
徐水东站,3823793489
徐水站,2329466302
徐溜站,1665917368
徐行站,10983612983
徐闻站,8440210938
得利寺站,9178344019
得利斯站,9246201059
得耳布尔站,1594860816
得胜台站,1656306622
得莫利站,5697139259
徘徊北站,7461167188
微子镇站,2329166655
德仁站,9125461473
德令哈站,4333828719
德伯斯站,1730851525
德保站,4971997623
德兴东站,2988925897
德兴站,2517236620
德兴铜矿站,5348692441
德化站,7781469272
德安站,2447146918
德山站,7266092585
德州,6198704798
德州东站,6214911057
德惠站,8436995005
德惠西站,3878763459
德日斯图站,9117619571
德昌站,1558444904
德昌西站,8166863511
德清站,7342323559
德清西站,7342299458
德胜站,8857293635
德阳站,2099675139
徽县站,2373216516
忙嘎拉站,9069903399
忙罕屯站,2476700817
忠义站,582337058
忠县站,11302329930
忠工屯站,1595854652
忻口站,8375659146
忻州窑站,9282598397
忻州站,3561638564
忻州西站,9513113929
怀仁东站,4284217909
怀仁站,843479825
怀化东站,5505374153
怀化南站,2953790848
怀化站,1579354013
怀化西站,8262045654
怀古站,12753978999
怀宁站,1642883459
怀安站,4693191083
怀来南站,4014396780
怀来站,4759815998
怀柔北站,7805076368
怀柔南站,7114099684
怀柔站,7805118844
怀远站,8857321650
怀集站,3060297703
怒江站,7128064824
思濛站,5573596677
思甜南站,7276635776
思甜站,9524436510
思蒙站,12714048664
总甫站,3797723048
恒口站,3020183052
恒地营站,1593383650
恒山矿新站,10839801597
恒山站,7342429581
恩平站,5485730496
恩施南站,11716384865
恩施站,3467426477
恭城站,3676366827
息县站,9516066034
息烽站,1763164530
恰央河站,12211994982
恰尔巴格站,7365784931
恰干站,7369154346
恰库尔图 شاكۇرتى站,7365891036
恰拉站,12211994984
恰阳河站,9202680204
悬钟站,2328405928
惠东南站,2719758932
惠东站,8301434852
惠农南站,10908472608
惠农南站,13808856976
惠农站,9118892115
惠刘站,2956850477
惠南站,12103960071
惠安南站,3378402909
惠安堡站,11910000304
惠安站,3378402906
惠山站,1983465568
惠州北站,14162436280
惠州北站,8270551258
惠州南站,10787152718
惠州站,5590889820
惠州西站,2460428936
惠来站,10554312395
惠民站,12065949878
惠环站,6169449259
惠环西站,9198249297
惠阳东站,8073204172
惠阳站,2719758933
感城站,7638983865
感德站,1529879350
慈义站,3098454440
慈利站,1613124730
慈城北线路所,13566726443
慈城站,7719096922
慈湖站,1029070953
慈溪站,12609689255
戎庄站,4976690854
成县站,11134133625
成吉思汗站,2662698237
成团站,4730506522
成都东站,7212021583
成都北站,2203786815
成都南站,9334658569
成都站,7714547745
成都西站,7201435293
成都龙泉驿站,14114209531
成高子站,2662698235
戚墅堰站,8453216524
截河坝站,9524455333
戴楼站,9228801017
戴集站,8009300154
戴集站,9226690950
户县站,2971189978
房子村站,10095160629
房山东站,13706600750
房山站,2391192221
房庄站,8158566848
才湾站,8154570905
扎佐站,9334658550
扎兰屯站,1595854650
扎其站,7329144920
扎加藏布站,7296275994
扎哈淖尔站,9069910631
扎囊站,9087403303
扎布其尔站,9069903388
扎矿一号站,10955936166
扎绕（预留）,11835192826
扎罗木得站,1595119285
扎赉诺尔站,1730288720
扎赉诺尔西站,9160197906
扎音河站,2344167685
扎鲁特站,1720394653
扎麻隆站,3688793547
扒挪块站,4663166668
打场站,8857111668
打拉亥站,840299040
打括站,9329260383
打柴沟站,2662698288
打羊站,2643970801
打虎坑站,7236072724
托克托东站,5166914735
托克托站,5166914736
托克逊站,7364331419
托居站,6268431243
托帕克站,8204092218
托托 تودوگ ᠲᠣᠭᠣᠳᠠᠭ站,7372000106
托洛拉克站,7365811221
托莫伊站,10574044802
扣河子站,9122624811
扩达站,9900091373
扬嘉站,9327370179
扬州东站,3167951293
扬州北站,8523143009
扬州站,2429233768
扬州线路所,9262932761
扶余北站,6099991220
扶余站,8436994999
扶余西站,9171411670
扶坝站,12196410345
扶沟南站,9534633725
扶绥南站,10241499957
扶绥站,1577103493
承安铺站,8382763910
承德东站,2662698231
承德南站,4507818594
承德县北站,4507816736
承德站,9266232126
承德西站,3970067857
抚宁站,2711752126
抚州东站,2867845403
抚州北站,2445434504
抚州站,2879195401
抚松站,4622106404
抚民站,9171411650
抚远东站,2075745742
抚远站,2075745741
抚顺站,9174531414
护国东站,12247246725
护国站,8182480309
担子站,8454361480
拉僧中庙站,9098127457
拉僧庙站,9098127460
拉古站,1603990180
拉哈站,1727803063
拉堡线路所,9192069852
拉市海站,8340587083
拉拉屯站,9169258497
拉林站,2333085942
拉法站,2333086037
拉洞站,9189836474
拉白站,2092189988
拉萨南站,2895022893
拉萨站,7279526244
拉萨西站,6270117708
拉鲊站,1558444922
拓石站,2954258498
拖拉海站,7319261929
拖拉海西站,12404403771
拖磨山线路所,12402650787
拖船埠站,2456745911
招柏站,1984411045
招贤站,3753846066
招远北站,5631558352
招远站,10536357430
拜珍（预留）,11837753484
括苍站,12718780477
拿口站,8818386591
挖色站,553678289
捏掌站,1577895109
捞刀河站,582370787
换新天站,2329566269
掇刀站,7740322578
排口站,8737969197
排塘站,7816787382
排楼站,5682885171
接渡站,2461375498
推能木塔尔站,9069903386
措那湖站,7296275992
插花站,5670444275
揭东站,9202090137
揭阳南站,1619326154
揭阳机场站,9202090143
揭阳站,9202090144
揽军屯站,9179735865
搭连站,10917569594
摆梭站,12734050177
播明站,1668749919
撮镇站,9229648675
攀枝花南站,5230059149
攀枝花站,1558444953
支提山站,7935693259
攸县南站,3360858460
攸县站,2328102101
改貌站,3060543643
放城站,2945730075
政和站,7935693211
故县站,2940237259
敖力布告站,5377255139
敖包沟站,4070990226
敖包站,6318167561
敖头站,1603990100
敖日格勒站,9072960147
敖汉站,1720956541
敖高图日站,9111251398
教字垭站,7249740466
敦化南站,10291003185
敦化站,4038070338
敦厚站,4067927790
敦煌站,5010527067
敦煌西站,5010467052
敬梓场站,8182252513
文亨站,7780346101
文佃站,8320746210
文化广场站,14158869337
文化站,5061226568
文地站,1692209495
文安站,2351141711
文官屯站,8434476658
文山站,12798136150
文崇站,8176251929
文庄村站,8491432050
文昌宫站,8187083081
文昌站,7639835672
文水站,3169909565
文江站,5173607628
文疃站,13026166606
文登东站,6382928240
文登南站,11247678023
文登站,1282629210
文竹站,2502936498
文苑南路线路所,9320122090
斑竹园站,8164565206
斗埕线路所,7751838223
斗尾站,8327599039
斗沟子站,2333212317
斗虎屯站,9176129495
斗门站,7707072351
料石厂站,8163363258
斜桥站,9660934592
斜河涧线路所,7890264752
新一站,7978149737
新上海庙南站,3589651642
新上海庙站,3589651651
新下陆站,3097109800
新丰镇站,2876178098
新乐村站,12404403770
新九站,6542792343
新乡东站,2477368510
新乡北站,6611490530
新乡南站,9298889913
新乡站,8312461929
新乡西站,8025334895
新井站,9259607259
新交口站,9287647719
新亨站,9202090138
新会站,8401400286
新余北站,2452993355
新余南站,6322614508
新余站,965990535
新余西站,6322614510
新保安站,3885999106
新八号站,9119790830
新兰镇站,9171411643
新兴南站,11140221411
新兴县站,5652911917
新兴镇站,3931615580
新凉站,2092190135
新凤凰站,5168561347
新化南站,2953780254
新化站,10120264005
新北大港站,9274358842
新北路线路所,9276824798
新华屯站,1155336883
新华庄站,9524455326
新华桥站,3589416972
新华站,9129186224
新华西街线路所,12712693791
新南站,14156675331
新县站,2370486201
新友谊站,2621210721
新发站,9329260400
新台子站,1656306628
新和站,7365718251
新哨站,3695433677
新哨站,9186758541
新团结站,1687160582
新园站,8402523366
新固镇站,2328405927
新场站,8308409297
新场街站,3861777224
新坡站,2329134715
新坪田站,13422452218
新城乡站,8100248266
新城子站,2348271090
新城川站,2361435788
新城站,10889242879
新城站,3797740184
新塘南站,7746602411
新塘村线路所,12091300815
新塘边站,9660921052
新墟镇站,9980091032
新墩站,7197875254
新天站,1252233969
新安县站,3006173722
新安圩站,9192069850
新安庄站,1597596258
新安店站,3621006236
新安村站,8382763911
新安江南站,7203594829
新安江站,7203594894
新安煤业站,9242869564
新安站,13506342944
新安站,8333471607
新安镇站,8736321441
新官渡站,3083966337
新宾站,10554222144
新密站,679302228
新寒岭站,2349438766
新寨线路所,9336181483
新尚站,10599205150
新屋里站,7781481488
新屯川站,4747786842
新市区站,9258877063
新市沟站,9118892096
新帐房站,2331935781
新干东站,2940767973
新干站,2314081759
新平坝站,2341894814
新庄矿站,9226690969
新庄线路所,11609982720
新店站,1235648697
新店线路所,9229648678
新店镇站,9329260394
新康站,9142749766
新建河站,3026390648
新开站,9169258498
新开铺站,4574238461
新彦站,1727803161
新拓石站,2954258497
新昌北站,11309716778
新昌站,7202301454
新晃站,8730269484
新晃西站,2953805433
新曲站,3628302020
新李站,1783909054
新村站,8154580328
新杖子站,4017721379
新松浦站,2344167680
新林站,1252233944
新柳站,8398749690
新桥矿站,9226690983
新桥站,7742242697
新桥站,8341413017
新桥线路所,7212029086
新桥镇站,8440342290
新毛坝站,12732718439
新民北站,4507873121
新民场站,9327370172
新民站,1655741363
新民（预留）,13043317971
新永顺站,8737743231
新汶站,8429754475
新沂南站,9242299260
新沂站,1605321380
新沂西站,8406197581
新沙站,9196734315
新沙线路所,11597474493
新沟北线路所,11710992562
新沟站,4133418813
新河东站,3949965039
新河园站,4052276000
新河站,3624896625
新河镇站,8509671056
新泉站,13112753036
新泉镇站,2838824423
新泰站,8418956317
新津南站,4752750505
新津站,9334658567
新洲站,5488622979
新浦东站,9223366457
新港北站,8259096343
新港站,9196734316
新港站,9235497289
新现站,3438638222
新生桥站,8454015056
新生站,12982669177
新生线路所,10236653857
新田港站,12475981665
新甸站,4615517247
新白马站,9926053026
新碧站,7702364124
新祺周站,2290062618
新窑坡站,3470669844
新窑站,8317489400
新窝铺站,1720956534
新立屯站,1655741357
新立镇站,3230872601
新站,9497383557
新红光站,7272083220
新绛站,1609056587
新绰源站,8944428493
新肇站,6355181380
新胜利站,12714048663
新花站,7217813336
新茶山站,9202090136
新萝村站,8310254231
新街站,3045710295
新街站,5020270571
新街西站,3157348619
新西北站,9290860302
新贤城站,9081737224
新邱站,2340355364
新邹家站,5655797099
新郑东站,3604929554
新郑北站,8175765365
新郑南站,3604929559
新郑机场站,6660412153
新郑站,6672557609
新都东站,4765197373
新都桥站,9899713912
新都站,3931849645
新铁村站,2092190148
新闸镇站,2666710930
新阳镇站,3840290624
新集一矿站,9226664079
新集二矿站,9226664080
新集站,8111545470
新霞流市站,8327327826
新青站,6390876185
新香坊北站,6314289680
新香坊站,2333085952
新马桥站,8454361468
新高山站,7890091157
新高峰站,1727803141
新麻柳站,12732637934
新龙华,7168621492
新龙站,12712348629
方城站,9526166087
方塘村线路所,11775043135
方山站,8182431202
方岗站,8163363250
方村线路所,12570981116
方正站,5697139260
施厝站,8327599283
施家嘴站,8334335472
施溶溪站,8737743934
施秉站,627664957
旅顺站,2349477556
旅顺西站,8187126614
旌德站,13048463742
旌阳站,8148321962
旗下营东站,4693191073
旗下营南站,9509616895
旗下营站,3465525836
旗口站,3797740226
旗山矿站,9223366446
旗江站,3931615563
无为南站,8509167177
无为站,7243088379
无棣北站,9254936108
无棣站,12066084776
无锡东站,2063857370
无锡北站,8453216525
无锡南站,8453216526
无锡新区站,9242148027
无锡站,1983466271
无锡西站,3084370953
日兴屯站,5697139251
日喀则站,7279526246
日喀则西站,3740944757
日月峡站,12478777495
日照南站,8440800068
日照站,9242869607
日照西站,9255881283
日阿尺曲站,6339804785
旧城站,5260347017
旧堡站,9178344027
旧庄窝东站,5181867154
旧庄窝站,5183353123
旧站,9176129503
早阳站,4039370301
旬阳北站,1575728436
旬阳站,1575728439
旱草湖山站,7369068576
旱草湖站,7369068577
旺乡岭站,8158566835
旺屋站,11875874177
旺甫站,8859072629
旺科站,12732987420
旺苍站,8175928332
旺远站,8442827809
昂乃站,2662698012
昂嘎站,7296234977
昂峰线路所,9868732639
昂昂溪站,1974175889
昂武站,12091626122
昂素站,9111251399
昆仑山站,7296170205
昆仑桥站,6339851231
昆山南站,9242148030
昆山站,8453216530
昆明东站,7891775722
昆明南站,2865839196
昆明站,9176075104
昆明西站,4167683393
昆玉东站,12712767769
昆玉站,7365811214
昆都仑召站,9111251396
昆都庙站,1720394462
昆阳站,9182286770
昌乐站,2727040405
昌北机场站,7213210231
昌吉站,2662698197
昌吉高勒站,4072951352
昌图站,2348271083
昌图西站,3880520952
昌平北站,7805052938
昌平站,2662698203
昌感站,7638983867
昌汗沟站,9072960177
昌江站,7638983869
昌邑北站,7128808610
昌邑站,8165214095
昌都站,9900091388
昌黎站,1582507133
明光站,8454361472
明光西站,9694086105
明城站,1548856822
明安南站,4072824032
明安站,9111251394
明水河站,9125461493
明水站,5010595305
明泽（预留）,11834861031
明港东站,8396976232
明港站,1329779045
明溪站,7781469283
明珠站,7710011715
明阳站,1659252273
明集站,9251972099
易县北站,4022925849
易县站,10719872712
易坑站,7236099483
易家湾站,8327421930
易江桥站,8742711982
昔阳站,8383106530
星光站,8154792431
星子线路所,12982640782
星朗站,2643970708
星桥站,5578481526
星火乡站,9129186271
星火站,11901257629
映秀站,11202356353
春亭阁站,2662698265
春湾站,2662698266
春申南线路所,11672638204
春申站,7168518929
春申线路所,7160193959
春阳站,2333212313
昭化站,1546239777
昭山站,3755321727
昭通东站,10185206694
昭通北站,8323904876
昭通南站,1964642725
昭通站,1964179114
晁峪站,3703270871
晋中站,3012090162
晋城东站,8208342107
晋城北站,1577895046
晋城站,1577895053
晋宁东站,4527901810
晋州站,9259607254
晋江站,7778190320
晋源站,7792095148
晏城北站,8094193382
晏城站,2651768079
晏家坝站,1555369841
晏家站,6882990887
晏镜岭站,13588835321
晒口站,8818386854
晓南站,12519624552
晓明站,12519624554
晨明站,2662698241
普兰店站,12330990405
普兴站,1588514513
普宁站,10555760577
普安县站,3328330804
普安堂站,8725151533
普安站,3917354815
普定站,8308145831
普家村线路所,9182286761
普文站,8359842229
普棚站,8327577939
普洱渡站,5031325186
普洱站,8359782369
普济站,8175950492
普者黑站,7693577621
普觉站,5181749190
普达站,8460009967
普连集站,8442829812
普通站,8347697335
普雄站,2092190070
景家店站,3840311610
景峡站,9524436511
景州站,5555291485
景德镇东（废弃）,12546519617
景德镇北站,2988925898
景德镇南站,3098455700
景德镇站,7266754619
景泰站,2340696426
暖水站,8806630601
暖泉站,10836356812
暖泉站,9118892111
暮云站,3410043449
曲吾站,7296224589
曲子站,8914665282
曲家店站,2340355358
曲屯站,8485883657
曲樟站,9186758522
曲水县站,2894949883
曲江站,4511131082
曲沃站,3218363035
曲阜东站,6193950294
曲阜南站,9354508776
曲阜站,1613209999
曲阳站,11297643260
曲靖北站,7704087889
曲靖站,10120263997
曲鲁海站,6318167570
更村站,3907776775
曹不罕站,9119790826
曹东庄站,8413791616
曹县站,2662698171
曹县西站,11296772774
曹古寺线路所,7238008798
曹坊线路所,11332278131
曹妃甸东站,5112069633
曹妃甸北站,4693555201
曹妃甸南站,4693555199
曹妃甸港北站,13300331080
曹妃甸港站,7783459218
曹妃甸站,9280035520
曹妃甸西站,4693555200
曹子里站,1582348723
曹家伙场站,3156134257
曹家堡站,7315569495
曹家湾站,4663087678
曹家滩站,9292699665
曹家烧锅站,9123967448
曹家营子站,2662698169
曹山站,6992745336
曹庄北线路所,9225604092
曹庄子线路所,10096033612
曹庄站,13971777206
曹庄站,272455407
曹庄镇站,3949862902
曹庙站,8506767805
曹村站,8454361463
曹武站,7202547231
曹王站,2339632936
曹老集站,5420397432
曼么站,8360007939
曼勒站,8360061045
曼滩站,8166737594
曼飞龙站,8359963445
曾口站,7260621602
曾家坪子站,5033566186
月亮田站,2323529396
月华站,5037154143
月华西站,5230058280
月城站,8524751390
月塘站,3747750481
月山站,1577895148
月河店站,8485992799
月溪站,7263485692
月牙湖站,9129186253
朋普站,5751287713
朔州东站,10297769453
朔州站,843479826
朔州西站,4589602572
朔里站,9223898613
朗乡站,2154670851
朗县站,7329144909
朗常寨站,3353966057
望丘站,6308157536
望京站,2098804276
望亭站,8453216528
望城岗站,7217814302
望城站,5507702379
望城西站,5507702378
望塔站,12212964523
望山站,9121997537
望峰岗站,9226664100
望布站,7364331418
望昆站,7296170206
望江站,9137876520
望洋台站,11524835286
望溪站,8175733298
望牛墩站,7063140835
望谟站,12091508859
望都北站,11297643254
望都站,5944235192
朝中站,9126260274
朝亮站,9198249298
朝天南站,1532826986
朝天站,7332499345
朝脑沟站,4071010315
朝阳北站,9123967452
朝阳北站,9169258491
朝阳南站,7949562606
朝阳地站,1721802913
朝阳川站,1590460680
朝阳村站,6305752502
朝阳湖站,4585401968
朝阳站,12078908869
朝阳西站,9506868279
朝阳镇站,2662698225
朝鲁图站,9072960172
木兰站,8417616507
木冲站,5655796387
木厂口站,9269060403
木古站,10779289545
木头营子站,2662698029
木材场站,4676485670
木栗站,11716384862
木根桥站,13630103535
木瓜界站,9287647744
木竹河站,3191192383
木里图站,2340355351
木里站,3688803431
本井站,3685453991
本溪新城站,4622137473
本溪湖站,2349438701
本溪站,3525580953
朱亭站,8327422190
朱仙庄站,9226690965
朱保站,2913728104
朱各庄站,8411510989
朱嘎站,1964642740
朱家埠站,7203562713
朱家岩线路所,12523036529
朱家店站,4076525359
朱家沟站,1604842624
朱家碥线路所,9290601101
朱家窑站,9118892084
朱巷线路所,9218083778
朱市站,8557038816
朱庄站,8502689176
朱庄站,9223898608
朱日和站,843202346
朱村站,9320122092
朱杨溪站,1586701933
朱桥站,7128808614
朱王堡站,12739506992
朱盖塔站,3685511920
朱石寨站,12337023364
朱砂古镇站,5184005947
朱集矿站,9228775812
朴树线路所,8482525766
机务段站,9871048358
机场西线路所,9274358864
杀虎刘线路所,8244259466
权台矿站,9223366447
权家河站,3678381880
权庄站,8094176579
权村站,9258877059
杉松岗站,2499694910
杉阳站,9898868295
李七庄站,13578442613
李冰广场站,4140659391
李天木站,3916235183
李子园站,11121532886
李子沟站,8320481333
李家冲站,8742466406
李家坪站,3182230198
李家坪站,8387253280
李家塘站,3024235394
李家寨站,8014005627
李家寨站,8163363247
李家庄线路所,8093918591
李家河站,2373342135
李家湾站,5573776043
李家窑站,9121569872
李家站,2152729146
李家站,9022799185
李家营站,3969875439
李小庄线路所,6678200041
李屯站,1862167158
李市镇站,8173259059
李庄站,8502213050
李新店站,8014005636
李旺站,1783909025
李朗线路所,9259028979
李楼站,8258646262
李槽坊站,9226690936
李河站,1763859670
李浩寨站,4527856940
李漳河站,3698187690
李珍站,4074915646
李金站,9171411677
李雅庄站,5293825951
李鹊站,5248595705
杏园站,3957927427
杏林站,2502480510
杏树屯站,1659252288
杏树站,2329802065
杏花营站,6747083226
杜儿坪站,13882570040
杜坞站,2451329911
杜家坎线路所,8095409934
杜家村线路所,11296772797
杜家站,2333085939
杜尔伯特站,2173106148
杜尔基站,1720394403
杜岙线路所,13615120504
杜庄站,9263223098
杜拉尔站,9125461479
杜桥站,8566164682
杜生站,8404257187
杜科站,5518559613
杜赵站,1607295750
条子场站,5242674007
条湖站,11524899320
来凤站,5387546619
来宾北站,3677192583
来宾站,1541942452
来舟站,2458093871
杨各庄站,8431451883
杨园线路所,11414293098
杨墩站,7252546313
杨家口站,9274358856
杨家坡站,2913744658
杨家塝线路所,14051619105
杨家寨站,9312908629
杨家岭站,2450074980
杨家川站,3470654401
杨家河站,3840288574
杨家河站,8142850731
杨家湾站,2962269764
杨家碾站,3638514163
杨家粉坊线路所,9179735878
杨家营站,1721802921
杨寨站,5295061428
杨屋线路所,12091300814
杨屋线路所,9192069853
杨屯站,3624886692
杨岗站,9137873802
杨市站,8727005048
杨庄站,3949949760
杨庄站,9223898606
杨庄线路所,9254936102
杨庄线路所,9521483770
杨庙站,6569986043
杨木山站,9129186265
杨木栅子站,3955145337
杨木站,1604972749
杨村桥线路所,8118295439
杨村线路所,7263485694
杨村镇站,8417536174
杨杖子站,2514251070
杨林站,2001914253
杨林街站,7740286552
杨林镇站,12718892598
杨柳站,9226690933
杨柳青站,2351141712
杨树岭站,2336082834
杨树店站,8508800519
杨树湾站,1657973612
杨桥畔站,3122180700
杨桥站,5559297514
杨梅塘站,12825768206
杨楼站,8502206002
杨浦站,4714822515
杨源站,7780346103
杨漩站,1588514522
杨行站,2849812227
杨陵南站,2691462623
杨陵站,9500953617
杨集站,8478765496
杭州东,7160108921
杭州东线路所,7301477442
杭州北站,2483490950
杭州南站,7039952242
杭州站,7299090915
杭州西站,8223390589
杭甬杭州南线路所,7714110165
杭锦后旗站,2688042746
杭锦旗北站,9072960178
杭锦旗站,840298933
杭锦淖尔站,9072960175
杭长杭州南线路所,7160193957
杰德秀（预留）,11837753480
杰琼站,3041147472
松原北站,9171411672
松原站,1273439109
松坎站,3191154902
松坝站,6170790718
松宗站,11626723124
松山湖北站,4991684135
松山站,2903601101
松岭站,12844595851
松川站,8158566837
松木坪站,5348615142
松木桥站,7740357587
松木站,5559299419
松村站,13077904449
松林店站,8382763905
松林站,8331005114
松树岗线路所,9317600725
松树村站,9174163155
松树林站,1252233945
松树站,1660110952
松树镇站,1575631514
松根山站,9069903396
松桃站,1681825111
松棚站,9202090141
松江镇站,7629067841
松河站,2323529393
松浦站,8957717573
松溪站,7935632139
松滋站,13267095687
松滋西站,2492511780
松潘站,10574674383
松烟站,8398688920
松西站,9171411687
松阳站,7935598877
松青站,2154670866
板其站,8320718566
板厂峪站,9517242714
板城站,1984410960
板塘站,3755318164
板桃站,7425861977
板桥站,8454361470
板石河站,2156363602
板石站,10901620661
板石选矿厂站,10901470927
板窑站,4071806887
板西线路所,9556539768
板集矿站,9226664092
构林南站,7740322573
构林站,8158566847
枕头峰站,8983226863
林东站,9119790818
林南仓站,9269060415
林县站,4074928910
林口南站,9429765762
林口站,1604972727
林四房站,11209622977
林场北站,2620334851
林场站,13452844558
林场站,1524297084
林场西线路所,11710521429
林子头站,2156363604
林家口站,9287647743
林家台站,1662256003
林家坪站,4066595726
林家湾线路所,8014117762
林寨站,8417536130
林村站,3649025734
林歹南站,9329260404
林歹站,9329260386
林海站,9126260248
林源站,1731938296
林盛堡站,9178344031
林芝站,7329138457
林西站,12309529672
林达（预留）,11837753485
果园港线路所,12335085043
果园站,3589416983
果子园站,4019707141
果松站,1550539253
果珠站,10108687083
枝城站,2492404144
枝柯站,4076525349
枝江北站,3053787564
枝江站,8569146427
枞阳站,12714975489
枣园堡站,9118892097
枣子林站,1558445041
枣庄东站,7154080023
枣庄南站,12501009366
枣庄站,3163707180
枣庄西站,8455171509
枣强南站,11296772793
枣强站,3600114283
枣强西站,3949965017
枣林站,1984411042
枣泉站,4071548560
枣窝站,9299765146
枣阳站,9307694621
枫南站,13516041043
枫岭头站,4497843764
枫林站,4710991169
枫泾站,13516041044
枫泾站,9660864437
枫相院站,8087840593
枫香墩站,4718362793
枳沟站,9246201056
柏山站,8184227424
柏庄村站,8418605768
柏庄站,8382779917
柏庙沟站,3697044157
柏村站,1588514299
柏林站,1586701853
柏果站,2323529333
柏楼站,8095297278
柑果村线路所,11462197511
柔远站,7473462476
柘汪站,9223366452
柘皋站,9242148037
柘荣站,12926120977
柘车河线路所,3043326717
柞水站,1585550002
柞水西站,10855604494
柠条塔站,3685524107
查尼皮站,12798136136
查布嘎站,843319811
查干得日斯站,7473345546
查干湖站,1273438253
查干特格站,2662698178
查干诺尔站,9072960152
查汗淖站,9111251401
查班河站,9129186276
查田站,7935632131
柯周坑站,7236072722
柯坦站,9229648666
柯坪站,7365783605
柯柯站,4341505887
柯桥站,12368903409
柳园南站,2987130068
柳园站,1601166977
柳园站,3624925040
柳城站,8858772973
柳家台站,3840234312
柳家庄站,5356894179
柳家庄（旧址）,13665852391
柳家营站,9303518350
柳州北站,7803791588
柳州南站,4730484847
柳州站,7691165939
柳州西站,6385614439
柳村北站,7777687324
柳村南站,10012997191
柳村站,9277294011
柳村线路所,253126062
柳林南站,1794669967
柳林县站,4074611204
柳林河站,4066196581
柳林站,3612292370
柳林镇站,1607767362
柳枝站,4941072866
柳树屯站,1657245403
柳树沟站,9299765143
柳树泉南站,2987135383
柳树泉站,1202093206
柳树站,2154670852
柳梧线路所,7279067771
柳毛站,9131669911
柳江站,4723325690
柳沟南站,3688871435
柳沟村站,4076525350
柳沟站,7276773543
柳沟西站,13521130767
柳河站,2614607868
柳泉站,11208507589
柳泉线路所,11118296847
柳科线路所,11445161647
柳辛庄站,3628253440
柴山堆站,12404403768
柴村站,6225488925
柴桑站,4450033022
柴沟堡站,2662698180
柴河站,1604972708
柴达尔站,3688803388
柴里站,9242869565
柿花树站,4527878485
栋亚站,13836462702
栎阳线路所,12513851189
栏杆滩站,8190124488
树园站,2940419389
树屏站,10285851023
树木岭站,3410043450
栖凤渡站,7345363384
栖霞山北站,8283601958
栗坪站,5655797096
栗子沟站,10973711958
栗木站,1769587481
栗源站,5655797100
栟茶站,9218083769
株北线路所,8095650515
株南线路所,8095704723
株洲北站,4973839019
株洲南站,6015670736
株洲站,5814548885
株洲西站,8393702264
核桃园站,1681825096
根河站,9126260273
根皮庙线路所,9100062972
根竹站,7691919874
根龙站,8293151037
格以头站,8363847912
格勒森德站,9069903387
格勒站,7473373519
格口站,8833921317
格尔木东站,7296208317
格尔木南站,5009859886
格尔木站,7296211438
格尔木西站,5572228822
格德尔盖站,9111251379
格里坪站,5232377605
格顶站,7167634565
栽秧箐站,9186758538
桂口站,7236072726
桂平北站,11874046784
桂平站,3048742262
桂林北站,2509040864
桂林南站,2699872473
桂林站,626322669
桂林西站,7775792087
桃下站,9603282582
桃园村站,12626117813
桃园矿站,9226664107
桃园站,1657245432
桃城站,8408788479
桃子岭站,8597163071
桃山站,13508852349
桃山站,9137876527
桃映站,7245028952
桃杏站,13882570037
桃村东站,5530868792
桃村北站,3914315828
桃村站,3829114170
桃林站,3045724409
桃林站,8330381402
桃浦站,4714815633
桃源站,11445451580
桃花峪站,9246201045
桃花店站,9922691109
桃花村站,8337498550
桃花江站,7266064584
桃花镇线路所,8252002423
桃选站,5886902318
桐乡站,7160108924
桐城东站,4724796104
桐城南站,8407883947
桐城站,1642883477
桐子林站,1558445001
桐庐东站,9302063144
桐庐站,5907959824
桐木寨站,8311465916
桐木站,10855668446
桐柏站,2381309083
桐梓东站,7620009556
桐梓北站,3695356382
桐梓站,2327958851
桑列站,7296234984
桑园子站,840181311
桑园站,9246201054
桑园铺站,9295305366
桑德站,7365899723
桑日站,7329144915
桑树坪站,9292699685
桑根达来东站,9119790825
桑根达来北站,9072960153
桑根达来站,4172561678
桑梓店站,5171146195
桑植站,7213715508
桑雄站,4113467701
桓台站,2339632256
桓龙湖站,3069587197
桔柑站,8087849486
桥上村站,2988925899
桥上站,3217457131
桥东站,2498583148
桥北站,9763216770
桥南村站,11753220632
桥南站,12519624551
桥南线路所,8438901609
桥南镇站,2940392795
桥口站,7167634623
桥圩站,5153873887
桥坡线路所,9329260395
桥头站,2349438745
桥头站,9121997539
桥头线路所,7740322561
桥头铺站,8744559659
桥头集站,8503445370
桥头驿站,8327462790
桥湾站,9524436516
桥西站,2621443417
桥西线路所,9100062971
桦东站,9131675317
桦南东站,9532243465
桦南站,9131675319
桦林东站,8944302707
桦林站,4111429480
桦甸站,9171411642
桦皮厂站,1548856814
桨木站,5655797090
梁八台站,8041771713
梁北矿站,12101102912
梁堤头站,8417616505
梁宝寺站,9242869562
梁家坪站,8093069573
梁家渡站,2279174925
梁家站,9169253664
梁山北站,3176631800
梁山站,1672448034
梁山站,3003935026
梁平南站,3500365769
梁平站,4827082572
梁庄站,9226664095
梁底下站,4069797690
梁洼街站,8163363265
梁滩河线路所,7238885493
梅关站,3797739063
梅南站,9980091034
梅园站,4071291816
梅家坪站,3733842642
梅家埠站,7837341982
梅家庄站,8375551799
梅峰站,7342323541
梅州东站,7113585381
梅州站,12407447265
梅州西站,13061379938
梅村站,2588167864
梅林站,2456723822
梅桂营站,9223366472
梅水坑站,7236099482
梅江站,5549333748
梅河口站,2327447492
梅溪古镇站,9944071260
梅田站,5655797085
梅花井站,3589651604
梅花山站,1964642703
梅道 May Road站,988059498
梓树庄站,8507007507
梓潼站,8155076576
梧州北站,8859102781
梧州南站,3048726327
梧州站,5097780534
梧桐梁站,12211994993
梧桐槽子站,6308158128
梧桐水站,7473462478
梧桐沟站,2616718117
梧桐泉站,9524455325
梧桐站,6308124701
梨子山站,8944428494
梨新线路所,7238976149
梨树镇站,9131669914
梭梭井站,9076173195
梭罗河站,8360016281
棉纺仓库站,4676485655
棋子湾站,3926581138
棋梓桥站,8725130376
棋盘井煤矿站,3685465601
棋盘井站,1933386331
棋盘站,2332314842
棕溪站,8145104968
棠下站,11964159322
棠海站,1758381728
椑木镇站,8173136442
椒花站,8724458872
楚山站,2662698268
楚玛尔河站,7296224593
楚雄南站,1758381600
楚雄站,5599437418
楚雄西站,1826090372
楚鲁图站,1596389959
楠木坪站,9334658561
楠木塘站,8742827218
楠栂庙站,2539559582
楠栂庙线路所,8042139345
楠溪江站,11340665939
楼兰故城站,13739142635
楼子下线路所,3797742335
榆中站,7276282770
榆关站,8413779890
榆垡东线路所,11410594718
榆垡南线路所,11410594719
榆林南站,12520800023
榆林站,8369317809
榆树台站,9174541217
榆树屯站,1267538080
榆树川站,4628338205
榆树沟站,2336082836
榆树湾站,9287595915
榆树站,6436067244
榆次站,7793098479
榆溪火车站,13228536617
榆社站,1578026875
榕江站,9527375841
槎塘线路所,11607169605
槐安站,8892549493
槐荫站,3377737087
樊哙站,11233257575
樊城西站,7740322575
樊家圐圙站,9081732785
樊家庄线路所,7804512588
樟山线路所,7740215265
樟岚线路所,9207275764
樟木头东站,6165448992
樟木头站,4638676682
樟林站,3019471528
樟林线路所,3694585920
樟树东站,1579354028
樟树墩站,7217608834
樟树站,1579354029
樟湖板站,7252546300
横山站,8154580317
横山站,9292699670
横山线路所,8218329635
横岗站,10779289544
横峰站,2458071811
横州站,11330580119
横市站,8742192012
横店东站,4644445230
横店站,11337806452
横店西站,3856476012
横江站,8323458385
横江线路所,13645334011
横沟桥东站,7733587987
横沟桥站,8334823305
横沟站,3589416987
横溪站,12718780475
横现河站,2324653259
横琴站,2936895090
横车站,5488592542
横道河子东站,9160197902
横道河子站,2187941092
横阳山站,12714048660
樱桃园站,14158869338
樵枰山线路所,12334983985
橄榄坝站,8359953070
欢喜站,13202304913
欢河站,3006192053
欧家坡站,3024659104
欧庙站,7740322576
欧里站,2340355353
欧龙山站,5926859742
歌乐山站,6989684877
歙县北站,9242148048
歙县站,1675935526
正东站,9165204572
正定机场站,8401357512
正定站,8308266734
正蓝旗站,9072960159
正镶白旗站,843276831
步仙站,7740286554
步行街站,7951474429
武义东站,8838864887
武义北站,3469247631
武义站,7702364128
武乡东站,1578026849
武乡站,8208342112
武功站,2999345286
武夷山北站,7726025998
武夷山站,7252546318
武威东站,11822437463
武威南站,9295636266
武威站,9524455335
武安站,7461167201
武宣站,11873977053
武家岩站,8184222544
武山站,3182220016
武平站,9992008817
武店站,8012738238
武当山站,1532826992
武当山西站,7713231788
武昌东站,2539553663
武昌南站,582350173
武昌站,317750134
武汉东站,4647204763
武汉北站,3856476013
武汉南线路所,8042210682
武汉大型养路机械运用检修段站,12251669975
武汉站,579971406
武清站,6712308732
武穴北站,9691561171
武穴站,1769587485
武胜关站,9312908633
武胜站,3500325329
武进站,11214979073
武邑站,11297287128
武钢站,11330547794
武陟站,7207306501
武隆南站,10561588367
武隆站,4503846519
歪头山站,2349633669
段家湾站,1545867920
段庄站,4021619844
段廷站,8380172828
段柳站,8390907648
段甲岭站,3824598538
殷庄站,8523095504
殷店站,3858109157
殷汇站,8509731557
殷行站,4714832178
母杜柴登站,9111251405
毕克齐站,1709764695
毕家岗站,9226664098
毕节东站,4631918649
毕节站,4631868962
毛告吐站,1720394473
毛坝关站,1556058495
毛坝站,1586077420
毛垭坝站,9899716542
毛家坝线路所,12523091819
毛家店站,8434476648
毛德呼热站,7473345547
毛瑞霍站,9069903369
毛耳山站,9235207766
毛蜡湖站,12211994985
毛陈站,3628718237
民丰 نىيە站,8204063700
民乐站,2987117083
民和南站,2987084180
民族大道线路所,9317600788
民族站,1597596215
民权北站,3311797080
民权站,1775221277
民生村站,9276824800
民福寺站,8190821001
氡泉站,2381431796
水东站,1954809123
水乡客厅站,12326998465
水冶南站,4074637458
水冶站,4074915624
水南站,7014731880
水口山镇站,13107967317
水口站,7252546298
水团站,5025443860
水土站,10313458333
水地站,1720956524
水坑站,5652369253
水坝河站,5010503532
水坡村线路所,12064953073
水城站,1964861303
水头站,4076149838
水套站,4071848343
水家湖站,8012738240
水富站,1964182138
水尾站,7639802001
水屯站,8438901525
水库北站,7276779892
水库站,6687935741
水曲柳站,3889846826
水江站,8197922559
水江西站,10561578972
水汪站,5485779796
水沙坪站,7249740464
水沟站,2368523119
水泉站,2336082817
水泥厂站,10973711951
水洋站,2329166654
水洞沟电厂站,4071540594
水洞站,1664135960
水源站,9118892079
水目山站,9186758540
水花站,5733932148
水茜站,7780322122
水车湾站,3957968526
水运村线路所,9320122091
水鸭子墩站,5010548829
永丰站,11202356349
永丰站,3589354520
永丰营站,1569661909
永义站,9325921010
永乐店站,1532510508
永乐站,9274358866
永乐街站,5149796101
永乐镇站,8293209407
永仁站,5230023390
永修站,2290064248
永兴庄站,9269060405
永兴站,1816772647
永兴线路所,10102044140
永和站,8431464136
永嘉堡站,1597596279
永嘉线路所,12405906693
永圣域站,9111251375
永城北站,3311816585
永城站,9226690980
永宁北站,12712348626
永宁南站,12712348627
永宁县站,2247329897
永宁站,1548856860
永宁镇站,1524299950
永安乡站,9137873808
永安南站,4665343372
永安桥线路所,12647521091
永安站,1583788093
永安镇站,10925994944
永安镇站,4068175274
永定庄站,9282598401
永定站,2095389220
永寿站,3003935017
永寿西站,8315154179
永岁站,8154570902
永川东站,3500459007
永川南站,10246926876
永川站,1586701917
永州北站,9385046724
永州电厂站,10248967302
永州站,4359529805
永平县站,9898868285
永平站,2458071816
永庆站,9129186277
永庆站,9534537139
永康东站,8837178590
永康南站,3469247632
永新站,2502938885
永新站,8341358203
永昌站,9209486376
永春站,7781469270
永泰站,2451353649
永浆站,7236072727
永济北站,3012017257
永济站,4075255926
永清东站,9225780497
永清西线路所,11236013218
永温站,9334658564
永甸站,1592559627
永登北站,9399825561
永登站,2303800425
永福南站,4419760182
永福站,4248016408
永红南站,13454424824
永红站,1575631551
永红站,3958029559
永胜站,9129925035
永茂站,5496983803
永郎站,1558445040
永郎西站,9846723814
永锦洗煤厂站,12101104329
永阳街站,3362901900
永青站,10216416137
汇塘河站,8308449244
汇旺东路站,13974578806
汇流河站,1595119244
汉中站,9295305367
汉口动车运用所站,12251669974
汉口站,2492403981
汉口线路所,7199156403
汉口线路所,9923669316
汉寿南站,1613124731
汉寿站,12260049299
汉川北站,10275616432
汉川站,3053748808
汉旺站,9327370177
汉水泉站,11524835219
汉沟镇站,6196627808
汉沽站,2349729510
汉源站,10796576930
汉西站,1886917420
汉阳站,13227238993
汉阳站,8378245807
汉阴站,1556058462
汊沽港站,3949377561
汐子站,1722042129
汕头,5610619909
汕头北站,9202090142
汕头南站,10554312390
汕尾站,2719758936
汝州站,1577895132
汝箕沟站,2800387801
汝阳站,1577895122
江仓站,3688803423
江克栋站,7296224591
江北机场站,11357632967
江北站,2332314837
江华站,5132033119
江南村站,7702364111
江南线路所,8944366790
江口站,8740981396
江坂站,7252546292
江头站,8856093894
江宁站,2830239653
江宁西站,9242148045
江宁镇站,1768187578
江密峰站,2332708576
江山站,9527101298
江岭站,7137471351
江市站,8739316286
江所田站,4357594754
江村站,5611951753
江村西线路所,11454185609
江桥站,1267537498
江桥镇站,7168335771
江榕路线路所,12670150344
江永站,8744540817
江油北站,5130313330
江油站,1742504938
江洛站,11121551505
江津北站,8997696983
江津站,1586701887
江海站,1759460681
江湾村站,3858082960
江源东站,10556364302
江源站,2381432823
江背站,4019707814
江西村站,8050763450
江边村站,2449481398
江边站,3362899952
江都站,1095044568
江门东站,7707072349
江门北站,7138909238
江门站,2414867084
江门镇东站,12247246631
江门镇站,8182509374
江阴北站,9218083779
江阴港站,8904191126
江阴站,13297115256
江陵站,7740322582
江顶寺站,8341273118
江高站,8736535210
江高镇站,7826309938
江龙站,13401589608
池回村线路所,12484693682
池州东站,12714986004
池州站,9242148039
池江站,3797734505
池河站,3019716829
池洞站,12732987422
汤原站,9137876521
汤头沟站,8428668285
汤头站,2913747385
汤家庄线路所,13595570757
汤山城站,2349438752
汤岗子站,9178344026
汤店站,9226664083
汤旺河站,2154670869
汤池站,2343318813
汤溪站,5488773093
汤逊湖站,3917349566
汤阴东站,6629648409
汤阴站,8360876989
汨罗东站,8396912757
汨罗站,8330381447
汪家庄线路所,11513473738
汪家村线路所,11118339390
汪水塘站,4071848326
汪洋站,12811744309
汪清站,1590460757
汪甸站,8293209394
汽车城站,4676485672
汾水镇站,7021816947
汾河站,4226925511
汾湖站,12326998464
汾阳站,2051979297
沁县站,1578026841
沁水站,3217460755
沁河北站,1577895112
沁阳站,1577895118
沂南站,9246201051
沂水站,9246201052
沂水西站,13026166602
沂源站,13026166601
沃博尔站,7473373514
沃卡站,5888657545
沃皮站,8436995006
沈丘北站,8465326533
沈丘站,8491565996
沈圩线路所,9622759783
沈家塘站,7301511420
沈家巷站,3686469958
沈家河站,4499882017
沈家站,2344167672
沈荡站(待建),12761941992
沈阳东站,677162780
沈阳北站,676578837
沈阳南站,6179162253
沈阳站,6179162407
沈阳西站,4507873122
沉湖站,7202398098
沐滂站,1758381697
沐滩站,8187162969
沙井站,7692210514
沙井西站,7063140962
沙刀湾站,5485779793
沙力噶坝站,9121997535
沙厂坪站,8320768079
沙口站,8015596091
沙后所站,9179735862
沙哈站,7369008124
沙园站,2154670860
沙固站,9314921235
沙土梁站,12404403778
沙土集站,8445944502
沙圪堵北站,9081732810
沙地站,7368621230
沙坝子站,4071018843
沙坝站,1558444990
沙坡头站,7121880619
沙坨子站,8428695054
沙坪坝站,7238688341
沙坪站,8158566832
沙城东站,4621862082
沙城站,3961326598
沙堤线路所,9918675430
沙塘站,3624896623
沙墩站,2913764246
沙头东线路所,13634179174
沙子河站,9274358855
沙尔塔拉站,9069910633
沙山站,10267008420
沙岗站,9166915292
沙岭子站,3834284194
沙岭庄站,1608118435
沙岭站,9167905927
沙市东站,3204063661
沙市南站,3093367430
沙市站,3092657244
沙布日特格站,13406995994
沙日乃站,3725766735
沙村站,3182658840
沙桥站,9186758544
沙母巴站,9111268208
沙江站,459902486
沙沁他拉站,9125461464
沙沙圪台站,3685511904
沙沙坡站,8323666527
沙沟站,8440165333
沙沱站,4663110023
沙河东站,9186758523
沙河口站,1659133907
沙河坎站,3019444569
沙河堡线路所,9760820443
沙河市站,8015997051
沙河站,1366324235
沙河站,2616652562
沙河镇站,4615500866
沙河集站,8454361478
沙河驿镇站,2923490559
沙泉子北站,7369068579
沙泉子南站,7369068581
沙泉子站,7369068580
沙泉站,9728708931
沙洋港站,12330577788
沙洋站,7740322579
沙洋西站,10296460423
沙海站,1722109920
沙湖站,10908191212
沙湾南站,10284226399
沙湾市 ساۋان站,7371981474
沙湾站,1588514487
沙湾站,9307694647
沙溪坝站,1546239764
沙琅站,5130017201
沙田镇站,9186758525
沙窝线路所,9716998805
沙胡同站,4021619840
沙良站,9118904622
沙锅屯站,13511477774
沙马拉达站,2092190076
沛县站,9223366427
沛屯站,9223366426
沟口站,1595854608
沟帮子站,1582507161
沥林北站,6164244049
沧北站,4021589656
沧州东站,11297399794
沧州北站,8404270933
沧州站,12495257433
沧州西站,8927836153
沧波门站,8280728429
沭埠岭站,2912804740
沭阳站,1359421912
沱沱河站,2637980508
河下站,5395459676
河东机场站,9307694650
河东里站,9076173200
河北农场站,9069903395
河南村站,9265808492
河口北站,3684728552
河口南站,6860465979
河口站,3369785952
河口站,9251972101
河口集站,8506602437
河唇站,1692209441
河塱站,5711018313
河头站,8320812742
河市坝站,9916401657
河底站,7875476426
河池西站,10925993082
河汤沟站,2336082790
河沙镇站,8407464309
河洛营站,8428675868
河津站,3625359690
河津西站,7740322550
河源东站,9329167795
河源北站,8270803977
河源站,1908080931
河潭埠站,4722100989
河田站,2838824240
河西农场站,12404403766
河西电厂站,4072805991
河西站,4072805993
河西站,7369068582
河边站,1668749936
河邦站,5711018802
河间站,6101985312
河间西站,2351141703
河阳站,8307755215
油坊坪站,3699748968
油墩街站,2988923787
油房沟站,3026606075
油河集站,8417601179
油溪站,1586701922
油砂山站,7319313622
油路站,8858720445
治安站,1720956554
治江站,3024685469
沽源站,13042499812
沾化站,5109695769
沾化西站,9254936107
沾益站,7704075804
沿寨站,9513113920
沿山站,12734050178
沿沟站,7250091634
沿河城站,4014418189
沿河城西站,3320624198
沿滩站,5278999839
泉吉河站,3938893103
泉山站,8778390198
泉州东站,7137144036
泉州东站,9207275771
泉州南站,6117524159
泉州站,1879551038
泉店煤矿站,12101074662
泉林站,8447641489
泉江站,7217730860
泉沟站,2340355357
泉港站,11197080724
泉眼站,9174163161
泉阳站,2156363605
泊力格秋站,9122624813
泊头东站,11297336768
泊头站,6336645319
泊头西站,11297336737
泊头镇站,6169941145
泊江海子站,9081737220
泊里站,9258877067
泔溪站,1681825070
法启站,7706681132
法库站,9169253666
泗亭站,7694405554
泗县东站,9694086113
泗县站,9223366463
泗安站,8096978760
泗店站,5488665644
泗水南站,9255881277
泗水站,1613210002
泗洪站,9223366462
泗阳站,3483861809
泡子站,1655741308
波密东站,11626723127
波密站,9900984535
波寨站,8154580324
波洲站,8730206391
波罗赤站,9506868277
泥江口站,8742127460
泥溪站,5774489263
泮春站,8724369777
泰兴站,1665502213
泰和站,2314116851
泰宁站,2451367679
泰安,6844103016
泰安东站,12501009355
泰安镇站,8523165384
泰山站,272494359
泰州南站,11327619631
泰州站,1608115664
泰州西站,8523247382
泰来站,2343120220
泰美站,8417536175
泰达站,9274358849
泸县站,9289413242
泸定站,9259816360
泸州东站,10246926877
泸州港区站,11341006568
泸州港站,5948263049
泸州站,9289413241
泸州西站,12247246973
泸江河站,2432360304
泸阳站,8730192801
泼河站,2370489952
泽城站,8383815590
泽普 پوسكام站,7365811219
泽润里站,1758381778
泾县站,9524548104
泾川站,3640312753
泾明站,9738779363
泾河站,2956832935
洋丹仔站,7252546306
洋县站,1555369833
洋县西站,3826011104
洋口站,4498380695
洋坊站,6322614509
洋庄站,7252546320
洋河口站,7434402128
洋河站,9223366460
洋湖站,8244168173
洋田站,7781469273
洛东站,8858748359
洛埠站,7113976647
洛宁西站,7740322564
洛岗站,8158566850
洛川北站,2958549709
洛川站,11124438464
洛川西站,2958549708
洛市站,2498570898
洛浦 لوپ站,8200685040
洛浦东 شەرقىي لوپ站,8200722747
洛湾三江站,5603764275
洛满站,4730506523
洛瓦寨站,13739142633
洛碛站,5549291108
洛羊镇站,7704127889
洛门站,2953808115
洛阳东疏解区线路所,9313028645
洛阳东站,6757299733
洛阳北站,2987841408
洛阳村站,9292699677
洛阳站,1577895082
洛阳西站,3006173724
洛阳龙门站,742649914
洛隆站,9900984438
洞井站,3410043451
洞口站,5559277119
洞噶（预留）,11835192798
洞子崖站,1607295748
洞庙河站,4017761230
洞源站,6322614506
津沪线路所,7777180185
津秦线路所,9225604063
洪善站,4076316484
洪塘站,8858778483
洪安乡站,8170642191
洪家嘴站,9916401656
洪家屯站,9269060412
洪家山线路所,9209486382
洪山咀站,3486398437
洪山头站,14101991519
洪巷站,8509141541
洪德站,8575227169
洪掌站,8398777856
洪桥镇站,11753220648
洪梅站,7063140880
洪水站,2380167844
洪沟站,8439759446
洪河站,9129925023
洪泥河线路所,9274358843
洪泽站,11335043700
洪洞北站,3629306165
洪洞站,10065913554
洪洞西站,3012035857
洪洼站,8432585744
洪濑站,8670636156
洮南站,1267537762
洲心站,9330198478
活蚕沟站,3155755318
洼里站,9269060407
派河线路所,9979737749
流坪站,8740917221
流塘站,8858762547
流常站,3949964991
流水沟站,3956103722
流泗站,8778438911
流溪站,14099372617
浆水镇站,8407344606
测石站,8379974597
济三站,9242869548
济二站,9242869549
济南东站,6184527923
济南南山站,12501009352
济南南站,5171146201
济南站,269797019
济南西,7733885005
济宁东站,9354508777
济宁北,9354508778
济宁站,808126191
济源站,1577895059
济西,8438213461
济阳站,12065906974
浏阳东站,7740242466
浏阳（废弃）,3758440866
浐灞站,9047044390
浑河线路所,9178344032
浒墅关站,1709833429
浠水南站,9691561173
浠水站,4268148332
浣溪站,3362907993
浦口南站,7197220320
浦口站,10258400668
浦后站,7252546297
浦江站,9302063145
浦镇站,10258402247
浩勒报吉南站,6905628116
浩勒报吉站,3045739840
浩良河站,9137876523
浩门站,7276651835
浪河站,3481416452
浮图峪站,986905691
浮宫站,7792920568
浮屠街站,3182593159
浮山站,3629306800
浮梁东站,11237718201
浮梁南线路所,7194699993
浮梁站,1675718434
浮石站,8856679028
海东站,2987101482
海东西站,3481030916
海东镇站,553073423
海伦站,2344167670
海兴南站,9254936110
海兴村线路所,10276915619
海兴西站,12066084834
海则滩站,7740376252
海勒斯壕南站,3685511908
海勒斯壕站,3685511907
海北站,2344167669
海口东站,5926619448
海口南站,5381139759
海口站,12747885398
海坨子站,1720394412
海城站,2162861444
海城西站,2747847515
海天站,4052276001
海头站,9192805748
海孜矿站,9226690938
海宁站,9660934593
海宁西站,7160108923
海安南站,8440210940
海安站,1608115665
海家屋线路所,7740286541
海州站,4050153584
海彦呼都格站,9072960142
海拉尔东站,4517097848
海拉尔南站,9125461469
海拉尔站,9160197909
海拉苏西站,9122624802
海晏北站,351089233
海晏站,7291883688
海林北站,9160197901
海林站,1603990125
海棠寺站,8015997044
海棠站,1999297932
海棠谷站,9740079334
海沧站,7236131504
海流图站,4072951380
海浪站,1604842612
海湾站,3807901917
海满站,9160197912
海盐西站,12609689208
海石湾站,1674414939
海门北站,11327619624
海门站,7723064116
海阳北站,4269503699
海阳站,11247677912
海阳站,9263223100
海龙站,4260941054
涉县站,2328405923
涌山站,2502569331
涌溪站,7235401600
涓桥站,8509723167
涞水站,4022925837
涞源站,1984410973
涟水站,8517087075
涟源站,1571743512
涡北煤矿站,9226690953
涡阳站,8506140192
涧池铺站,4039377619
涪陵北站,3499357609
涪陵站,1681825062
涪陵西站,5549294471
液化厂北站,9295305396
液化厂站,9295307426
液化厂西站,9295307425
涵江北站,2501331412
涵江站,7792857871
涿州东站,2753104419
涿州站,2329466304
涿鹿站,4019044329
淄博北站,9255881284
淄博站,6216630894
淄川南站,12125759371
淄川站,8463026934
淅川东站,7740322571
淇县站,8312461927
淌沟站,7315354782
淖毛湖东 شەرقىي نوم站,7369194523
淖毛湖站,7369154303
淖毛湖西站,7369194521
淡水桥站,7176602703
淦田站,8327422126
淮北北站,3624924998
淮北站,8086787453
淮北西站,11332278116
淮南东站,4530501190
淮南南站,7881542047
淮南站,9226664101
淮南西站,4526257630
淮口南站,7212021584
淮口站,5291600147
淮城站,1608116208
淮安东站,4715013921
淮安南站,11382812442
淮安站,1608116209
淮源站,8485994570
淮滨站,2370486194
淮选站,9226690990
淮阳南站,11903900434
深井子站,2349656769
深井站,12756930949
深圳东站,1942735574
深圳北站,5369745039
深圳坪山站,6708684808
深圳机场北站,7063253906
深圳机场站,7056577706
深圳站,7097725032
深州东站,11296772800
深州站,8419766774
深汕站,11187346227
深汕线路所,11559083953
混都冷站,9121569870
清凉寺站,9229648668
清凉店站,2329491728
清凉线路所,10598617810
清原站,9176129494
清城站,9198249301
清徐站,4074604854
清水井站,9123967450
清水北站,2987124106
清水县站,3652362095
清水桥站,7296224594
清水沟站,4242361469
清水河 چىڭسىخوزا站,6318115610
清水河东站,4353474819
清水河县站,9081732761
清水河西站,6317462181
清水泉站,12404403774
清水站,2987122994
清水营站,3589651631
清水西站,9097307499
清河城站,2351141706
清河站,7116372190
清河站,9122624806
清河西站,11296772790
清河门北站,9171411678
清河门站,6360386937
清油河站,3122063126
清泉南站,2987130536
清泉集站,9524436493
清流场站,9327370175
清流站,7780346114
清涧北站,12520800001
清涧县站,3029484273
清涧站,3860616576
清潭站,9202090140
清远站,8401357506
清镇站,8317988348
清镇西站,8204698626
清风店站,5444416443
渌口站,8327421979
渑池南站,742843780
渑池站,3006156365
渔坝村站,8336958359
渔溪站,5175887684
渠东线路所,9182286762
渠县北站,11067492109
渠县站,1586077432
渠口堡站,9118892099
渠旧南站,10241525403
渠旧站,1577103532
渠江站,12714048661
渠黎站,1577103533
渡口站,5232371900
渡坦坪站,5485793772
渡市站,1586077383
渡船寨站,8318985892
渤海东站,9259607255
渤海新区站,4021619864
渤海站,7919565711
渤海西站,9259607256
温家圳站,2279178858
温家店站,8157053044
温岭北线路所,11384978608
温岭站,7714110154
温岭西站,13506799194
温州东站,12926120990
温州北站,7714110150
温州南站,7693453988
温州南线路所,7693462613
温州站,7699195680
温州西站,5144874444
温德日站,9069903404
温春站,1604842622
温根托海站,9125461475
温江站,6419220951
温泉寺站,2349633685
温泉站,274366810
温福线路所,3694585921
温郊站,7781481485
温都和硕站,9119790821
渭南北站,4610089689
渭南站,1530850987
渭南西站,2928746355
渭南镇站,3650389613
渭城站,2999349668
渭沱站,7212001155
渭津站,2327447500
渭源站,3945255057
港前站,13333616439
港前站,9223366445
港口站,3084570169
港口站,4021619862
港口站,9295938752
港口镇站,1954781034
湄池站,7141648245
湖一线路所,7236789290
湖东站,4615408262
湖口站,2381264576
湖头站,1529879353
湖子浜线路所,12036174738
湖屯站,8456966874
湖州东站,11384902252
湖州南浔站,9509731910
湖州站,7342299452
湖州西站,7342408837
湖沿站,1676202775
湖滨站,8330381254
湖潮东站,7625091629
湖潮站,2341894810
湖田站,8345730521
湘乡站,10120263994
湘家荡站,13971713578
湘府路站,3410043452
湘泉站,8738182815
湘潭东站,8645251311
湘潭北站,2953763267
湘潭站,1579354024
湘红站,7167634627
湛江东站,11626298791
湛江北站,9673791219
湛江港东站,9192069848
湛江站,8440210962
湛江西站,7285032809
湟源北站,3688793545
湟源站,3143360453
湾仔北站,2936895093
湾李线路所,9513113926
湾沚南站,9242148034
湾沚站,14130327829
湾沟站,1575631515
湾边站,8440342285
湾集站,9223366430
湿地站,9740079331
溆浦南站,2953786996
溆浦站,5025277632
源潭站,8308266743
源迁站,9246201049
溧水站,2726898124
溧河站,8485965947
溧阳站,3411457487
溪南坂站,7236126632
溪口站,11309716844
溪口镇站,5485793773
溪洞站,1590462570
溶口站,7272083221
滁州北站,8454361479
滁州站,7733885002
滑县南站,2371670080
滑浚站,8745338480
滕州东站,9262897538
滕州站,8455171506
滠口站,5175991194
滠口线路所,7199396548
满城站,9262515447
满归站,9126260275
满洲里站,9160197905
满都拉站,9072960167
滥坝站,2323335369
滦南站,7783278483
滦县东站,8431451882
滦县站,7781338009
滦平东站,3956223616
滦平站,829690974
滦河沿站,4069797689
滦河站,3956221481
滦河站,9276824793
滨城站,9254936106
滨州东站,5109697046
滨州北站,8244169152
滨州大唐站,8244259544
滨州港,9075118249
滨州站,4391676555
滨江站,2333085938
滨海东站,12066326518
滨海北站,9276824795
滨海南站,12066294894
滨海港站,4050163561
滨海站,3657675426
滨海西站,3657675428
滨海西线路所,9274358863
滨湖站,9489931778
滩头湾站,8154570894
滩头站,5031582144
滴台站,9176129502
滴水湖站,12500896206
滴流磴站,2351944582
滴道站,9137873811
漂筏河站,14072867293
漓渚站,7719104373
漕河站,8363794855
漕泾站,7161813538
漠河站,9129186254
漠西站,3003935030
漫川关站,9916166802
漫水湾站,274389775
漫流河站,8398813632
漯河东站,8041771716
漯河南站,8158566856
漯河站,2504111813
漯河西站,8401357510
漳县站,8087439266
漳州东站,5100559165
漳州北站,2386368110
漳州站,5100559665
漳平站,1583788094
漳平西站,4665343367
漳河东线路所,12405990576
漳河站,8568378624
漳浦站,9258885993
漳湾站,7377472841
漾南站,11757234792
漾头站,7245028949
漾濞站,8341144774
潍坊东站,6214088059
潍坊北站,6210230208
潍坊港站,8069259527
潍坊站,6210210278
潍坊西站,6210465086
潖江口站,8015596086
潘一东矿站,9228775807
潘一矿站,9228775814
潘三矿站,9228775816
潘二矿站,9228775809
潘北矿站,9228775813
潘坊站,2974090018
潘家店站,4017721420
潘店站,8445607907
潘津站,6318134526
潘集寨站,9110874958
潘集站,5281757286
潘集选煤厂站,9235207798
潜山站,8498519355
潜江北站,3738695871
潜江站,3053778847
潞城乡站,8293150993
潞城站,2329166653
潞能站,10907101985
潢川北站,12981921305
潢川站,2370486196
潭头站,12732987421
潭寮站,9193526302
潭岗站,2279183015
潭水站,9193526298
潮南站,10554312381
潮安站,5878389518
潮山线路所,9198249299
潮州站,5610619680
潮水站,9129186244
潮汕站,5951170198
潮阳站,2832361211
潼关站,2940217737
潼南站,4970347697
澄城站,3204579638
澄迈站,7638983874
澧县北站,2492511750
澧县站,13267095690
濉溪站,3624925005
濑湍站,1577103508
濮城站,9320122082
濮阳东站,9240662213
濮阳站,9322545567
濮阳西站,10120263939
濯港站,8599205472
濯港线路所,9908902237
瀼河站,5023697012
灌云东站,4050155033
灌云站,8517238165
灌南站,8517087057
灌水站,9174163138
灞桥堡线路所,11761456131
灞桥站,2741208696
灞源站,2940517347
火夹仲站,9899713911
火炬沟站,1590840565
火烧寨站,1783909023
火焰山站,9524436499
火石泉站,9524436508
火连寨站,2349633625
火铺站,8320612424
火龙岗站,2987531157
火龙沟站,9944202156
灭火沟线路所,9295305368
灯古站,3041104949
灯塔站,9178344030
灯芯桥站,7217730129
灰埠站,10536348992
灰山港站,8742247570
灰腾梁站,9072960156
灵丘站,1984410980
灵乡站,4582667347
灵井站,8093975738
灵仙庙站,8172983656
灵宝东站,7740322563
灵宝站,2940283499
灵宝西站,7238008797
灵寿站,1630423910
灵山站,2349464752
灵川站,8154570916
灵杰站,8293700343
灵武北站,9307694649
灵武站,4071295751
灵源站,3003935032
灵璧站,9223366464
灵石东站,3012063591
灵石站,4076265640
灶火西站,12404403772
炉桥站,4341556670
炎方站,7705058635
炎陵站,3360858461
炒米店站,5091458947
炭步站,13742866627
炮车站,8406270931
点岱沟站,9081732757
点石沟站,9081737218
炼油厂（吉化）,1868603692
烔炀河站,3876267236
烟厂站,4676485661
烟台北站,6176057504
烟台南站,3315767559
烟台站,582812869
烟台西港站,6176058067
烟台西站,8259765804
烟墩东站,3688880891
烟墩站,7369567235
烟山线路所,12571207310
烟溪站,12714048662
烟筒屯站,6352086335
烟筒山站,1548856852
热当站,7329144911
热水泉站,9123967443
热水洞站,9193526295
热水站,1720956504
热电厂站,14156675329
热米站,9087403302
焉耆站,7363504701
焦作东站,7095306037
焦作北站,9320122093
焦作站,1577895039
焦作西站,8061296290
焦庄站,8378245802
焦斌站,8445785323
焦村站,2940283476
然乌站,11626564952
煤制烯烃站,4072805994
煤山站,6410097106
煤田站,1595119248
煤窑沟站,9524436497
照东站,2672692201
照口站,4498455799
照福铺站,7705012465
熊家线路所,8796965588
熊岳城站,9178344022
燕子墩站,9118892114
燕子山站,9282598413
燕子洞站,4527867094
燕子砭站,1532826997
燕家塔站,3685511921
燕家庄站,9246201042
燕山站,1938418680
燕岗南站,10651715615
燕岗站,1588514519
燕庄站,9081732789
燕湖站,9330198479
燕落站,1828590344
燕郊站,8431451892
爱河站,5397256695
牌头站,9660934590
牌楼站,8173131081
牙克石站,9126260266
牙屯堡站,12981824330
牛场站,8318649532
牛坪子站,1558444945
牛奶厂站,4676485665
牛家梁站,3156146729
牛家站,2503795707
牛家营子站,1721802919
牛庄站,9169258496
牛心台站,2349633632
牛晶坪站,8390613558
牛栏山站,7805088031
牛毛井站,3589651597
牛河梁站,4507807331
牛王北线路所,11512936445
牛王村站,8429540526
牛背梁站,10855604495
牛车河站,7249740473
牛马司站,9164484547
牟家线路所,3500312195
牟山（在建）,12401338765
牟平站,3315768037
牡丹文化广场站,6012948016
牡丹江站,1603990218
牧原站,1595119272
牧羊村站,8337345651
物流园站,9223366450
特克站,8166673850
特钢站,10943580004
特门乌拉站,13407023430
特门站,3938893109
特默特站,4072951316
犀浦东站,7780217729
犀浦站,7951474426
犍为站,7434696459
狄家河站,2958019737
狐狸井子站,1914777846
独山东站,10925473050
独山子站,7368652198
独山站,4796143753
独山镇站,5340954221
独李村站,2956832934
独流站,8442192433
独石站,5382207414
独立屯站,1731938265
独立山站,12404403769
狮子山站,2987471310
狮子岭站,9081732812
狮子营站,6741256807
狮山北站,6169134981
狮山站,9195330013
狮山西线路所,13634179175
狮岭站,8166487690
狼尾山站,14064241891
狼尾山站,1810630880
狼山站,9509616898
狼峰站,9126260262
狼抱水站,9118892087
狼窝铺站,7777165765
猛洞河站,1613271748
猴刎站,2351943512
猴山站,3956103744
玉屏站,1579354027
玉山南站,4610047848
玉山站,2453820732
玉峰站,8154841745
玉普站,11626723113
玉林东站,9189836493
玉林北站,11330687699
玉林山站,4545840846
玉林站,1541942455
玉泉寺站,8568523763
玉泉站,1603990313
玉泉营站,9118892106
玉泉镇 يۈچۈەن بازىرى‎站,8200737579
玉洞站,5429712253
玉洪站,12091626100
玉溪南站,3695399272
玉溪站,3695399273
玉环站,13506807366
玉珠峰站,7296170207
玉田北站,3972626316
玉田南站,6124510824
玉田县站,8431451889
玉皇庙线路所,12923532989
玉皇站,9123967442
玉石站,9524455332
玉符河线路所,9070869116
玉舍站,3192432224
玉门东站,2632780789
玉门南站,2635864153
玉门沟站,7792095147
玉门站,1600348026
王伯村线路所,7616088911
王兆屯站,2333085949
王华站,13434215146
王团庄站,1783909052
王场站,8182147877
王堂站,4976690843
王安镇站,1984411008
王官人屯站,13886813303
王家会站,4076525367
王家坎站,3024668975
王家坝站,1681825156
王家塔站,4070978716
王家寨站,4587890202
王家岭煤矿站,3860616645
王家排站,9705990118
王家沱站,2372230119
王家湾站,12981658800
王家站,9178344018
王家营站,11147677811
王家营西站,1534144161
王家（滴道矿）,12076326834
王寨站,8417601182
王岗站,2348271088
王庄站,10885859823
王庄站,1577895134
王庄西站,10885859899
王府站,2375041163
王木匠站,5299448847
王朱线路所,8345587449
王李站,9251152704
王村站,2419166513
王村站,4677731669
王杨站,2154670872
王树岗站,8557003176
王楼站,8417601177
王气站,9111251376
王泗镇（预留）,12393725614
王洼站,13815705025
王玉庄站,7553593020
王玉营站,9081732731
王益站,2955851924
王磨站,11134133622
王秦庄站,8259080178
王董堡站,9512571939
王里堡站,3644691697
王集村站,8502714450
王集站,13639981760
玛纳斯湖站,7368677851
玛纳斯站,7372014523
玫瑰园站,8204063701
环仓站,3688803387
环县站,8315153934
环江站,10925578497
珍珠泉站,7364331420
珍珠门站,13428157147
珏山线路所,9320122081
珞璜东站,10313421895
珞璜南站,3695372229
珞璜站,3191147592
珠宝岗站,3300212904
珠山站,2456756724
珠恩嘎达布其站,4131515019
珠斯花站,3283374417
珠江源站,7705058634
珠江路站,4676361104
珠海北站,7710011717
珠海机场站,11581097077
珠海站,7710011713
珠海西站,6254779325
珠海长隆站,8401353562
珠海鹤洲站,11606949398
珠玑巷站,3797733202
珠玑站,6176057517
珠玑线路所,9251152707
珠琳站,5208598915
珠矶滩站,12982640776
珠窝东站,9265808483
珠窝站,9265808484
珠藏站,12725718302
班佑站,11115758257
班猫箐站,8334266955
珲春 훈춘站,6545269239
珲春南 훈춘남站,8704191229
珲春西站,9171411663
理合务站,8239658487
理塘站,9899716493
理家坪站,8744501964
琉璃河南站,8382763904
琉璃河站,8363785413
琚湾站,1422773334
琥市站,9980091036
琵琶湖站,2509914529
琶洲站,12712336083
琼吐尔站,7319353491
琼海站,3921776006
瑞安东站,12926120987
瑞安北站,7714110149
瑞安站,7714110148
瑞山站,7801529892
瑞昌站,1769587484
瑞昌西站,3438554349
瑞金站,2837798894
瑶山站,3739155293
瑶曲站,2758338404
璧山站,3500459008
瓜州站,1601166970
瓜形站,8508781149
瓜房子站,9509616899
瓢儿屯站,9174531416
瓦园站,582408200
瓦塘站,7799682269
瓦屋山站,2760645643
瓦房店站,1660110953
瓦房店西站,9179735859
瓦房站,9506868286
瓦拉干站,9129186258
瓦石峡站,8204071009
瓦祖站,2092190117
瓦窑坝站,9111251395
瓦窑滩站,4072824069
瓦窑田站,6306262843
瓦窑站,8406270930
瓦西站,12047789845
瓮安站,8318414311
瓯海站,7693453987
瓷窑湾站,3685511918
甘井子站,8756066322
甘亭站,3632342330
甘其毛都站,4072951317
甘加站,11113402408
甘旗卡站,1655741289
甘棠站,1675935499
甘森湖站,12404403775
甘森站,7319313626
甘森西站,12404403776
甘河工业站,12901246296
甘河站,9126260258
甘泉北站,3029246484
甘泉堡站,6296207743
甘泉站,1607295752
甘洛南站,7702806061
甘洛站,2092189953
甘草店站,12981658799
甘谷站,2953819421
甘隆站,6339864765
甘霖站,6308124702
甘露山站,3856526083
甜水井站,1507522976
甜水堡站,8575228362
生地湾站,9076173192
生存岛站,9638789774
生米站,2280772560
生芝渠站,2584265283
甫头站,4022925839
甫草线路所,12644849207
田丁寨站,7935632137
田丁站,8293209400
田东北站,4039429524
田东站,9186758537
田义屯站,9761526410
田坝站,10649058855
田家咀站,2758349364
田家寨站,12736178006
田家庵站,9226664097
田家洼线路所,3313550450
田家窝堡线路所,9179735875
田家站,9166853488
田市站,8541577164
田师府站,4507679121
田庄站,1793537386
田庄站,8095297276
田庄站,9274358858
田心东站,8480158176
田心站,4973838356
田村站,3671675759
田林站,8314461909
田柳站,6240924033
田梁子站,8323790616
田楼站,4050159746
田水井站,8419766779
田源站,7780346105
田王站,2726647402
田盖素站,3685465600
田荣站,8272571815
田阳站,1568905666
田陈站,9242869569
田集电厂站,9235207801
田集站,9228775815
甲兰营站,9111251377
甲山站,5405983948
甲搏站,12091626117
甲村（预留）,11837753483
甲格（预留）,11835182621
甲猫站,8307828067
甲竹站,5503063618
甲路站,7272083198
申亭站,8526665999
申家店站,2329802063
申家沟站,8198238224
申楼站,8095297274
申西站,8093975755
电厂站,13506342943
电厂站,13508852350
电厂站,9242869551
电城站,10302396545
电白站,9192805736
甸尾站,4528283539
甸心站,1758381620
甸苴坝站,4527882369
画桥站,1675935502
界山站,2154670849
界沟矿站,9226690930
界河站,8440117517
界牌集站,9312908619
界首南站,12739050370
界首市站,4772248243
界首站,8455171500
留守营站,8411605660
留庄站,6745913092
留誉站,4074614266
略阳站,2324653292
番禺站,8954286527
畬江站,7707577737
畲江北站,13061379939
疃村线路所,8248422525
疏勒河站,1600775333
疏勒站,7365811224
登沙河站,1659252249
登瀛崖站,8173071072
白乐站,4014501727
白云北站,3060364299
白云机场东站,4740080195
白云机场北站,9198249305
白云机场南站,4740080193
白云湖站,12690215352
白云西站,9414290759
白云鄂博南站,9072960173
白云鄂博站,2662698080
白仓站,8742721984
白加道 Barker Road站,988059821
白勉峡站,9295305364
白合站,1577894997
白土岗站,11909987360
白土梁站,9299765148
白地市站,8154570889
白坪站,8163363240
白城北站,9125461496
白城河站,9292699671
白城站,1730851478
白堆站,7279526245
白塔埠站,8406222485
白塔子站,9121997534
白塔村站,7706586838
白塔站,9509616896
白塔镇站,12718780476
白墩子站,9007045690
白壁关站,2328374339
白奎堡站,2662698055
白家庄站,13882570038
白家店站,8439739101
白山东站,10556364298
白山乡站,2662698063
白山坪站,12982917349
白山市站,6270597083
白山站,8154580332
白岩站,14177579126
白岩站,5166295809
白岸站,8407393612
白市站,9171411679
白市驿站,3500309897
白干湖站,7369068578
白庄站,9274358851
白庙站,10754040954
白彦花站,2662698071
白彦花西站,12712693775
白彪线路所,9512571938
白文东站,4067925706
白文北线路所,9287647730
白文站,4066589962
白旗站,4069797691
白村站,2958239140
白杨坪 (预留),3499304147
白杨河 تەرەكتى站,6332802112
白杨河站,2302335322
白杨畈站,3182599315
白果村站,10895837526
白果站,10914009270
白果站,2092189933
白桦排站,2662698051
白水井站,9166853442
白水县站,3204579685
白水塘线路所,13654916073
白水江站,2373005111
白水河站,8320810075
白水站,11490175236
白水站,8175902362
白水镇站,1759329282
白沙北站,9295636272
白沙坡站,1964179109
白沙洲站,8073510158
白沙站,1586701862
白沙线路所,12982640779
白沙铺站,4040273119
白沙镇站,13374222463
白沙镇站,7252546294
白沟站,3947949904
白河东站,3074370255
白河县站,2662698050
白泉站,2327447484
白洋淀站,9269060395
白洞站,7644745580
白浪站,8597511435
白涛站,1681825045
白涧站,1984410959
白湖站,12211994992
白源站,2445668931
白狐窑站,10898954825
白狼站,1730851489
白玉站,9900025760
白玉都站,9122624814
白盆窑线路所,9265808489
白石东站,9209486379
白石山站,1590460679
白石岩站,2092189940
白石渡站,5110462457
白石湖东站,7369194519
白石湖南站,7369194520
白石站,3362902707
白碱滩站,7368677853
白礁站,7236131503
白秋站,8485960494
白羊墅站,7878290430
白羊墅西信号站,9727669666
白腊寨站,4039917216
白腊桥站,8739489444
白芨沟站,2662698053
白草洼站,9265808491
白莲站,8506577001
白蒲站,1666058768
白蜡坪站,4267158584
白蜡站,10108678012
白衣站,8176179705
白达营子（预留）,13043317974
白银南站,9049173488
白银哈尔站,2662698074
白银市站,7773474954
白银西站,840181276
白音他拉站,1720956437
白音华东站,9069903373
白音华南站,9069903374
白音华站,9069903375
白音察干站,843202345
白音库伦站,9072960155
白音昌站,9122624810
白音胡硕站,9123967439
白音芒来站,9072960148
白音郭勒站,9069903394
白马井站,3926580651
白马公园站,13505925683
白马公园站,778873065
白马北站,5670951192
白马厂线路所,8437382206
白马垅站,582373929
白马寺站,3006173725
白马山线路所,6210853779
白马河站,8407290229
白马溪站,5485783988
白马站,1681825030
白鸡坡站,2323960862
白鹤铺站,8154570887
白鹤隘站,9189836491
白龙塘站,2500599709
白龙桥站,5488773095
百亩井站,8725285728
百口泉站,6332778289
百善物流园站,9226690987
百善站,4693355490
百子湾站,7768585413
百宜站,3740824339
百尺河站,9246201060
百底站,3860616575
百浪站,2661130698
百灵庙站,9072960171
百色东站,7237105197
百色站,7775792085
百里峡站,4069810143
百里村站,8154570909
百龙站,12091626109
皂坡站,4021589678
皂角树线路所,12337251220
皂角磅线路所,11443157086
皂角铺站,10120264008
皇后园站,7792104827
皇图岭站,5176143886
皇城坳站,9189836467
皇寺站,8407294673
皋兰站,9118892082
皋埠站,7719079446
皮口南站,1659252280
皮口站,8934540859
皮山 گۇما站,7365811216
盂县东站,8277853401
盈宁站,604278245
益口站,7236082607
益阳东站,7266064582
益阳南站,9521850456
益阳站,1613124736
益阳西站,7266064583
盐坨站,7483471516
盐城北站,4050200104
盐城大丰站,8172569885
盐城站,7682857921
盐山站,3949949843
盐步线路所,11607677148
盐池站,3589647960
盐泉北站,7276635777
盐津北站,5031688328
盐津南站,10185206683
盐津站,1964179112
盐湖站,7372158700
盐湖站台站,5770940653
盐湖西站,2987142955
盐田站,10779289546
盐边站,5230059148
盖州站,9178344023
盖州西站,2427157471
盘关站,2323529378
盘古寺站,3860370992
盘古站,1252110339
盘塘站,4938220151
盘山站,9167905923
盘州站,3328330805
盘脚营站,8310098476
盘锦北站,11630746913
盘锦港站,9167905920
盘锦站,9169258499
盘龙城站,9317600735
盛泽站,11672638199
相思河站,3740824338
相见站,8739401546
眉县东站,2999331938
眉县站,2999331940
眉山站,1588514451
睢宁站,7127162182
督河村站,4039975996
睦村站,3362903229
矮岭站,8154580323
矮陂线路所,7236789289
石丫口站,8320580347
石人城站,2344167673
石人沟站,7781504425
石人站,2156363606
石会站,8390713759
石何杨线路所,11860260824
石佛河线路所,13094868156
石佛站,6569986064
石化厂站,6308099751
石台站,9223898610
石吉线路所,13742259820
石嘴山南站,9118892113
石嘴山站,10908431434
石围塘站,2783733982
石圪台站,3685511917
石场线路所,1587088563
石坂墩站,9524436514
石坊站,14072867295
石坑站,3362901901
石坝站,5013362926
石城东站,4019707142
石城村站,3699740690
石城站,1592559602
石塘路站,1828590347
石大关站,10574674381
石头咀线路所,11301438798
石头寨站,8320782846
石头站,1604842619
石子坝站,1681825135
石子山站,6989639107
石家庄东站,2329423073
石家庄北站,3628253437
石家庄南站,8405376884
石家庄站,7735515019
石家庄西站,3628199266
石家村线路所,8248422629
石家滩站,3026390660
石家站,7923463040
石屏站,477459375
石屯站,12091626131
石山站,1582507268
石岗站,9299765129
石岗线路所,11273556739
石岘站,1590460741
石岩寨站,8361119271
石岭站,2327447496
石岭站,9263223094
石崖庄站,3688793546
石帆站,7702364119
石庄站,4076444557
石庙沟站,3085823464
石房子站,12212964521
石景山南站,1189200434
石景山站,644621576
石材园站,12424987331
石板哨站,2341894813
石板墩南站,3688860638
石板梁站,4999744649
石板滩站,3195094192
石林南站,8334226623
石林站,1569661844
石林西站,3695429386
石柱东站,11716412872
石柱县站,3499352412
石柱槽站,8173675279
石桥北站,1639601726
石桥子站,2349633663
石桥站,8176213156
石桥镇站,8172962880
石梁子站,9076173198
石梯站,5351319497
石楼县站,4074614572
石楼站,2391264902
石榴园站,12541190073
石槽村站,4071291818
石河子站,7371981475
石河站,8756070733
石河站,9131669905
石泉县站,1556058499
石泉子站,9076173197
石泉站,8727068044
石涧站,4074915626
石渣厂站,3628302021
石港口站,9258877065
石湖站,1550539284
石湖荡,11029495367
石湾站,8327422191
石溪站,3227950940
石滩站,1607295759
石滩站,8383166681
石燕桥站,1892185302
石牌站,8383166684
石碌站,7639802000
石磷站,9131669912
石窑坪站,8383184220
石窑店站,8128207125
石羊线路所,9336859431
石脑站,1722109925
石芬站,3493025129
石菉站,9193526299
石选站,9226690991
石郎庄站,8431451886
石里霍图站,9072960179
石钱滩站,11524696647
石镜站,5211777602
石长站,2154670863
石门县北站,4812631025
石门县南站,4866742957
石门县站,12981749290
石门口站,4014483925
石门圩站,2838825239
石门坎站,3011848396
石门子站,5239598839
石门寨站,9263223096
石门岭站,9176129498
石门庵站,7781469279
石门村站,9111251391
石门河站,4734996892
石门站,14099372616
石门站,1582507261
石首站,7740357585
石马坝站,8164677375
石马线路所,9327370169
石鼓塘站,8855785248
石龙站,9177540209
矿务局站,10973711955
矿区铁路中心站,8095297275
矿山站,8503926532
砀山南站,7232690207
砀山站,7949727291
研和站,8344054858
砖厂站,13511662075
砚北站,13645214931
砚川站,2940517352
砚石台站,8059179212
砬子河站,2156363603
破碎站,8503926530
硕放站,8452913703
硬石岭站,1675935548
确山站,3303805636
碌曲站,11115663853
碑廓站,9242869610
碣石山站,9254936109
碧州站,2662698150
碧江站,7710011708
碱厂站,9174163135
碱柜站,9118904617
碾子山站,1595854629
碾子沟站,4676361115
碾庄站,8406270574
磁县站,2329407067
磁家务站,3412129661
磁山站,2662698274
磁涧站,3006173723
磁窑站,2662698277
磊口站,4074928883
磐安南站,8526666001
磐安站,11340620938
磐安镇站,3840301027
磐石站,1548856828
磨刀石站,5344605877
磨心坡站,3500253632
磨憨站,9847290915
磨盘山站,1590464076
磨砂溪线路所,12486695571
磨砂溪线路所,12486695572
磨黑站,8344405659
磴口站,10913546178
磹口站,7236126630
礼乐站,1759460640
礼元站,4076200759
礼州站,274389795
礼泉南站,5761862716
礼泉站,2941777341
礼贤站,11410594720
礼门站,7935693249
社城站,8390747378
社棠站,2954003072
社港站,7740249125
社科站,4067966888
祁东北站,2644149545
祁东矿站,9226664102
祁东站,5141988543
祁东西站,8154570888
祁南矿站,9226664116
祁县东站,9494299309
祁县站,5238964683
祁家堡站,1662256010
祁门南站,11237678497
祁门站,1675935522
祁阳北站,2422697205
祁阳站,3975677440
祝家浜线路所,12036174737
祝家湾站,3613934610
神东站,3685511922
神农架站,5575694848
神头站,3143440866
神山北站,13742866603
神山站,12690215353
神峪沟站,9719904722
神峪河站,1783909044
神州站,3923323853
神星站,9263232733
神木北站,2361435747
神木南站,4533792902
神木站,3685518443
神木西站,3156214516
神树站,2154670862
神池南站,2361435771
神池站,3700491556
神港站,9276824804
祥云站,8327654834
祥云路站,8880454143
祥瑞站,10885859984
祥符荡站,13516002822
祯埠站,7702364118
禄丰南站,4528311945
禄丰站,1758381679
福中站,13934200596
福临堡站,2280641769
福兴地站,9119790817
福兴城站,9081732804
福利区站,4181709997
福利屯站,9129925028
福利站,8858772748
福厦线路所,3694585922
福塘站,4730506521
福安南站,12926120974
福安站,5099753623
福山东站,6176057518
福山北站,6176057382
福山口站,3221000847
福山寺站,8431451885
福山站,13506343021
福山站,9657303776
福山镇站,3926567133
福州东站,9207275762
福州南,7719582540
福州站,6999105218
福巨站,9119773614
福德站,1529879342
福泉东站,6273080816
福泉站,4933590191
福海 بۋرىلتوعاي站,7368677843
福海西站,7063140991
福清站,1878843430
福清西站,9245320938
福港站,1675718407
福溪站,8184127153
福生庄站,1597596182
福田站,2310688619
福金站,2349438705
福集站,9162699852
福鼎站,2479269524
福鼎西站,12926120980
禹城东站,4039416861
禹城站,8455171495
禹州站,5575721522
禹州站,9313028644
禹门口站,3860616644
离堆公园站,2981056888
离石站,4076525366
禾家村站,7249740472
禾山线路所,11197263425
禾市站,3362691062
秀全站,13742866613
秀山站,1681825182
秀屿线路所,3747907708
秀峰线路所,7266064580
秀水河站,7296224592
秀英站,7639828443
秃顶山站,13505962569
秋梨沟站,7160979270
秋浦站,8509719085
科那站,7365783606
科韵路站,12712336082
秦东上联线路所,9277294012
秦安站,3682215468
秦家庄站,1698277429
秦家站,2154670858
秦岭站,1546239752
秦庄线路所,11645539599
秦沙辅助所站,11209734869
秦淮河线路所,7197518161
秦王川站,8243566657
秦皇岛东,7777687788
秦皇岛南站,7777687789
秦皇岛站,3523553900
秦祺村线路所,11512936467
秧田冲站,11158294419
秧草地站,8334113899
秭归站,13431715513
积金南站,7212029085
积金站,8155085820
程家庄站,8437402279
程家站,4551025869
程村站,7798353051
程祥站,3888692142
税郭站,8454007046
稔竹站,8154580338
稷山站,1609056541
穆家店站,9506868288
穆家沟线路所,9908806524
穆庄站,8456936296
穆村站,4074611208
穆棱站,7188268787
穆沟站,6964986998
穰东站,1589812263
空投基地站,9314921233
穿山港站,7687064595
穿山站,11873703176
穿心店站,8293700336
窑上站,1553909153
窑场站,8406298514
窑村站,2876178097
窑村西线路所,13100744370
窑街站,3958029643
窦妪站,8382763913
窦家沟站,7894376218
窦庄子站,8410563579
窦店站,8363785403
立井站,11944888828
立井站,12211994990
立志站,1731938299
立新站,10892808995
站西大道站,3328298203
竞秀站,3614600943
章丘北站,9255881286
章丘南站,10277066297
章丘站,8436796782
章党站,9176129499
章古台站,2340355365
章村站,9258877060
童亭站,9226690945
童家溪线路所,7212001157
童家站,3559549536
端州站,5652369240
端氏站,3860349170
竹园坝站,8164515556
竹园站,8168457079
竹料站,12712348633
竹溪站,9242148054
竹马馆站,7824756883
笋岗站,8383166679
笔架山站,2662698143
笕桥站,2454049450
笕桥线路所,7160193958
符离集站,3624940373
第一滩站,13588835324
策克站,7473325533
策克站,9081732729
策勒 چىرا站,8200722743
策达雅 چېدىر站,5459595000
筠连南站,10667666355
筠连站,9329260406
筻口站,7740286551
简子沟站,9730798264
简家坡线路所,9307694620
简州站,12387860408
简阳南站,3500462638
简阳站,2375939323
算王庄站,8445860961
管家堡线路所,9169258504
管店站,8454361474
箭口站,9246201057
篁墩站,7272083212
簕竹站,8440342288
米兰东站,12212964520
米兰站,7319259959
米场站,8855979703
米宁庄线路所,12651023537
米山站,9192069849
米易东站,9846723811
米易站,1558444943
米林站,7329138461
米沙子站,2348271087
米泉站,6296207744
米美站,11626723105
米脂北站,12520800007
米脂站,1606443999
粟城站,8383768212
粮校站,4676361140
精河 جىڭ ᠵᠢᠩ站,1902381604
精河南 جەنۇبىي جىڭ ᠡᠮᠦᠨ᠎ᠡ ᠵᠢᠩ站,1902355169
糜杆桥站,3753841690
糯垌站,8859191861
索伦站,1730851586
索尔库里站,7319259964
紫云站,12091508856
紫泥泉站,3373834199
紫溪站,8154570897
紫荆关站,1984411049
紫金山东站,7197704006
紫金山站,8280728427
紫阳站,1556058508
綦江东站,3695373142
綦江北站,8190990043
綦江站,2327990932
繁峙站,5279548424
繁昌站,2987531141
繁昌西站,9242148044
红一矿站,9295636269
红二矿站,9295636268
红井子站,4071848321
红会站,9299765147
红光站,9523224050
红光西线路所,9523224051
红光镇站,9327370167
红兴隆站,2329566268
红升站,12078908868
红卫坝站,2324653265
红卫村站,9121997533
红卫站,12982932296
红卫站,8481094903
红原站,11115758331
红台站,9524436503
红圈沟站,4128354082
红土坡站,13411785021
红土站,3697044155
红土站,7202301455
红埠寺站,2912792720
红塘湾站,12747906904
红安站,7199441361
红安西站,7199441362
红寺堡北站,7707974988
红寺堡站,11757094632
红层南站,2987136045
红山口站,9524436501
红山咀站,7368677856
红山堡站,9524455320
红山站,2154670847
红岘台站,2340696419
红岛站,5111172547
红岭站,7363525934
红峰站,2092189972
红峰线路所,9868732637
红崖站,8390594062
红彦站,6308154308
红旗坎站,9524436502
红旗屯站,8293150981
红旗村站,9524436509
红旗渠站,3174472512
红旗站,1582507174
红旗线路所,11761456712
红旗营东站,3701345892
红旗营站,2343318807
红旗镇站,7368677858
红星四场站,5485514757
红星站,12982956204
红星站,6390678097
红星线路所,7237754196
红果站,2323529366
红柳井站,13739142636
红柳川站,6223194562
红柳沟站,4071807990
红柳河南站,2987131890
红柳河站,7369068583
红柳站,5010524114
红柳站,9118904881
红梁子站,9118904882
红沙岗站,9295636270
红沙梁站,13521571042
红沟窑站,4071848332
红河站,10091196499
红泉站,7473462483
红海站,9914675146
红炭山站,7236789288
红牌楼站,9336859437
红石岩站,9292699686
红石峡站,3156146730
红石崖站,1596579468
红石崖站,9246201034
红石桥站,9292699672
红石砬子站,9171411641
红石砬站,13437568763
红石站,2336082793
红砂坝站,1694262013
红砂岘站,9118892085
红花园站,8308420534
红花塘站,1817420718
红花沟站,1720956480
红花站,5380534763
红花铺站,1545968420
红螺寺站,9638789775
红进塔站,3700492096
红部站,9126260261
红龙站,9899716444
纪家沟站,844681837
纯化站,8457282556
纳岸站,12091626125
纳朝站,8857160235
纳林川站,9081732811
纳林沟门站,4071010316
纳林河站,7740376251
纳林皋兔站,9292699639
纳林西里站,3045724425
纳溪站,5948263050
纳赤台站,6339840090
纳雍站,9329260397
纳雍西站,9329260396
纸坊东站,2832809379
纸坊站,8337379793
纸店站,8491578431
纺织城站,2726647406
线路所,12369706676
线路所,12404314582
线路所,12466414932
线路所,12471551065
线路所,12486695573
线路所,12981921309
线路所,13114677469
线路所,13250081084
线路所,13325733862
线路所,13325733863
线路所,13608933985
练塘站,11672638207
组合站,9282598404
绅坊西站,9209486378
细鳞河站,9137873798
织里站,11753220611
织金北站,7706681129
织金站,3426979825
绍兴东站,5382282762
绍兴北站,7714110164
绍兴站,1579354023
绍包特站,9119790829
绍根站,9119773616
绍水站,8154570907
经久站,8151140516
经棚站,843276771
绕阳河站,1655741317
绛帐站,2999345285
统军庄站,3182650877
统景站,10313458329
统景站,13674982604
绣峰站,6316810853
绥东线路所,12204786788
绥中北站,1582507290
绥中港站,9179735860
绥中站,6499134181
绥化南站,12750145341
绥化站,3768463959
绥德站,1606221014
绥德西站,12520800004
绥棱站,2344167675
绥芬河站,8948902792
绥阳南站,5082241388
绥阳站,5082241584
继承站,9125461470
绩溪北站,9242148049
绩溪县站,7272083204
绰尔站,10798702237
维罗站,8154580339
维马克站,12211994988
绵竹南站,4905588130
绵竹站,4360101223
绵良站,7236099479
绵阳北站,14155798682
绵阳南站,12814651369
绵阳站,1742504939
绿化站,2623959073
绿博园站,3257681290
绿梁山站,5010529881
绿水站,8786471050
绿潭站,9137876524
绿荫湖站,2643971321
缓岭站,10270962858
编组站,13934170017
缙云站,7702364123
缙云西站,7705042791
缯溪河站,3024721310
缸房夭站,1710092398
缸窑沟站,5583528221
缸窑湖站,8509639373
网岭站,5176143900
罕井站,3697044127
罕台川北站,3045632712
罕台川站,3045632030
罕达盖站,9125461478
罗中站,5457244728
罗同站,8859166657
罗坊站,2279198906
罗坭站,10108687048
罗坳站,2838829945
罗城站,5023447655
罗妙真站,5295913003
罗定北站,12644750363
罗定站,5711018314
罗家桥站,3097123145
罗家渡站,8321044512
罗家祠站,5655797145
罗山站,1095127254
罗屿东线路所,9207275767
罗屿站,9207275770
罗岗线路所,9229648670
罗布庄站,12211994994
罗布泊南站,13739142637
罗布泊站,13739142638
罗平站,4357371949
罗庄站,12957861785
罗敷站,3055465230
罗文皂站,2665976099
罗江东站,3894496841
罗江站,3894496836
罗浮山站,10271063769
罗源站,1895255830
罗溪村站,11694228215
罗王站,6757855583
罗玛站,6274553749
罗田站,3499334916
罗荣庄线路所,12402758581
罗铺站,2370644361
罗阳线路所,11187244408
罗麦站,9900025775
羊三木站,8410567754
羊八井站,7296234978
羊八林站,7296234979
羊口站,9254936103
羊场湾站,4071548561
羊坪站,5514622812
羊堡站,1534144162
羊塔克库都克站,7365718249
羊尾哨站,8364176783
羊木站,3500351615
羊者窝站,4357594762
羊臼河站,1758381765
羊草庄站,7679262811
羊草站,9137873792
羊角沟站,6524836174
羊马站,7715301466
美兰站,7639835673
"美國小鎮大街 Main Street, USA站",357140849
美岱召站,1694174655
美溪站,9129186231
群克站,12211994983
翔安站,5175876234
翔西线路所,7168352812
翟镇矿站,9242869574
翠亨站,9195330015
翠屏山站,3972626285
翠屏站,1574205198
翠岗站,1252233949
翠峰站,1252233939
翼城东站,3218320255
翼城站,3218363029
耀州站,3697044208
耀州西站,3653614511
老君站,9322545558
老城镇站,3926574381
老堡站,7794871061
老寨站,12798136141
老岭站,1550539278
老庄子站,9118904955
老庄子线路所,9276824794
老府站,1721802918
老松岭站,4373641710
老柏沟线路所,11357733583
老河口东站,3483188021
老河口站,8548333008
老爷岭站,2332707897
老牛湾站,9081732760
老盐池线路所,11758120872
老石旦站,9098127456
老磨刀石站,1603990214
老礼堂站,9085696684
老穆棱站,3734238500
老粮仓站,8742307959
老罗堡线路所,9336181485
老羊壕站,9111251387
老莱站,1593383661
老营站,2381432148
老营镇站,8386306171
老虎台站,10917569590
老虎屯站,9166844945
老虎山站,9123967449
老边站,2349495350
老锅厂站,1964642673
老院子线路所,9329260403
老隆线路所,11752698126
老鸦城站,3754533972
老鹰石线路所,12529326978
者桑站,8329596501
耒河线路所,7263436399
耒阳站,8308266740
耒阳西站,8393714002
耶仁高勒站,4072951384
耿坡站,8018359583
耿庆沟站,9081732730
耿湾线路所,11332278128
耿达站,11202356354
耿镇线路所,11764057883
聂各庄站,7798843257
聂家湾站,3864640853
聂庄站,6367177963
聂村站,8390870041
聂河站,1252171808
聊城,6225072999
聊城东站,6427566587
聊城北站,2651716243
聊城西站,10650882519
联光站,9072960174
联合乡站,2092190005
联合坝线路所,12475981667
联通河站,7296275991
聚源站,9327370165
肃北站,5010493644
肃宁北站,3915762569
肃宁河间站,11296772803
肃宁站,2351141710
肃州站,9265488875
肇东站,3701360574
肇庆东站,9195330007
肇庆站,7453106321
肖厝站,8327599040
肖家站,4666461821
肖家站,9081732801
肖王站,9226690919
肖马杨线路所,9913840817
肥东站,9242148038
肥乡北站,3649043883
肥乡站,3649043873
肥城站,8456964130
肥西站,10120263982
肯德隆站,7319236185
肯洛站,8858782217
育新镇线路所,9506868285
育英站,6390643961
背开柱站,4663166666
背荫河站,2333085937
胜利站,9076173203
胜利线路所,11209735006
胜利镇站,5697139253
胜昔桥站,8725163007
胜芳站,3949357977
胜金北 شىمالىي سىڭگىم站,7276599865
胡乐站,7272083199
胡会站,9287647739
胡家寨站,12734050176
胡家营站,4780859367
胡庄站,8482789762
胡庄线路所,11711016292
胡张庄线路所,9276824802
胡斯台站,5009761945
胡桐林站,7368810566
胡王线路所,11860260823
胡豆堡线路所,7211574514
胡集站,12981749287
胥各庄站,7781338013
胪滨站,678741516
胶州北站,6201492201
胶州站,2333425138
胶西站,8500082728
能信电厂站,13200405479
腰古站,5652914672
腰屯站,14003841758
腰栈站,8428776172
腰泉子站,9524455319
腰站街站,5599439289
腻革龙站,8329750085
腾桥站,2501364616
自安线路所,12626083763
自贡北站,8869317179
自贡南站,6353545863
自贡站,8599259653
致富线路所,9171411685
致祥屯站,14072867294
舍伯吐站,2576637054
舍力站,1273438601
舍力虎站,1720956513
舒兰站,2332808254
舒城东站,9987644050
舒城站,1642883470
舞钢站,8093975745
舞阳北站,12147781410
舞阳站,8086727152
航埠线路所,11245305447
舵落口站,7197875276
船寮站,7702364116
艮山口站,8740938516
艮山门站,13475207680
艮山门线路所,7718873421
良乡站,8313484663
良各庄站,1984410977
良岸站,7702364115
良江站,8154580334
良田镇线路所,12078093027
色连站,4070997953
艳山红站,3740820637
艾不盖站,2662697998
艾乐站,7368824856
艾友营站,9171411676
艾家村站,2662698002
艾河站,1984410958
艾田站,9334658551
节点 10028588374,10028588374
节点 10901470928,10901470928
节点 10901620650,10901620650
节点 11026583255,11026583255
节点 11026583428,11026583428
节点 1187007662,1187007662
节点 12078908974,12078908974
节点 12124101061,12124101061
节点 12124110712,12124110712
节点 12236649868,12236649868
节点 12236649888,12236649888
节点 1234839169,1234839169
节点 12466562632,12466562632
节点 12897009598,12897009598
节点 13022901211,13022901211
节点 13132460023,13132460023
节点 13263915744,13263915744
节点 13276905820,13276905820
节点 13394453201,13394453201
节点 13394453203,13394453203
节点 13444715337,13444715337
节点 13444741533,13444741533
节点 13444741534,13444741534
节点 13452387119,13452387119
节点 13462173835,13462173835
节点 13462173836,13462173836
节点 13505510933,13505510933
节点 13789543577,13789543577
节点 13836462613,13836462613
节点 13907151486,13907151486
节点 13934170018,13934170018
节点 14099314354,14099314354
节点 14099314372,14099314372
节点 14162194929,14162194929
节点 1664130127,1664130127
节点 1775109627,1775109627
节点 1964181171,1964181171
节点 2169178988,2169178988
节点 2200995703,2200995703
节点 3242253738,3242253738
节点 3242425761,3242425761
节点 3243321874,3243321874
节点 3261057796,3261057796
节点 3589647958,3589647958
节点 3589647959,3589647959
节点 3972718302,3972718302
节点 4527856947,4527856947
节点 4553356420,4553356420
节点 4587890201,4587890201
节点 6855505462,6855505462
节点 8025321108,8025321108
节点 8242093632,8242093632
节点 8581530426,8581530426
节点 8974514371,8974514371
节点 9001969455,9001969455
节点 9027139203,9027139203
节点 9082667765,9082667765
节点 9450289541,9450289541
节点 9474003870,9474003870
节点 9599890264,9599890264
芒市站,8341413154
芒市西站,8341454154
芙蓉南站,3410043448
芙蓉田站,7638983870
芙蓉镇站,9544816608
芜湖东站,3751701578
芜湖北站,4592096951
芜湖南站,7791053789
芜湖站,9235207765
芝兰庄站,4052272789
芝溪站,7702364117
芝罘站,6382928235
芝阳站,2958239181
芦台站,3953290518
芦头站,9251152706
芦官站,7625091630
芦家屯站,4391464338
芦家庄站,1668749950
芦家村站,1596389960
芦岭矿站,9226690966
芦岭站,4071368589
芦庄站,8375451249
芦庙站,9524178595
芦沟站,8333280957
芦洪市站,8742776881
芦溪站,1579621877
芦潮港站,1551695122
芦芝站,7236099484
芦花台站,9118892110
芦草沟站,6296203441
芦草河站,7276779888
芨岭站,9524455331
芨芨槽子站,7372158702
芭蕉沟站,3227951431
芭蕉沟线路所,7239070179
花兰箐站,8339099563
花博山站,9174163141
花园口站,7934261997
花园子站,7369008126
花园站,4448663390
花園道 Garden Road站,13876192807
花土坡站,8320421139
花坡线路所,14060789348
花坪站,7167634581
花城街站,9198249307
花家坝线路所,13171639683
花家庄站,9182286755
花山南站,3377805383
花山线路所,9317600738
花山镇站,9198249306
花庄站,7315354783
花庄站,9320122083
花所站,3640312752
花果站,3080266547
花果营站,1914777956
花桥站,4249835303
花桥镇站,9914388361
花棚子站,8460009972
花椒坡站,10599205167
花楼坝站,7713641010
花湖湿地站,11115721604
花湖站,3097124894
花溪南站,3740822592
花溪大学城站,7625151870
花溪站,11764002371
花溪西站,7625091631
花石站,8163363248
花赖站,3191254423
花都站,9198249309
花鼓山站,7217592973
花龙门站,3931615564
芳山镇站,9171411684
芳溪站,6322602590
芷村站,3969182248
芷江站,2953799860
芷江西站,2953795022
芹泉站,8380107052
苇塘站,9178116412
苇子沟站,1590460765
苇河站,1603990260
苇河西站,9160197903
苍南站,7714110146
苍坪站,8323744547
苍溪站,3596013093
苍石站,2662698165
苎园站,2838826081
苏古尔站,7368822659
苏吉达巴站,9069903366
苏坂站,4658270870
苏宏图站,7473373517
苏家坡站,1607295761
苏家屯站,9174541218
苏家站,9513113917
苏尼特左旗站,5045240332
苏州东站,12548076967
苏州北站,2716410468
苏州南站,10120264001
苏州南站,12326998463
苏州园区站,9242148028
苏州新区站,5158381514
苏州站,5218876252
苏州西站,7843813333
苏布台站,7368822658
苏干湖站,5010512120
苏格河站,9126260263
苏桥站,8158566853
苏桥西站,8158566852
苏泊淖尔站,8187829510
苏溪站,11309194092
苏祖克萨依站,7319259961
苏雄站,12373618023
苏雄站,1588514504
苏集站,3465652749
苏鲁克站,7369154304
苗圃站,8093975759
苗山站,9246201046
苗市站,5485779797
若尔盖站,11115758210
若巴谷站,8342179669
若羌 چاقىلىق站,7319259957
若羌北站,12211994997
苦水沟站,5010529569
英吉沙 يېڭىسار站,2783387970
英库勒站,7319353485
英德站,8308266742
英德西站,2764430330
英苏站,12211994989
英豪站,3006153563
英达线路所,9176129504
英雄岭站,12404403782
英额门站,2327511902
苹塘站,5711018315
苹林站,5864577432
茂兰站,8342297903
茂县站,5151602754
茂名东站,8973864195
茂名南站,10316979437
茂名站,1641859651
茂名西站,1641859659
茂林站,9506868290
茂舍祖站,8334228126
茂陵东辅助所站,7276313969
茂陵站,2999349326
范县站,3176631782
范各庄站,3972718318
范家屯站,8436995008
范家庄站,9118904880
范家漾线路所,10013131718
范家线路所,3203995073
范屯站,9166915291
范岗站,8508786859
范庄站,8043424413
范店子站,8166655736
范洲线路所,11609982719
范镇站,8093813873
茄子溪站,8162951989
茅坦站,8509674558
茅坪港站,13431715512
茅岭站,7692210521
茅店子站,8173112155
茅店站,2837833464
茅庵河线路所,9269706723
茅村站,8454361461
茅栗站,12725916858
茅草坪站,3192961424
茅金坪站,5655796418
茌平南站,10650882521
茌平站,9512632285
茨冲站,2323335368
茨坝站,1586701868
茨榆坨站,10751726086
茫崖湖东站,12404403779
茫崖湖站,7319313624
茫崖站,7319313621
茫崖镇站,7319313620
茶亭站,7222584421
茶卡站,7319236186
茶卡雪站,9085696683
茶卡霞站,5823223407
茶卡风站,9794503304
茶园站,5348615143
茶坞站,3956108503
茶山坳站,3360867134
茶山站,8383166680
茶岭站,8330592314
茶巴拉站,2894959049
茶平站,7935693210
茶条沟站,4628338224
茶淀站,2349729508
茶镇站,2662698229
茶陵南站,2847511818
茶陵站,2328102100
茶陵西站,2847500922
荆山站,8093975751
荆州东站,7740322581
荆州北站,1283411486
荆州站,2492404007
荆西站,7236082612
荆门东站,3626681588
荆门北站,5967939605
荆门南站,3073344826
荆门站,1589178246
荆门西站,10296374210
草六格尔站,12744888101
草坂站,3694572008
草坝站,1599660501
草市站,2327511887
草店村线路所,11764057794
草店站,8158566843
草店镇站,1407516493
草庙子站,5530871827
草庙站,8395232067
草房子站,12212964522
草桥村线路所,8093918590
草河口站,1662255973
草海站,2344590262
草金线路所,13011886290
荒沟西站,9171411654
荔波站,10925544050
荔湾线路所,11607771169
荣华站,11944888812
荣山村线路所,7140567129
荣成站,3315766282
荣昌北站,3500459043
荣昌站,1586701913
荥阳站,6964986997
荫营东站,8277854595
荫营站,9750179033
药村站,4498342889
荷塘站,3755321733
荷树下站,4019707143
莆田东站,3747755286
莆田站,1879551033
莎车 يەكەن站,7365811220
莒南北站,9255881281
莒南站,12730345878
莒县站,4484185195
莒县西站,13026166604
莘县站,10650882518
莘庄,7168565706
莘建东路站,13711702752
莫仁站,7368822661
莫口站,4498340489
莫嘎图站,5009777022
莫尔格站,7473373520
莫尔道嘎站,1594860840
莱州北站,1536549112
莱州北站,7066514582
莱州南站,7128808612
莱州站,10536357343
莱村站,9242869572
莱芜,13026034783
莱芜东站,7837330995
莱芜北站,10277100557
莱西东线路所,7616088927
莱西南站,3914214623
莱西站,6210802486
莱钢站,8418956434
莱阳南站,11247677863
莱阳站,582812682
莲东站,1577895063
莲北线路所,9129186227
莲塘站,8129270659
莲江口站,6009757607
莲池站,9182286768
莲池线路所,11555685098
莲湖站,2726644062
莲花寺站,2940423447
莲花寺站,9079046330
莲花山站,2348136436
莲花滩站,3739155313
莲花站,3488155009
获嘉站,1577895025
菀坪站,12612402410
菇园站,2381431787
菏泽,6229705449
菏泽东站,9354508781
菏泽南站,6233214903
菖蒲线路所,12461103299
菜子坝站,3227951432
菱角山站,8418559224
萌芽站,11901257630
萍乡北站,2980616653
萍乡站,1579354019
营口东站,2681224174
营口站,2349495354
营城子站,582813068
营城站,2332707901
营山站,2375898324
营山西站,11067492110
营海站,9246201035
营盘上站,3182661262
营盘水站,9118892091
营盘湾站,9111251393
营盘站,9176129497
营街站,4663101942
营里站,3098466027
营镇站,2965578067
萧县北站,7232690208
萧县站,3624904914
萧家村站,2817313407
萧山站,1072744710
萧山西站,7039955202
萨尔瓦墩站,8204071015
萨拉齐东站,5162097926
萨拉齐站,1694174661
萨特玛站,7365718246
落坡岭站,9265808499
落水洞 (预留),3499301442
葆园站,4628338193
葛坳站,4019707815
葛家店站,3098442550
葛家站,6715346415
葛州站,7781469280
葛店南站,3097129514
葛店站,3182617646
葛根庙北站,12627525340
葛根庙站,1730851531
葡萄站,8154580320
葡萄站,9280035523
董公寺站,9334658554
董半川站,9282598409
董半川西站,9287647749
董家口南站,8093918592
董家口站,9242869595
董家坪站,8310077340
董家庄站,5171146199
董家站,2456722970
董家线路所,7217801811
董家镇站,8094193353
董屯站,9166853443
董岗站,8846820758
董庄站,1577895008
董村站,4075270190
董西站,3678381881
董集站,4050153585
葫芦口站,5655797101
葫芦山站,2616639486
葫芦山站,7252546303
葫芦岛北站,1582507182
葫芦岛站,9169258494
葫芦峪站,6659058858
葫芦潭站,4999729622
葫芦站,1597596199
葵潭站,2990496474
蒋堂站,5488773094
蒋家沟线路所,13171639611
蒋庄站,9242869568
蒋村站,1668749941
蒙元装车站,13380842901
蒙克山站,9129186257
蒙城站,11332278134
蒙山站,9255881278
蒙根塔拉站,9119790824
蒙渡站,8308168390
蒙自北站,3353966064
蒙自站,9182286775
蒙虹装车站,13407984219
蒙马拉尔站,6318167566
蒲县站,4074616489
蒲圻站,8330592279
蒲坝站,4322790985
蒲城东站,3087121590
蒲城北站,2958036735
蒲城站,1607295757
蒲家站,4999004201
蒲山店站,8158566844
蒲州站,8292366941
蒲昌海站,13739142634
蒲江站,4585401946
蒲河站,9167905928
蒲石站,2958019025
蒲缥站,8341337733
蒲阳站,11202356350
蒲阳站,7291125780
蒿沟站,8502708027
蒿芝塘站,9329260385
蓁山线路所,12064478109
蓝口站,7649702035
蓝家村站,8154570895
蓝村站,1606221013
蓝村西站,6206501683
蓝田站,10861970120
蓟州北站,2375131349
蓟州站,1799763620
蓟州西站,1799795759
蓬华站,13593226189
蓬安站,5025905998
蓬安西站,11067492051
蓬溪南站,11067492111
蓬溪站,1916162034
蓬莱机场（在建）,12721905848
蓬莱村站,8310275714
蓬莱站,5075522342
蓬鲁站,13612183715
蓿亥图站,9072960180
蔡家坡站,2662698162
蔡家岗站,9226664099
蔡家崖站,13023075686
蔡家沟站,2662698161
蔡家河站,2940392760
蔡家站,8434915582
蔡山站,1769587477
蔡楼站,9226690955
蔡河站,2581770808
蔺家楼站,9246201043
蔺市站,3540380001
蕉溪站,8310568596
蕲春南站,9691561172
蕲春站,8417536127
薄竹站,12798136144
薛孤站,4471053665
薛家湾站,1696006352
薛家站,9506868284
薛店站,8378245800
薛湖站,9226690974
藁城南站,4039408531
藏木（预留）,11834913171
藏桂 زاڭگۇي站,7365811215
藕池站,7740322584
藤县北站,11875874174
藤县站,3048731973
蘑菇滩站,7371872578
虎什哈站,3956117972
虎头山站,13588835323
虎尔虎拉站,1595925151
虎山站,2329802056
虎峰站,1603990147
虎掌站,8163363236
虎林站,9137873799
虎石台站,1582670414
虎石站,9081732813
虎跑线路所,7531836780
虎跳峡站,10599205151
虎门东站,7063140906
虎门北站,7063140905
虎门站,7063297019
虒亭站,8391002152
虞乡站,4075270189
虞关站,2373216519
虞城县站,7949727295
虢镇站,2999328064
虹口站,11202356351
虹桥北线路所,7168362344
蚌埠东站,2406612498
蚌埠南站,6234311904
蚌埠站,5369761769
蛟河站,1591050109
蛟河西站,4038110668
蛟洋站,7255328921
蛤蟆塘站,2349438711
蜀山东站,8080534351
蜀山站,7719079442
蜀河站,3077687998
蜜蜂岩站,3227951433
融安站,7915885764
融水站,1614129022
螺丝湾站,10599205157
螺山站,8431451890
螺溪线路所,9322545554
蟠龙镇站,1606444008
蠡县站,3915759032
行别营站,3915765886
行唐站,3628302019
行宫塘站,2483495331
行者站,3012438537
街基站,2343120365
街洞站,8324623917
街边站,8440342294
衙前站,1579237448
衙门口东站,9831083408
衙门口站,1296102366
衙门庙站,843319821
衙门营站,5377255160
衡南站,3361626683
衡山站,8311758359
衡山西站,8393752517
衡水东站,3949950167
衡水北站,9512632284
衡水南站,11296772796
衡水站,2329491721
衡阳东站,582375485
衡阳北站,582408471
衡阳南站,5152898679
衡阳站,582293535
衡阳西站,8154570880
衢州东站,5488773091
衢州站,1584384382
衢州西站,9302050797
衢江站,11245305515
衣提阔腊站,7368677844
袁北站,8524219190
袁家庄站,7368677860
袁寨站,8503681187
袁店一矿站,9226690948
袁店二矿站,9226690949
袁树林站,8375244254
裕国站,1582714231
裕民站,8320377891
裕民线路所,9131669866
裕溪口东站,3686482190
裕溪口站,3686480279
裴城站,10120263952
裴家庄线路所,12065030014
裴德站,9137873804
褒河站,3024668830
褚家沟站,3169896303
褚家湾站,11938234794
褚河站,8158566851
襄垣东站,8208342111
襄垣站,2323013311
襄城站,8163363252
襄安站,8509146381
襄州北站,7740322574
襄州站,7713641011
襄汾站,3625396050
襄汾西站,3012035358
襄河站,2344152228
襄阳东站,7713231790
襄阳北站,7800640130
襄阳南站,7800861911
襄阳站,1586077500
西丰站,12627525341
西乌旗站,5332590673
西乡站,5363758422
西代海营子站,9122624812
西佳木斯站,9137876518
西信号线路所,9229877603
西八里站,3885999127
西六方站,1720394612
西北河站,6714892608
西北线路所,7160238156
西华站,8465329837
西双版纳站,5242587077
西口站,4997106699
西合营站,4014501760
西哲里木站,1720394614
西善桥站,1027662960
西固城站,9100287775
西固站,4124557516
西土城站,4693008521
西地站,9121997540
西场站,8526787924
西坑站,7236082608
西坪站,8485163587
西堤头站,8259080343
西塘站,13516002823
西塘站,7740286550
西塞山站,9312908626
西大庙站,4017665876
西大林线路所,9179735864
西大滩站,9118892112
西大道站,9121997538
西宁东站,7315569494
西宁北站,3957681751
西宁站,307345596
西宁西站,2458354436
西安东站,14007558344
西安北站,4185074601
西安国际港站,4075237677
西安站,9620122767
西安西站,5762027860
西家山站,7781469284
西寺坡站,8454361466
西小召站,840299620
西小召线路所,9081737227
西小川站,3681774232
西尼尔北站,12211994980
西尼尔站,12211994981
西属巴站,4037619745
西属巴线路所,9287647728
西屯站,9524455328
西山线路所,8087750781
西岗子站,6318780853
西岗子站,9764382693
西岭口站,1595854643
西峡东站,7740322569
西峡站,11134133667
西峡站,1716593364
西峡线路所,7740322568
西川站,1575631542
西干站,9118892108
西平站,2504111817
西平西站,6289527417
西庙台子站,8944366797
西张店站,5488665643
西张站,4066204023
西彭站,13709938931
西斋站,8597160289
西斗铺站,9111251389
西昌北站,2376827220
西昌南站,3330230168
西昌站,274389778
西昌西站,5230058264
西村站,7217730861
西来站,4585401948
西林站,9129186238
西枣林站,8419766773
西柏坡站,3628286804
西柳站,2162861434
西桌子山站,9098127462
西桐古站,8093813874
西武匠站,3645316480
西水地站,9123967441
西沟站,3029572802
西沟站,3644667928
西沟站,9295636274
西河口站,8407291889
西河村站,3182603523
西河站,12714048659
西河线路所,9597209954
西泉街站,8012738237
西洋站,7236072725
西涧河线路所,7792943605
西渡站,5559297478
西港口站,9123967458
西湖东站,3693383858
西湖村站,9165204571
西湖站,9122624807
西湾堡站,4651506340
西牟线路所,12064458664
西皋站,12885408376
西石门站,7464713505
西社站,3416939932
西秀镇线路所,7140598792
西索木站,1723663748
西芹站,4498465011
西草寨站,7792095149
西营子站,9111251371
西营门站,7859363265
西街口站,3965931639
西贺村站,1609056570
西贾站,8043437176
西赵站,9251152703
西选矿站,10901620655
西选站,14156675336
西道口线路所,3313545861
西邑站,554060581
西邵站,9118892104
西里站,9117619567
西铭站,13882570041
西阳岔站,12844572921
西阳村站,3645320713
西阳站,2335674332
西阳苑站,9258877058
西陂站,7236099480
西陇站,4498334311
西陌堂线路所,8434760847
西韩岭线路所,9287647727
西麻山站,9137873815
西黄村站,4642112524
覃塘站,8852900228
覃家坝站,4999063668
观光火车1站台站,10572429550
观光火车2站台站,10572429526
观巢站,6322614511
观沙岭站,3410058504
观音坝站,8164278905
观音堂站,3006142229
观音山站,2962269824
观音机场站,9242299258
观音村站,8263221024
角美站,2481375096
解县站,4075270952
解宋营站,5075522343
解家庄站,8384557439
解庄站,8444280830
誓节渡站,8512766985
让湖路站,9157555171
讲武城站,8382763916
讷尔克气站,1252233959
讷河站,1593383667
许三湾站,9524455324
许官屯站,7855857387
许家台站,1782660378
许家屯站,1660110954
许家洞站,7167634590
许昌东站,8093975737
许昌北站,8465304461
许昌站,8013004348
许町站,9226690931
识经站,12811744373
诏安南站,12925892984
诏安站,2990496476
诸城站,9246201058
诸往站,5530871255
诸暨东站,9660934591
诸暨站,1579354030
诸葛城站,8339026548
读书铺站,9182286766
调兵山站,9169253667
调军台站,10120264004
谌家矶线路所,7199396549
谢家站,2327447502
谢家镇站,8602113932
谢岗站,8417536177
谢庄站,8378245799
谢桥矿站,9226664084
谢桥站,5749717143
谢集站,8478497881
谭子山南站,8158566839
谭子山站,8154570883
谭家井站,2340595344
谭家场站,9327370173
谭家坊站,9254936100
谭家庄线路所,11445161648
谭屋站,12218213929
谭庄站,8491516481
谭阳洲线路所,12670061987
谷口河站,8059209404
谷城北站,7713231786
谷城站,1532826990
谷山站,3410058622
谷峡站,10574052009
谷村站,6322614507
谷立站,3060589420
谷达坡站,5168561346
谷里站,8429690204
豆各庄站,9269060413
豆坝站,8182352106
豆庄站,2328405918
豆沙关站,8323645659
豆罗站,3671675756
象州站,11873977001
象鼻子站,8236486688
豫灵站,2940237260
贝力克站,9072960157
贝江站,8856694944
贡兴线路所,8517710108
贡嘎站,7329144922
贡川站,7236082610
贡觉站,9900091322
贤昌（预留）,12723414415
贲红站,843202351
贲红线路所,9117619574
贵安站,7159959458
贵定北站,2874016882
贵定南站,2643971541
贵定县站,3060319619
贵定站,2156949139
贵港南（预留）,11330665365
贵港站,3909327374
贵溪北站,3098409556
贵溪站,573197124
贵阳东站,3059393382
贵阳北站,2874005142
贵阳南站,3060353328
贵阳站,1579354011
贵阳西站,2341894809
费县北站,9255881279
费县站,4632069463
贺家庄站,2940285324
贺家店站,1706959743
贺家河站,2581770965
贺州电厂站,10121483640
贺州站,3060261931
贺斯格乌拉站,9069910628
贺村站,5488773088
贺职站,4587890198
贺胜桥东站,1854112259
贺街站,8858946541
贾家河站,3019564909
贾家营站,4017508354
贾庵子站,9269060414
贾汪站,7950079975
贾象站,9254936111
贾鲁河站,9320122089
资中北站,3500461696
资中站,1587112384
资中西站,10931476416
资溪站,1583788096
资阳北站,3500460600
资阳站,5143269410
资阳西站,10931476415
赋春站,2988925900
赏月站,9131669907
赖村站,4019707144
赛乌苏站,9117619568
赛什腾山站,5010516615
赛峨线路所,13065419861
赛汗塔拉站,1596389963
赛罕花站,9069910629
赛金桥站,8184170741
赛音呼都格站,843276797
赛音温都日站,9121569876
赛鱼站,8380033995
赣厦线路所,12670247100
赣县北站,2942018400
赣县站,2491236181
赣州东站,2489411346
赣州南站,2943595537
赣州国际港站,2490572172
赣州站,1641971957
赣州西站,2942047402
赣榆北站,7659884182
赣榆站,7661417607
赤卫站,14072867296
赤城站,3955132505
赤壁北站,8396912480
赤壁站,2662698249
赤峰东站,1720956449
赤峰北站,5366754455
赤峰南站,7682078574
赤峰站,1720956452
赤木岭站,5851383975
赫尔洪得站,9160197907
走马岭站,8164438895
走马岭线路所,11711032154
赵光站,2575908665
赵固一矿站,9320122085
赵固二矿站,9320122084
赵城站,3629302729
赵家屯站,13437566553
赵家屯站,7457814008
赵家店线路所,4017721447
赵家水站,9118892088
赵家沟站,9295636271
赵川北站,3885979634
赵川南站,9565447508
赵川站,3885979633
赵庄站,3645320740
赵李桥站,8330598971
赵湾站,4039373189
赵甸站,8523388148
赵石畔站,9292699674
赵西线路所,11761493177
赶水东站,3695359762
赶水北站,8192955731
赶水站,2327990930
起鸡哈浪线路所,3156214513
超化站,8163363246
超梁沟站,4069797692
越西站,10309535640
足荣站,12923473621
跃进河站,9246201064
跃进站,3227951434
路北线路所,9131669863
路口铺站,4582769301
路家庄站,8390669674
路罗站,8407417227
跳蹬站,3500272572
踏水站,12811744456
车上站,6322602591
车墩站,7171343532
车岗站,8440342289
车峰站,7368677857
车库站,10973711954
车河站,8857133386
车溪 (预留),10914009268
车转湾站,2323529346
车辕寨站,9269060402
车集站,9226690971
轩岗站,1984411022
转关口站,8191107033
转弯桥站,9761526894
转水庙站,9295305395
转龙湾站,3685511906
转龙站,8155095351
轮台 بۈگۈر站,5459573718
轵城站,1577895159
轸溪站,1588514533
辉南站,9171411649
辉埠站,2988925901
辉山站,9760951383
辉森乌拉西站,7473373513
辉河站,9125461474
辋川站,8327599021
辛堡站,3629303026
辛安渡线路所,12192492252
辛安站,8093975744
辛庄子站,4017528948
辛庄站,4076149843
辛庄站,9287647753
辛置站,3628561009
辛集南站,7341266742
辛集站,2329491735
辰清站,6320650718
辰溪站,2662698243
边沟站,2662698141
边海站,9166915286
边饶站,12091626134
辽中站,8431451878
辽宁朝阳站,4507851963
辽源东站,9174163156
辽源站,2327447490
辽阳站,1609370268
达仁塔拉站,9119790828
达坂城站,7372158699
达家沟站,8436995004
达尔布特站,6332802149
达州东站,4999670476
达州南站,11067492108
达州站,1586077379
达布逊站,357133455
达布逊站,7296208318
达拉滨站,9129186264
达拉特北站,1195448519
达拉特西站,3045703578
达日其嘎站,5315969367
达琼果站,7296234980
达落站,10599205120
达连河站,5697139267
迁安北站,3972663932
迁安站,9274358853
迁西站,3972663921
过尧站,8344378903
迈罕陶勒盖站,4516499679
迎宾路站,4531094400
迎接线路所,11461763000
迎春站,2186899042
迎水桥站,8690142673
迎祥街站,1892923697
迎龙站,10313462554
运城北站,9513113927
运城站,2997721596
运城西站,7740322553
运粮河站,6708802113
近会站,4606908595
近海站,9167905925
进德站,3677193823
进贤北站,11238297044
进贤南站,2866481152
进贤站,2279180791
远安站,11953008709
远达站,9507383340
连云港东站,1200669856
连云港站,4050213966
连云站,12020354751
连城站,5420397489
连山关站,1662255999
连山站,8739506557
连江口站,8319166483
连江站,7713944581
连湖站,7296208320
连珠山站,2330259270
连界站,8181765560
连篆站,12091626106
迤资站,8078137602
迤车站,10649058853
迤那站,8320464767
迪荡站,10295316888
迴龙站,9327370176
选煤厂站,9750178909
透堡站,4254005158
通化县站,2277167044
通化站,10554222161
通北站,2344167676
通古特站,6308157537
通天屯站,2329802064
通天河站,6339814530
通安驿站,3840311447
通州湾站,12712850245
通州西站,844821225
通榆站,12627525339
通沟站,2327447498
通海港站,13702294373
通海站,4603641679
通渭站,3682204873
通辽东站,9171411680
通辽北站,844681810
通辽南站,9171411681
通辽站,843153748
通辽西站,9171411682
通远堡站,1662256018
通远堡西站,9179735856
通途站,1273440967
通道站,13661152139
通麦站,9900984560
遂宁南站,7212029087
遂宁站,3358425493
遂宁西站,8154764581
遂平站,7567152596
遂昌站,9983211789
遂昌西站,12571207390
遂溪南站,13374222462
遂溪站,1692209475
道劳杜站,9125461477
道太站,7935632098
道州站,8744518975
道布音呼都格站,5045240074
道河站,9131669908
道清站,3300176177
道滘站,9196767922
道特诺尔站,9069903409
道观音站,8157055159
道镇站,1607295746
遥墙机场站,13667101242
遥林站,2156363610
遵义站,3695331090
遵化北站,3972663868
遵化南站,7781504424
遵化站,9269060410
邓善沽站,7828127976
邓家湾站,8323775123
邓家站,7780346104
邓州东站,5575655387
邓州站,1589812240
邓州西站,7740322572
邓李站,8158566858
邓生沟站,11202356356
邕宁站,4890692920
邛崃站,4585404888
邢台东站,2753117299
邢台南站,3649076556
邢台站,2329407071
邢家堡站,9265808480
邢家村站,8402401981
那丽站,5245259685
那何站,4039429998
那厘站,12734140510
那排站,12091626092
那曲站,7296275987
那桐站,8859796902
那棱格勒站,7319313628
那玉站,8317373874
那福站,12091626097
那罗站,1569023846
那花线路所,9192069854
那铺站,2661130707
那霍站,9193526293
那额线路所,12091300816
邦达机场站,9900976695
邬隘集装箱中心站,13666034761
邮政井站,3685465611
邮政局站,4676361117
邮村站,4019707145
邯郸东站,8397056466
邯郸南站,7213688369
邯郸站,2329019136
邱家坡线路所,7740322554
邱皮沟站,13437568761
邱隘站,7686917330
邳州东站,8402779621
邳州港站,12023247143
邳州站,12023020173
邵东站,5559277115
邵伯线路所,8218353555
邵家堂站,9118892080
邵岗集站,6946475050
邵武站,1583788088
邵阳东站,4027284949
邵阳北站,2953774880
邵阳县站,11039709101
邵阳站,7263485691
邵阳西站,5559277116
邹坞站,8432585861
邹城东站,12501009361
邹城站,1613210008
邹家营站,9123967446
邹平站,9255881285
邹庄站,9226690918
郁南站,4346679979
郁山站,4584123482
郊区发煤站,9750179016
郎园线路所,9269060398
郎家庄线路所,7281821742
郎家溪站,7272083203
郎木寺站,11115663919
郎溪南站,7659427163
郏县站,5575721523
郏县站,8493426044
郑家坞站,9660934589
郑家堡站,2327447503
郑屯站,8478873868
郑州东,6654827885
郑州东疏解区线路所,9320122075
郑州北站,8024938616
郑州站,269806844
郑州航空港站,5575721417
郑州西站,742843791
郑庄站,3860349169
郑旺站,2912812635
郑杖子线路所,9179735872
郑楼站,9223366459
郑蒲港站,11332813139
郑蒲港站,9229648671
郑郭站,8491558246
郑集站,9223366431
郓城站,3090617078
郜营站,8018359582
郝家沟站,9764405150
郝庄线路所,9269060404
郝村站,8390550521
郧西站,9916173421
部落站,8375666665
郫县东站,9327370166
郫县站,7951474427
郫县西站,7951474431
郭二庄站,3649017238
郭塘站,7830499566
郭家屯站,1657973486
郭家店站,2348271085
郭家沟站,13026091599
郭家河站,3753846120
郭家湾站,3700492100
郭家滩站,9292699666
郭家窑站,9295636267
郭家站,9166844977
郭尔奔敖包站,9072960151
郭屯矿站,9242869563
郭庄子站,9263232732
郭楼线路所,12405980700
郭王村站,11764057802
郭磊庄站,5102708790
郯城北站,4559350598
郯城站,1605321289
郴州南站,12728225980
郴州站,12078063304
郴州西站,8390574022
都仁站,12744888103
都匀东站,3676346504
都匀北站,12723452080
都匀站,2643971283
都安站,10925995018
都希南站,9122624799
都思图站,3589687252
都拉营站,2873986672
都昌站,2988923788
都格站,4663095293
都江堰站,7951474433
都街站,8857284224
都贵德勒站,9069903403
鄂尔多斯站,3045622996
鄂州东站,3097129515
鄂州北站,5758847422
鄂州站,12732524417
鄂州西站,7223069540
鄂托克站,9100062974
鄄城站,8419766778
鄠邑站,9527263756
鄢陵站,4732069359
鄯善 پىچان站,269826209
鄯善北 شىمالىي پىچان站,2987138033
鄱阳北站,2988923789
鄱阳站,11237974727
酉阳站,1681825191
酒泉南站,2987125725
酒泉站,1508640816
醍醐站,2958264471
醪桥站,2314081742
醴陵东站,3021655200
醴陵南站,5176143879
醴陵站,1579354017
醴飨站,11901257632
采石站,9235207767
里八庄站,8375148425
里木店站,9137873795
里水站,13742866647
里龙（预留）,11835192797
重庆东站,10561477550
重庆北站,654769359
重庆南站,654832331
重庆科学城站,10758457552
重庆站,530774230
重庆西站,7238885494
重钢站,9336181481
重阳西站,7740322567
野三关站,3499269706
野三坡站,3404875246
野象谷站,8359936340
野马寨站,8320373858
金义站,12404372165
金刚沱站,1892923467
金利站,12382150910
金华东站,3021914541
金华南站,1645281122
金华南线路所,7704999795
金华站,7160193955
金华镇站,3740820636
金华雅畈站,12825845991
金口河南站,8166662686
金口河站,1588514399
金坑站,2349438730
金坛站,10120263981
金城江站,1612747503
金城江西站,9189836489
金堂站,3358732442
金塔站,9265488874
金墩站,554059268
金字牌站,7272083218
金宝屯站,5391003772
金家堡站,9174541219
金家店站,843319798
金寨东站,11710655086
金寨站,4664182640
金山北站,2597030792
金山卫站,7171384791
金山卫西站,3024395538
金山园区站,7161813537
金山屯站,9129186239
金山店站,4582667346
金山湾站,2349438735
金山站,8204071014
金山铺站,8390304459
金岭镇站,8345730468
金峰山站,2838824243
金州东门站,12334978425
金州站,1659133904
金巴岭线路所,10983326650
金帛湾站,9167905921
金昌站,9295636273
金普站,2832751253
金月湾站,3926574112
金村站,7272083213
金杖子站,2514251061
金板村站,4615477738
金林站,9126260280
金桂站,10108678011
金桥站,8756066326
金沙岗站,9129925027
金沙湾站,8184207928
金沙滩站,8375203852
金沙站,7272083200
金沟屯站,4069794059
金沟站,7368618932
金沟站,9506868280
金河站,9126260276
金泉南站,4072824076
金泉站,4072824075
金港巷线路所,7161721329
金港站,8756066327
金湖站,11335043705
金湖路站,4676485666
金滩站,10120263995
金牛岭站,3412200079
金牛站,8846905722
金珠站,2332314839
金田站,2903031864
金竹山站,8727079046
金耀线路所,9276824801
金谷站,8834770534
金钟站,8320567065
金银川站,7365783607
金银沟站,4997123048
金银潭站,3377741446
金锐线路所,11363253910
金阳南站,7625091612
金阳站,7625091632
金雁山站,12212964528
金马村站,1534144160
金马站,8756066325
金鲁（预留）,11837753482
金鸡岩站,14177530744
金鸡村站,1569023836
金鹿站,12211994986
金龙站,8308052008
钓马杨站,8244168187
钟家村站,1607295774
钟山西站,3676368704
钟楼站,5952197022
钟油坊站,9235207793
钟祥南站,10276981073
钟祥站,7202547228
钟祥西站,12406005738
钟落潭东站,12712348632
钟鸣站,8509562691
钟鸣线路所,9229648665
钢厂站,9189836466
钢城站,10277100594
钢林站,12744888102
钦州东站,1999298719
钦州北站,7681047738
钦州港东站,9001853488
钦州港站,7661758300
钦州站,1999298720
钱坂站,7236103632
钱塘江站,604278237
钱家店站,2340355354
钱庙站,6037693976
钱清站,5509844302
钱粮桥站,9186758545
钱营孜站,9226664106
铁东站,13508852372
铁佛寺站,7527302797
铁佛站,8181736216
铁依孜站,7319330884
铁关村站,4498085580
铁刹山站,9174163136
铁力站,9137876528
铁厂沟 تەمىرتام站,7368810565
铁厂站,12725718355
铁厂站,1550539301
铁口站,2092190097
铁场站,9980091030
铁山庙站,8041771712
铁山洋站,5864609665
铁山港站,9186758519
铁山站,11301485609
铁山站,3305863792
铁岭站,8434476657
铁岭西站,9507383336
铁峪铺站,3120594105
铁干里克站,7319353487
铁桶堡站,9118892098
铁炉村站,4622247199
铁炉站,6327401988
铁牛庙站,8448860730
铁石口站,3182700050
铁石站,8384078493
铁背山站,9176129496
铁西站,2092190100
铁门关站,4699409521
铁门站,3006173718
铅山西站,2462517053
铜井站,1768189965
铜仁东站,7245028950
铜仁北站,13390328161
铜仁南站,2953807111
铜仁站,1681825151
铜佛寺站,4628342385
铜匠川站,4070978717
铜城闸站,9229648672
铜山站,7949655783
铜山线路所,7232690209
铜川东站,9290860299
铜川北站,11124350855
铜川站,12513878306
铜录山站,3097123132
铜梁站,11287610458
铜罐驿站,1587088564
铜陵北站,6239494589
铜陵北线路所,7798541832
铜陵南站,8509650925
铜陵站,9521958023
铜陵西站,10120264000
铜鼓溪站,8323495962
铜鼓站,6322602593
铝庄线路所,8163363241
银光火车站,4221293655
银光站,9118892105
银城铺站,8431451887
银山一路站,11753220638
银山二路站,11753220637
银山镇站,8173099879
银川东站,9307694651
银川南站,7772948676
银川站,9118892109
银星二号站,9118904883
银浪站,6352805441
银滩站,3926574090
银瓶站,6164592089
银盏坳站,8177044599
银盏站,9198249303
银花站,10313622592
银镇站,7123583974
铺集站,5530871826
锡林呼都嘎站,1596389964
锡林浩特东站,13208823489
锡林浩特北站,9072960143
锡林浩特站,1552699343
锡林浩特西站,9072960144
锡铁山站,1602496000
锦东站,9292699637
锦和站,7245028947
锦州北站,8156943653
锦州南站,8431451881
锦州站,2336082903
锦河站,9129186243
锦界站,1606443982
锦祁路线路所,11709975100
镇原站,11490095547
镇城底站,4066228569
镇宁站,12091508851
镇安站,1585550003
镇安西站,10855631025
镇川站,1793113865
镇平站,1589822216
镇江东站,8453216521
镇江关站,5151619743
镇江南站,9262932760
镇江站,1971813821
镇海站,7690156549
镇海西站,7687112630
镇紫街站,8192936370
镇西堡站,9169253670
镇西站,1730851608
镇赉站,1267537594
镇远站,2825263049
镇雄站,8745183065
镇龙站,12712348628
镜儿井北站,7369092519
镜儿井南站,7369092520
镜湖线路所,11878675963
镜铁山站,2045664588
长临河站,9524540935
长乐东站,4238806284
长乐南站,4238806429
长乐站,4238807785
长兴南站,7342408836
长兴岛港站,9166844946
长兴岛站,5474173610
长兴站,7342299449
长冈站,9198249300
长农站,840033510
长冲沟站,3060545256
长冲站,11901257633
长冲站,9186758542
长发屯站,2329802051
长台关站,3621005061
长哨站,2965620828
长坑站,7702364122
长坝站,3797722071
长坡岭站,8334108050
长垣站,2662698213
长城南站,3589651635
长城梁站,9287647741
长城站,2340696382
长基站,13593175786
长塘线路所,7263234304
长子南站,3174427205
长子站,3644693220
长宁堡站,3957682379
长宁站,5822178036
长安站,13505962547
长安站,7063140961
长安西站,7063140911
长安镇站,5912000134
长安集站,7199441367
长寿北站,2775155961
长寿湖站,3500369577
长寿站,1681825052
长山堡站,9176129493
长山屯站,1273440762
长山站,12825968238
长岗站,2335674320
长岭子交接所站,13771187219
长岭子站,2349477555
长岭线路所,11515690594
长庄站,7855857388
长庆桥站,8100864291
长庆站,2987878254
长征站,840178488
长征站,9078386671
长春东站,3039672927
长春北站,6056731233
长春南站,2662698188
长春岭站,6711772972
长春站,9171411689
长春西站,9507383335
长条村线路所,9290601099
长桥海站,3353966065
长武站,8100859938
长水机场站,10649058857
长汀南站,2925675933
长汀站,5746525364
长汀镇站,7901607621
长江埠站,2381028354
长江新区站,11135889825
长沙东站,3363289706
长沙北站,8312461955
长沙南站,2803078099
长沙埂站,8173073150
长沙站,317113112
长沙西站,14162042752
长沟站,8502736253
长河坝站,1588514309
长河碥站,9334658581
长治东站,8208342110
长治北站,2329166651
长治南站,12730398299
长治站,1578466504
长泰站,7236126629
长流站,1995670427
长清站,10650882522
长源村线路所,11775025288
长滩站,8858946404
长田湾线路所,9334658547
长田线路所,13742064473
长甸站,7846554149
长畛站,9287647725
长白山东站,11690751559
长白山站,10291003161
长白山西站,2381431791
长箐站,7704451131
长缨站,9129186256
长胜站,2662698207
长胜站,9122624805
长草沟站,5010504129
长葛北站,5575721521
长葛站,2504135265
长虹站,1660818512
长辛店站,7780210953
长阳东站,11716384850
长阳站,3499295504
长陵站,2999349684
长青站,5396240119
长风街线路所,7793331050
门南村线路所,9271062176
门源站,4525871790
门达站,2340355350
门迪诺尔站,9119790827
闫家楼线路所,8905843484
闫家沟线路所,12923532983
闫庄则站,3156146802
闫武营线路所,9280035525
闵家冲线路所,10983326651
闵行站,4714766414
闵集站,3377737911
闸口镇站,9186758521
闸河站,8502558721
闹海营站,8428654340
闻喜站,4076158511
闻喜西站,13042935458
闽侯站,7252546293
闽清北站,9524540938
闽清站,5106720167
阁老坝南站,12725916924
阁老坝站,5773711724
阆中站,3596013343
阌乡站,2940257470
阎块线路所,9320122076
阎家站,2184985159
阎村站,9265808495
阎良站,1530850989
阔什站,7365811217
阔拉布拉克站,7319259960
阔镇站,7365865350
阚山电厂站,9223366433
阜南站,2370486189
阜城东站,3949950027
阜城南站,11297287176
阜城站,6273011814
阜宁东站,4050188145
阜宁南站,4715006899
阜宁站,1665822785
阜平站,11297643263
阜康站,6308158131
阜新南站,2340355349
阜新站,4507866480
阜阳北站,8050267870
阜阳站,8278853407
阜阳西站,4592130192
阜阳西线路所,12739050371
阮家村站,8447586421
防城港北站,5932710969
防城港站,5110344150
防城站,1535222204
防沙林场站,3589417020
阳东站,8868075261
阳乐站,8390728501
阳信站,4391676558
阳关站,5010481118
阳原站,4261930501
阳台山线路所,9987662652
阳和线路所,9322545563
阳圩站,8841766451
阳坪站,8387392482
阳城站,2967248859
阳城货场站,13251910596
阳宗站,3695429928
阳岔站,1550539310
阳峪站,3003935024
阳平关东站,3024571603
阳平关站,1546239767
阳平站,2999354100
阳店站,2941322852
阳新站,1769587486
阳方口站,3699706745
阳明堡站,1984411027
阳春东站,9674103621
阳春站,1640922648
阳曲站,3671619715
阳曲西站,3671646981
阳朔站,3676370264
阳朗站,8310212465
阳江北站,11613300847
阳江港站,9192805743
阳江站,5485730495
阳江站,9192805744
阳泉东站,7875446254
阳泉北站,2505163524
阳泉曲站,2328308916
阳泉站,2295519230
阳澄湖站,9242148029
阳澄湖西站,12612402429
阳西站,9192805737
阳谷东站,11296772784
阳谷站,8419766776
阳邑站,7461167199
阳霞 يېڭىسار站,5459595001
阳高南站,7193434490
阳高站,1597596273
阴塔站,4587890204
阿克吐孜站,8204071012
阿克塔什站,7319259958
阿克塞站,5010483348
阿克苏站,2662698004
阿克陶 ئاقتو / ﺍﻗﺘﻮﻭ站,9182286778
阿勒泰 التاي站,8787834135
阿南庄站,1758381586
阿图什 ئاتۇش / ارتىش站,2662698034
阿城北站,6314359568
阿城站,2662697995
阿夏勒站,7368822660
阿如柴达木站,7740365165
阿寨站,2092189927
阿尔乡站,5377255161
阿尔山北站,4996978334
阿尔山站,2662697996
阿尔金山北站,12212964527
阿尔金山站,7319259963
阿巴嘎旗站,4516499680
阿恰尔站,6318167562
阿房宫南站,10180356246
阿拉坦站,9069903370
阿拉尔站,7372291396
阿拉山口 ئالاتاۋ ئېغىزى ᠠᠯᠠᠭ ᠠᠭᠤᠯᠠ站,2662698005
阿拉干站,7319353489
阿拉德站,7368677849
阿日德塞站,7368677850
阿日高勒站,9072960136
阿木尔站,9129186255
阿湖镇站,8406252703
阿荣旗站,9126260260
阿西站,11115721603
阿贵图站,2662697997
阿达日嘎站,7473373516
阿达日格站,12744883799
阿都呼都格站,9072960158
阿里河站,2662698006
阿金站,2662698003
阿龙山站,2662698007
陂面站,9193526301
际坑口站,7272083202
陆丰东站,10554312400
陆丰南站,10554312405
陆丰站,1732278092
陆家山站,8337629501
陆家浜站,14142543996
陆屋站,8158566833
陆川站,1541942454
陆渡线路所,9218083766
陆良站,2093554455
陇凌站,8865215031
陇南站,9546662163
陇南西站,3500351611
陇县站,2368523117
陇西站,4438875617
陈四楼站,9226690978
陈坊站,8814335390
陈坡线路所,13609081820
陈墩站,7252546307
陈官营站,5636152166
陈家寨站,6183396198
陈家沟站,13645169083
陈家沟站,8387184315
陈家湖站,3555707810
陈家湾站,1817420719
陈家湾线路所,11716032261
陈家湾西站,3958199219
陈家站,8946555593
陈庄站,2957260058
陈庄镇站,9251972104
陈村站,11932116431
陈桥线路所,9223366465
陈江南站,6164244012
陈江站,8417536176
陈相屯站,2662698244
陈篆站,7705042790
陕州站,7740322562
陡河站,10075851733
陡泉线路所,9287647726
陬市站,7249740476
陵县线路所,8399238175
陵城站,4729023821
陵水站,3924117307
陶利庙南站,7740376250
陶利庙站,7740376249
陶利站,3589734341
陶力站,7296208321
陶勒盖站,9111268214
陶卜齐站,2933291741
陶家场线路所,3500311471
陶家寨站,3957682081
陶家屯站,8436995009
陶家岗线路所,12981749288
陶家沟站,6013154795
陶思浩站,1694174667
陶赖昭站,8436995000
隆化站,3523467824
隆回站,5559277118
隆回西站,5559277117
隆安东站,4039439588
隆安站,7278842964
隆尧县站,8382763914
隆昌北站,7158189078
隆昌站,1586701901
隆盛站,8155108833
随县站,8536809977
随州南站,8536806862
随州站,8930909278
随阳店站,8547262358
隔蒲站,7202565682
隰县站,4074615779
雁儿崖站,1596579483
雁南矿站,12073094316
雁栖湖站,7805085887
雁栖湖站,9638789772
雁洋站,1620226847
雁石南站,7237831723
雁石坪站,1756562940
雁石站,5864608172
雁矿一号站,9871363429
雁矿西站,10955936165
雁翅站,9265808485
雁荡山站,7714110153
雁门关站,10297769454
雄安城际站,11297643243
雄安站,6819545356
雅克拉站,5459596867
雅周站,8524456718
雅园站,8087546224
雅子泉站,1202941467
雅安站,7369730796
雅干站,13406991164
雅江站,9899713913
雅河站,9174163140
雅满苏 يامانسۇ站,7369016948
雅瑶线路所,12118829823
雅鲁站,1595854649
集义庄站,8390350395
集义站,7740352491
集北站,8115111821
集宁南站,4693142089
集宁站,5241738017
集安站,2278432367
集店站,10889243004
集贤站,13506342970
集贤线路所,8958843995
集贤路线路所,9922627242
集配站,13508852338
集配站,14156675325
集配站,9226690982
雒容站,8154580330
雨格站,4593965704
雨过铺站,3353913802
雪嘎（预留）,11837799349
雪峰站,7781469265
雪查玛站,6274215183
雪野站,10282066317
雪门寺站,8293700337
零口站,2876178099
零陵站,2134702880
雷家站,8244169099
雷州站,1692280663
雷庄站,9269060406
雷麻店站,7988859871
雹神站,9171411674
震泽站,12612402402
霍吉尔特 قوجىرتى站,7368810564
霍城 قورغاس站,6318115609
霍家寨站,8341297449
霍尔果斯站,6316474613
霍州东站,3012041088
霍州站,807798137
霍林河站,9069903365
霍林郭勒站,3283374416
霍达站,7369154345
霍邱站,3848630531
霍龙门站,9129186273
霞口站,3949950010
霞洞站,5043812384
霞浦站,5617318079
霞西站,7272083196
露水河站,1590840573
霸州北站,6819545358
霸州南站,9763960468
霸州站,2351141700
霸州西站,3931584035
青东站,9226690946
青云山线路所,12523036515
青云谱站,2279127731
青凝候站,9274358844
青分站,9118892101
青县站,1668282552
青城山站,7951474434
青堆子站,1188969446
青堆站,9166853510
青山堡站,9014801321
青山庙站,5485779795
青山桥站,8742337980
青山泉站,7950079974
青山站,1604972737
青岔站,1585552955
青岛北站,8081624907
青岛机场站,8253269141
青岛站,9255077341
青岛西站,9549447313
青岭子站,1603990235
青岭站,6711712376
青峰路站,4676361101
青川站,7332270418
青州市北站,5322560852
青州市南站,1306269935
青州市站,4071777100
青州站,7235401601
青杠站,4323698778
青杨站,7272049303
青林站,3640220039
青水山站,1727803074
青沟子站,10901470924
青沟子站,12844704701
青海湖站,3688803386
青溪站,627665638
青田东站,7702364113
青田站,7702364114
青疃站,8506138833
青白江东站,9527263758
青白江站,3931849630
青白石站,7726261682
青石山站,14156675341
青石岭站,2912826692
青石崖站,2962269853
青神站,8148643737
青羊湾站,9282598398
青花坪站,13482094387
青花站,12732718438
青茅站,4419756540
青莲站,8148277240
青铜峡站,5923782517
青铝厂前站,4071540593
青龙场站,1588514481
青龙寺站,1406037216
青龙山站,6325241129
青龙峡站,9638789773
青龙桥站,822489029
青龙桥西站,300533008
青龙沟站,5010518205
青龙站,9137873813
靖宇站,9171411652
靖州站,1614129013
靖江南站,9218083770
靖江站,8524700810
靖西站,4971974524
靖边东站,7740376254
靖边北站,7740376253
靖边站,4040032497
靖远北站,9609590094
靖远站,840181798
靖远西站,840181301
静乐站,4068175267
静海站,8452311706
静游站,4067966881
革居站,8333191558
革新线路所,11711032069
鞍子山站,7473471988
鞍山站,2662698022
鞍山西站,6179162252
韦庄站,1607295764
韩圩站,9223366458
韩坑站,3098460725
韩城北站,7740322549
韩城站,1011213583
韩堂站,8158566845
韩家园站,9126260245
韩家岭站,8375127566
韩家村站,4070997926
韩家楼站,4587890200
韩家河站,2958019030
韩庄站,8440124812
韩庙站,8244168136
韩府湾站,1783909022
韩桥站,9223366434
韩江桥线路所,8475736019
韩美岭站,3098445471
韩阳镇站,4075255923
韩麻营站,1722176654
韶关东站,5646972857
韶关站,2409601358
韶山南站,2953768282
韶山站,9202090132
项城站,8491560354
顺义站,7798806784
顺义西站,9507383338
顺场站,5243518970
顺安站,8509576943
顺德北站,11932116428
顺德学院站,7710011711
顺德站,7710011710
顺昌站,1583788092
顺河场站,8173073433
顺河站,9160197910
顾北矿站,9226664078
顾桥矿站,9226664077
顾桥站,9226664076
顿村线路所,11556194682
顿谷站,9186758524
颍上北站,9987644049
颍上站,5749716721
颍南站,5207764951
颍川堡站,9299765128
颍泉北站,12178090169
颍泉站,8050290197
颜家垄站,3362909207
颜家河站,3026390661
颜庄站,8423567002
额吉淖尔站,9069903400
额很乌苏站,9072960170
额敏 ءدوربىلجىن站,6332801171
额济纳站,5198821252
额济纳西站,9076173185
额雨站,10216416087
风火山站,7296224588
风陵渡站,807798220
风雷山站,7473471987
飞凤坡站,9189836470
飞来峡站,4525941651
飞霞站,9330198476
饮马峡北站,3938893102
饮马峡站,7276945325
饮马峡西站,7296208319
饮马河站,2332707902
饶平南站,12925892983
饶平站,9258885991
饶桥站,4666461813
饶阳站,2351141707
馆陶站,8407532455
首塅站,4019707146
首山站,635061854
首山站,8043424412
首羡站,5175784960
首钢工业站,10285456131
首阳山站,3006174634
首阳站,4075255924
香兰站,9137876522
香坊站,2333085951
香屯站,2461373514
香格里拉 སེམས་ཀྱི་ཉི་ཟླ་འབབ་ཚུགས།站,9296633913
香樟路站,3410044783
香河站,10296507040
香港西九龍 Hong Kong West Kowloon站,7919700008
香炉山站,11209622976
香隅站,9979758367
马三家站,685376309
马乡站,6265599323
马仗房站,8780112732
马仲河站,8434476650
马嘎站,1964861297
马回岭站,8417536129
马场坪站,8495516700
马场壕站,4071079346
马场站,2341894811
马坊站,9263223088
马坑站,3694575617
马坝站,8320812736
马坪站,8544386562
马垱站,2381264901
马塘站,12798136147
马夫田线路所,12368892357
马头岗线路所,8095419264
马头站,2329134712
马家坪站,3840225695
马家湾站,3026390647
马寨站,8419766777
马寨站,9015643721
马尚站,9254936101
马尾站,3019467506
马山县站,10926262897
马山站,9169258490
马岭山站,8163363238
马嵬坡站,2999345287
马市站,3797726343
马庄站,8086780669
马庄站,8378245804
马店线路所,6201492202
马度白站,3739167562
马文寨站,9193526294
马料地站,4676485642
马村站,1588514431
马林站,1720956490
马柳站,8431451884
马栅站,3699740707
马格庄站,1560023580
马棚站,8038701586
马海南站,5010548828
马海站,5010529255
马渡线路所,10042527150
马牙克站,7365811223
马王塘站,9660895494
马王村站,2968410794
马田墟站,8373975418
马皇站,2661130703
马盖图站,1597596212
马相屯站,9176129487
马莲井站,8996142436
马莲河站,2333212319
马营海站,4068182356
马街站,9327370170
马街镇站,11134136691
马衙站,2987541002
马角坝站,1546239744
马跑泉站,3589651630
马跑泉站,8093975758
马路圩站,8859228082
马跳站,7781469271
马踏站,8976366466
马蹄湾站,2324653299
马辛庄站,5322101446
马铺营站,9274358854
马鞍山东站,3798940125
马鞍山南站,11332813140
马鞍山站,1029084857
马鞍站,11067492049
马颈坳站,8738141388
马首站,8380127631
马鬃山站,7473462480
马龙站,7705012379
驻操营站,9263223093
驻马哨站,4545840842
驻马店站,3305961225
驻马店西站,8396976231
驼房营线路所,8345100409
驼腰岭站,2327447499
驿马站,9171411644
骆驼圈子 تۆگە چەمبىرىكى站,7473462473
骆驼巷站,665133159
骆驼村站,8398678588
骆驼泉站,12212964526
骆驼营站,9169258489
骑龙站,9327370181
高兴岭线路所,12753976233
高兴站,8737376578
高兴镇站,3182655176
高县站,10914061380
高台南站,2987122989
高台子站,1595854606
高台山站,5387371821
高台站,2987123075
高各庄站,3956268935
高唐站,8445590870
高坑站,3324718872
高坝站,9334658549
高坪站,10120263998
高坪铺站,2643969694
高城站,3858109183
高头窑北站,9072960183
高头窑站,9072960184
高头站,1728086194
高安站,2828212883
高家坊站,8327462725
高家堡站,8389795973
高家庄站,5199656164
高家村站,9111251392
高家站,9157555169
高家营站,7950385244
高密东站,3315761484
高密北站,5285771422
高密南站,9246201062
高密站,2333425137
高寺台站,3230859511
高尔山站,9162845412
高山子站,1655741293
高岭站,5346336883
高峰站,2341894807
高川站,9045435158
高州站,5043311371
高平东站,8208342108
高平站,1578466518
高庄站,8163363261
高庄站,8410712138
高庄站,9242869566
高新园线路所,10951246245
高新里线路所,12407354123
高旺线路所,9619273756
高明站,11607169593
高显站,4076212845
高村站,3671619714
高板站,8155130406
高林屯站,9500070311
高柏站,2940257431
高栏港站,7707072352
高桥北站,9760843029
高桥线路所,11711032155
高桥镇站,1657245384
高楞站,5697139266
高楼房站,1758381624
高沙窝站,4071291814
高流站,8524111584
高溪市站,5507082480
高滩站,1556058452
高潭子站,2324653244
高炉子站,5772960010
高田乡站,10108678014
高田站,9189836469
高石崖站,9728646336
高砂站,7235401598
高碑店东站,2753105922
高碑店站,8313484665
高碑店西站,10719872700
高花站,9167905926
高要站,8440342291
高谷站,1681825082
高资站,1709805051
高辛庄线路所,10652586613
高邑站,2329407068
高邑西站,2753124016
高邮北站,13061742380
高邮站,4715031302
高里站,1524297087
高阜站,4666461812
高阳镇站,1659252251
高陵站,12513851177
高骈站,1816772506
魁岐站,3019467507
魏善庄站,8445004257
魏家坡站,8390948603
魏家楼站,3122180865
魏家沟站,9282598399
魏家泉站,6308158132
魏家滩站,8387454958
魏杖子站,2336082823
鱼儿沟 يۈئېرگو站,7363504705
鱼卡站,5010529568
鱼嘴站,1681825234
鱼池村站,5566980856
鱼池站,6200921471
鱼河站,1790560446
鱼泉站,1681825197
鱼珠站,9196767918
鱼背山站,3499344281
鲁吉站,10599205276
鲁山站,1577895084
鲁朗站,9900984585
鲁河站,1595854624
鲁番站,2323529374
鲁舒站,3991630280
鲅鱼圈北站,9166915290
鲅鱼圈站,4391476630
鲇鱼山站,3501765796
鲍店站,9242869555
鲍渠站,3122180839
鲘门站,10224522918
鲜滩站,8150317088
鲢鱼山站,7369008122
鲤鱼江站,13630103534
鸟岛站,4472458864
鸡东站,9137873810
鸡公山站,3612854137
鸡冠山站,1660818524
鸡场坡站,9329260384
鸡头村站,13116167365
鸡泽站,3949862921
鸡笼街站,8154570885
鸡西站,9131669916
鸡西西站,9429768333
鸡鸣村站,3412200086
鸡鸣驿站,9081732763
鸣李站,9512571937
鸣沙山站,11524745970
鸦雀岭站,7202301456
鸭咀岩站,8236486689
鸭园站,9174163144
鸭子荡站,4071540592
鸭江站,8197954877
鸭鸽营站,5431792961
鸳鸯湖电厂站,4071291815
鸳鸯湖站,3589417019
鸳鸯镇站,3840303358
鸿宝线路所,7232818709
鹄山站,2483691483
鹤北站,9129186220
鹤壁东站,8401357511
鹤壁北站,4074894515
鹤壁南站,9320122100
鹤壁时丰站,6630719937
鹤壁站,8308266735
鹤山站,1727803035
鹤山西站,11607169592
鹤岗南站,9902166569
鹤岗站,3824970873
鹤峰站,11716384859
鹤庆站,2215509164
鹤洲南站,10817239536
鹤田线路所,9660934588
鹤立站,9129186225
鹧鸪江站,5407444043
鹰咀站,9299765149
鹰手营子站,844821222
鹰潭北站,2980591313
鹰潭南站,2499054680
鹰潭站,2445713990
鹰窝山站,9123967445
鹰窝沟站,9076173190
鹿寨北站,4419754645
鹿寨站,1539233565
鹿楼站,9320122099
鹿道站,2333212318
麓谷站,5433619339
麥當勞道 MacDonnell Road站,988059698
麦园站,1583788086
麦积山站,11121532885
麻地岭线路所,11187244476
麻城北站,7199441363
麻城站,1575144249
麻套站,10120263940
麻尾站,1612747505
麻山站,9137873814
麻庵河站,3640192783
麻斯塔拉站,9119790819
麻斯塔拉线路所,12674464938
麻旺站,5549333750
麻柳滩站,14177579130
麻柳站,1556058493
麻柳镇站,1763859676
麻栗站,8151271758
麻江西站,12723334387
麻池站,4072805992
麻沿站,11121532897
麻洞川站,7740376257
麻涌站,8901184330
麻田站,5655797052
麻田镇站,8383889158
麻芝铺站,8314373248
麻阳站,1613271747
麻阳西站,9544816612
黄丝站,4936405300
黄冈东站,9317600789
黄冈站,4640099971
黄冈西站,3387439248
黄冕站,8154580326
黄口站,8502219695
黄台站,3774609329
黄圃站,9653920387
黄土井站,8154570898
黄土坑站,7272083201
黄土坡站,9282598406
黄土岗站,5395447266
黄土店站,1419186468
黄土庙站,9295305369
黄坑线路所,12361080978
黄埔站,8001953633
黄埠村线路所,12065964801
黄堡站,3697044158
黄塘站,8670636176
黄宅线路所,11709975099
黄家坝站,1558444909
黄家寨站,2726644057
黄家店站,1721802916
黄家湖线路所,11750472181
黄家营站,3481368249
黄山北站,3656291049
黄山站,778220947
黄山西站,10667605781
黄岗站,5655200581
黄岗站,8772819609
黄岗线路所,6322602592
黄岛站,9246201033
黄岭站,7780322125
黄崖站,9118892089
黄嵩界站,9292699676
黄州站,8417536126
黄帝城站,4014396782
黄平站,5593903605
黄庄站,8163363269
黄庵站,7197289103
黄康站,8597208764
黄旗堡站,8349669881
黄村井站,3227951435
黄村站,2351141827
黄松甸站,1590460721
黄柏站,1550539257
黄桥站,11327619630
黄桶北站,7704451133
黄桶站,1565858570
黄桷线路所,8189675777
黄梅东站,9302855771
黄梅南站,9520363421
黄梅山站,8509345768
黄梅站,1642883463
黄楼线路所,8517700648
黄榆店站,8163363251
黄水塘南站,8166819983
黄水塘站,8151179056
黄水站,3500438112
黄沙河站,8154570900
黄沙潭站,7780322123
黄河南线路所,8438901532
黄河景区站,3717101415
黄河涯站,7855842557
黄泥崴子站,12494933328
黄泥河站,1590460718
黄洋站,8175954972
黄流站,3926612108
黄流镇站,7638983864
黄渡站,4513596856
黄渡线路所,7169098431
黄牛铺站,3026607439
黄瓜园站,7850592663
黄田站,9209486380
黄甲站,13508827064
黄略站,8269111608
黄白茨站,9098127464
黄石北站,12732524418
黄石站,3182617648
黄磏站,1586701879
黄秀桥站,8330381358
黄粱梦站,8382763915
黄练站,8852859358
黄羊城站,3156037786
黄羊墩站,3589417000
黄羊头线路所,7773252723
黄羊泉站,7368677852
黄羊湾站,9118892094
黄羊湾（旧址）,13665852390
黄羊滩站,9118892107
黄羊苏站,12404403767
黄羊镇站,2340595339
黄联关站,8151154551
黄胜关站,9147757648
黄腊站,4419759246
黄花塔拉站,9122624809
黄花筒站,1720956481
黄荆苯站,9242148052
黄草滩站,13521571005
黄莲坑站,6183396194
黄许镇站,8164923685
黄道站,9017817968
黄金园线路所,9521791866
黄金坳站,8236461402
黄金子站,10216408085
黄阳司站,8154570892
黄陂站,3856514511
黄陵东站,2958021496
黄陵南站,2958021495
黄陵站,11124438407
黄陵西站,1532800145
黄骅东站,11297405062
黄骅东站,8410555586
黄骅北站,12066274835
黄骅南站,11297399866
黄骅南站,1668282547
黄骅港站,11297405064
黄骅港站,4021619860
黄骅站,4021611202
黄麟站,2838827861
黄龙九寨站,10574674384
黍地沟站,5249136616
黎城站,10276529761
黎塘站,7911621940
黎家新庄站,4071540590
黎明站,14003841757
黎明站,8060376207
黎民居站,3915767506
黎河线路所,10728510839
黑井站,1758381653
黑冲滩站,2340595336
黑台站,9137873807
黑城子站,9072960160
黑塔站,8502773180
黑宝山站,9129186270
黑山北站,4507869068
黑山头站,2327511889
黑山寺站,3956111537
黑山梁站,7473462479
黑山湖站,2635901972
黑山站,6506098921
黑山站,7368618930
黑旺站,1301361569
黑松驿站,11822383810
黑水站,9506868289
黑沙土站,3685453995
黑河南站,4516601326
黑河站,9129186241
黑猪河线路所,12407354079
黑石关站,3006178368
黑石岗站,9193526300
黑石川站,9081732727
黑石沟站,5010504433
黑石铺站,8311758357
黑背站,9497085055
黑茶山站,4067925765
黑金站,9129186269
黑鱼泡子站,9122624804
黑鹰山站,7473471985
黑龙井站,3589734343
黑龙峰站,7369008116
黔城站,8739286261
黔江北（预留）,12681122279
黔江站,1681825133
黔灵山站,3059440682
黔西站,3740915261
默里浑德站,9072960145
黟县东站,10666136336
黟县站,7272083216
鼎湖东站,9195330008
鼎湖山站,6961702890
鼎湖站,8440342292
齐哈日格图站,9117619570
齐天坪站,7245028946
齐山站,9226690984
齐岳山站,3499334919
齐星站,9246201036
齐河站,6184600989
齐齐哈尔南站,7872489296
齐齐哈尔站,7872489297
龙东矿站,9223324915
龙丰站,6164592109
龙井乘降所,13662465797
龙井村站,8858734615
龙井站,9171411668
龙仁站,7296234982
龙伯屯站,1577103516
龙兴站,10313458327
龙凤站,10917569593
龙凤镇站,12247244618
龙南东站,8760954204
龙南站,1641971970
龙口北,9251972108
龙口坝站,7276779890
龙口市站,5075522332
龙口港站,7128808621
龙口站,3182655177
龙口西站,7128808616
龙嘉站,2375089681
龙回站,3182691334
龙固站,9223324916
龙坑站,8208703840
龙坪站,8440342284
龙堌集站,8445967195
龙塘坝站,1758381670
龙塘站,12982640792
龙塘镇站,9198249302
龙宫站,2757833092
龙家堡站,2332707898
龙家营站,7777444183
龙家营线路所,7777444184
龙居站,8244462065
龙山北站,6615339423
龙山站,9176129491
龙山站,9312908627
龙山线路所,8210144945
龙山镇东站,9165204574
龙山镇站,7252318603
龙岩东站,7236810280
龙岩站,638704454
龙川北站,8417536131
龙川站,1619080438
龙川西站,9053630464
龙州站,11278698812
龙市站,3362903230
龙广站,8320962483
龙形村线路所,12484722462
龙拱港站,8445993262
龙桂站,8163476370
龙桥站,4724795895
龙江村站,7235401599
龙江站,4146575707
龙池站,11202356352
龙池站,1681825098
龙沟站,3840242010
龙泉北站,9174163162
龙泉寺站,269831765
龙泉市站,7935632105
龙泉村站,8490990624
龙泉站,9178152018
龙泉镇站,9171411651
龙洞堡站,3739089059
龙洞站,12712336081
龙津沟站,7705058633
龙津站,12612402415
龙海站,3694546892
龙港站,8780112731
龙游东站,5488773092
龙游北站,9302050796
龙游南站,7898882551
龙游站,1651805298
龙湖站,13508900516
龙湖站,5564278234
龙潭寺站,3195094193
龙潭山站,6457291276
龙潭站,1709795978
龙潭镇站,7249740474
龙爪沟站,1592559583
龙爪站,5980498115
龙王渠站,9081732758
龙田站,8859041367
龙田面站,9192069851
龙船站,9137876530
龙里北站,3060329171
龙里站,3544629616
龙镇站,9129186248
龙门南站,8158566840
龙门河站,10216416208
龙门站,3955132495
龙门镇站,8440210939
龙陵站,8341377369
龙马站,3629306166
龙骨甸站,1758381661
龙鼻咀站,8738067118
龟潭站,7935693243
가림,4261071242
간상봉,4119577453
간평,2092919302
강구,5261887342
강안,4619830209
강안리,2092843532
강양,2092826912
강하,5261877516
고령진,1879088831
국경,4632081859
금생,4262730004
남양,2091516665
남촌,5267562746
늪평,2259998236
대응,5262475278
독산,4261099700
두지,5262475274
라죽,5262475277
량강신상,5261887321
림토,2661557894
무산,1932707324
무산철산,1932707630
무창,5262475276
문악,5262662317
민탕,5261877520
부풍,2450469989
삼봉,2092891265
삼수청년,2260340146
삼포,4119577867
상대,5261887335
상풍강,5262610476
세선,4262578212
송삼,5262616686
송전,3010140151
수구포,2092826954
수풍,1932590001
신건,2210419589
신아산,2075424333
신전,2092929505
신파청년,5261877517
신학포,2092929532
십리동,5262616688
연포,5262662318
오구비,5262475273
위연청년,2124257886
유선,1932726280
인산,5261887337
자강삼강,5262627903
종성,2092851690
죽전,5262506065
차가수,4119577600
차가평,5262669395
창골,5262619106
청수,3517631768
포평청년,5262475275
풍리,2091582393
풍양,5261887324
학포,2092929428
혜산청년,4252336537
화전,4261048179
황파,2091603510
후주청년,3010140312
훈융,2091603488
흥암,1932707709
