source_line_name,stable_line_ids,source_intervals,source_reference_classes,catalog_classes,catalog_directories,style_keys,verification,manual_conflicts,mixed_fields,adopted_primary_urls,reference_urls,search_status,searched_at,catalog_group_ids
101专线,RL-960c0b858e99dde5e79d,9,unknown,unknown,车站线 / 类别待核实 / 连接线,station.unknown.spur_track,unresolved,,,,,search_results_available,2026-10-06T15:23:47.117Z,RL-960c0b858e99dde5e79d
10道,RL-56050725d655c552a07f|RL-c46367c0b60faccab851,5,high_speed|unknown,high_speed|unknown,车站线 / 类别待核实 / 站场轨道线|车站线 / 高速铁路 / 站场轨道线 / 速度范围待核实,station.high_speed.unknown.unknown|station.unknown.unknown,osm_source_compared|unresolved,,,,,search_results_available,2026-10-06T15:28:34.957Z,ST-23405f0e6edd2c20f987|ST-aff2063c4c83a60e9067|ST-ca5c5876c5c990a24a2c|ST-fa2ede21a4226f4152a4
11道,RL-366ef6f347619846f025|RL-fdf99050c90a1d20c876,5,high_speed|unknown,high_speed|unknown,车站线 / 类别待核实 / 站场轨道线|车站线 / 高速铁路 / 站场轨道线 / 速度范围待核实,station.high_speed.unknown.unknown|station.unknown.unknown,osm_source_compared|unresolved,,,,,search_results_available,2026-10-06T15:28:34.957Z,ST-3b791ac8c8d935a0bcfe|ST-ca5c5876c5c990a24a2c
12道,RL-2ec7802e077df6dd9366|RL-66291314a19cc7c2bc59,2,high_speed|unknown,high_speed|unknown,车站线 / 类别待核实 / 站场轨道线|车站线 / 高速铁路 / 站场轨道线 / 速度范围待核实,station.high_speed.unknown.unknown|station.unknown.unknown,osm_source_compared|unresolved,,,,,search_results_available,2026-10-06T15:45:07.522Z,ST-036e1c149dafa823f69d|ST-fa2ede21a4226f4152a4
13道,RL-5940c983fcff2ebecb5c|RL-b0c2f9ad71acb89b780d,2,high_speed|unknown,high_speed|unknown,车站线 / 类别待核实 / 站场轨道线|车站线 / 高速铁路 / 站场轨道线 / 速度范围待核实,station.high_speed.unknown.unknown|station.unknown.unknown,osm_source_compared|unresolved,,,,,search_results_available,2026-10-06T15:45:13.195Z,ST-3b791ac8c8d935a0bcfe|ST-fa2ede21a4226f4152a4
14道,RL-ff2266ac60446dc44fe3,1,high_speed,high_speed,车站线 / 高速铁路 / 站场轨道线 / 速度范围待核实,station.high_speed.unknown.unknown,osm_source_compared,,,,,search_results_available,2026-10-06T15:47:04.053Z,ST-fa2ede21a4226f4152a4
15道,RL-b2649cc93f0318e89767,1,high_speed,high_speed,车站线 / 高速铁路 / 站场轨道线 / 速度范围待核实,station.high_speed.unknown.unknown,osm_source_compared,,,,,search_results_available,2026-10-06T15:47:02.646Z,ST-fa2ede21a4226f4152a4
18道,RL-258d5906986bd8185ada,1,high_speed,high_speed,车站线 / 高速铁路 / 站场轨道线 / 速度范围待核实,station.high_speed.unknown.unknown,osm_source_compared,,,,,search_results_available,2026-10-06T15:47:02.646Z,ST-fa2ede21a4226f4152a4
19道,RL-f95d007454e10bbcc0cb,1,high_speed,high_speed,车站线 / 高速铁路 / 站场轨道线 / 速度范围待核实,station.high_speed.unknown.unknown,osm_source_compared,,,,,search_results_available,2026-10-06T15:47:02.646Z,ST-fa2ede21a4226f4152a4
1道,RL-182ade9ba38a40d6445e|RL-32f50f498f3c51cd55dd|RL-c4b20c6400af0624267c|RL-e4f057e3e3d34ae27895,15,high_speed|unknown,high_speed|unknown,车站线 / 类别待核实 / 站场轨道线|车站线 / 高速铁路 / 站场轨道线 / 速度范围待核实,station.high_speed.unknown.unknown|station.unknown.unknown,osm_source_compared|unresolved,,,,,search_results_available,2026-10-06T15:20:23.655Z,ST-0326a70e7c5819f8da5e|ST-036e1c149dafa823f69d|ST-23405f0e6edd2c20f987|ST-52575edcc2f617157904|ST-7178718b991c48bab166|ST-87e50380c11e166d078c|ST-aff2063c4c83a60e9067|ST-ca5c5876c5c990a24a2c|ST-dcdd33a0c8924ffb931e|ST-fa2ede21a4226f4152a4
2,RL-d4cecd309ca9705f0438,1,unknown,unknown,车站线 / 类别待核实 / 站场轨道线,station.unknown.unknown,unresolved,,,,,search_results_available,2026-10-06T15:47:02.646Z,ST-49cd407ec4b1dcb46c09
200米铁轨实验线,RL-4bf35e96a6e558026744,1,unknown,unknown,车站线 / 类别待核实 / 站场轨道线,station.unknown.unknown,unresolved,,,,https://china-emu.cn/RailRoads/Line/?LineName=峨眉山线,search_results_available,2026-10-06T15:47:02.107Z,ST-4ba7066c3545c4fa2e7f
20道,RL-953b06eccb591297d0f5,1,high_speed,high_speed,车站线 / 高速铁路 / 站场轨道线 / 速度范围待核实,station.high_speed.unknown.unknown,osm_source_compared,,,,,search_results_available,2026-10-06T15:47:02.107Z,ST-fa2ede21a4226f4152a4
21道,RL-ef83895d7d8a373efbd8,1,high_speed,high_speed,车站线 / 高速铁路 / 站场轨道线 / 速度范围待核实,station.high_speed.unknown.unknown,osm_source_compared,,,,,search_results_available,2026-10-06T15:47:02.107Z,ST-fa2ede21a4226f4152a4
22道,RL-2d9c6c31db6b99c5656d,1,high_speed,high_speed,车站线 / 高速铁路 / 站场轨道线 / 速度范围待核实,station.high_speed.unknown.unknown,osm_source_compared,,,,,search_results_available,2026-10-06T15:47:02.107Z,ST-fa2ede21a4226f4152a4
235处专用线,RL-9aff56c18c446a7f9587,1,unknown,unknown,车站线 / 类别待核实 / 连接线,station.unknown.spur_track,unresolved,,,,,search_results_available,2026-10-06T15:47:05.254Z,RL-9aff56c18c446a7f9587
2道,RL-3718dbb14a2d90d4228c|RL-9758db428676a24a7136|RL-bcbf38244ec367159d43|RL-cb22e5fda2ca3e9d35a0,8,high_speed|unknown,high_speed|unknown,车站线 / 类别待核实 / 站场轨道线|车站线 / 高速铁路 / 站场轨道线 / 速度范围待核实,station.high_speed.unknown.unknown|station.unknown.unknown,osm_source_compared|unresolved,,,,,search_results_available,2026-10-06T15:24:39.613Z,ST-52575edcc2f617157904|ST-87e50380c11e166d078c|ST-aff2063c4c83a60e9067|ST-ca5c5876c5c990a24a2c|ST-dcdd33a0c8924ffb931e
31厂线,RL-e7799db30bf63bfafb97,1,unknown,unknown,车站线 / 类别待核实 / 连接线,station.unknown.spur_track,unresolved,,,,,search_results_available,2026-10-06T15:47:05.254Z,RL-e7799db30bf63bfafb97
33厂线,RL-a5c93b3dfceb19f48a2c,4,unknown,unknown,车站线 / 类别待核实 / 连接线,station.unknown.spur_track,unresolved,,,,,search_results_available,2026-10-06T15:42:18.754Z,RL-a5c93b3dfceb19f48a2c
3道,RL-25a230b011c0bfcc0447|RL-c86e7827533c03cdc1fa|RL-fdb69d784bd457bd632d,14,high_speed|unknown,high_speed|unknown,车站线 / 类别待核实 / 站场轨道线|车站线 / 高速铁路 / 站场轨道线 / 速度范围待核实,station.high_speed.unknown.unknown|station.unknown.unknown,osm_source_compared|unresolved,,,,,search_results_available,2026-10-06T15:20:58.407Z,ST-036e1c149dafa823f69d|ST-23405f0e6edd2c20f987|ST-3b791ac8c8d935a0bcfe|ST-70ebf56f2c16c9513a2c|ST-87e50380c11e166d078c|ST-ca5c5876c5c990a24a2c|ST-fa2ede21a4226f4152a4
409库线,RL-2a5d8bf4e5252fb9d933,4,unknown,unknown,车站线 / 类别待核实 / 站场轨道线,station.unknown.unknown,unresolved,,,,,search_results_available,2026-10-06T15:42:19.033Z,ST-85919f126bbd4be6e534
425线,RL-594af9a16f97f0a4f6fd,2,unknown,unknown,车站线 / 类别待核实 / 连接线,station.unknown.spur_track,unresolved,,,,,search_results_available,2026-10-06T15:45:13.195Z,RL-594af9a16f97f0a4f6fd
4股,RL-c4021bc06679b13634a9,1,unknown,unknown,车站线 / 类别待核实 / 站场轨道线,station.unknown.unknown,unresolved,,,,,search_results_available,2026-10-06T15:47:05.254Z,ST-f9e186b3b511f8530eb2
4道,RL-351200e699e695f73352|RL-41041166adb2ba36312f|RL-c7d7af7dfe4b3be48fa4|RL-e09560b1ddbcf6190e8b,11,high_speed|unknown,high_speed|unknown,车站线 / 类别待核实 / 站场轨道线|车站线 / 高速铁路 / 站场轨道线 / 速度范围待核实,station.high_speed.unknown.unknown|station.unknown.unknown,osm_source_compared|unresolved,,,,,search_results_available,2026-10-06T15:22:10.243Z,ST-0326a70e7c5819f8da5e|ST-036e1c149dafa823f69d|ST-23405f0e6edd2c20f987|ST-3b791ac8c8d935a0bcfe|ST-70ebf56f2c16c9513a2c|ST-aff2063c4c83a60e9067|ST-ca5c5876c5c990a24a2c|ST-fa2ede21a4226f4152a4
534处专运线,RL-e42ad9a80e6712e9954c,5,unknown,unknown,车站线 / 类别待核实 / 连接线,station.unknown.spur_track,unresolved,,,,,search_results_available,2026-10-06T15:28:39.687Z,RL-e42ad9a80e6712e9954c
5道,RL-6f648a4caf25e933b488|RL-91cac790c7d0c0e6373d|RL-f45ddef45b3fb40538c2,15,high_speed|unknown,high_speed|unknown,车站线 / 类别待核实 / 站场轨道线|车站线 / 高速铁路 / 站场轨道线 / 速度范围待核实,station.high_speed.unknown.unknown|station.unknown.unknown,osm_source_compared|unresolved,,,,,search_results_available,2026-10-06T15:20:23.655Z,ST-23405f0e6edd2c20f987|ST-3b791ac8c8d935a0bcfe|ST-52575edcc2f617157904|ST-70ebf56f2c16c9513a2c|ST-85919f126bbd4be6e534|ST-aff2063c4c83a60e9067|ST-dcdd33a0c8924ffb931e|ST-fa2ede21a4226f4152a4
601支线,RL-e01078ea5543c138b6c4,1,unknown,unknown,车站线 / 类别待核实 / 连接线,station.unknown.spur_track,unresolved,,,,,search_results_available,2026-10-06T15:47:05.254Z,RL-e01078ea5543c138b6c4
6道,RL-7ad3437aa6f7eb21c492|RL-7b287d5f3ec82452641f|RL-d5e2816c83e04952d6c8,19,high_speed|unknown,high_speed|unknown,车站线 / 类别待核实 / 站场轨道线|车站线 / 高速铁路 / 站场轨道线 / 速度范围待核实,station.high_speed.unknown.unknown|station.unknown.unknown,osm_source_compared|unresolved,,,,,search_results_available,2026-10-06T15:11:51.082Z,ST-036e1c149dafa823f69d|ST-23405f0e6edd2c20f987|ST-3b791ac8c8d935a0bcfe|ST-52575edcc2f617157904|ST-70ebf56f2c16c9513a2c|ST-87e50380c11e166d078c|ST-aff2063c4c83a60e9067|ST-dcdd33a0c8924ffb931e
7015线,RL-5c29c8d3bc15efa803ae,3,unknown,unknown,车站线 / 类别待核实 / 连接线,station.unknown.spur_track,unresolved,,,,,search_results_available,2026-10-06T15:43:32.950Z,RL-5c29c8d3bc15efa803ae
7道,RL-938abf593a41242c9a8d|RL-eca5dbaafa024ca5633e,10,high_speed|unknown,high_speed|unknown,车站线 / 类别待核实 / 站场轨道线|车站线 / 高速铁路 / 站场轨道线 / 速度范围待核实,station.high_speed.unknown.unknown|station.unknown.unknown,osm_source_compared|unresolved,,,,,search_results_available,2026-10-06T15:22:52.748Z,ST-036e1c149dafa823f69d|ST-3b791ac8c8d935a0bcfe|ST-70ebf56f2c16c9513a2c|ST-87e50380c11e166d078c|ST-ca5c5876c5c990a24a2c|ST-dcdd33a0c8924ffb931e
801厂专用线,RL-b9f70c29ac636831eb23,2,unknown,unknown,车站线 / 类别待核实 / 连接线,station.unknown.spur_track,unresolved,,,,,search_results_available,2026-10-06T15:45:13.195Z,RL-b9f70c29ac636831eb23
8道,RL-1640c5a07bae254f8461|RL-240c74f0fcfd60260197|RL-b277f47e5bd6a7dea155,11,high_speed|unknown,high_speed|unknown,车站线 / 类别待核实 / 站场轨道线|车站线 / 高速铁路 / 站场轨道线 / 速度范围待核实,station.high_speed.unknown.unknown|station.unknown.unknown,osm_source_compared|unresolved,,,,,search_results_available,2026-10-06T15:22:11.094Z,ST-036e1c149dafa823f69d|ST-23405f0e6edd2c20f987|ST-87e50380c11e166d078c|ST-ca5c5876c5c990a24a2c|ST-dcdd33a0c8924ffb931e|ST-fa2ede21a4226f4152a4
9道,RL-22a97f585411e50d3c40|RL-4b34d09ccf3ea538aba4,10,high_speed|unknown,high_speed|unknown,车站线 / 类别待核实 / 站场轨道线|车站线 / 高速铁路 / 站场轨道线 / 速度范围待核实,station.high_speed.unknown.unknown|station.unknown.unknown,osm_source_compared|unresolved,,,,,search_results_available,2026-10-06T15:22:52.748Z,ST-036e1c149dafa823f69d|ST-23405f0e6edd2c20f987|ST-3b791ac8c8d935a0bcfe|ST-aff2063c4c83a60e9067|ST-ca5c5876c5c990a24a2c|ST-fa2ede21a4226f4152a4
A线 A線 ALine,RL-e8b1797c5b4a8ff990db,1,unknown,unknown,轨道线 / 类别待核实 / 正线,track.unknown.main_line,unresolved,,,,,search_results_available,2026-10-06T15:47:10.161Z,RL-e8b1797c5b4a8ff990db
B1线,RL-cd5c51d20efcee2558f7,11,unknown,unknown,轨道线 / 类别待核实 / 联络线,track.unknown.connecting_line,unresolved,line_role,,,,search_results_available,2026-10-06T15:22:11.094Z,RL-cd5c51d20efcee2558f7
B2线,RL-e78040ef1ff532f74507,10,unknown,unknown,轨道线 / 类别待核实 / 联络线,track.unknown.connecting_line,unresolved,line_role,,,,search_results_available,2026-10-06T15:22:52.748Z,RL-e78040ef1ff532f74507
B5线,RL-d5416533f1d5e4345829,10,unknown,unknown,轨道线 / 类别待核实 / 正线,track.unknown.main_line,unresolved,,,,,search_results_available,2026-10-06T15:23:09.891Z,RL-d5416533f1d5e4345829
Beskol - Dostyk,RL-996ebd01efb31d6c1b47,11,unknown,unknown,轨道线 / 类别待核实 / 正线,track.unknown.main_line,unresolved,,,,,search_results_available,2026-10-06T15:22:11.094Z,RL-996ebd01efb31d6c1b47
B线 B線 BLine,RL-e64c0d2b02082e0eeca4,1,unknown,unknown,轨道线 / 类别待核实 / 正线,track.unknown.main_line,unresolved,,,,,search_results_available,2026-10-06T15:47:10.161Z,RL-e64c0d2b02082e0eeca4
Cầu Hồ Kiều 1,RL-8047f16e055ddd08ac15,1,unknown,unknown,轨道线 / 类别待核实 / 正线,track.unknown.main_line,unresolved,,,,,search_results_available,2026-10-06T15:47:10.161Z,RL-8047f16e055ddd08ac15
III-II场联络线,RL-7cc11e2665bd00170308,7,unknown,unknown,轨道线 / 类别待核实 / 支线,track.unknown.branch_line,unresolved,,,,,search_results_available,2026-10-06T15:25:42.449Z,RL-7cc11e2665bd00170308
II场禁溜线,RL-40539a2ba6571256db13|RL-658556ca8337335f142d,2,unknown,unknown,车站线 / 类别待核实 / 站场轨道线|轨道线 / 类别待核实 / 线路功能待核实,station.unknown.unknown|track.unknown.unknown,unresolved,,,,,search_results_available,2026-10-06T15:45:13.195Z,RL-658556ca8337335f142d|ST-59f618c5b0823a83ca71
II场迂回线,RL-92664de3f6a1ca8f24af,1,unknown,unknown,车站线 / 类别待核实 / 站场轨道线,station.unknown.unknown,unresolved,,,,,search_results_available,2026-10-06T15:47:10.161Z,ST-59f618c5b0823a83ca71
Jinduicheng,RL-103a2acc611f3fe879e4|RL-7cfa021cfe0f1213c25a,9,unknown,unknown,车站线 / 类别待核实 / 站场轨道线|轨道线 / 类别待核实 / 线路功能待核实,station.unknown.unknown|track.unknown.unknown,unresolved,,,,,search_results_available,2026-10-06T15:23:47.117Z,RL-103a2acc611f3fe879e4|RL-7cfa021cfe0f1213c25a
Jinghu Line,RL-8f63d12a9428a0d5171e,3,unknown,unknown,车站线 / 类别待核实 / 站场轨道线,station.unknown.unknown,unresolved,,,,,search_results_available,2026-10-06T15:43:34.118Z,ST-935f4949713f85ae2c02
SDK联络线,RL-1bffd8fe87260f1bb5d9,6,industrial,industrial,车站线 / 工业铁路 / 连接线,station.industrial.spur_track,osm_source_compared,,,,,search_results_available,2026-10-06T15:27:03.650Z,RL-1bffd8fe87260f1bb5d9
V-I场联络线,RL-a00fa6d24893d249df41,4,unknown,unknown,轨道线 / 类别待核实 / 支线,track.unknown.branch_line,unresolved,,,,,search_results_available,2026-10-06T15:42:19.033Z,RL-a00fa6d24893d249df41
XDK联络线,RL-8e8518142da43856b754,11,industrial,industrial,车站线 / 工业铁路 / 连接线,station.industrial.spur_track,osm_source_compared,,,,,search_results_available,2026-10-06T15:22:11.094Z,RL-8e8518142da43856b754
transfer table,RL-e375722bb67fdfe0b369,11,unknown,unknown,车站线 / 类别待核实 / 站场轨道线,station.unknown.unknown,unresolved,,,,,search_results_available,2026-10-06T15:22:16.279Z,ST-b65a199e072f8a04bbcf
turntable,RL-7ff7a6a4ca5339d85890,3,unknown,unknown,车站线 / 类别待核实 / 站场轨道线,station.unknown.unknown,unresolved,,,,,search_results_available,2026-10-06T15:43:34.118Z,ST-b965d7b5054c1ebfc86f
yamansu mine railway,RL-2be5ba0a67f7201f2f87|RL-8d587901f77d6f139a1c|RL-c0acaab8ef4b3299a448,19,industrial,industrial,车站线 / 工业铁路 / 站场轨道线|车站线 / 工业铁路 / 连接线|轨道线 / 工业铁路 / 工业线,station.industrial.spur_track|station.industrial.unknown|track.industrial.industrial_line,osm_source_compared,,,,,search_results_available,2026-10-06T15:11:51.082Z,RL-8d587901f77d6f139a1c|RL-c0acaab8ef4b3299a448|ST-4c537ad44fefd6eee4d5
Đường sắt Hà Nội - Lào Cai,RL-700cbf56d575c192986e,28,unknown,unknown,轨道线 / 类别待核实 / 正线,track.unknown.main_line,unresolved,,,,,search_results_available,2026-10-06T15:10:27.963Z,RL-700cbf56d575c192986e
Đường sắt Hà Nội - Đồng Đăng,RL-d227183a9a53474d1cd8,8,unknown,unknown,轨道线 / 类别待核实 / 正线,track.unknown.main_line,unresolved,,,,,search_results_available,2026-10-06T15:24:39.613Z,RL-d227183a9a53474d1cd8
Зүүнбаян-Ханги,RL-215cd4c9237cb8167f3a,8,unknown,unknown,轨道线 / 类别待核实 / 线路功能待核实,track.unknown.unknown,unresolved,,,,,search_results_available,2026-10-06T15:24:34.052Z,RL-215cd4c9237cb8167f3a
Михайло-Семёновская (Россия) - Тунцзян (КНР),RL-a1b1b0fcccaa22817412,1,unknown,unknown,轨道线 / 类别待核实 / 正线,track.unknown.main_line,unresolved,,,,,search_results_available,2026-10-06T15:47:11.133Z,RL-a1b1b0fcccaa22817412
Мост Российско-Корейской дружбы,RL-0c0fb13ea9c76d33a357,1,unknown,unknown,轨道线 / 类别待核实 / 正线,track.unknown.main_line,unresolved,,,,,search_results_available,2026-10-06T15:47:11.133Z,RL-0c0fb13ea9c76d33a357
Таван-Толгой — Гашуунсухайт,RL-2b2e61b1a6cff0c0fcef|RL-4a1e016e63315032ea12|RL-dbc2c40cc81197904dd8|RL-f8a27b0218925708e597,68,unknown,unknown,车站线 / 类别待核实 / 站场轨道线|车站线 / 类别待核实 / 连接线|轨道线 / 类别待核实 / 正线,station.unknown.spur_track|station.unknown.unknown|track.unknown.main_line,unresolved,,line_role|railway_class|line_role,,,search_results_available,2026-10-06T15:07:52.378Z,RL-2b2e61b1a6cff0c0fcef|RL-4a1e016e63315032ea12|RL-dbc2c40cc81197904dd8|RL-f8a27b0218925708e597
Транс-Монголын төмөр зам,RL-75c73dfb7e2e82a97bbf,25,unknown,unknown,轨道线 / 类别待核实 / 正线,track.unknown.main_line,unresolved,,,,,search_results_available,2026-10-06T15:10:55.816Z,RL-75c73dfb7e2e82a97bbf
Транссибирская магистраль,RL-8d3e3874d0d7ee2ee58e,26,unknown,unknown,轨道线 / 类别待核实 / 正线,track.unknown.main_line,unresolved,,,,,search_results_available,2026-10-06T15:10:49.128Z,RL-8d3e3874d0d7ee2ee58e
Шивээ Хүрэн–Цэцэг Төмөр Зам,RL-1734cd2dffe5c4744cc8|RL-77ee5e51ecf4a2244aaa,10,unknown,unknown,在建 / 轨道线 / 类别待核实 / 支线|轨道线 / 类别待核实 / 支线,track.unknown.branch_line,unresolved,,,,,search_results_available,2026-10-06T15:23:09.891Z,RL-1734cd2dffe5c4744cc8|RL-77ee5e51ecf4a2244aaa
ж/д Китай–Кыргызстан–Узбекистан,RL-37e9f7d811d641e5ef5b,3,unknown,unknown,在建 / 轨道线 / 类别待核实 / 正线,track.unknown.main_line,unresolved,,,,,search_results_available,2026-10-06T15:43:34.118Z,RL-37e9f7d811d641e5ef5b
ທາງລົດໄຟ ລາວ-ຈີນ,RL-6092703c52d5a63dfe27,19,unknown,unknown,轨道线 / 类别待核实 / 正线,track.unknown.main_line,unresolved,,,,,search_results_available,2026-10-06T15:12:05.869Z,RL-6092703c52d5a63dfe27
一〇三新线,RL-6d7ba7137d424e54da75,6,unknown,unknown,车站线 / 类别待核实 / 连接线,station.unknown.spur_track,unresolved,,,,,search_results_available,2026-10-06T15:27:03.650Z,RL-6d7ba7137d424e54da75
一〇三线,RL-47ce5ecb3a700c822583,5,unknown,unknown,车站线 / 类别待核实 / 连接线,station.unknown.spur_track,unresolved,,,,,search_results_available,2026-10-06T15:28:39.687Z,RL-47ce5ecb3a700c822583
一〇三老线,RL-6c4bf6369f87aaf65cce,2,unknown,unknown,车站线 / 类别待核实 / 连接线,station.unknown.spur_track,unresolved,,,,,search_results_available,2026-10-06T15:45:12.057Z,RL-6c4bf6369f87aaf65cce
一八四线,RL-c7d1864bdab43134bcc7,1,unknown,unknown,车站线 / 类别待核实 / 站场轨道线,station.unknown.unknown,unresolved,,,,,search_results_available,2026-10-06T15:47:11.133Z,ST-570a75d47b0cc9cebd2e
一粮库线,RL-2024255cd4425414a358,2,unknown,unknown,车站线 / 类别待核实 / 连接线,station.unknown.spur_track,unresolved,,,,,search_results_available,2026-10-06T15:45:12.057Z,RL-2024255cd4425414a358
一零一线,RL-64b4bd64e5f19b7e64ab|RL-f1bea69b66eee504fe30,45,unknown,unknown,轨道线 / 类别待核实 / 支线,track.unknown.branch_line,unresolved,,,,,search_results_available,2026-10-06T15:09:05.741Z,RL-64b4bd64e5f19b7e64ab|RL-f1bea69b66eee504fe30
丁桥油库支线,RL-223a6ae32375e215035a,5,unknown,unknown,车站线 / 类别待核实 / 连接线,station.unknown.spur_track,unresolved,,,,,search_results_available,2026-10-06T15:28:39.687Z,RL-223a6ae32375e215035a
七三八线,RL-1daa3c6eaed664ad4604,2,unknown,unknown,车站线 / 类别待核实 / 连接线,station.unknown.spur_track,unresolved,,,,,search_results_available,2026-10-06T15:45:12.057Z,RL-1daa3c6eaed664ad4604
七丰线,RL-579245f8a6f91c79d304,1,unknown,unknown,轨道线 / 类别待核实 / 支线,track.unknown.branch_line,unresolved,,,,,search_results_available,2026-10-06T15:47:11.133Z,RL-579245f8a6f91c79d304
七宝北线,RL-33098ea5ac1f5d39ce3c,9,unknown,unknown,轨道线 / 类别待核实 / 支线,track.unknown.branch_line,unresolved,,,,,search_results_available,2026-10-06T15:23:47.168Z,RL-33098ea5ac1f5d39ce3c
七宝南线,RL-92d4772b4abc0b57acbe,3,unknown,unknown,轨道线 / 类别待核实 / 支线,track.unknown.branch_line,unresolved,,,,,search_results_available,2026-10-06T15:43:34.118Z,RL-92d4772b4abc0b57acbe
七宝所联络线,RL-7a942f09057148e0642a,2,unknown,unknown,轨道线 / 类别待核实 / 支线,track.unknown.branch_line,unresolved,,,,https://china-emu.cn/RailRoads/Line/?LineName=七宝联络线,search_results_available,2026-10-06T15:45:12.057Z,RL-7a942f09057148e0642a
七宝站联络线,RL-7eb5976b0476f4d14b46,1,unknown,unknown,轨道线 / 类别待核实 / 支线,track.unknown.branch_line,unresolved,,,,https://china-emu.cn/RailRoads/Line/?LineName=七宝联络线,search_results_available,2026-10-06T15:47:09.538Z,RL-7eb5976b0476f4d14b46
七星线,RL-90867e0b9ac415374215,2,unknown,unknown,车站线 / 类别待核实 / 连接线,station.unknown.spur_track,unresolved,,,,,search_results_available,2026-10-06T15:45:11.591Z,RL-90867e0b9ac415374215
七滦线,RL-6cd09c4d1e7f8dbb4834,234,unknown,unknown,轨道线 / 类别待核实 / 支线,track.unknown.branch_line,unresolved,,,,,search_results_available,2026-10-06T15:54:05.860Z,RL-6cd09c4d1e7f8dbb4834
万万联络线,RL-04446f480514d031d38d,13,unknown,unknown,轨道线 / 类别待核实 / 支线,track.unknown.branch_line,unresolved,,,,,search_results_available,2026-10-06T15:21:17.510Z,RL-04446f480514d031d38d
万凉线,RL-ddc81781f2a54032f0ba,103,unknown,unknown,轨道线 / 类别待核实 / 正线,track.unknown.main_line,unresolved,,,,,search_results_available,2026-10-06T15:07:04.275Z,RL-ddc81781f2a54032f0ba
万创专用线,RL-c5c81a53298acd4d17c7,1,unknown,unknown,车站线 / 类别待核实 / 连接线,station.unknown.spur_track,unresolved,,,,,search_results_available,2026-10-06T15:47:09.538Z,RL-c5c81a53298acd4d17c7
万包联络线,RL-f9d82f5e37bca9825c6d,9,unknown,unknown,轨道线 / 类别待核实 / 正线,track.unknown.main_line,unresolved,,,,,search_results_available,2026-10-06T15:23:47.168Z,RL-f9d82f5e37bca9825c6d
万南线,RL-c690c3f72284129a7752,4,unknown,unknown,轨道线 / 类别待核实 / 支线,track.unknown.branch_line,unresolved,,,,,search_results_available,2026-10-06T15:42:19.033Z,RL-c690c3f72284129a7752
万家屯绥中电厂专用线,RL-3ad7b4101b31ba38b373,23,unknown,unknown,轨道线 / 类别待核实 / 支线,track.unknown.branch_line,unresolved,,,,,search_results_available,2026-10-06T15:11:13.967Z,RL-3ad7b4101b31ba38b373
万盛南联络线,RL-5c33ed3564e294fbb5e2,10,unknown,unknown,轨道线 / 类别待核实 / 支线,track.unknown.branch_line,unresolved,,,,,search_results_available,2026-10-06T15:23:09.891Z,RL-5c33ed3564e294fbb5e2
三元中能煤矿专用线,RL-ee57cde529dd8b8face0,12,industrial,industrial,轨道线 / 工业铁路 / 工业线,track.industrial.industrial_line,osm_source_compared,,,,,search_results_available,2026-10-06T15:21:45.158Z,RL-ee57cde529dd8b8face0
三农联络线,RL-717b1f67397a08993d31,16,unknown,unknown,轨道线 / 类别待核实 / 支线,track.unknown.branch_line,unresolved,,,,,search_results_available,2026-10-06T15:12:44.678Z,RL-717b1f67397a08993d31
三塘铺货联线,RL-855473a51740cd4df977,11,unknown,unknown,轨道线 / 类别待核实 / 线路功能待核实,track.unknown.unknown,unresolved,,line_role,,,search_results_available,2026-10-06T15:22:16.279Z,RL-855473a51740cd4df977
三峡枢纽茅坪港疏港铁路,RL-7743970ad21eb6d1aabb,12,unknown,unknown,在建 / 轨道线 / 类别待核实 / 正线,track.unknown.main_line,unresolved,,,,,search_results_available,2026-10-06T15:21:45.158Z,RL-7743970ad21eb6d1aabb
三峰线,RL-e8913911fb6a4a8549eb,10,conventional,conventional,轨道线 / 普速铁路 / 正线,track.conventional.main_line,source_checked,,,https://www.nra.gov.cn/zzjg/jgj/syjd/sgsgg/201911/P020220825544637781349.pdf,,search_results_available,2026-10-06T15:23:09.891Z,RL-e8913911fb6a4a8549eb
三新铁路,RL-b33e9b5ee5ea15fce4a4,79,unknown,unknown,轨道线 / 类别待核实 / 支线,track.unknown.branch_line,unresolved,,,,,search_results_available,2026-10-06T15:07:37.368Z,RL-b33e9b5ee5ea15fce4a4
三桥西安北动走线,RL-9c18c86e5f1af01d5dee,12,unknown,unknown,轨道线 / 类别待核实 / 支线,track.unknown.branch_line,unresolved,,,,,search_results_available,2026-10-06T15:21:45.158Z,RL-9c18c86e5f1af01d5dee
三榆线,RL-d3c12d7855f67b5158ce,30,conventional,conventional,轨道线 / 普速铁路 / 正线,track.conventional.main_line,source_checked,,,https://www.nra.gov.cn/zzjg/jgj/syjd/sgsgg/201911/P020220825544637781349.pdf,,search_results_available,2026-10-06T15:10:14.045Z,RL-d3c12d7855f67b5158ce
三江港埠专用线,RL-3d96f2e1f4fc47972909,8,industrial,industrial,车站线 / 工业铁路 / 连接线,station.industrial.spur_track,osm_source_compared,,,,,search_results_available,2026-10-06T15:24:34.052Z,RL-3d96f2e1f4fc47972909
三粮库专用线,RL-70f27488d65e1bdebce9,4,unknown,unknown,车站线 / 类别待核实 / 连接线,station.unknown.spur_track,unresolved,,,,,search_results_available,2026-10-06T15:42:19.033Z,RL-70f27488d65e1bdebce9
三联隧道,RL-f3944a3551a26722dfa2,2,unknown,unknown,车站线 / 类别待核实 / 站场轨道线,station.unknown.unknown,unresolved,,,,,search_results_available,2026-10-06T15:45:11.591Z,ST-96928234ab7d7563925b
三角线,RL-a8f219fedba5c6446510,1,unknown,unknown,车站线 / 类别待核实 / 连接线,station.unknown.spur_track,unresolved,,,,,search_results_available,2026-10-06T15:47:09.538Z,RL-a8f219fedba5c6446510
三道岭煤矿铁路,RL-15c87164fa74d28f3518,154,industrial,industrial,车站线 / 工业铁路 / 连接线,station.industrial.spur_track,osm_source_compared,,,,,search_results_available,2026-10-06T15:06:27.585Z,RL-15c87164fa74d28f3518
三间房联6线,RL-489c180cadb6131979a6,1,unknown,unknown,轨道线 / 类别待核实 / 支线,track.unknown.branch_line,unresolved,,,,,search_results_available,2026-10-06T15:47:09.538Z,RL-489c180cadb6131979a6
上兰村线,RL-f486880a3bbfcd134ee6,33,unknown,unknown,轨道线 / 类别待核实 / 支线,track.unknown.branch_line,unresolved,,,,,search_results_available,2026-10-06T15:09:53.073Z,RL-f486880a3bbfcd134ee6
上合组织（连云港）国际物流园专用铁路,RL-a8d81d2a755f3899b0f0,18,unknown,unknown,车站线 / 类别待核实 / 连接线,station.unknown.spur_track,unresolved,,,,,search_results_available,2026-10-06T15:12:18.091Z,RL-a8d81d2a755f3899b0f0
上宁线,RL-64618c9fede6f05dd834,24,unknown,unknown,轨道线 / 类别待核实 / 支线,track.unknown.branch_line,unresolved,,,,,search_results_available,2026-10-06T15:10:59.347Z,RL-64618c9fede6f05dd834
上新线,RL-f6dd1e4cd228a29ab51a,27,unknown,unknown,轨道线 / 类别待核实 / 支线,track.unknown.branch_line,unresolved,,,,,search_results_available,2026-10-06T15:10:37.896Z,RL-f6dd1e4cd228a29ab51a
上河口铁路桥,RL-de4ce897c960d7bdb706,1,unknown,unknown,轨道线 / 类别待核实 / 正线,track.unknown.main_line,unresolved,,,,,search_results_available,2026-10-06T15:47:08.616Z,RL-de4ce897c960d7bdb706
上海南联络线,RL-21de03789f0140bc36e7,50,unknown,unknown,轨道线 / 类别待核实 / 支线,track.unknown.branch_line,unresolved,,,,https://china-emu.cn/RailRoads/Line/?LineName=上海南联络线,search_results_available,2026-10-06T15:08:41.442Z,RL-21de03789f0140bc36e7
上海示范区线,RL-2ceadde83a0f58f28a86|RL-efeb6a96c064b862fedd,33,unknown,unknown,在建 / 轨道线 / 类别待核实 / 正线|轨道线 / 类别待核实 / 正线,track.unknown.main_line,unresolved,,,,,search_results_available,2026-10-06T15:09:53.073Z,RL-2ceadde83a0f58f28a86|RL-efeb6a96c064b862fedd
上海虹桥站11道,RL-3253ae33a0196fb85fc8,1,high_speed,high_speed,车站线 / 高速铁路 / 站场轨道线 / 速度范围待核实,station.high_speed.unknown.unknown,osm_source_compared,,,,,search_results_available,2026-10-06T15:47:08.616Z,ST-03fab3623910d5b1f88f
上海虹桥站12道,RL-9aa1ecc1b6dbfbea31f1,1,high_speed,high_speed,车站线 / 高速铁路 / 站场轨道线 / 速度范围待核实,station.high_speed.unknown.unknown,osm_source_compared,,,,,search_results_available,2026-10-06T15:47:08.616Z,ST-03fab3623910d5b1f88f
上海虹桥站13道,RL-3349ff773f3d5d12c58f,1,high_speed,high_speed,车站线 / 高速铁路 / 站场轨道线 / 速度范围待核实,station.high_speed.unknown.unknown,osm_source_compared,,,,,search_results_available,2026-10-06T15:47:08.616Z,ST-03fab3623910d5b1f88f
上海虹桥站14道,RL-51ac9f2d58c6da0691b2,2,high_speed,high_speed,车站线 / 高速铁路 / 站场轨道线 / 速度范围待核实,station.high_speed.unknown.unknown,osm_source_compared,,,,,search_results_available,2026-10-06T15:45:11.591Z,ST-03fab3623910d5b1f88f
上海虹桥站15道,RL-812d2adbcebffd9b2737,3,high_speed,high_speed,车站线 / 高速铁路 / 站场轨道线 / 速度范围待核实,station.high_speed.unknown.unknown,osm_source_compared,,,,,search_results_available,2026-10-06T15:43:31.241Z,ST-03fab3623910d5b1f88f
上海虹桥站16道,RL-0d56356a59664324e111,2,high_speed,high_speed,车站线 / 高速铁路 / 站场轨道线 / 速度范围待核实,station.high_speed.unknown.unknown,osm_source_compared,,,,,search_results_available,2026-10-06T15:45:11.591Z,ST-03fab3623910d5b1f88f
上海虹桥站17道,RL-851380f6bbbb379e0d36,1,high_speed,high_speed,车站线 / 高速铁路 / 站场轨道线 / 速度范围待核实,station.high_speed.unknown.unknown,osm_source_compared,,,,,search_results_available,2026-10-06T15:47:15.739Z,ST-03fab3623910d5b1f88f
上海虹桥站18道,RL-a9eedc2c5d9f2bcc1837,1,high_speed,high_speed,车站线 / 高速铁路 / 站场轨道线 / 速度范围待核实,station.high_speed.unknown.unknown,osm_source_compared,,,,,search_results_available,2026-10-06T15:47:15.739Z,ST-03fab3623910d5b1f88f
上海虹桥站19道,RL-539b4687861801b0e427,2,high_speed,high_speed,车站线 / 高速铁路 / 站场轨道线 / 速度范围待核实,station.high_speed.unknown.unknown,osm_source_compared,,,,,search_results_available,2026-10-06T15:45:10.887Z,ST-03fab3623910d5b1f88f
上海虹桥站1道,RL-88a8ad1eceeee33599e4,1,high_speed,high_speed,车站线 / 高速铁路 / 站场轨道线 / 速度范围待核实,station.high_speed.unknown.unknown,osm_source_compared,,,,,search_results_available,2026-10-06T15:47:15.739Z,ST-03fab3623910d5b1f88f
上海虹桥站20道,RL-3db5a5353a30e8f9f30c,2,unknown,unknown,车站线 / 类别待核实 / 站场轨道线,station.unknown.unknown,unresolved,,,,,search_results_available,2026-10-06T15:45:10.887Z,ST-4c5f33ff9677f035e580
上海虹桥站21道,RL-cac6c0e4e782dd3590cf,1,unknown,unknown,车站线 / 类别待核实 / 站场轨道线,station.unknown.unknown,unresolved,,,,,search_results_available,2026-10-06T15:47:15.739Z,ST-4c5f33ff9677f035e580
上海虹桥站26道,RL-ee101ca97506a65cfa75,2,unknown,unknown,车站线 / 类别待核实 / 站场轨道线,station.unknown.unknown,unresolved,,,,,search_results_available,2026-10-06T15:45:10.887Z,ST-4c5f33ff9677f035e580
上海虹桥站27道,RL-ebaedf08f71ad77f89e0,2,unknown,unknown,车站线 / 类别待核实 / 站场轨道线,station.unknown.unknown,unresolved,,,,,search_results_available,2026-10-06T15:45:10.887Z,ST-4c5f33ff9677f035e580
上海虹桥站28道,RL-e4c6772b2cc67dd51ee5,2,unknown,unknown,车站线 / 类别待核实 / 站场轨道线,station.unknown.unknown,unresolved,,,,,search_results_available,2026-10-06T15:45:17.169Z,ST-4c5f33ff9677f035e580
上海虹桥站29道,RL-b9ee8b447459a688a069,2,unknown,unknown,车站线 / 类别待核实 / 站场轨道线,station.unknown.unknown,unresolved,,,,,search_results_available,2026-10-06T15:45:17.169Z,ST-4c5f33ff9677f035e580
上海虹桥站2道,RL-c8fcc381865c13ac1bbd,1,high_speed,high_speed,车站线 / 高速铁路 / 站场轨道线 / 速度范围待核实,station.high_speed.unknown.unknown,osm_source_compared,,,,,search_results_available,2026-10-06T15:47:15.586Z,ST-03fab3623910d5b1f88f
上海虹桥站30道,RL-1d1c3f75616294d07db3,2,unknown,unknown,车站线 / 类别待核实 / 站场轨道线,station.unknown.unknown,unresolved,,,,,search_results_available,2026-10-06T15:45:17.169Z,ST-4c5f33ff9677f035e580
上海虹桥站3道,RL-b7d0210670993b8c753e,1,high_speed,high_speed,车站线 / 高速铁路 / 站场轨道线 / 速度范围待核实,station.high_speed.unknown.unknown,osm_source_compared,,,,,search_results_available,2026-10-06T15:47:15.586Z,ST-03fab3623910d5b1f88f
上海虹桥站4道,RL-6bf2c30085d39d62f2f8,1,high_speed,high_speed,车站线 / 高速铁路 / 站场轨道线 / 速度范围待核实,station.high_speed.unknown.unknown,osm_source_compared,,,,,search_results_available,2026-10-06T15:47:15.586Z,ST-03fab3623910d5b1f88f
上海虹桥站5道,RL-d329bd6022b765416b42,1,high_speed,high_speed,车站线 / 高速铁路 / 站场轨道线 / 速度范围待核实,station.high_speed.unknown.unknown,osm_source_compared,,,,,search_results_available,2026-10-06T15:47:15.586Z,ST-03fab3623910d5b1f88f
上海虹桥站6道,RL-c85b661f0b4cf5dfb603,1,high_speed,high_speed,车站线 / 高速铁路 / 站场轨道线 / 速度范围待核实,station.high_speed.unknown.unknown,osm_source_compared,,,,,search_results_available,2026-10-06T15:47:14.511Z,ST-03fab3623910d5b1f88f
上海虹桥站7道,RL-fc597ff374cdb8014c2c,1,high_speed,high_speed,车站线 / 高速铁路 / 站场轨道线 / 速度范围待核实,station.high_speed.unknown.unknown,osm_source_compared,,,,,search_results_available,2026-10-06T15:47:14.511Z,ST-03fab3623910d5b1f88f
上海虹桥站8道,RL-bbba6dbf49f523b5af46,1,high_speed,high_speed,车站线 / 高速铁路 / 站场轨道线 / 速度范围待核实,station.high_speed.unknown.unknown,osm_source_compared,,,,,search_results_available,2026-10-06T15:47:14.511Z,ST-03fab3623910d5b1f88f
上海虹桥站第22道,RL-9efc8ec85714fde4d762,1,unknown,unknown,车站线 / 类别待核实 / 站场轨道线,station.unknown.unknown,unresolved,,,,,search_results_available,2026-10-06T15:47:14.511Z,ST-4c5f33ff9677f035e580
上牛联络线,RL-b0da78ed00103c654e87,25,unknown,unknown,轨道线 / 类别待核实 / 支线,track.unknown.branch_line,unresolved,,,,https://china-emu.cn/RailRoads/Line/?LineName=上牛联络线,search_results_available,2026-10-06T15:10:55.816Z,RL-b0da78ed00103c654e87
上都联络线,RL-7a56f17e6d0ad3cc6a58,12,unknown,unknown,轨道线 / 类别待核实 / 正线,track.unknown.main_line,unresolved,,,,,search_results_available,2026-10-06T15:21:45.158Z,RL-7a56f17e6d0ad3cc6a58
上饶东南联络线,RL-a188a8e140a3bae71057,22,high_speed,high_speed,轨道线 / 高速铁路 / 联络线 / 速度范围待核实,track.high_speed.connecting_line.unknown,osm_source_compared,line_role,,,https://china-emu.cn/RailRoads/Line/?LineName=上饶东南联络线,search_results_available,2026-10-06T15:11:24.753Z,RL-a188a8e140a3bae71057
上饶联络线,RL-f78304ef323622d0f8f2,65,unknown,unknown,轨道线 / 类别待核实 / 支线,track.unknown.branch_line,unresolved,,,,,search_results_available,2026-10-06T15:08:07.520Z,RL-f78304ef323622d0f8f2
上饶西南联络线,RL-5a1a8002f9f7a86abe2c,12,high_speed,high_speed,轨道线 / 高速铁路 / 联络线 / 速度范围待核实,track.high_speed.connecting_line.unknown,osm_source_compared,line_role,,,https://china-emu.cn/RailRoads/Line/?LineName=上饶西南联络线,search_results_available,2026-10-06T15:21:46.834Z,RL-5a1a8002f9f7a86abe2c
下关铁路轮渡桥,RL-6af7a663517a2d68dda3,1,unknown,unknown,车站线 / 类别待核实 / 渡线,station.unknown.crossover,unresolved,,,,,search_results_available,2026-10-06T15:47:15.234Z,RL-6af7a663517a2d68dda3
下桑线,RL-d916b59267020bb31221,32,unknown,unknown,轨道线 / 类别待核实 / 支线,track.unknown.branch_line,unresolved,,,,,search_results_available,2026-10-06T15:09:58.662Z,RL-d916b59267020bb31221
下行客车联络线,RL-d294aaa7112becd863d4,7,unknown,unknown,轨道线 / 类别待核实 / 正线,track.unknown.main_line,unresolved,,,,,search_results_available,2026-10-06T15:25:45.795Z,RL-d294aaa7112becd863d4
下辛店上行疏解线,RL-013730b4d5400879c7a9,3,unknown,unknown,轨道线 / 类别待核实 / 正线,track.unknown.main_line,unresolved,,,,,search_results_available,2026-10-06T15:43:31.241Z,RL-013730b4d5400879c7a9
专用线,RL-be198c8ed2da80afd1aa,11,unknown,unknown,车站线 / 类别待核实 / 连接线,station.unknown.spur_track,unresolved,,,,,search_results_available,2026-10-06T15:22:16.279Z,RL-be198c8ed2da80afd1aa
专用装卸线,RL-19d4326c3656fee2d797,9,unknown,unknown,车站线 / 类别待核实 / 连接线,station.unknown.spur_track,unresolved,,,,,search_results_available,2026-10-06T15:23:47.168Z,RL-19d4326c3656fee2d797
且午货物线,RL-092a1ae904311ca4ab17,18,unknown,unknown,车站线 / 类别待核实 / 连接线,station.unknown.spur_track,unresolved,,,,,search_results_available,2026-10-06T15:12:18.091Z,RL-092a1ae904311ca4ab17
东BK线,RL-bb71b4c2a3cf97c26c9f,2,unknown,unknown,轨道线 / 类别待核实 / 支线,track.unknown.branch_line,unresolved,,,,,search_results_available,2026-10-06T15:45:17.169Z,RL-bb71b4c2a3cf97c26c9f
东专线,RL-7a47f8222e05140e4f74,20,unknown,unknown,车站线 / 类别待核实 / 连接线,station.unknown.spur_track,unresolved,,,,,search_results_available,2026-10-06T15:11:47.511Z,RL-7a47f8222e05140e4f74
东乌线,RL-ac52ee283681f1953003,186,unknown,unknown,轨道线 / 类别待核实 / 正线,track.unknown.main_line,unresolved,,,,,search_results_available,2026-10-06T15:06:09.690Z,RL-ac52ee283681f1953003
东二矿专用线,RL-e4ba809c9bdc6fa3130e,8,unknown,unknown,轨道线 / 类别待核实 / 支线,track.unknown.branch_line,unresolved,,,,,search_results_available,2026-10-06T15:24:34.052Z,RL-e4ba809c9bdc6fa3130e
东光联络线,RL-eadb8b81ba9067558205,8,unknown,unknown,轨道线 / 类别待核实 / 支线,track.unknown.branch_line,unresolved,,,,https://china-emu.cn/RailRoads/Line/?LineName=东光联络线,search_results_available,2026-10-06T15:24:34.052Z,RL-eadb8b81ba9067558205
东北环疏解线,RL-777ccaa4bfc6d412ecca,20,unknown,unknown,轨道线 / 类别待核实 / 正线,track.unknown.main_line,unresolved,,,,,search_results_available,2026-10-06T15:11:47.511Z,RL-777ccaa4bfc6d412ecca
东北环线,RL-9ede540f4626ae6c912a,132,unknown,unknown,轨道线 / 类别待核实 / 正线,track.unknown.main_line,unresolved,,railway_class,,https://china-emu.cn/RailRoads/Line/?LineName=东北环线,search_results_available,2026-10-06T15:06:40.608Z,RL-9ede540f4626ae6c912a
东吴支线,RL-fe5fa7689d5c5b273cef,72,unknown,unknown,轨道线 / 类别待核实 / 支线,track.unknown.branch_line,unresolved,,,,,search_results_available,2026-10-06T15:07:45.192Z,RL-fe5fa7689d5c5b273cef
东安厂线,RL-a1447b5aff223ef38cd4,2,unknown,unknown,车站线 / 类别待核实 / 连接线,station.unknown.spur_track,unresolved,,,,,search_results_available,2026-10-06T15:45:19.485Z,RL-a1447b5aff223ef38cd4
东峰尾主牵出线,RL-43527d1f8e03eec37243,1,unknown,unknown,车站线 / 类别待核实 / 站场轨道线,station.unknown.unknown,unresolved,,,,,search_results_available,2026-10-06T15:47:15.234Z,ST-48df5804663b7146c7ad
东峰尾辅牵出线,RL-efad1ca7ed82f144fab3,2,unknown,unknown,车站线 / 类别待核实 / 站场轨道线,station.unknown.unknown,unresolved,,,,,search_results_available,2026-10-06T15:45:19.485Z,ST-48df5804663b7146c7ad
东川铁路,RL-98c8789d29ebe3818219,127,unknown,unknown,轨道线 / 类别待核实 / 支线,track.unknown.branch_line,unresolved,,,,,search_results_available,2026-10-06T15:06:45.113Z,RL-98c8789d29ebe3818219
东平线,RL-fc4bc0993a59a03a1187,64,unknown,unknown,轨道线 / 类别待核实 / 正线,track.unknown.main_line,unresolved,,,,,search_results_available,2026-10-06T15:08:06.907Z,RL-fc4bc0993a59a03a1187
东平陆港 疏解线,RL-cb9c47142e731e64b0c8,6,unknown,unknown,轨道线 / 类别待核实 / 支线,track.unknown.branch_line,unresolved,,,,,search_results_available,2026-10-06T15:27:19.053Z,RL-cb9c47142e731e64b0c8
东平陆港线,RL-729299a50601bc7b14a4,2,unknown,unknown,轨道线 / 类别待核实 / 支线,track.unknown.branch_line,unresolved,,,,,search_results_available,2026-10-06T15:45:19.485Z,RL-729299a50601bc7b14a4
东庞煤矿专用线,RL-4e01ca9337b785a2f7ab,9,industrial,industrial,轨道线 / 工业铁路 / 工业线,track.industrial.industrial_line,osm_source_compared,,,,,search_results_available,2026-10-06T15:23:47.168Z,RL-4e01ca9337b785a2f7ab
东新联络线,RL-18e1b530a0edcd713434,21,unknown,unknown,轨道线 / 类别待核实 / 支线,track.unknown.branch_line,unresolved,,,,,search_results_available,2026-10-06T15:11:34.922Z,RL-18e1b530a0edcd713434
东方实业线,RL-150ce12d7ff94ebf093e,1,unknown,unknown,车站线 / 类别待核实 / 连接线,station.unknown.spur_track,unresolved,,,,,search_results_available,2026-10-06T15:47:15.234Z,RL-150ce12d7ff94ebf093e
东星线,RL-572d11e193b3ccf0d44d,46,unknown,unknown,轨道线 / 类别待核实 / 正线,track.unknown.main_line,unresolved,,,,,search_results_available,2026-10-06T15:09:03.426Z,RL-572d11e193b3ccf0d44d
东榆林下行疏解线,RL-3c600f289a494df0c6c0,4,unknown,unknown,轨道线 / 类别待核实 / 支线,track.unknown.branch_line,unresolved,,,,,search_results_available,2026-10-06T15:42:21.154Z,RL-3c600f289a494df0c6c0
东津联络线,RL-526e3b356b00f4f37aae,8,high_speed,high_speed,轨道线 / 高速铁路 / 正线 / 速度范围待核实,track.high_speed.main_line.unknown,osm_source_compared,,,,https://china-emu.cn/RailRoads/Line/?LineName=东津联络线,search_results_available,2026-10-06T15:24:44.437Z,RL-526e3b356b00f4f37aae
东海岛线,RL-a25c3d6cabd05663ca18,67,unknown,unknown,轨道线 / 类别待核实 / 支线,track.unknown.branch_line,unresolved,,,,,search_results_available,2026-10-06T15:08:03.054Z,RL-a25c3d6cabd05663ca18
东海特钢铁路专用线,RL-f807aeb5178de512392b,23,industrial,industrial,轨道线 / 工业铁路 / 工业线,track.industrial.industrial_line,osm_source_compared,,,,,search_results_available,2026-10-06T15:11:13.080Z,RL-f807aeb5178de512392b
东海矿线,RL-013065b8792c93a79232,7,industrial,industrial,轨道线 / 工业铁路 / 工业线,track.industrial.industrial_line,osm_source_compared,,,,,search_results_available,2026-10-06T15:25:45.795Z,RL-013065b8792c93a79232
东渝联络线,RL-dab436e8b037aafc8fa5,12,unknown,unknown,轨道线 / 类别待核实 / 支线,track.unknown.branch_line,unresolved,,,,https://china-emu.cn/RailRoads/Line/?LineName=东渝联络线,search_results_available,2026-10-06T15:21:46.834Z,RL-dab436e8b037aafc8fa5
东渡港线,RL-2fbba42ac16d60e1da4a,16,unknown,unknown,轨道线 / 类别待核实 / 支线,track.unknown.branch_line,unresolved,,,,,search_results_available,2026-10-06T15:12:44.678Z,RL-2fbba42ac16d60e1da4a
东港线,RL-bac25861471e97affb53|RL-f50b782f86c585ab079f,83,unknown,unknown,轨道线 / 类别待核实 / 支线|轨道线 / 类别待核实 / 线路功能待核实,track.unknown.branch_line|track.unknown.unknown,unresolved,,,,,search_results_available,2026-10-06T15:54:10.231Z,RL-bac25861471e97affb53|RL-f50b782f86c585ab079f
东滩专用线,RL-d1ba5a10e28eb15d49be,10,unknown,unknown,车站线 / 类别待核实 / 连接线,station.unknown.spur_track,unresolved,,,,,search_results_available,2026-10-06T15:22:59.085Z,RL-d1ba5a10e28eb15d49be
东煤线,RL-8e26a7e680ae8b95a5b0,1,unknown,unknown,车站线 / 类别待核实 / 连接线,station.unknown.spur_track,unresolved,,,,,search_results_available,2026-10-06T15:47:15.234Z,RL-8e26a7e680ae8b95a5b0
东牵出线,RL-8b53f487da9bc440c438,4,unknown,unknown,车站线 / 类别待核实 / 站场轨道线,station.unknown.unknown,unresolved,,,,,search_results_available,2026-10-06T15:42:21.154Z,ST-823779885573c94c6180
东王线,RL-82636c505f808d09ba00,31,unknown,unknown,轨道线 / 类别待核实 / 支线,track.unknown.branch_line,unresolved,,,,,search_results_available,2026-10-06T15:10:09.601Z,RL-82636c505f808d09ba00
东环成都南下行联络线,RL-530f41b1d6f974f37c59,18,unknown,unknown,轨道线 / 类别待核实 / 正线,track.unknown.main_line,unresolved,,,,,search_results_available,2026-10-06T15:12:18.091Z,RL-530f41b1d6f974f37c59
东至经开区铁水联运设施联通专用线,RL-0d8e85a76f92df7c0573,14,unknown,unknown,车站线 / 类别待核实 / 连接线,station.unknown.spur_track,unresolved,,,,,search_results_available,2026-10-06T15:20:58.407Z,RL-0d8e85a76f92df7c0573
东莞联络线,RL-ae01176349095a55286d,28,unknown,unknown,轨道线 / 类别待核实 / 线路功能待核实,track.unknown.unknown,unresolved,,line_role|track_role,,,search_results_available,2026-10-06T15:10:27.963Z,RL-ae01176349095a55286d
东莞西联络线,RL-ce45f26371af55b05f9f,7,unknown,unknown,轨道线 / 类别待核实 / 正线,track.unknown.main_line,unresolved,,,,https://china-emu.cn/RailRoads/Line/?LineName=东莞西联络线,search_results_available,2026-10-06T15:25:45.795Z,RL-ce45f26371af55b05f9f
东莱线,RL-ff61f1c582f1abbcfc05,72,unknown,unknown,轨道线 / 类别待核实 / 正线,track.unknown.main_line,unresolved,,,,,search_results_available,2026-10-06T15:07:45.192Z,RL-ff61f1c582f1abbcfc05
东营港疏港铁路,RL-44084c7cebd382e0cc8a,74,unknown,unknown,轨道线 / 类别待核实 / 正线,track.unknown.main_line,unresolved,,,,,search_results_available,2026-10-06T15:07:44.083Z,RL-44084c7cebd382e0cc8a
东西环联络线,RL-7b5844f23895e41c7c69,8,unknown,unknown,轨道线 / 类别待核实 / 正线,track.unknown.main_line,unresolved,,,,https://china-emu.cn/RailRoads/Line/?LineName=东西环联络线,search_results_available,2026-10-06T15:24:44.437Z,RL-7b5844f23895e41c7c69
东走行线,RL-fb39c5442b803bcc516d,1,unknown,unknown,车站线 / 类别待核实 / 连接线,station.unknown.spur_track,unresolved,,,,,search_results_available,2026-10-06T15:47:20.393Z,RL-fb39c5442b803bcc516d
东铁线,RL-0a6960f381ac3437e14f,27,unknown,unknown,轨道线 / 类别待核实 / 正线,track.unknown.main_line,unresolved,,,,,search_results_available,2026-10-06T15:10:37.896Z,RL-0a6960f381ac3437e14f
东门支线,RL-3556098cf6e40af7af2c,8,unknown,unknown,轨道线 / 类别待核实 / 支线,track.unknown.branch_line,unresolved,,,,,search_results_available,2026-10-06T15:24:44.437Z,RL-3556098cf6e40af7af2c
东陵客车停留线,RL-83bdc0d696885b680785,6,unknown,unknown,轨道线 / 类别待核实 / 支线,track.unknown.branch_line,unresolved,,,,,search_results_available,2026-10-06T15:27:19.053Z,RL-83bdc0d696885b680785
东陵联络线,RL-b5eee8206b93b1e8f61f,3,unknown,unknown,轨道线 / 类别待核实 / 支线,track.unknown.branch_line,unresolved,,,,,search_results_available,2026-10-06T15:43:31.241Z,RL-b5eee8206b93b1e8f61f
东风4B 7249 机待线,RL-4f04cdacc635169fed63,1,industrial,industrial,车站线 / 工业铁路 / 站场轨道线,station.industrial.unknown,osm_source_compared,,,,,search_results_available,2026-10-06T15:47:20.393Z,ST-46140807a1c2497c9c46
东齐家疏解线,RL-310a4184a74b04981875,2,unknown,unknown,在建 / 轨道线 / 类别待核实 / 支线,track.unknown.branch_line,unresolved,,,,https://china-emu.cn/RailRoads/Line/?LineName=东齐家疏解线,search_results_available,2026-10-06T15:45:19.485Z,RL-310a4184a74b04981875
中储发展股份有限公司成都天一分公司专用线,RL-4d488a6fef024c639da7,3,unknown,unknown,车站线 / 类别待核实 / 连接线,station.unknown.spur_track,unresolved,,,,,search_results_available,2026-10-06T15:43:31.241Z,RL-4d488a6fef024c639da7
中储线,RL-7d58b2b63cbc261f606b,4,unknown,unknown,车站线 / 类别待核实 / 连接线,station.unknown.spur_track,unresolved,,,,,search_results_available,2026-10-06T15:42:21.154Z,RL-7d58b2b63cbc261f606b
中化泉州石化有限公司专用线,RL-96febb43ae7cf23945e6,13,unknown,unknown,车站线 / 类别待核实 / 连接线,station.unknown.spur_track,unresolved,,,,,search_results_available,2026-10-06T15:21:17.510Z,RL-96febb43ae7cf23945e6
中卫南动车走行线,RL-f0c4128ce6ba6d488adf,7,unknown,unknown,轨道线 / 类别待核实 / 支线,track.unknown.branch_line,unresolved,,,,,search_results_available,2026-10-06T15:25:45.795Z,RL-f0c4128ce6ba6d488adf
中国水电十一局有限公司专用铁路,RL-2a1c1c6361d57e758bbd,11,unknown,unknown,车站线 / 类别待核实 / 连接线,station.unknown.spur_track,unresolved,,,,,search_results_available,2026-10-06T15:22:16.279Z,RL-2a1c1c6361d57e758bbd
中国石化销售股份有限公司四川成都石油分公司专用线,RL-845c4c56c2ab4660bf4d,4,unknown,unknown,车站线 / 类别待核实 / 站场轨道线,station.unknown.unknown,unresolved,,,,,search_results_available,2026-10-06T15:42:21.154Z,ST-4c3280762cafdfd7ca30|ST-b70e5a3949f7575bc4ce
中国石油天然气股份有限公司四川销售储运分公司专用线,RL-d6bcf8deb3cf7001d9ce,8,unknown,unknown,车站线 / 类别待核实 / 连接线,station.unknown.spur_track,unresolved,,,,,search_results_available,2026-10-06T15:24:44.437Z,RL-d6bcf8deb3cf7001d9ce
中国石油天然气股份有限公司成都润滑油分公司专用线,RL-9252d798cccc98492e5b,4,unknown,unknown,车站线 / 类别待核实 / 站场轨道线,station.unknown.unknown,unresolved,,,,,search_results_available,2026-10-06T15:42:26.138Z,ST-4c3280762cafdfd7ca30|ST-b70e5a3949f7575bc4ce
中国石油天然气股份有限公司西南油气田物资分公司成都铁路专用线,RL-33e1a44a5be3155e141d,3,unknown,unknown,车站线 / 类别待核实 / 站场轨道线,station.unknown.unknown,unresolved,,,,,search_results_available,2026-10-06T15:43:44.905Z,ST-90ba452efb1dea39265c
中国航空油料有限责任公司江西分公司专用线,RL-f210df1b159f484dc317,2,unknown,unknown,车站线 / 类别待核实 / 站场轨道线,station.unknown.unknown,unresolved,,,,,search_results_available,2026-10-06T15:45:18.553Z,ST-00bf4c965a0c766e0d5d
中国铁路南昌局集团有限公司南昌机务段专用线,RL-b5e1f5c2b34aebbe9dc1,5,unknown,unknown,车站线 / 类别待核实 / 站场轨道线,station.unknown.unknown,unresolved,,,,,search_results_available,2026-10-06T15:28:39.687Z,ST-7d9bb943562db6184518
中国铁路南昌局集团有限公司南昌车辆段专用线,RL-83ad3120a0fb1ce3ebb8,13,unknown,unknown,车站线 / 类别待核实 / 站场轨道线,station.unknown.unknown,unresolved,,,,,search_results_available,2026-10-06T15:21:17.510Z,ST-7d9bb943562db6184518
中外运专用线,RL-ee0859bc8ec49643b057,5,unknown,unknown,车站线 / 类别待核实 / 站场轨道线,station.unknown.unknown,unresolved,,,,,search_results_available,2026-10-06T15:28:36.466Z,ST-867b79dd1cf15c35116b
中央储备粮南昌直属库有限公司专用线,RL-9c4de5a49711d31e53b8,2,unknown,unknown,车站线 / 类别待核实 / 站场轨道线,station.unknown.unknown,unresolved,,,,,search_results_available,2026-10-06T15:45:18.553Z,ST-f93d2a9844b648924a25
中央储备粮泉州直属库专用线,RL-a944065b0fe58dd7a8ff,1,unknown,unknown,车站线 / 类别待核实 / 连接线,station.unknown.spur_track,unresolved,,,,,search_results_available,2026-10-06T15:47:20.393Z,RL-a944065b0fe58dd7a8ff
中宁电厂专用线,RL-f59681c08805baabddd0,1,industrial,industrial,轨道线 / 工业铁路 / 工业线,track.industrial.industrial_line,osm_source_compared,,,,,search_results_available,2026-10-06T15:47:20.393Z,RL-f59681c08805baabddd0
中宝线,RL-dee24ef7a3d06422b510|RL-e8e43ce616b937baa416,6,industrial,industrial,车站线 / 工业铁路 / 连接线|轨道线 / 工业铁路 / 工业线,station.industrial.spur_track|track.industrial.industrial_line,osm_source_compared,,,,,search_results_available,2026-10-06T15:27:19.053Z,RL-dee24ef7a3d06422b510|RL-e8e43ce616b937baa416
中山站联络线,RL-d471a7d7b4c9caf63ea1,5,high_speed,high_speed,在建 / 轨道线 / 高速铁路 / 支线 / 速度范围待核实,track.high_speed.branch_line.unknown,osm_source_compared,,,,,search_results_available,2026-10-06T15:28:36.466Z,RL-d471a7d7b4c9caf63ea1
中川城际联络线,RL-e72fbb80aa56ca165717,11,unknown,unknown,在建 / 轨道线 / 类别待核实 / 支线,track.unknown.branch_line,unresolved,,,,,search_results_available,2026-10-06T15:22:23.356Z,RL-e72fbb80aa56ca165717
中川机场环线,RL-31f1651334192d8fd57f,17,unknown,unknown,轨道线 / 类别待核实 / 正线,track.unknown.main_line,unresolved,,,,https://china-emu.cn/RailRoads/Line/?LineName=中川机场环线,search_results_available,2026-10-06T15:12:32.162Z,RL-31f1651334192d8fd57f
中川线,RL-42e5b6c3eef11832333a,213,unknown,high_speed,轨道线 / 高速铁路 / 正线 / 200–250 km/h,track.high_speed.main_line.200-250,user_verified,,construction_status,,,search_results_available,2026-10-06T15:05:54.823Z,RL-42e5b6c3eef11832333a
中文线,RL-86ae4b761afb89ffc814,1,unknown,unknown,车站线 / 类别待核实 / 连接线,station.unknown.spur_track,unresolved,,,,,search_results_available,2026-10-06T15:47:20.225Z,RL-86ae4b761afb89ffc814
中朝友谊桥,RL-ddcbd2d1ce9ff7e5b063,1,unknown,unknown,轨道线 / 类别待核实 / 正线,track.unknown.main_line,unresolved,,,,,search_results_available,2026-10-06T15:47:20.225Z,RL-ddcbd2d1ce9ff7e5b063
中核二七二铀业有限责任公司铁路专用线,RL-1e1c873a6a7b794486cc,15,industrial,industrial,车站线 / 工业铁路 / 连接线,station.industrial.spur_track,osm_source_compared,,,,,search_results_available,2026-10-06T15:20:29.779Z,RL-1e1c873a6a7b794486cc
中油专用线,RL-dcffd9551ee14cd19347,1,unknown,unknown,车站线 / 类别待核实 / 连接线,station.unknown.spur_track,unresolved,,,,,search_results_available,2026-10-06T15:47:20.225Z,RL-dcffd9551ee14cd19347
中海联络线,RL-e1194ac62cbc0f37647f,9,high_speed,high_speed,轨道线 / 高速铁路 / 正线 / 150–200 km/h,track.high_speed.main_line.150-200,osm_source_compared,,,,https://china-emu.cn/RailRoads/Line/?LineName=中海联络线,search_results_available,2026-10-06T15:23:48.273Z,RL-e1194ac62cbc0f37647f
中煤北京煤矿机械有限责任公司专用线,RL-e30a32a7726488cc2fac,8,unknown,unknown,车站线 / 类别待核实 / 连接线,station.unknown.spur_track,unresolved,,,,,search_results_available,2026-10-06T15:24:50.043Z,RL-e30a32a7726488cc2fac
中煤旭阳专用线,RL-01168a76ec297794abfb,13,industrial,industrial,轨道线 / 工业铁路 / 工业线,track.industrial.industrial_line,osm_source_compared,,,,,search_results_available,2026-10-06T15:21:17.510Z,RL-01168a76ec297794abfb
中老昆万线,RL-3ed5b4b532ada26fdd48|RL-5d2a17682c6b0fe7a95d,756,high_speed|unknown,high_speed|unknown,轨道线 / 类别待核实 / 正线|轨道线 / 高速铁路 / 正线 / 速度范围待核实,track.high_speed.main_line.unknown|track.unknown.main_line,osm_source_compared|unresolved,,,,https://china-emu.cn/RailRoads/Line/?LineName=中老昆万铁路,search_results_available,2026-10-06T15:03:42.243Z,RL-3ed5b4b532ada26fdd48|RL-5d2a17682c6b0fe7a95d
中蒙跨境铁路,RL-c4cbffbae7d76c2fc764,4,unknown,unknown,在建 / 轨道线 / 类别待核实 / 线路功能待核实,track.unknown.unknown,unresolved,,,,,search_results_available,2026-10-06T15:42:26.138Z,RL-c4cbffbae7d76c2fc764
中谷物专线,RL-76760495ea01de6680d4,2,unknown,unknown,车站线 / 类别待核实 / 站场轨道线,station.unknown.unknown,unresolved,,,,,search_results_available,2026-10-06T15:45:18.553Z,ST-39926dcebd823cf8053d
中铁专用线,RL-1192bfef7a45223f4462,5,unknown,unknown,车站线 / 类别待核实 / 连接线,station.unknown.spur_track,unresolved,,,,,search_results_available,2026-10-06T15:28:36.466Z,RL-1192bfef7a45223f4462
中铁二十五局集团南方实业开发有限公司柳州分公司工材厂专用线,RL-595145e5c7d9bfe3832f,5,industrial,industrial,车站线 / 工业铁路 / 连接线,station.industrial.spur_track,osm_source_compared,,,,,search_results_available,2026-10-06T15:28:36.466Z,RL-595145e5c7d9bfe3832f
中铁二十四局集团桥梁建设有限公司专用线,RL-6c840c773072bf1e060e,3,unknown,unknown,车站线 / 类别待核实 / 站场轨道线,station.unknown.unknown,unresolved,,,,,search_results_available,2026-10-06T15:43:44.905Z,ST-ffa299620da63c873105
中铁二局集团物资有限公司成都分公司专用线,RL-30d75005af40b8f3a3ed,1,unknown,unknown,车站线 / 类别待核实 / 站场轨道线,station.unknown.unknown,unresolved,,,,,search_results_available,2026-10-06T15:47:20.225Z,ST-b70e5a3949f7575bc4ce
中铁十一局集团桥梁有限公司专用线,RL-961b822e4b74d240c4cd,1,unknown,unknown,车站线 / 类别待核实 / 站场轨道线,station.unknown.unknown,unresolved,,,,,search_results_available,2026-10-06T15:47:22.186Z,ST-16ff6738021273930c80
中铁物资鹰潭木材防腐有限公司专用线,RL-c0e75b6408f89a40a016,7,freight,freight,车站线 / 货运铁路 / 站场轨道线,station.freight.unknown,osm_source_compared,,,,,search_results_available,2026-10-06T15:25:50.282Z,ST-721cbd88e87b7a2e7c3c
中马铁路,RL-2326c8dc752d2963e506|RL-9232a1608aee600e953a,67,unknown,unknown,车站线 / 类别待核实 / 站场轨道线|轨道线 / 类别待核实 / 正线,station.unknown.unknown|track.unknown.main_line,unresolved,,,,,search_results_available,2026-10-06T15:08:03.054Z,RL-9232a1608aee600e953a|ST-0d78478534bbb4bb7603
丰利石化专用铁路,RL-ed5a477e9e9858bb07bd,10,unknown,unknown,轨道线 / 类别待核实 / 线路功能待核实,track.unknown.unknown,unresolved,,,,,search_results_available,2026-10-06T15:22:59.085Z,RL-ed5a477e9e9858bb07bd
丰双丰沙联络线,RL-a1f532786dcc06845a62,19,unknown,unknown,轨道线 / 类别待核实 / 支线,track.unknown.branch_line,unresolved,,,,,search_results_available,2026-10-06T15:12:05.869Z,RL-a1f532786dcc06845a62
丰双线,RL-736d1f920f48b9830607,185,unknown,unknown,轨道线 / 类别待核实 / 正线,track.unknown.main_line,unresolved,,,,,search_results_available,2026-10-06T15:06:12.317Z,RL-736d1f920f48b9830607
丰台动车走行A线,RL-3948944eee454fffe1ba,7,high_speed,high_speed,轨道线 / 高速铁路 / 支线 / 速度范围待核实,track.high_speed.branch_line.unknown,osm_source_compared,,,,,search_results_available,2026-10-06T15:25:50.282Z,RL-3948944eee454fffe1ba
丰台动车走行B线,RL-d84e65a7306184720e0d,3,high_speed,high_speed,轨道线 / 高速铁路 / 支线 / 速度范围待核实,track.high_speed.branch_line.unknown,osm_source_compared,,,,,search_results_available,2026-10-06T15:43:44.905Z,RL-d84e65a7306184720e0d
丰城新高焦化有限公司专用线,RL-6043e8789d4059b9c368,3,industrial,industrial,车站线 / 工业铁路 / 连接线,station.industrial.spur_track,osm_source_compared,,,,,search_results_available,2026-10-06T15:43:44.905Z,RL-6043e8789d4059b9c368
丰城曲江煤炭开发有限责任公司专用线,RL-016908622d0da025eada,1,industrial,industrial,车站线 / 工业铁路 / 连接线,station.industrial.spur_track,osm_source_compared,,,,,search_results_available,2026-10-06T15:47:22.186Z,RL-016908622d0da025eada
丰沙上行二线,RL-308338d3baeca876b094,6,unknown,unknown,轨道线 / 类别待核实 / 正线,track.unknown.main_line,unresolved,,,,,search_results_available,2026-10-06T15:27:19.053Z,RL-308338d3baeca876b094
丰沙下行二线,RL-bef3696b02555bff6f24,13,unknown,conventional,轨道线 / 普速铁路 / 正线,track.conventional.main_line,user_verified,,,,,search_results_available,2026-10-06T15:21:20.065Z,RL-bef3696b02555bff6f24
丰沙线,RL-f9eda4235494c0e87de1,537,unknown,conventional,轨道线 / 普速铁路 / 正线,track.conventional.main_line,user_verified,,,,,search_results_available,2026-10-06T15:04:13.634Z,RL-f9eda4235494c0e87de1
丰沛线,RL-3c30a25ae9430f0b0daa,66,unknown,unknown,轨道线 / 类别待核实 / 支线,track.unknown.branch_line,unresolved,,,,,search_results_available,2026-10-06T15:07:57.931Z,RL-3c30a25ae9430f0b0daa
丰洛线,RL-a9d528de9fc8d885249d,25,unknown,unknown,轨道线 / 类别待核实 / 支线,track.unknown.branch_line,unresolved,,,,,search_results_available,2026-10-06T15:10:55.816Z,RL-a9d528de9fc8d885249d
丰润唐遵线,RL-f77f8758fd80f6628b6e,11,unknown,unknown,轨道线 / 类别待核实 / 支线,track.unknown.branch_line,unresolved,,,,,search_results_available,2026-10-06T15:22:23.356Z,RL-f77f8758fd80f6628b6e
丰胥线,RL-1b622f38faeb381e4358,17,unknown,unknown,轨道线 / 类别待核实 / 支线,track.unknown.branch_line,unresolved,,,,,search_results_available,2026-10-06T15:12:32.162Z,RL-1b622f38faeb381e4358
丰西京广上行联络线,RL-3df44dae30e800121008,7,unknown,unknown,轨道线 / 类别待核实 / 支线,track.unknown.branch_line,unresolved,,,,,search_results_available,2026-10-06T15:25:50.282Z,RL-3df44dae30e800121008
临哈线,RL-7f05ec8cf849ed416c0e,1246,conventional,conventional,轨道线 / 普速铁路 / 正线,track.conventional.main_line,source_checked,,,https://fgw.pingliang.gov.cn/zcwjgzzd/art/2026/art_1101fe20d8ca4368a736dd1281021a81.html,,search_results_available,2026-10-06T15:03:30.600Z,RL-7f05ec8cf849ed416c0e
临平南站1道,RL-c7e6fbf157537e6959db,1,unknown,unknown,车站线 / 类别待核实 / 站场轨道线,station.unknown.unknown,unresolved,,,,,search_results_available,2026-10-06T15:47:22.186Z,ST-3225ff994a5338608b40
临平南站3道,RL-32887e5c65b7e8dca8ca,1,unknown,unknown,车站线 / 类别待核实 / 站场轨道线,station.unknown.unknown,unresolved,,,,,search_results_available,2026-10-06T15:47:22.186Z,ST-3225ff994a5338608b40
临平南站4道,RL-538e4336ce0f8e08d1b9,1,unknown,unknown,车站线 / 类别待核实 / 站场轨道线,station.unknown.unknown,unresolved,,,,,search_results_available,2026-10-06T15:47:19.770Z,ST-3225ff994a5338608b40
临沂临港疏港线,RL-386db2fb77775cc8620f,23,unknown,unknown,轨道线 / 类别待核实 / 支线,track.unknown.branch_line,unresolved,,,,,search_results_available,2026-10-06T15:11:13.080Z,RL-386db2fb77775cc8620f
临沂北动走A线,RL-7a528a66b7dc97bdab19,31,unknown,unknown,轨道线 / 类别待核实 / 支线,track.unknown.branch_line,unresolved,,,,,search_results_available,2026-10-06T15:10:09.601Z,RL-7a528a66b7dc97bdab19
临沂北动走B线,RL-3272bc82c75ea753af89,25,unknown,unknown,轨道线 / 类别待核实 / 支线,track.unknown.branch_line,unresolved,,,,,search_results_available,2026-10-06T15:10:53.464Z,RL-3272bc82c75ea753af89
临沭大北联络线,RL-255f804429869fd0be6e,24,unknown,unknown,轨道线 / 类别待核实 / 支线,track.unknown.branch_line,unresolved,,,,,search_results_available,2026-10-06T15:10:59.347Z,RL-255f804429869fd0be6e
临沭小北联络线,RL-3c8ca6eda9c1d0e265bb,9,unknown,unknown,轨道线 / 类别待核实 / 支线,track.unknown.branch_line,unresolved,,,,,search_results_available,2026-10-06T15:23:48.273Z,RL-3c8ca6eda9c1d0e265bb
临港北线,RL-fa7e5ec1964845f718ed,8,unknown,unknown,轨道线 / 类别待核实 / 支线,track.unknown.branch_line,unresolved,,,,,search_results_available,2026-10-06T15:24:50.043Z,RL-fa7e5ec1964845f718ed
临港支线,RL-4d0a42f6bab5b86d4279,24,unknown,unknown,轨道线 / 类别待核实 / 支线,track.unknown.branch_line,unresolved,,,,,search_results_available,2026-10-06T15:11:04.976Z,RL-4d0a42f6bab5b86d4279
临港铁路线,RL-4c61c208c692fd107b40,16,unknown,unknown,轨道线 / 类别待核实 / 支线,track.unknown.branch_line,unresolved,,,,,search_results_available,2026-10-06T15:12:44.678Z,RL-4c61c208c692fd107b40
临白铁路,RL-a07630f109527d2b4ceb,53,unknown,unknown,轨道线 / 类别待核实 / 支线,track.unknown.branch_line,unresolved,,,,,search_results_available,2026-10-06T15:08:35.851Z,RL-a07630f109527d2b4ceb
丹丰联络线,RL-934651a5dc25018c4983,9,unknown,unknown,轨道线 / 类别待核实 / 支线,track.unknown.branch_line,unresolved,,,,,search_results_available,2026-10-06T15:23:48.273Z,RL-934651a5dc25018c4983
丹前线,RL-82b2de4352059e58d5b7,38,unknown,unknown,轨道线 / 类别待核实 / 支线,track.unknown.branch_line,unresolved,,,,,search_results_available,2026-10-06T15:09:34.577Z,RL-82b2de4352059e58d5b7
丹大线,RL-3bd9b2f509ca24092c3d,670,high_speed,high_speed,轨道线 / 高速铁路 / 正线 / 200–250 km/h,track.high_speed.main_line.200-250,osm_source_compared,,,,https://china-emu.cn/RailRoads/Line/?LineName=丹大铁路,search_results_available,2026-10-06T15:03:47.552Z,RL-3bd9b2f509ca24092c3d
丹水池联络线,RL-24fdeb4a79fb35ffa909,16,unknown,unknown,轨道线 / 类别待核实 / 线路功能待核实,track.unknown.unknown,unresolved,,,,https://china-emu.cn/RailRoads/Line/?LineName=丹水池联络线,search_results_available,2026-10-06T15:12:44.678Z,RL-24fdeb4a79fb35ffa909
久永铁路,RL-ddc63837bcabedee75c6,51,unknown,unknown,轨道线 / 类别待核实 / 支线,track.unknown.branch_line,unresolved,,,,,search_results_available,2026-10-06T15:08:42.333Z,RL-ddc63837bcabedee75c6
义万疏解线,RL-f628a3388470303ec24e,8,unknown,unknown,轨道线 / 类别待核实 / 支线,track.unknown.branch_line,unresolved,,,,,search_results_available,2026-10-06T15:24:50.043Z,RL-f628a3388470303ec24e
义万联络线,RL-d76151cb8defed47ee21,12,unknown,unknown,轨道线 / 类别待核实 / 支线,track.unknown.branch_line,unresolved,,,,,search_results_available,2026-10-06T15:21:46.834Z,RL-d76151cb8defed47ee21
义乌联络线,RL-e127e142729642f5b41f,22,unknown,unknown,轨道线 / 类别待核实 / 正线,track.unknown.main_line,unresolved,,,,https://china-emu.cn/RailRoads/Line/?LineName=义乌联络线,search_results_available,2026-10-06T15:11:24.753Z,RL-e127e142729642f5b41f
乌兰浩特经济技术开发区地方铁路,RL-cc52d1360b5e6b2d8ac2,8,unknown,unknown,轨道线 / 类别待核实 / 线路功能待核实,track.unknown.unknown,unresolved,,,,,search_results_available,2026-10-06T15:24:50.043Z,RL-cc52d1360b5e6b2d8ac2
乌吉线,RL-14ffafcffa01a186c3a1,103,unknown,unknown,轨道线 / 类别待核实 / 支线,track.unknown.branch_line,unresolved,,,,,search_results_available,2026-10-06T15:07:04.275Z,RL-14ffafcffa01a186c3a1
乌大高速线,RL-6c1e2e7f5d3ea93f916d,109,high_speed,high_speed,轨道线 / 高速铁路 / 正线 / 250–300 km/h,track.high_speed.main_line.250-300,osm_source_compared,,,,https://china-emu.cn/RailRoads/Line/?LineName=乌大高速铁路,search_results_available,2026-10-06T15:54:44.678Z,RL-6c1e2e7f5d3ea93f916d
乌审旗南联络线,RL-99a044aedfe72cd12343,3,unknown,unknown,轨道线 / 类别待核实 / 支线,track.unknown.branch_line,unresolved,,,,,search_results_available,2026-10-06T15:43:40.932Z,RL-99a044aedfe72cd12343
乌将线,RL-db7c7d9390a065a6bd5e,648,unknown,unknown,轨道线 / 类别待核实 / 正线,track.unknown.main_line,unresolved,,,,,search_results_available,2026-10-06T15:03:52.165Z,RL-db7c7d9390a065a6bd5e
乌尼线,RL-51038646b89652153c17,12,unknown,unknown,轨道线 / 类别待核实 / 支线,track.unknown.branch_line,unresolved,,,,,search_results_available,2026-10-06T15:21:46.834Z,RL-51038646b89652153c17
乌山联络线,RL-27680a47912cd73642b1,23,unknown,unknown,轨道线 / 类别待核实 / 正线,track.unknown.main_line,unresolved,,,,https://china-emu.cn/RailRoads/Line/?LineName=长株城际铁路（及联络线）,search_results_available,2026-10-06T15:11:13.080Z,RL-27680a47912cd73642b1
乌海鑫诺专用线,RL-1101dee76c11c3cdfc7d,7,unknown,unknown,车站线 / 类别待核实 / 连接线,station.unknown.spur_track,unresolved,,,,,search_results_available,2026-10-06T15:25:50.282Z,RL-1101dee76c11c3cdfc7d
乌联联络线,RL-79a0c5bcd74a3e026249,13,unknown,unknown,轨道线 / 类别待核实 / 支线,track.unknown.branch_line,unresolved,,,,,search_results_available,2026-10-06T15:21:20.065Z,RL-79a0c5bcd74a3e026249
乌蒙山二号隧道,RL-31f5d1292c8ca39ec91d,2,unknown,unknown,车站线 / 类别待核实 / 站场轨道线,station.unknown.unknown,unresolved,,,,,search_results_available,2026-10-06T15:45:18.553Z,ST-93276f82b9d2a6c8db67
乌西乌北上联线,RL-832538827d664d4bef90,42,unknown,unknown,轨道线 / 类别待核实 / 正线,track.unknown.main_line,unresolved,,,,,search_results_available,2026-10-06T15:09:15.165Z,RL-832538827d664d4bef90
乌西乌北下联线,RL-fdf572937a13b3e34d46,18,unknown,unknown,轨道线 / 类别待核实 / 正线,track.unknown.main_line,unresolved,,,,,search_results_available,2026-10-06T15:12:19.535Z,RL-fdf572937a13b3e34d46
乌额线,RL-4e4056d9dcd9b884b2ad,21,unknown,unknown,轨道线 / 类别待核实 / 支线,track.unknown.branch_line,unresolved,,,,,search_results_available,2026-10-06T15:11:34.922Z,RL-4e4056d9dcd9b884b2ad
乐化城际联络线,RL-aa62e35020f9e6a7f8e6,8,unknown,unknown,在建 / 轨道线 / 类别待核实 / 支线,track.unknown.branch_line,unresolved,,,,https://china-emu.cn/RailRoads/Line/?LineName=乐化城际联络线,search_results_available,2026-10-06T15:24:43.708Z,RL-aa62e35020f9e6a7f8e6
乐德线,RL-571be9fb7460d4ed0c70,21,unknown,unknown,轨道线 / 类别待核实 / 支线,track.unknown.branch_line,unresolved,,,,,search_results_available,2026-10-06T15:11:34.922Z,RL-571be9fb7460d4ed0c70
乐清湾铁路,RL-72a30a34af57852b1773|RL-c31a0b68ebf7baea700f,98,unknown,unknown,车站线 / 类别待核实 / 站场轨道线|轨道线 / 类别待核实 / 线路功能待核实,station.unknown.unknown|track.unknown.unknown,unresolved,,line_role|track_role,,,search_results_available,2026-10-06T15:07:12.175Z,RL-c31a0b68ebf7baea700f|ST-7d31193d9e25bea251c6
乐清联络线,RL-068f330105fc1fce57bb,2,unknown,unknown,在建 / 轨道线 / 类别待核实 / 支线,track.unknown.branch_line,unresolved,,,,https://china-emu.cn/RailRoads/Line/?LineName=乐清联络线,search_results_available,2026-10-06T15:45:18.856Z,RL-068f330105fc1fce57bb
乐至联络线,RL-81c6f3e325b08ae50d02,44,unknown,unknown,在建 / 轨道线 / 类别待核实 / 支线,track.unknown.branch_line,unresolved,,,,https://china-emu.cn/RailRoads/Line/?LineName=乐至联络线,search_results_available,2026-10-06T15:09:10.996Z,RL-81c6f3e325b08ae50d02
乔司环到线,RL-c1f2a5fae61cc60cc2d5,11,unknown,unknown,车站线 / 类别待核实 / 站场轨道线,station.unknown.unknown,unresolved,,,,,search_results_available,2026-10-06T15:22:23.356Z,ST-14bc2c76708e34726530|ST-7cdf06fcfaba35a6df1f|ST-f6427efbb2683f43b9d7
乙烯专用线,RL-8e5f79d91a867ccde473,37,unknown,unknown,轨道线 / 类别待核实 / 线路功能待核实,track.unknown.unknown,unresolved,,railway_class|line_role,,,search_results_available,2026-10-06T15:09:35.524Z,RL-8e5f79d91a867ccde473
乙烯厂专用线,RL-a8e8a5a9585f1687d99c,5,unknown,unknown,车站线 / 类别待核实 / 连接线,station.unknown.spur_track,unresolved,,,,,search_results_available,2026-10-06T15:28:56.059Z,RL-a8e8a5a9585f1687d99c
乙烯工业专线铁路,RL-631db0316d9ed695a7b3,28,industrial,industrial,车站线 / 工业铁路 / 连接线,station.industrial.spur_track,osm_source_compared,,,,,search_results_available,2026-10-06T15:10:27.963Z,RL-631db0316d9ed695a7b3
乙烯铁路专用线,RL-371b832eba5f96d3a126,1,unknown,unknown,车站线 / 类别待核实 / 站场轨道线,station.unknown.unknown,unresolved,,,,,search_results_available,2026-10-06T15:47:19.770Z,ST-12ad88aae7aedd5a75a6
九〇一线,RL-c37be1490ef45beb4a89,1,unknown,unknown,车站线 / 类别待核实 / 连接线,station.unknown.spur_track,unresolved,,,,,search_results_available,2026-10-06T15:47:19.770Z,RL-c37be1490ef45beb4a89
九七四专用线,RL-37add2d4d24ba1954f3a,5,unknown,unknown,车站线 / 类别待核实 / 连接线,station.unknown.spur_track,unresolved,,,,,search_results_available,2026-10-06T15:28:56.059Z,RL-37add2d4d24ba1954f3a
九三线,RL-3f04dd7d6ffcabb945de,2,unknown,unknown,车站线 / 类别待核实 / 连接线,station.unknown.spur_track,unresolved,,,,,search_results_available,2026-10-06T15:45:18.856Z,RL-3f04dd7d6ffcabb945de
九棋联络线,RL-8cb6be8d394aafd2d7bb,6,unknown,unknown,轨道线 / 类别待核实 / 支线,track.unknown.branch_line,unresolved,,,,,search_results_available,2026-10-06T15:27:24.420Z,RL-8cb6be8d394aafd2d7bb
九江上行疏解线,RL-851f53272e700c0de9ed,8,unknown,unknown,轨道线 / 类别待核实 / 正线,track.unknown.main_line,unresolved,,,,,search_results_available,2026-10-06T15:24:43.708Z,RL-851f53272e700c0de9ed
九江城西港口专用线,RL-b80a0830140585027595,10,unknown,unknown,轨道线 / 类别待核实 / 线路功能待核实,track.unknown.unknown,unresolved,,,,,search_results_available,2026-10-06T15:22:59.085Z,RL-b80a0830140585027595
九江线,RL-2740e9749f82e98903d9,47,unknown,unknown,轨道线 / 类别待核实 / 支线,track.unknown.branch_line,unresolved,,,,,search_results_available,2026-10-06T15:08:59.381Z,RL-2740e9749f82e98903d9
九江联络线,RL-8ee2c93504a1538ef985,19,unknown,unknown,轨道线 / 类别待核实 / 支线,track.unknown.branch_line,unresolved,,,,https://china-emu.cn/RailRoads/Line/?LineName=九江联络线,search_results_available,2026-10-06T15:12:05.869Z,RL-8ee2c93504a1538ef985
乾元专用线,RL-b4ef5a6257739c425c0a,2,unknown,unknown,车站线 / 类别待核实 / 连接线,station.unknown.spur_track,unresolved,,,,,search_results_available,2026-10-06T15:45:18.856Z,RL-b4ef5a6257739c425c0a
二十广联络线,RL-b1cc781acad755d321ad,3,unknown,unknown,轨道线 / 类别待核实 / 支线,track.unknown.branch_line,unresolved,,,,,search_results_available,2026-10-06T15:43:40.932Z,RL-b1cc781acad755d321ad
二场机走线,RL-217bb7c216b7c3c962d7|RL-7f08816df89b5f448321,3,unknown,unknown,车站线 / 类别待核实 / 渡线|轨道线 / 类别待核实 / 线路功能待核实,station.unknown.crossover|track.unknown.unknown,unresolved,,,,,search_results_available,2026-10-06T15:43:40.932Z,RL-217bb7c216b7c3c962d7|RL-7f08816df89b5f448321
二峰山支线,RL-5f52b404d0a3cb88f4b0,11,unknown,unknown,轨道线 / 类别待核实 / 支线,track.unknown.branch_line,unresolved,,,,,search_results_available,2026-10-06T15:22:23.356Z,RL-5f52b404d0a3cb88f4b0
二木线,RL-3391fd5317591b8a7d24,1,unknown,unknown,车站线 / 类别待核实 / 连接线,station.unknown.spur_track,unresolved,,,,,search_results_available,2026-10-06T15:47:19.770Z,RL-3391fd5317591b8a7d24
二营线,RL-03ae7b94208e8fac84ec,1,unknown,unknown,车站线 / 类别待核实 / 连接线,station.unknown.spur_track,unresolved,,,,,search_results_available,2026-10-06T15:47:27.040Z,RL-03ae7b94208e8fac84ec
于揽三线,RL-0d5285d082f0e9064e6d,17,unknown,unknown,轨道线 / 类别待核实 / 正线,track.unknown.main_line,unresolved,,,,,search_results_available,2026-10-06T15:12:32.782Z,RL-0d5285d082f0e9064e6d
于虎线,RL-323b4b902edda9623c24|RL-ceb62e9408cfe74f7b15,97,unknown,unknown,轨道线 / 类别待核实 / 正线,track.unknown.main_line,unresolved,,,,,search_results_available,2026-10-06T15:07:12.175Z,RL-323b4b902edda9623c24|RL-ceb62e9408cfe74f7b15
于西进场线,RL-665f57c15cb154e44f0b,5,unknown,unknown,轨道线 / 类别待核实 / 支线,track.unknown.branch_line,unresolved,,,,,search_results_available,2026-10-06T15:28:56.059Z,RL-665f57c15cb154e44f0b
于马三线,RL-e449497d363cd55009b6,18,unknown,unknown,轨道线 / 类别待核实 / 正线,track.unknown.main_line,unresolved,,,,,search_results_available,2026-10-06T15:12:19.535Z,RL-e449497d363cd55009b6
云冶专用线,RL-2582d1705b3bec6549be,3,industrial,industrial,车站线 / 工业铁路 / 连接线,station.industrial.spur_track,osm_source_compared,,,,,search_results_available,2026-10-06T15:43:40.932Z,RL-2582d1705b3bec6549be
云岗大秦上行联络线,RL-00cfe9604b401ebb0635,27,unknown,unknown,轨道线 / 类别待核实 / 正线,track.unknown.main_line,unresolved,,,,,search_results_available,2026-10-06T15:10:37.896Z,RL-00cfe9604b401ebb0635
云岗大秦下行联络线,RL-46500189fe469e1ecdd1,23,unknown,unknown,轨道线 / 类别待核实 / 正线,track.unknown.main_line,unresolved,,,,,search_results_available,2026-10-06T15:11:13.080Z,RL-46500189fe469e1ecdd1
云岗线,RL-b11f1fae43e90cacde90,47,unknown,unknown,轨道线 / 类别待核实 / 正线,track.unknown.main_line,unresolved,,,,,search_results_available,2026-10-06T15:08:59.381Z,RL-b11f1fae43e90cacde90
云桂货车线,RL-d626704fe45d7d32dbb8,48,unknown,unknown,轨道线 / 类别待核实 / 支线,track.unknown.branch_line,unresolved,,,,,search_results_available,2026-10-06T15:08:52.017Z,RL-d626704fe45d7d32dbb8
云浮支线,RL-beba0109275b75da2627,33,unknown,unknown,轨道线 / 类别待核实 / 支线,track.unknown.branch_line,unresolved,,,,,search_results_available,2026-10-06T15:09:53.819Z,RL-beba0109275b75da2627
云贵厦联络线,RL-bcaca1996851878fdbed,16,unknown,unknown,在建 / 轨道线 / 类别待核实 / 支线,track.unknown.branch_line,unresolved,,,,https://china-emu.cn/RailRoads/Line/?LineName=云贵厦联络线,search_results_available,2026-10-06T15:12:53.002Z,RL-bcaca1996851878fdbed
五九煤矿线,RL-1cf10acd9b1b2e4b9f97,14,unknown,unknown,车站线 / 类别待核实 / 连接线,station.unknown.spur_track,unresolved,,,,,search_results_available,2026-10-06T15:20:58.407Z,RL-1cf10acd9b1b2e4b9f97
五区联络线,RL-3f89902e6b85dcf1bd19,5,unknown,unknown,轨道线 / 类别待核实 / 支线,track.unknown.branch_line,unresolved,,,,,search_results_available,2026-10-06T15:28:56.059Z,RL-3f89902e6b85dcf1bd19
井亭疏解线,RL-dd8195b9be06f530312e,5,unknown,unknown,轨道线 / 类别待核实 / 支线,track.unknown.branch_line,unresolved,,,,,search_results_available,2026-10-06T15:28:45.158Z,RL-dd8195b9be06f530312e
井洪联络线,RL-578a2451e2028afe63bb,3,unknown,unknown,轨道线 / 类别待核实 / 支线,track.unknown.branch_line,unresolved,,,,,search_results_available,2026-10-06T15:43:38.088Z,RL-578a2451e2028afe63bb
井西线,RL-093626d29c08ab05e4f6,116,unknown,unknown,轨道线 / 类别待核实 / 正线,track.unknown.main_line,unresolved,,,,,search_results_available,2026-10-06T15:06:50.944Z,RL-093626d29c08ab05e4f6
京九下行客车联络线,RL-d683332dcf51413f76fe,8,unknown,unknown,轨道线 / 类别待核实 / 正线,track.unknown.main_line,unresolved,,,,,search_results_available,2026-10-06T15:24:43.708Z,RL-d683332dcf51413f76fe
京九线,RL-8d3d35888921684d0406,5448,conventional,conventional,轨道线 / 普速铁路 / 正线,track.conventional.main_line,user_verified,,,https://www.nra.gov.cn/tlfc/tpsy/202601/t20260121_350446.shtml,,search_results_available,2026-10-06T15:03:03.251Z,RL-8d3d35888921684d0406
京包京通联络线,RL-2b36a60ea61a05357479,7,unknown,unknown,轨道线 / 类别待核实 / 支线,track.unknown.branch_line,unresolved,,,,,search_results_available,2026-10-06T15:26:00.938Z,RL-2b36a60ea61a05357479
京包客专京通联络线,RL-35634e8477259771a6f3,6,unknown,unknown,轨道线 / 类别待核实 / 支线,track.unknown.branch_line,unresolved,,,,,search_results_available,2026-10-06T15:27:24.420Z,RL-35634e8477259771a6f3
京包客专线,RL-1a88b8b8c1aff3ff3354|RL-1ca1ea5f146167266cbf,1268,high_speed|unknown,conventional|high_speed,轨道线 / 普速铁路 / 正线|轨道线 / 高速铁路 / 正线 / 速度范围待核实,track.conventional.main_line|track.high_speed.main_line.unknown,osm_source_compared|user_verified,,,,,search_results_available,2026-10-06T15:03:22.108Z,RL-1a88b8b8c1aff3ff3354|RL-1ca1ea5f146167266cbf
京包线,RL-416a682892091584c9db|RL-cad0d7c76a3a45604f83,1257,unknown,conventional,轨道线 / 普速铁路 / 正线,track.conventional.main_line,user_verified,,railway_class|line_role|track_role,,,search_results_available,2026-10-06T15:03:22.108Z,RL-416a682892091584c9db|RL-cad0d7c76a3a45604f83
京南下行联络线,RL-df9529e1b67555c5ffa8,2,unknown,unknown,轨道线 / 类别待核实 / 支线,track.unknown.branch_line,unresolved,,,,,search_results_available,2026-10-06T15:45:18.856Z,RL-df9529e1b67555c5ffa8
京南联络线,RL-164da12d7ed02955e773,20,unknown,unknown,轨道线 / 类别待核实 / 正线,track.unknown.main_line,unresolved,,,,,search_results_available,2026-10-06T15:11:47.060Z,RL-164da12d7ed02955e773
京南至动车段A线,RL-a3f70d092d2280fe7ee8,30,high_speed,high_speed,轨道线 / 高速铁路 / 支线 / 速度范围待核实,track.high_speed.branch_line.unknown,osm_source_compared,,,,,search_results_available,2026-10-06T15:10:14.045Z,RL-a3f70d092d2280fe7ee8
京南至动车段B线,RL-ddbf1fc693ef205be471,32,high_speed,high_speed,轨道线 / 高速铁路 / 支线 / 速度范围待核实,track.high_speed.branch_line.unknown,osm_source_compared,,,,,search_results_available,2026-10-06T15:09:58.662Z,RL-ddbf1fc693ef205be471
京原线,RL-97b1099b66210dec023d,713,unknown,conventional,轨道线 / 普速铁路 / 正线,track.conventional.main_line,user_verified,,,,,search_results_available,2026-10-06T15:03:42.243Z,RL-97b1099b66210dec023d
京哈唐包联络线,RL-0cf65ebe93fde955c668,35,unknown,unknown,轨道线 / 类别待核实 / 支线,track.unknown.branch_line,unresolved,,,,,search_results_available,2026-10-06T15:09:49.056Z,RL-0cf65ebe93fde955c668
京哈津蓟联络线,RL-0f21c95b10629c5c8f59,18,unknown,unknown,轨道线 / 类别待核实 / 支线,track.unknown.branch_line,unresolved,,,,,search_results_available,2026-10-06T15:12:19.535Z,RL-0f21c95b10629c5c8f59
京哈线,RL-089ac893db9bd914652e|RL-26f6214b9c6f1dc6bb0f,2655,high_speed|unknown,conventional|high_speed,轨道线 / 普速铁路 / 正线|轨道线 / 高速铁路 / 正线 / 250–300 km/h,track.conventional.main_line|track.high_speed.main_line.250-300,osm_source_compared|user_verified,,line_role|track_role,,,search_results_available,2026-10-06T15:03:04.557Z,RL-089ac893db9bd914652e|RL-26f6214b9c6f1dc6bb0f
京哈联络线,RL-dd984f1e62505524dc9d,9,unknown,unknown,轨道线 / 类别待核实 / 支线,track.unknown.branch_line,unresolved,,,,https://china-emu.cn/RailRoads/Line/?LineName=京哈联络线,search_results_available,2026-10-06T15:23:48.273Z,RL-dd984f1e62505524dc9d
京哈高速线,RL-1248a47ddf580b1ff598|RL-375ad9cee060dc957f53,1642,high_speed|unknown,high_speed|unknown,轨道线 / 类别待核实 / 正线|轨道线 / 高速铁路 / 正线 / 速度范围待核实,track.high_speed.main_line.unknown|track.unknown.main_line,osm_source_compared|unresolved,,,,,search_results_available,2026-10-06T15:03:24.882Z,RL-1248a47ddf580b1ff598|RL-375ad9cee060dc957f53
京唐城际线,RL-586de0d1e69009b06402,176,high_speed,high_speed,轨道线 / 高速铁路 / 正线 / 速度范围待核实,track.high_speed.main_line.unknown,osm_source_compared,,,,https://china-emu.cn/RailRoads/Line/?LineName=京唐城际铁路,search_results_available,2026-10-06T15:06:16.268Z,RL-586de0d1e69009b06402
京唐港线,RL-8316c6130408640ff944,10,industrial,industrial,轨道线 / 工业铁路 / 工业线,track.industrial.industrial_line,osm_source_compared,,,,,search_results_available,2026-10-06T15:22:59.085Z,RL-8316c6130408640ff944
京宁热电线,RL-a169d072de744f58321c,2,unknown,unknown,轨道线 / 类别待核实 / 支线,track.unknown.branch_line,unresolved,,,,,search_results_available,2026-10-06T15:54:31.871Z,RL-a169d072de744f58321c
京广上行货线,RL-b801431e48e3cb7ba2c9,18,unknown,unknown,轨道线 / 类别待核实 / 正线,track.unknown.main_line,unresolved,,,,,search_results_available,2026-10-06T15:12:19.535Z,RL-b801431e48e3cb7ba2c9
京广上行转沪蓉上行联络线,RL-605d90fe6b213bfb942e,1,high_speed,high_speed,车站线 / 高速铁路 / 渡线 / 速度范围待核实,station.high_speed.crossover.unknown,osm_source_compared,,,,,search_results_available,2026-10-06T15:47:27.040Z,RL-605d90fe6b213bfb942e
京广下行货线,RL-33f983ef9d6ef33f1bb6,18,unknown,unknown,轨道线 / 类别待核实 / 正线,track.unknown.main_line,unresolved,,,,,search_results_available,2026-10-06T15:12:19.367Z,RL-33f983ef9d6ef33f1bb6
京广下行转沪蓉下行联络线,RL-c22dbe574491075e0509,1,high_speed,high_speed,车站线 / 高速铁路 / 渡线 / 速度范围待核实,station.high_speed.crossover.unknown,osm_source_compared,,,,,search_results_available,2026-10-06T15:47:27.040Z,RL-c22dbe574491075e0509
京广朔黄联络线,RL-41ccb4bd15156c05f4ec,21,unknown,unknown,轨道线 / 类别待核实 / 线路功能待核实,track.unknown.unknown,unresolved,,,,,search_results_available,2026-10-06T15:11:34.922Z,RL-41ccb4bd15156c05f4ec
京广汉口联络线,RL-c730f48aff433568b207,39,unknown,unknown,轨道线 / 类别待核实 / 支线,track.unknown.branch_line,unresolved,,,,https://china-emu.cn/RailRoads/Line/?LineName=京广汉口联络线,search_results_available,2026-10-06T15:09:27.277Z,RL-c730f48aff433568b207
京广石太高速联络线,RL-230316c9deb64a327aa3,13,high_speed,high_speed,轨道线 / 高速铁路 / 支线 / 速度范围待核实,track.high_speed.branch_line.unknown,osm_source_compared,,,,https://china-emu.cn/RailRoads/Line/?LineName=京广石太高速联络线,search_results_available,2026-10-06T15:21:20.065Z,RL-230316c9deb64a327aa3
京广线,RL-fc615f163f0055931ec2,5853,conventional,conventional,轨道线 / 普速铁路 / 正线,track.conventional.main_line,user_verified,,,https://www.nra.gov.cn/tlfc/tpsy/202601/t20260121_350446.shtml,,search_results_available,2026-10-06T15:03:03.251Z,RL-fc615f163f0055931ec2
京广货线联络线,RL-fd712f5e89e81cbc28c7,42,unknown,unknown,轨道线 / 类别待核实 / 正线,track.unknown.main_line,unresolved,,,,,search_results_available,2026-10-06T15:09:15.165Z,RL-fd712f5e89e81cbc28c7
京广货车下行1线,RL-de27b7b2e11ac6a121c0,2,unknown,freight,轨道线 / 货运铁路 / 正线,track.freight.main_line,user_verified,,,,,search_results_available,2026-10-06T15:54:44.678Z,RL-de27b7b2e11ac6a121c0
京广货车下行2线,RL-cd297a97453c83d31951,3,unknown,freight,轨道线 / 货运铁路 / 正线,track.freight.main_line,user_verified,,,,,search_results_available,2026-10-06T15:43:38.088Z,RL-cd297a97453c83d31951
京广货车绕行线,RL-358f158ca6dd88419b96,18,unknown,freight,轨道线 / 货运铁路 / 正线,track.freight.main_line,user_verified,,,,,search_results_available,2026-10-06T15:12:19.367Z,RL-358f158ca6dd88419b96
京广附属线,RL-2090a3ec4545ecd18a4d,8,unknown,unknown,车站线 / 类别待核实 / 站场轨道线,station.unknown.unknown,unresolved,,line_role,,,search_results_available,2026-10-06T15:24:43.708Z,ST-c16ffbf78230468db5ea
京广高速京西联络线,RL-63260009cdd9f0de6a52,23,unknown,unknown,轨道线 / 类别待核实 / 正线,track.unknown.main_line,unresolved,,,,,search_results_available,2026-10-06T15:11:11.993Z,RL-63260009cdd9f0de6a52
京广高速线,RL-125f9143ef1f48efafda,4534,high_speed,high_speed,轨道线 / 高速铁路 / 正线 / 速度范围待核实,track.high_speed.main_line.unknown,osm_source_compared,,,,https://china-emu.cn/RailRoads/Line/?LineName=京广高速铁路,search_results_available,2026-10-06T15:03:05.672Z,RL-125f9143ef1f48efafda
京广高铁,RL-fc11166b521f00773610,9,unknown,unknown,车站线 / 类别待核实 / 站场轨道线,station.unknown.unknown,unresolved,,,,https://china-emu.cn/RailRoads/Line/?LineName=京广高速铁路,search_results_available,2026-10-06T15:54:25.785Z,ST-d82e63cc54811df985c2
京承线,RL-1db95b9cbb0f311f95f6,696,unknown,conventional,轨道线 / 普速铁路 / 正线,track.conventional.main_line,user_verified,,,,,search_results_available,2026-10-06T15:03:47.880Z,RL-1db95b9cbb0f311f95f6
京沈联络线,RL-de987e767f5b0660197d,10,unknown,unknown,轨道线 / 类别待核实 / 支线,track.unknown.branch_line,unresolved,,,,https://china-emu.cn/RailRoads/Line/?LineName=京沈联络线,search_results_available,2026-10-06T15:22:58.617Z,RL-de987e767f5b0660197d
京沪三线,RL-3bc4892dae26aeb6f5ac,49,unknown,unknown,轨道线 / 类别待核实 / 正线,track.unknown.main_line,unresolved,,,,,search_results_available,2026-10-06T15:08:53.896Z,RL-3bc4892dae26aeb6f5ac
京沪上行进站线,RL-a72ec66fa05587cd96e2,2,unknown,unknown,轨道线 / 类别待核实 / 支线,track.unknown.branch_line,unresolved,,,,,search_results_available,2026-10-06T15:54:15.153Z,RL-a72ec66fa05587cd96e2
京沪京哈联络线,RL-5a800af8b27b952188a0,7,unknown,unknown,轨道线 / 类别待核实 / 支线,track.unknown.branch_line,unresolved,,,,,search_results_available,2026-10-06T15:26:00.938Z,RL-5a800af8b27b952188a0
京沪京广下行联络线,RL-3c08d93d0f8cebe07b05,24,unknown,unknown,轨道线 / 类别待核实 / 支线,track.unknown.branch_line,unresolved,,,,,search_results_available,2026-10-06T15:11:04.976Z,RL-3c08d93d0f8cebe07b05
京沪京广联络线,RL-581902350ab17243bee0,10,unknown,unknown,轨道线 / 类别待核实 / 支线,track.unknown.branch_line,unresolved,,,,,search_results_available,2026-10-06T15:22:58.617Z,RL-581902350ab17243bee0
京沪到达线,RL-08aa63377a3f9141dbcd,10,unknown,conventional,车站线 / 普速铁路 / 到发线,station.conventional.arrival_departure_track,user_verified,,,,,search_results_available,2026-10-06T15:22:58.617Z,RL-08aa63377a3f9141dbcd
京沪四线,RL-4a0668c27be80ed78197,19,unknown,unknown,轨道线 / 类别待核实 / 正线,track.unknown.main_line,unresolved,,,,,search_results_available,2026-10-06T15:12:05.869Z,RL-4a0668c27be80ed78197
京沪津山联络线,RL-687267ad4ebecd4cfd27,18,unknown,unknown,轨道线 / 类别待核实 / 正线,track.unknown.main_line,unresolved,,,,,search_results_available,2026-10-06T15:12:19.367Z,RL-687267ad4ebecd4cfd27
京沪线,RL-920e5f099952e5a27c4a|RL-ea1a7a6fefce0f36095a,4240,conventional,conventional,在建 / 轨道线 / 普速铁路 / 正线|轨道线 / 普速铁路 / 正线,track.conventional.main_line,source_checked|user_verified,,railway_class,https://www.beijing.gov.cn/fuwu/bmfw/sy/jrts/202606/t20260617_4703972.html,https://china-emu.cn/RailRoads/Line/?LineName=京沪铁路,search_results_available,2026-10-06T15:03:05.672Z,RL-920e5f099952e5a27c4a|RL-ea1a7a6fefce0f36095a
京沪货线,RL-195410fa808ca07a975a,13,unknown,unknown,在建 / 轨道线 / 类别待核实 / 正线,track.unknown.main_line,unresolved,,,,,search_results_available,2026-10-06T15:21:20.065Z,RL-195410fa808ca07a975a
京沪货线直通线,RL-94a8f44cc33372b97d7e,2,unknown,unknown,在建 / 轨道线 / 类别待核实 / 支线,track.unknown.branch_line,unresolved,,,,,search_results_available,2026-10-06T15:54:56.504Z,RL-94a8f44cc33372b97d7e
京沪高铁,RL-f2b1dec5971012fc9df6,1371,high_speed,high_speed,轨道线 / 高速铁路 / 正线 / 300–350 km/h,track.high_speed.main_line.300-350,source_checked,,,https://www.nra.gov.cn/ztzl/hd/cxdh/cxcg/kjj/jsjb/201705/t20170502_146895.shtml,https://china-emu.cn/RailRoads/Line/?LineName=京沪高速铁路,search_results_available,2026-10-06T15:03:19.429Z,RL-f2b1dec5971012fc9df6
京津城际线,RL-fcaf2c5ddfcd840c3152,289,high_speed,high_speed,轨道线 / 高速铁路 / 正线 / 300–350 km/h,track.high_speed.main_line.300-350,osm_source_compared,,,,https://china-emu.cn/RailRoads/Line/?LineName=京津城际铁路,search_results_available,2026-10-06T15:04:47.055Z,RL-fcaf2c5ddfcd840c3152
京津联络线,RL-c2331b2001b4fbd25157,27,unknown,unknown,轨道线 / 类别待核实 / 正线,track.unknown.main_line,unresolved,,,,https://china-emu.cn/RailRoads/Line/?LineName=京津联络线,search_results_available,2026-10-06T15:10:37.896Z,RL-c2331b2001b4fbd25157
京济联络线,RL-04208a9a9ef7e589be39|RL-ddf7be834aa0b15cf1c4,48,high_speed|unknown,high_speed,车站线 / 高速铁路 / 到发线 / 速度范围待核实|轨道线 / 高速铁路 / 联络线 / 速度范围待核实,station.high_speed.arrival_departure_track.unknown|track.high_speed.connecting_line.unknown,osm_source_compared|user_verified,line_role,,,https://china-emu.cn/RailRoads/Line/?LineName=京济联络线,search_results_available,2026-10-06T15:08:52.017Z,RL-04208a9a9ef7e589be39|RL-ddf7be834aa0b15cf1c4
京港高速线,RL-912526831fd2021dbdb7|RL-d4eec9ea74ce86e78388,2733,high_speed,high_speed,在建 / 轨道线 / 高速铁路 / 正线 / 速度范围待核实|轨道线 / 高速铁路 / 正线 / 速度范围待核实,track.high_speed.main_line.unknown,osm_source_compared,,,,,search_results_available,2026-10-06T15:03:04.557Z,RL-912526831fd2021dbdb7|RL-d4eec9ea74ce86e78388
京滨-津潍联络线,RL-a8aee7d2c87499ca7f38,4,unknown,unknown,在建 / 轨道线 / 类别待核实 / 支线,track.unknown.branch_line,unresolved,,,,,search_results_available,2026-10-06T15:42:26.138Z,RL-a8aee7d2c87499ca7f38
京滨城际线,RL-cbfad7c3ef3c06f082db|RL-e40a1de43066841e9271,48,high_speed,high_speed,在建 / 轨道线 / 高速铁路 / 正线 / 速度范围待核实|轨道线 / 高速铁路 / 正线 / 速度范围待核实,track.high_speed.main_line.unknown,osm_source_compared,,,,https://china-emu.cn/RailRoads/Line/?LineName=京滨城际铁路,search_results_available,2026-10-06T15:08:58.215Z,RL-cbfad7c3ef3c06f082db|RL-e40a1de43066841e9271
京滨天津西联络线,RL-617dfbf1782727660be9,6,unknown,unknown,轨道线 / 类别待核实 / 支线,track.unknown.branch_line,unresolved,,,,,search_results_available,2026-10-06T15:27:24.420Z,RL-617dfbf1782727660be9
京胶联络线,RL-7eeed2d14bb72124fa8a,50,unknown,conventional,轨道线 / 普速铁路 / 联络线,track.conventional.connecting_line,user_verified,line_role,,,,search_results_available,2026-10-06T15:08:41.442Z,RL-7eeed2d14bb72124fa8a
京西至动车段走行线,RL-5c86a4b90191c57475b3,25,unknown,unknown,轨道线 / 类别待核实 / 支线,track.unknown.branch_line,unresolved,,,,,search_results_available,2026-10-06T15:10:53.464Z,RL-5c86a4b90191c57475b3
京辛联络线,RL-5b651a5bd3b2b7c651be,5,unknown,unknown,轨道线 / 类别待核实 / 支线,track.unknown.branch_line,unresolved,,,,,search_results_available,2026-10-06T15:28:45.158Z,RL-5b651a5bd3b2b7c651be
京通线,RL-80970000e6eca10c12ed,1299,unknown,conventional,轨道线 / 普速铁路 / 正线,track.conventional.main_line,user_verified,,,,https://china-emu.cn/RailRoads/Line/?LineName=京通铁路,search_results_available,2026-10-06T15:03:21.202Z,RL-80970000e6eca10c12ed
京锦联络线,RL-84649a6114f385d4ece3,2,unknown,unknown,轨道线 / 类别待核实 / 正线,track.unknown.main_line,unresolved,,,,,search_results_available,2026-10-06T15:54:25.785Z,RL-84649a6114f385d4ece3
京陇联络线,RL-48094aea1c2a8a98ffbf,7,unknown,unknown,轨道线 / 类别待核实 / 正线,track.unknown.main_line,unresolved,,,,,search_results_available,2026-10-06T15:26:00.938Z,RL-48094aea1c2a8a98ffbf
京雄城际线,RL-4f71d594ea4965153256|RL-c2bf28b5703c38e1fc3b,194,high_speed|unknown,high_speed|unknown,轨道线 / 类别待核实 / 正线|轨道线 / 高速铁路 / 正线 / 速度范围待核实,track.high_speed.main_line.unknown|track.unknown.main_line,osm_source_compared|unresolved,,,,https://china-emu.cn/RailRoads/Line/?LineName=京雄城际铁路,search_results_available,2026-10-06T15:06:02.800Z,RL-4f71d594ea4965153256|RL-c2bf28b5703c38e1fc3b
仁丽联络线,RL-a353901104e0d5b4a600,26,unknown,unknown,轨道线 / 类别待核实 / 支线,track.unknown.branch_line,unresolved,,,,,search_results_available,2026-10-06T15:10:49.128Z,RL-a353901104e0d5b4a600
介西线,RL-9f83aa9d0188ee07c88c,85,unknown,unknown,轨道线 / 类别待核实 / 支线,track.unknown.branch_line,unresolved,,,,,search_results_available,2026-10-06T15:07:25.558Z,RL-9f83aa9d0188ee07c88c
仙宁线,RL-ba18ad6324ab9ef9b308|RL-caaeb161429a04a4039c,56,high_speed|unknown,high_speed|unknown,轨道线 / 类别待核实 / 支线|轨道线 / 高速铁路 / 支线 / 150–200 km/h,track.high_speed.branch_line.150-200|track.unknown.branch_line,osm_source_compared|unresolved,,,,https://china-emu.cn/RailRoads/Line/?LineName=宁安城际铁路（及联络线）,search_results_available,2026-10-06T15:08:31.130Z,RL-ba18ad6324ab9ef9b308|RL-caaeb161429a04a4039c
仙桃城际线,RL-38059c04255dda080c0c,16,high_speed,high_speed,轨道线 / 高速铁路 / 支线 / 200–250 km/h,track.high_speed.branch_line.200-250,osm_source_compared,,,,https://china-emu.cn/RailRoads/Line/?LineName=仙桃城际铁路,search_results_available,2026-10-06T15:12:53.002Z,RL-38059c04255dda080c0c
任丘市任华热电厂专用线,RL-754385da63c2b4a625ab,3,unknown,unknown,车站线 / 类别待核实 / 连接线,station.unknown.spur_track,unresolved,,,,,search_results_available,2026-10-06T15:43:38.088Z,RL-754385da63c2b4a625ab
企沙支线,RL-97a31c6d86d389edcd94,32,unknown,unknown,轨道线 / 类别待核实 / 支线,track.unknown.branch_line,unresolved,,,,,search_results_available,2026-10-06T15:09:58.662Z,RL-97a31c6d86d389edcd94
伊加线,RL-b25076417e9c613efd8a,177,conventional,conventional,轨道线 / 普速铁路 / 正线,track.conventional.main_line,source_checked,,,https://www.nra.gov.cn/zzjg/jgj/syjd/sgsgg/201911/P020220825544637781349.pdf,,search_results_available,2026-10-06T15:06:16.531Z,RL-b25076417e9c613efd8a
伊敏线,RL-8ab6d946193239564182,37,conventional,conventional,轨道线 / 普速铁路 / 正线,track.conventional.main_line,source_checked,,,https://www.nra.gov.cn/zzjg/jgj/syjd/sgsgg/201911/P020220825544637781349.pdf,,search_results_available,2026-10-06T15:09:32.130Z,RL-8ab6d946193239564182
伊泰线,RL-6462d963e24e92134fa5,2,unknown,unknown,车站线 / 类别待核实 / 站场轨道线,station.unknown.unknown,unresolved,,construction_status,,,search_results_available,2026-10-06T15:54:44.678Z,ST-929ba32ee088070367ab
伊阿线,RL-37d072d068d671944961,110,conventional,conventional,轨道线 / 普速铁路 / 正线,track.conventional.main_line,source_checked,,,https://www.nra.gov.cn/zzjg/jgj/syjd/sgsgg/201911/P020220825544637781349.pdf,,search_results_available,2026-10-06T15:54:15.153Z,RL-37d072d068d671944961
伊阿铁路,RL-cc18625e2251ac30ca47,5,unknown,unknown,在建 / 轨道线 / 类别待核实 / 正线,track.unknown.main_line,unresolved,,,,,search_results_available,2026-10-06T15:28:45.158Z,RL-cc18625e2251ac30ca47
何临联络线,RL-b43f77016bc33224f078,27,unknown,unknown,轨道线 / 类别待核实 / 正线,track.unknown.main_line,unresolved,,,,https://china-emu.cn/RailRoads/Line/?LineName=包西铁路西安站连接线,search_results_available,2026-10-06T15:10:43.789Z,RL-b43f77016bc33224f078
何刘武钢上行联络线,RL-b7efa9b09862555ef9a6,8,unknown,unknown,轨道线 / 类别待核实 / 正线,track.unknown.main_line,unresolved,,,,,search_results_available,2026-10-06T15:24:44.512Z,RL-b7efa9b09862555ef9a6
何家联络线,RL-ce0499eb63adec23b518,26,high_speed,high_speed,轨道线 / 高速铁路 / 正线 / 速度范围待核实,track.high_speed.main_line.unknown,osm_source_compared,,,,https://china-emu.cn/RailRoads/Line/?LineName=何家联络线,search_results_available,2026-10-06T15:10:49.730Z,RL-ce0499eb63adec23b518
何杨线,RL-01629f18a8b2dcff939f,20,unknown,unknown,轨道线 / 类别待核实 / 正线,track.unknown.main_line,unresolved,,,,,search_results_available,2026-10-06T15:11:47.060Z,RL-01629f18a8b2dcff939f
何零联络线,RL-925288226df07f45dffc|RL-9a36363bf860fc91441b,33,conventional,conventional,车站线 / 普速铁路 / 渡线|轨道线 / 普速铁路 / 正线,station.conventional.crossover|track.conventional.main_line,osm_source_compared,,,,,search_results_available,2026-10-06T15:09:53.819Z,RL-925288226df07f45dffc|RL-9a36363bf860fc91441b
余姚站1道,RL-50c937d6f6eff1743491,1,unknown,unknown,车站线 / 类别待核实 / 站场轨道线,station.unknown.unknown,unresolved,,,,,search_results_available,2026-10-06T15:47:27.040Z,ST-444322fe0e59fdf9a3fd
余姚站3道,RL-8441cbc9f8719fe663f5,1,unknown,unknown,车站线 / 类别待核实 / 站场轨道线,station.unknown.unknown,unresolved,,,,,search_results_available,2026-10-06T15:47:26.417Z,ST-444322fe0e59fdf9a3fd
余姚站5道,RL-d1a21717e4d464476435,4,unknown,unknown,车站线 / 类别待核实 / 站场轨道线,station.unknown.unknown,unresolved,,,,,search_results_available,2026-10-06T15:42:26.138Z,ST-444322fe0e59fdf9a3fd
余干物流专线,RL-9eb157077396ec80c5a8,2,unknown,unknown,车站线 / 类别待核实 / 连接线,station.unknown.spur_track,unresolved,,,,,search_results_available,2026-10-06T15:54:25.785Z,RL-9eb157077396ec80c5a8
余慈铁路,RL-a261cd429cd778d9fb82,14,unknown,unknown,轨道线 / 类别待核实 / 支线,track.unknown.branch_line,unresolved,,,,,search_results_available,2026-10-06T15:20:58.407Z,RL-a261cd429cd778d9fb82
余花联络线,RL-8a71c237553adccb7c3e,79,high_speed,high_speed,轨道线 / 高速铁路 / 正线 / 速度范围待核实,track.high_speed.main_line.unknown,osm_source_compared,,,,https://china-emu.cn/RailRoads/Line/?LineName=余花联络线,search_results_available,2026-10-06T15:07:37.368Z,RL-8a71c237553adccb7c3e
佛山西南广发西线,RL-94414c7c463cc62a42c1,7,unknown,unknown,轨道线 / 类别待核实 / 支线,track.unknown.branch_line,unresolved,,,,,search_results_available,2026-10-06T15:26:00.938Z,RL-94414c7c463cc62a42c1
佛山西城南联络线,RL-6ed2410d179f02efff46,8,unknown,unknown,轨道线 / 类别待核实 / 正线,track.unknown.main_line,unresolved,,,,https://china-emu.cn/RailRoads/Line/?LineName=广佛西环城际铁路,search_results_available,2026-10-06T15:24:44.512Z,RL-6ed2410d179f02efff46
佛穗莞城际线,RL-dcc7e268e113c66ce7c1,2,unknown,unknown,在建 / 轨道线 / 类别待核实 / 线路功能待核实,track.unknown.unknown,unresolved,,,,,search_results_available,2026-10-06T15:54:51.323Z,RL-dcc7e268e113c66ce7c1
佳同线,RL-673d1b21c2de16a7bf82,20,unknown,unknown,轨道线 / 类别待核实 / 正线,track.unknown.main_line,unresolved,,,,,search_results_available,2026-10-06T15:11:47.060Z,RL-673d1b21c2de16a7bf82
佳富线,RL-3e821cae9bd519a3b159,76,conventional,conventional,轨道线 / 普速铁路 / 正线,track.conventional.main_line,source_checked,,,https://www.nra.gov.cn/zzjg/jgj/syjd/sgsgg/201911/P020220825544637781349.pdf,,search_results_available,2026-10-06T15:07:37.354Z,RL-3e821cae9bd519a3b159
佳纺新线,RL-c5ea592498ef77f8f160,2,unknown,unknown,车站线 / 类别待核实 / 连接线,station.unknown.spur_track,unresolved,,,,,search_results_available,2026-10-06T15:54:15.153Z,RL-c5ea592498ef77f8f160
供应线,RL-59a9b2960dc8c3d37f9a,1,unknown,unknown,车站线 / 类别待核实 / 连接线,station.unknown.spur_track,unresolved,,,,,search_results_available,2026-10-06T15:47:26.417Z,RL-59a9b2960dc8c3d37f9a
供电抢修列停留线,RL-3bc16d7207420c555b69,1,unknown,unknown,车站线 / 类别待核实 / 站场轨道线,station.unknown.unknown,unresolved,,,,,search_results_available,2026-10-06T15:47:26.417Z,ST-23791a32ced0dc85df39
依林线,RL-7077039eea13b5342b4f,2,unknown,unknown,车站线 / 类别待核实 / 连接线,station.unknown.spur_track,unresolved,,,,,search_results_available,2026-10-06T15:54:44.678Z,RL-7077039eea13b5342b4f
侧线3,RL-5523bd7d5bde64929811,1,unknown,unknown,车站线 / 类别待核实 / 站场轨道线,station.unknown.unknown,unresolved,,,,,search_results_available,2026-10-06T15:47:26.417Z,ST-8f380e640995a4c3eacb
侧线4,RL-326ee5a077507475f409,1,unknown,unknown,车站线 / 类别待核实 / 站场轨道线,station.unknown.unknown,unresolved,,,,,search_results_available,2026-10-06T15:47:26.352Z,ST-8f380e640995a4c3eacb
侯北南环线,RL-fde3b72d1661fecffe7a,11,unknown,unknown,轨道线 / 类别待核实 / 支线,track.unknown.branch_line,unresolved,,,,,search_results_available,2026-10-06T15:22:20.106Z,RL-fde3b72d1661fecffe7a
侯月上行疏解线,RL-4a5a64d635e03b20abcd,13,unknown,unknown,轨道线 / 类别待核实 / 正线,track.unknown.main_line,unresolved,,,,,search_results_available,2026-10-06T15:21:17.399Z,RL-4a5a64d635e03b20abcd
侯月疏解线,RL-fd402176b8ca6b4ba626,13,unknown,unknown,轨道线 / 类别待核实 / 线路功能待核实,track.unknown.unknown,unresolved,,,,,search_results_available,2026-10-06T15:21:17.399Z,RL-fd402176b8ca6b4ba626
侯月线,RL-85d8b51d5e1e9f6bb982|RL-f6271d39fd42d349b83b,494,unknown,freight,轨道线 / 货运铁路 / 正线,track.freight.main_line,user_verified,,,,,search_results_available,2026-10-06T15:04:15.823Z,RL-85d8b51d5e1e9f6bb982|RL-f6271d39fd42d349b83b
侯西线,RL-d2e51ee970ceba334ebc,266,unknown,unknown,轨道线 / 类别待核实 / 正线,track.unknown.main_line,unresolved,,railway_class,,,search_results_available,2026-10-06T15:04:46.090Z,RL-d2e51ee970ceba334ebc
侯西联络线,RL-89f68726fa31dc0580fd,28,unknown,unknown,轨道线 / 类别待核实 / 支线,track.unknown.branch_line,unresolved,,,,,search_results_available,2026-10-06T15:10:27.963Z,RL-89f68726fa31dc0580fd
侯阎线,RL-d7662a6094db34648b40,74,unknown,unknown,轨道线 / 类别待核实 / 正线,track.unknown.main_line,unresolved,,railway_class,,,search_results_available,2026-10-06T15:07:46.219Z,RL-d7662a6094db34648b40
保满线,RL-71cc6cbd7e3a10c096e1,49,unknown,unknown,轨道线 / 类别待核实 / 支线,track.unknown.branch_line,unresolved,,,,,search_results_available,2026-10-06T15:08:53.896Z,RL-71cc6cbd7e3a10c096e1
保税线,RL-bdc0187d411cbcab7ffd,1,unknown,unknown,车站线 / 类别待核实 / 连接线,station.unknown.spur_track,unresolved,,,,,search_results_available,2026-10-06T15:47:26.352Z,RL-bdc0187d411cbcab7ffd
倒装走行线,RL-aad0dc635f57555db1e4,8,unknown,unknown,车站线 / 类别待核实 / 站场轨道线,station.unknown.unknown,unresolved,,,,,search_results_available,2026-10-06T15:24:44.512Z,ST-48df5804663b7146c7ad
停留线,RL-9f95c5e663fbac5c3487,1,unknown,unknown,车站线 / 类别待核实 / 站场轨道线,station.unknown.unknown,unresolved,,,,,search_results_available,2026-10-06T15:47:26.352Z,ST-a58bb00a66289289c62b
储备处走行线,RL-d22aea9a6d05faac59bf,3,unknown,unknown,车站线 / 类别待核实 / 连接线,station.unknown.spur_track,unresolved,,,,,search_results_available,2026-10-06T15:43:38.088Z,RL-d22aea9a6d05faac59bf
储备粮库线,RL-62456e062ea0a369c99b,2,unknown,unknown,车站线 / 类别待核实 / 连接线,station.unknown.spur_track,unresolved,,,,,search_results_available,2026-10-06T15:54:51.323Z,RL-62456e062ea0a369c99b
储木厂线,RL-1fea3047bfab8cc14a62,1,unknown,unknown,车站线 / 类别待核实 / 连接线,station.unknown.spur_track,unresolved,,,,,search_results_available,2026-10-06T15:47:26.352Z,RL-1fea3047bfab8cc14a62
储木线,RL-d6e1ac5f368c62bdeb15,3,unknown,unknown,车站线 / 类别待核实 / 连接线,station.unknown.spur_track,unresolved,,,,,search_results_available,2026-10-06T15:43:43.221Z,RL-d6e1ac5f368c62bdeb15
先行线,RL-9cc47bc4b2b26a29c063,2,unknown,unknown,车站线 / 类别待核实 / 站场轨道线,station.unknown.unknown,unresolved,,,,,search_results_available,2026-10-06T15:54:41.522Z,ST-81d702b2d55afb6c1884
克塔线,RL-1007539d3e299e544cff,188,unknown,unknown,轨道线 / 类别待核实 / 正线,track.unknown.main_line,unresolved,,,,,search_results_available,2026-10-06T15:06:09.690Z,RL-1007539d3e299e544cff
兖南联络线,RL-b942199fc81d61513e4d,57,unknown,unknown,轨道线 / 类别待核实 / 支线,track.unknown.branch_line,unresolved,,,,,search_results_available,2026-10-06T15:08:28.518Z,RL-b942199fc81d61513e4d
兖石疏解线,RL-d751b2c0ac4df9d577af,10,unknown,unknown,轨道线 / 类别待核实 / 支线,track.unknown.branch_line,unresolved,,,,,search_results_available,2026-10-06T15:22:58.617Z,RL-d751b2c0ac4df9d577af
兖石线,RL-202f5ca4c09b9b826e67,881,unknown,freight,轨道线 / 货运铁路 / 正线,track.freight.main_line,user_verified,,,,,search_results_available,2026-10-06T15:03:36.373Z,RL-202f5ca4c09b9b826e67
入库线,RL-1fae0c553f1e879627c7,2,unknown,unknown,车站线 / 类别待核实 / 站场轨道线,station.unknown.unknown,unresolved,,,,,search_results_available,2026-10-06T15:54:41.522Z,ST-e40487c00411bba63a4f
八二二库线,RL-4dd0f95160c3d41f18d4,1,unknown,unknown,车站线 / 类别待核实 / 连接线,station.unknown.spur_track,unresolved,,,,,search_results_available,2026-10-06T15:47:25.640Z,RL-4dd0f95160c3d41f18d4
八五一〇转运站线,RL-3a43ca7c842aa74c353b,1,unknown,unknown,车站线 / 类别待核实 / 连接线,station.unknown.spur_track,unresolved,,,,,search_results_available,2026-10-06T15:47:25.640Z,RL-3a43ca7c842aa74c353b
公安线,RL-4eccf23b141e0dae70df,1,unknown,unknown,车站线 / 类别待核实 / 站场轨道线,station.unknown.unknown,unresolved,,,,,search_results_available,2026-10-06T15:47:25.640Z,ST-e8f9f69b27a4fdeb719a
公路线,RL-a7b6f92b74fc56fe88a4,1,unknown,unknown,车站线 / 类别待核实 / 连接线,station.unknown.spur_track,unresolved,,,,,search_results_available,2026-10-06T15:47:25.640Z,RL-a7b6f92b74fc56fe88a4
公锡线,RL-1e6e158d633bc92befbc,85,unknown,unknown,轨道线 / 类别待核实 / 支线,track.unknown.branch_line,unresolved,,,,,search_results_available,2026-10-06T15:07:25.558Z,RL-1e6e158d633bc92befbc
公集联络线,RL-2437af9cc4d591dc5367,3,conventional,conventional,轨道线 / 普速铁路 / 联络线,track.conventional.connecting_line,source_checked,,,https://www.nra.gov.cn/zzjg/jgj/syjd/sgsgg/201911/P020220825544637781349.pdf,,search_results_available,2026-10-06T15:43:43.221Z,RL-2437af9cc4d591dc5367
六九五线,RL-1e42e1356363931af3b6,1,unknown,unknown,车站线 / 类别待核实 / 连接线,station.unknown.spur_track,unresolved,,,,,search_results_available,2026-10-06T15:47:31.448Z,RL-1e42e1356363931af3b6
六八〇二线,RL-f146402132ccf3981f2c,1,unknown,unknown,车站线 / 类别待核实 / 连接线,station.unknown.spur_track,unresolved,,,,,search_results_available,2026-10-06T15:47:31.448Z,RL-f146402132ccf3981f2c
六安联络线,RL-56ea60391d039f2039ce,21,unknown,unknown,轨道线 / 类别待核实 / 支线,track.unknown.branch_line,unresolved,,,,,search_results_available,2026-10-06T15:11:40.219Z,RL-56ea60391d039f2039ce
六盘水南环线,RL-f504a6c848a0da8b3782,87,unknown,unknown,轨道线 / 类别待核实 / 正线,track.unknown.main_line,unresolved,,,,,search_results_available,2026-10-06T15:07:22.378Z,RL-f504a6c848a0da8b3782
兰中联络2线,RL-b1ad8e8cf66d39ba50b5,4,unknown,unknown,轨道线 / 类别待核实 / 支线,track.unknown.branch_line,unresolved,,,,,search_results_available,2026-10-06T15:42:29.899Z,RL-b1ad8e8cf66d39ba50b5
兰中联络线,RL-1fd04dc93153ce01f306,7,unknown,unknown,轨道线 / 类别待核实 / 支线,track.unknown.branch_line,unresolved,,,,,search_results_available,2026-10-06T15:25:52.515Z,RL-1fd04dc93153ce01f306
兰合线,RL-b88a398c5e7ea34ded57,17,high_speed,high_speed,在建 / 轨道线 / 高速铁路 / 正线 / 200–250 km/h,track.high_speed.main_line.200-250,osm_source_compared,,,,https://china-emu.cn/RailRoads/Line/?LineName=兰合铁路,search_results_available,2026-10-06T15:12:32.782Z,RL-b88a398c5e7ea34ded57
兰合铁路,RL-8127efefa9ca5ecdb2cc|RL-82688740b52eff2f4960,92,high_speed|unknown,high_speed|unknown,在建 / 轨道线 / 类别待核实 / 正线|在建 / 轨道线 / 高速铁路 / 正线 / 200–250 km/h,track.high_speed.main_line.200-250|track.unknown.main_line,osm_source_compared|unresolved,,,,https://china-emu.cn/RailRoads/Line/?LineName=兰合铁路,search_results_available,2026-10-06T15:07:17.351Z,RL-8127efefa9ca5ecdb2cc|RL-82688740b52eff2f4960
兰州北环到线,RL-bbe6e8ebca9767f91350,15,unknown,unknown,轨道线 / 类别待核实 / 线路功能待核实,track.unknown.unknown,unresolved,,line_role|track_role,,,search_results_available,2026-10-06T15:20:29.779Z,RL-bbe6e8ebca9767f91350
兰州北环线,RL-44123a4f57f9a5e52f66|RL-c77e540ae47048cd47ad,115,unknown,unknown,在建 / 轨道线 / 类别待核实 / 线路功能待核实|轨道线 / 类别待核实 / 正线,track.unknown.main_line|track.unknown.unknown,unresolved,,,,,search_results_available,2026-10-06T15:06:52.614Z,RL-44123a4f57f9a5e52f66|RL-c77e540ae47048cd47ad
兰州新区联络线,RL-dc6525517a21f172f1e1,20,high_speed,high_speed,轨道线 / 高速铁路 / 联络线 / 速度范围待核实,track.high_speed.connecting_line.unknown,osm_source_compared,line_role,,,https://china-emu.cn/RailRoads/Line/?LineName=兰州新区联络线,search_results_available,2026-10-06T15:11:47.060Z,RL-dc6525517a21f172f1e1
兰州西动车走行1线,RL-11bceda856605e8c8cd9,6,unknown,unknown,轨道线 / 类别待核实 / 支线,track.unknown.branch_line,unresolved,,,,,search_results_available,2026-10-06T15:27:24.420Z,RL-11bceda856605e8c8cd9
兰州西动车走行2线,RL-180d6e6053ea4c44b663,8,unknown,unknown,轨道线 / 类别待核实 / 支线,track.unknown.branch_line,unresolved,,,,,search_results_available,2026-10-06T15:24:44.512Z,RL-180d6e6053ea4c44b663
兰州西普速动车走行线,RL-2f494f2535d6d4a19544,7,unknown,unknown,轨道线 / 类别待核实 / 支线,track.unknown.branch_line,unresolved,,,,,search_results_available,2026-10-06T15:25:52.515Z,RL-2f494f2535d6d4a19544
兰州西普高联络2线,RL-57d2d745e8b7cfbc3fca,11,unknown,unknown,轨道线 / 类别待核实 / 支线,track.unknown.branch_line,unresolved,,,,,search_results_available,2026-10-06T15:22:20.106Z,RL-57d2d745e8b7cfbc3fca
兰州西普高联络线,RL-a2940019e227fc42ac87,7,unknown,unknown,轨道线 / 类别待核实 / 支线,track.unknown.branch_line,unresolved,,,,,search_results_available,2026-10-06T15:25:52.515Z,RL-a2940019e227fc42ac87
兰州西高普联络线,RL-c67c6f8c5f87be02e029,2,unknown,unknown,轨道线 / 类别待核实 / 支线,track.unknown.branch_line,unresolved,,,,,search_results_available,2026-10-06T15:54:41.521Z,RL-c67c6f8c5f87be02e029
兰张客专线,RL-59ee4034f96678b1d9aa|RL-968e31ee6a6fc6b52b61,32,high_speed,high_speed,在建 / 轨道线 / 高速铁路 / 线路功能待核实 / 速度范围待核实|轨道线 / 高速铁路 / 正线 / 速度范围待核实,track.high_speed.main_line.unknown|track.high_speed.unknown.unknown,osm_source_compared,,,,,search_results_available,2026-10-06T15:09:58.539Z,RL-59ee4034f96678b1d9aa|RL-968e31ee6a6fc6b52b61
兰张高速线,RL-453380029b0e0ec2c94a,360,high_speed,high_speed,轨道线 / 高速铁路 / 正线 / 速度范围待核实,track.high_speed.main_line.unknown,osm_source_compared,,,,,search_results_available,2026-10-06T15:04:36.163Z,RL-453380029b0e0ec2c94a
兰新客专线,RL-70a869ae23d4fb9071a3,2228,high_speed,high_speed,轨道线 / 高速铁路 / 正线 / 速度范围待核实,track.high_speed.main_line.unknown,osm_source_compared,,,,,search_results_available,2026-10-06T15:03:13.355Z,RL-70a869ae23d4fb9071a3
兰新线,RL-76a3ccc3926a00444a49|RL-9633f2ac53f1c2a42571,3097,conventional,conventional,在建 / 轨道线 / 普速铁路 / 正线|轨道线 / 普速铁路 / 正线,track.conventional.main_line,source_checked|user_verified,,,https://fgw.pingliang.gov.cn/zcwjgzzd/art/2026/art_1101fe20d8ca4368a736dd1281021a81.html,https://china-emu.cn/RailRoads/Line/?LineName=兰新铁路,search_results_available,2026-10-06T15:03:02.376Z,RL-76a3ccc3926a00444a49|RL-9633f2ac53f1c2a42571
兰枢环行线,RL-51a6592b257ffe9fd1b8,23,unknown,unknown,轨道线 / 类别待核实 / 支线,track.unknown.branch_line,unresolved,,,,,search_results_available,2026-10-06T15:11:11.993Z,RL-51a6592b257ffe9fd1b8
兰武1线,RL-6fae2031044e8bb2cb63,3,unknown,unknown,轨道线 / 类别待核实 / 正线,track.unknown.main_line,unresolved,,,,,search_results_available,2026-10-06T15:43:43.221Z,RL-6fae2031044e8bb2cb63
兰渝线,RL-732b9cd4a9533ad282ed|RL-cef2335b3bfda8923bed,1093,high_speed|unknown,high_speed|unknown,轨道线 / 类别待核实 / 正线|轨道线 / 高速铁路 / 正线 / 速度范围待核实,track.high_speed.main_line.unknown|track.unknown.main_line,osm_source_compared|unresolved,,,,,search_results_available,2026-10-06T15:03:30.760Z,RL-732b9cd4a9533ad282ed|RL-cef2335b3bfda8923bed
兰溪站1道,RL-6cd0ddf1a2fb6395e011,1,unknown,unknown,车站线 / 类别待核实 / 站场轨道线,station.unknown.unknown,unresolved,,,,,search_results_available,2026-10-06T15:47:31.448Z,ST-365558164d9c76d336b5
兰溪站3道,RL-65bf5456d9692eab0818,1,unknown,unknown,车站线 / 类别待核实 / 站场轨道线,station.unknown.unknown,unresolved,,,,,search_results_available,2026-10-06T15:47:31.448Z,ST-365558164d9c76d336b5
兰白联络线,RL-6dacc921f50efd15bbac,7,unknown,unknown,轨道线 / 类别待核实 / 正线,track.unknown.main_line,unresolved,,,,,search_results_available,2026-10-06T15:25:52.515Z,RL-6dacc921f50efd15bbac
兰阿铁路,RL-a64c8ae2ba83dddc7a04,10,industrial,industrial,轨道线 / 工业铁路 / 工业线,track.industrial.industrial_line,osm_source_compared,,,,,search_results_available,2026-10-06T15:22:57.069Z,RL-a64c8ae2ba83dddc7a04
兰青线,RL-e74b6fe6f6fbf09c182c,479,unknown,unknown,轨道线 / 类别待核实 / 正线,track.unknown.main_line,unresolved,,,,https://china-emu.cn/RailRoads/Line/?LineName=兰青铁路,search_results_available,2026-10-06T15:04:17.179Z,RL-e74b6fe6f6fbf09c182c
关惠联络线,RL-113212246287ddeca200,4,conventional,conventional,轨道线 / 普速铁路 / 线路功能待核实,track.conventional.unknown,osm_source_compared,,,,,search_results_available,2026-10-06T15:42:29.899Z,RL-113212246287ddeca200
兴保线,RL-4918d81c8e5d1d40ab51,53,unknown,unknown,轨道线 / 类别待核实 / 支线,track.unknown.branch_line,unresolved,,,,,search_results_available,2026-10-06T15:08:35.851Z,RL-4918d81c8e5d1d40ab51
兴国疏解线,RL-8a0f83a2aaec97edd34c,9,unknown,unknown,轨道线 / 类别待核实 / 支线,track.unknown.branch_line,unresolved,,,,,search_results_available,2026-10-06T15:54:41.521Z,RL-8a0f83a2aaec97edd34c
兴国线,RL-6fc77961b32d63f2b917,1,unknown,unknown,车站线 / 类别待核实 / 连接线,station.unknown.spur_track,unresolved,,,,,search_results_available,2026-10-06T15:47:31.050Z,RL-6fc77961b32d63f2b917
兴岚线,RL-5be94c27fe30c46e9a74,43,unknown,unknown,轨道线 / 类别待核实 / 正线,track.unknown.main_line,unresolved,,,,,search_results_available,2026-10-06T15:09:09.883Z,RL-5be94c27fe30c46e9a74
兴怀疏解线,RL-30352975e868475ae80d,9,unknown,unknown,轨道线 / 类别待核实 / 支线,track.unknown.branch_line,unresolved,,,,,search_results_available,2026-10-06T15:54:41.521Z,RL-30352975e868475ae80d
兴泉线,RL-68b8fff0915f3ba5c800,670,unknown,unknown,轨道线 / 类别待核实 / 正线,track.unknown.main_line,unresolved,,construction_status,,,search_results_available,2026-10-06T15:03:47.552Z,RL-68b8fff0915f3ba5c800
兴珞线,RL-61a6821ea6ac4dd78990,140,unknown,unknown,轨道线 / 类别待核实 / 正线,track.unknown.main_line,unresolved,,,,,search_results_available,2026-10-06T15:06:33.999Z,RL-61a6821ea6ac4dd78990
兴胡线,RL-e77c068d741e859595c5,89,unknown,unknown,轨道线 / 类别待核实 / 正线,track.unknown.main_line,unresolved,,,,https://china-emu.cn/RailRoads/Line/?LineName=兴胡线,search_results_available,2026-10-06T15:07:18.758Z,RL-e77c068d741e859595c5
兴莲联络线,RL-8d2bc5587f88f4809d6a,3,conventional,conventional,轨道线 / 普速铁路 / 联络线,track.conventional.connecting_line,source_checked,,,https://www.nra.gov.cn/zzjg/jgj/syjd/sgsgg/201911/P020220825544637781349.pdf,,search_results_available,2026-10-06T15:43:43.221Z,RL-8d2bc5587f88f4809d6a
兴隆场环到线,RL-b651e076f26d200834cd,1,unknown,unknown,轨道线 / 类别待核实 / 支线,track.unknown.branch_line,unresolved,,,,,search_results_available,2026-10-06T15:47:31.050Z,RL-b651e076f26d200834cd
冀中能源峰峰集团有限公司九龙口矿专用铁路,RL-3984e45da166a35eb5ad,2,unknown,unknown,车站线 / 类别待核实 / 连接线,station.unknown.spur_track,unresolved,,,,,search_results_available,2026-10-06T15:54:25.785Z,RL-3984e45da166a35eb5ad
内六线,RL-9146e9479586adf6d5de,687,unknown,unknown,轨道线 / 类别待核实 / 正线,track.unknown.main_line,unresolved,,,,,search_results_available,2026-10-06T15:03:47.880Z,RL-9146e9479586adf6d5de
内江北联络线,RL-fcd0fc9c60bbcf0aad95,14,high_speed,high_speed,轨道线 / 高速铁路 / 支线 / 速度范围待核实,track.high_speed.branch_line.unknown,osm_source_compared,,,,https://china-emu.cn/RailRoads/Line/?LineName=内江北联络线,search_results_available,2026-10-06T15:20:56.711Z,RL-fcd0fc9c60bbcf0aad95
内蒙古包头东宝钢铁稀土物流配送有限公司专用线,RL-2832bd13fdaf26ccd752,5,unknown,unknown,车站线 / 类别待核实 / 连接线,station.unknown.spur_track,unresolved,,,,,search_results_available,2026-10-06T15:28:45.158Z,RL-2832bd13fdaf26ccd752
冕宁右联络线,RL-7c243d7467fae2c16440,4,unknown,unknown,轨道线 / 类别待核实 / 线路功能待核实,track.unknown.unknown,unresolved,,,,,search_results_available,2026-10-06T15:42:29.899Z,RL-7c243d7467fae2c16440
军专线,RL-6a9099a6823c0ab2face,19,unknown,unknown,车站线 / 类别待核实 / 连接线,station.unknown.spur_track,unresolved,,,,,search_results_available,2026-10-06T15:12:05.989Z,RL-6a9099a6823c0ab2face
军供联络线,RL-3b767d550da2bb3cd1d1,13,unknown,unknown,轨道线 / 类别待核实 / 支线,track.unknown.branch_line,unresolved,,,,,search_results_available,2026-10-06T15:21:17.399Z,RL-3b767d550da2bb3cd1d1
军民联络线,RL-b869f0b3e4a29e2f198b,9,unknown,unknown,轨道线 / 类别待核实 / 支线,track.unknown.branch_line,unresolved,,,,,search_results_available,2026-10-06T15:54:20.196Z,RL-b869f0b3e4a29e2f198b
农专线,RL-1890d0b46b555ccb2a94|RL-83279f373127783ccacc,14,unknown,unknown,车站线 / 类别待核实 / 站场轨道线|车站线 / 类别待核实 / 连接线,station.unknown.spur_track|station.unknown.unknown,unresolved,,,,,search_results_available,2026-10-06T15:20:56.711Z,RL-1890d0b46b555ccb2a94|ST-fb3730024fe9dfe66fc8
农业物资线,RL-c0870e8af0de79f2a4a2,2,unknown,unknown,车站线 / 类别待核实 / 连接线,station.unknown.spur_track,unresolved,,,,,search_results_available,2026-10-06T15:54:51.323Z,RL-c0870e8af0de79f2a4a2
农业高新区线,RL-fccbcdaee61c4e428f64,14,unknown,unknown,车站线 / 类别待核实 / 连接线,station.unknown.spur_track,unresolved,,,,,search_results_available,2026-10-06T15:20:56.711Z,RL-fccbcdaee61c4e428f64
农场线,RL-037535a2e27d993f9dff|RL-0acecd9d86d487d1ad82,7,unknown,unknown,车站线 / 类别待核实 / 站场轨道线|车站线 / 类别待核实 / 连接线,station.unknown.spur_track|station.unknown.unknown,unresolved,,,,,search_results_available,2026-10-06T15:25:50.909Z,RL-0acecd9d86d487d1ad82|ST-5bf28e0ac367f18b22af
农垦线,RL-6837b8853fb26262a220,3,unknown,unknown,车站线 / 类别待核实 / 连接线,station.unknown.spur_track,unresolved,,,,,search_results_available,2026-10-06T15:43:49.978Z,RL-6837b8853fb26262a220
农油线,RL-7e2baa3aed07d6f727c2,2,unknown,unknown,车站线 / 类别待核实 / 连接线,station.unknown.spur_track,unresolved,,,,,search_results_available,2026-10-06T15:45:30.583Z,RL-7e2baa3aed07d6f727c2
农管局线,RL-475339f66892b0aa9314,3,unknown,unknown,车站线 / 类别待核实 / 连接线,station.unknown.spur_track,unresolved,,,,,search_results_available,2026-10-06T15:43:49.978Z,RL-475339f66892b0aa9314
农资烟厂线,RL-1699780451f664ce8bfc,1,unknown,unknown,车站线 / 类别待核实 / 连接线,station.unknown.spur_track,unresolved,,,,,search_results_available,2026-10-06T15:47:31.050Z,RL-1699780451f664ce8bfc
冶山铁路,RL-5643f3567d1b102b8f17|RL-9b1f784205ed639f5413|RL-b85767b86d81463bca7e,16,industrial|unknown,industrial|unknown,车站线 / 工业铁路 / 连接线|车站线 / 类别待核实 / 站场轨道线|轨道线 / 类别待核实 / 支线,station.industrial.spur_track|station.unknown.unknown|track.unknown.branch_line,osm_source_compared|unresolved,,line_role,,,search_results_available,2026-10-06T15:12:53.002Z,RL-5643f3567d1b102b8f17|RL-9b1f784205ed639f5413|ST-c3fcef7a549376070604
冷冻厂线,RL-daaacf62ff02f3d525e0,1,unknown,unknown,车站线 / 类别待核实 / 连接线,station.unknown.spur_track,unresolved,,,,,search_results_available,2026-10-06T15:47:31.050Z,RL-daaacf62ff02f3d525e0
冷库专用线,RL-d6ca429e3c08adf751df,5,unknown,industrial|unknown,车站线 / 工业铁路 / 站场轨道线|车站线 / 类别待核实 / 站场轨道线,station.industrial.unknown|station.unknown.unknown,osm_source_compared|unresolved,,,,,search_results_available,2026-10-06T15:28:47.053Z,ST-2206e8f70a44f06dcb11|ST-b0dc83e71d71d2afb24e
冷库线,RL-c09614ef1416aa4b05da,1,unknown,unknown,车站线 / 类别待核实 / 连接线,station.unknown.spur_track,unresolved,,,,,search_results_available,2026-10-06T15:47:31.751Z,RL-c09614ef1416aa4b05da
准东线,RL-694369818b8121d42f42,51,unknown,unknown,轨道线 / 类别待核实 / 正线,track.unknown.main_line,unresolved,,,,,search_results_available,2026-10-06T15:08:44.636Z,RL-694369818b8121d42f42
准东铁路,RL-450ac6e61d7c90828cce,280,unknown,unknown,轨道线 / 类别待核实 / 正线,track.unknown.main_line,unresolved,,,,,search_results_available,2026-10-06T15:04:47.055Z,RL-450ac6e61d7c90828cce
准朔线,RL-6f9b4aae3e2944a56081,214,unknown,unknown,轨道线 / 类别待核实 / 正线,track.unknown.main_line,unresolved,,,,,search_results_available,2026-10-06T15:05:54.823Z,RL-6f9b4aae3e2944a56081
准池铁路,RL-896a55ad7b3c5f9bfb0e,200,unknown,unknown,轨道线 / 类别待核实 / 正线,track.unknown.main_line,unresolved,,,,,search_results_available,2026-10-06T15:06:04.418Z,RL-896a55ad7b3c5f9bfb0e
准神线,RL-59696a9eea955880b9b0|RL-5e090464a25e5aeb956d,81,unknown,unknown,在建 / 轨道线 / 类别待核实 / 正线|轨道线 / 类别待核实 / 正线,track.unknown.main_line,unresolved,,,,,search_results_available,2026-10-06T15:54:20.196Z,RL-59696a9eea955880b9b0|RL-5e090464a25e5aeb956d
准轨牵出线,RL-2c5711326719f58f370b,1,unknown,unknown,车站线 / 类别待核实 / 连接线,station.unknown.spur_track,unresolved,,,,,search_results_available,2026-10-06T15:47:31.751Z,RL-2c5711326719f58f370b
准轨联络1线,RL-8c17f6f2101befedc2a3,6,conventional,conventional,轨道线 / 普速铁路 / 联络线,track.conventional.connecting_line,source_checked,,,https://www.nra.gov.cn/zzjg/jgj/syjd/sgsgg/201911/P020220825544637781349.pdf,,search_results_available,2026-10-06T15:27:24.865Z,RL-8c17f6f2101befedc2a3
准轨联络2线,RL-f7ee77a7106dd8021033,5,conventional,conventional,轨道线 / 普速铁路 / 联络线,track.conventional.connecting_line,source_checked,,,https://www.nra.gov.cn/zzjg/jgj/syjd/sgsgg/201911/P020220825544637781349.pdf,,search_results_available,2026-10-06T15:28:47.053Z,RL-f7ee77a7106dd8021033
凌志达煤业专用线,RL-3a44b81ee58c857f21dc,9,industrial,industrial,轨道线 / 工业铁路 / 工业线,track.industrial.industrial_line,osm_source_compared,,,,,search_results_available,2026-10-06T15:54:00.530Z,RL-3a44b81ee58c857f21dc
凌水专用线,RL-84f55732834b8242c6c1,2,unknown,unknown,车站线 / 类别待核实 / 连接线,station.unknown.spur_track,unresolved,,,,,search_results_available,2026-10-06T15:45:30.583Z,RL-84f55732834b8242c6c1
凌水线,RL-18553b712a945e298cfe,1,unknown,unknown,车站线 / 类别待核实 / 连接线,station.unknown.spur_track,unresolved,,,,,search_results_available,2026-10-06T15:47:31.751Z,RL-18553b712a945e298cfe
凤上线,RL-0c753309081a9a7101b5,167,unknown,unknown,轨道线 / 类别待核实 / 线路功能待核实,track.unknown.unknown,unresolved,,line_role|track_role,,,search_results_available,2026-10-06T15:06:22.910Z,RL-0c753309081a9a7101b5
凤凰联络线,RL-df2115814f2e20340250,18,unknown,unknown,轨道线 / 类别待核实 / 支线,track.unknown.branch_line,unresolved,,,,,search_results_available,2026-10-06T15:12:19.367Z,RL-df2115814f2e20340250
凤厢联络线,RL-0e147fb3843969d000e8,11,high_speed,high_speed,轨道线 / 高速铁路 / 线路功能待核实 / 速度范围待核实,track.high_speed.unknown.unknown,osm_source_compared,,line_role,,https://china-emu.cn/RailRoads/Line/?LineName=凤厢联络线,search_results_available,2026-10-06T15:22:20.106Z,RL-0e147fb3843969d000e8
凤山线,RL-ea0b95d6059f2b70eb45,20,unknown,unknown,轨道线 / 类别待核实 / 支线,track.unknown.branch_line,unresolved,,,,,search_results_available,2026-10-06T15:11:47.055Z,RL-ea0b95d6059f2b70eb45
凤张铁路,RL-c84eab2f05a71697a10f,1,unknown,unknown,轨道线 / 类别待核实 / 支线,track.unknown.branch_line,unresolved,,,,,search_results_available,2026-10-06T15:47:31.751Z,RL-c84eab2f05a71697a10f
凤金联络线,RL-01b85b2ab49b71ad57c4,5,unknown,unknown,轨道线 / 类别待核实 / 支线,track.unknown.branch_line,unresolved,,,,,search_results_available,2026-10-06T15:28:47.053Z,RL-01b85b2ab49b71ad57c4
出入库线,RL-79509246b6eba90fb68b,6,unknown,unknown,车站线 / 类别待核实 / 站场轨道线,station.unknown.unknown,unresolved,,,,,search_results_available,2026-10-06T15:27:24.865Z,ST-6b0258e90de12b230711
出口查验线,RL-29b7c2cdc124968d28a7,1,unknown,unknown,车站线 / 类别待核实 / 站场轨道线,station.unknown.unknown,unresolved,,,,,search_results_available,2026-10-06T15:47:34.291Z,ST-942dca8230da1e683381
出库线,RL-5fc78061e681d69dae1d|RL-9ab6e4fe2f8f48633a77,10,unknown,unknown,车站线 / 类别待核实 / 站场轨道线|车站线 / 类别待核实 / 连接线,station.unknown.spur_track|station.unknown.unknown,unresolved,,,,,search_results_available,2026-10-06T15:22:57.069Z,RL-9ab6e4fe2f8f48633a77|ST-e40487c00411bba63a4f
分茶线,RL-e07c4f75e5259db8b8ad,113,unknown,unknown,轨道线 / 类别待核实 / 正线,track.unknown.main_line,unresolved,,,,,search_results_available,2026-10-06T15:06:50.548Z,RL-e07c4f75e5259db8b8ad
刘家堡联络线,RL-de77d1e47f90736f5940,31,unknown,unknown,轨道线 / 类别待核实 / 线路功能待核实,track.unknown.unknown,unresolved,,,,,search_results_available,2026-10-06T15:10:09.601Z,RL-de77d1e47f90736f5940
刘家峡铁路,RL-f8b94c4eb4864da5566f,48,unknown,unknown,轨道线 / 类别待核实 / 线路功能待核实,track.unknown.unknown,unresolved,,railway_class|line_role,,,search_results_available,2026-10-06T15:08:58.215Z,RL-f8b94c4eb4864da5566f
刘家村联络线,RL-2bec730aca33ef09463c,9,unknown,unknown,轨道线 / 类别待核实 / 支线,track.unknown.branch_line,unresolved,,,,https://china-emu.cn/RailRoads/Line/?LineName=刘家村联络线,search_results_available,2026-10-06T15:54:31.871Z,RL-2bec730aca33ef09463c
利港联络线,RL-9420fa320fc51e6b8807,3,unknown,unknown,轨道线 / 类别待核实 / 正线,track.unknown.main_line,unresolved,,,,,search_results_available,2026-10-06T15:43:49.978Z,RL-9420fa320fc51e6b8807
制材线,RL-cf93b3c34a48047b30fb,2,unknown,unknown,车站线 / 类别待核实 / 连接线,station.unknown.spur_track,unresolved,,,,,search_results_available,2026-10-06T15:45:30.583Z,RL-cf93b3c34a48047b30fb
前岗联络线,RL-bf2d3391b0254687490b,3,high_speed,high_speed,轨道线 / 高速铁路 / 支线 / 速度范围待核实,track.high_speed.branch_line.unknown,osm_source_compared,,,,https://china-emu.cn/RailRoads/Line/?LineName=前岗联络线,search_results_available,2026-10-06T15:43:49.978Z,RL-bf2d3391b0254687490b
前抚线,RL-ead2fd47f5802833a641,185,conventional,conventional,轨道线 / 普速铁路 / 正线,track.conventional.main_line,source_checked,,,https://www.nra.gov.cn/zzjg/jgj/syjd/sgsgg/201911/P020220825544637781349.pdf,,search_results_available,2026-10-06T15:06:12.317Z,RL-ead2fd47f5802833a641
前港联络线,RL-a51fab05e3f283002d9b,3,unknown,unknown,轨道线 / 类别待核实 / 支线,track.unknown.branch_line,unresolved,,,,,search_results_available,2026-10-06T15:43:50.753Z,RL-a51fab05e3f283002d9b
前湾港联络支线,RL-e5262e110bf78cd2525c,5,unknown,unknown,轨道线 / 类别待核实 / 支线,track.unknown.branch_line,unresolved,,,,,search_results_available,2026-10-06T15:28:47.053Z,RL-e5262e110bf78cd2525c
前湾港联络线,RL-d381258cc0c8d9392591,19,unknown,unknown,轨道线 / 类别待核实 / 正线,track.unknown.main_line,unresolved,,,,,search_results_available,2026-10-06T15:12:05.989Z,RL-d381258cc0c8d9392591
前绥线,RL-7ef416d7c4e3c8bb3c46,14,unknown,unknown,轨道线 / 类别待核实 / 支线,track.unknown.branch_line,unresolved,,,,,search_results_available,2026-10-06T15:20:56.711Z,RL-7ef416d7c4e3c8bb3c46
前贾线,RL-ac2c7a1b7339cf3cf772,11,unknown,unknown,轨道线 / 类别待核实 / 支线,track.unknown.branch_line,unresolved,,,,,search_results_available,2026-10-06T15:22:20.106Z,RL-ac2c7a1b7339cf3cf772
前阳南出港线,RL-34550d408f51e8cc0020,31,unknown,unknown,轨道线 / 类别待核实 / 支线,track.unknown.branch_line,unresolved,,,,,search_results_available,2026-10-06T15:10:09.601Z,RL-34550d408f51e8cc0020
前阳南进港线,RL-aab8014ee5f0f5be55f7,51,unknown,unknown,轨道线 / 类别待核实 / 支线,track.unknown.branch_line,unresolved,,,,,search_results_available,2026-10-06T15:08:44.636Z,RL-aab8014ee5f0f5be55f7
前阳联络线,RL-04f5945f9f7f99121ba4,4,unknown,unknown,轨道线 / 类别待核实 / 支线,track.unknown.branch_line,unresolved,,,,,search_results_available,2026-10-06T15:42:29.899Z,RL-04f5945f9f7f99121ba4
功勋桥,RL-46c20e82025781fece21,1,industrial,industrial,车站线 / 工业铁路 / 连接线,station.industrial.spur_track,osm_source_compared,,,,,search_results_available,2026-10-06T15:47:34.291Z,RL-46c20e82025781fece21
动4西成联络线,RL-a4da9d544ce236e22bd1,4,unknown,unknown,车站线 / 类别待核实 / 渡线,station.unknown.crossover,unresolved,,,,,search_results_available,2026-10-06T15:42:27.117Z,RL-a4da9d544ce236e22bd1
动走1线,RL-d4b0864f1bb7a9edc8be,4,unknown,unknown,车站线 / 类别待核实 / 站场轨道线,station.unknown.unknown,unresolved,,,,,search_results_available,2026-10-06T15:42:27.117Z,ST-3ff6fa768621bc8cb9b4
动走2线,RL-5dadf0c4a38afc09d031,4,unknown,unknown,车站线 / 类别待核实 / 站场轨道线,station.unknown.unknown,unresolved,,,,,search_results_available,2026-10-06T15:42:27.117Z,ST-3ff6fa768621bc8cb9b4
动走3线,RL-c6148d719aec6d9c3c8e|RL-d970264ce6d6e4f18673,4,high_speed|unknown,high_speed|unknown,车站线 / 类别待核实 / 站场轨道线|车站线 / 高速铁路 / 站场轨道线 / 速度范围待核实,station.high_speed.unknown.unknown|station.unknown.unknown,osm_source_compared|unresolved,,,,,search_results_available,2026-10-06T15:42:27.117Z,ST-0ba2355ae3163ac4f6a9|ST-3ff6fa768621bc8cb9b4
动走4线,RL-8d3f44bdfa2c71ed8389|RL-d832299c0c457c5862df,5,high_speed|unknown,high_speed|unknown,车站线 / 类别待核实 / 站场轨道线|车站线 / 高速铁路 / 站场轨道线 / 速度范围待核实,station.high_speed.unknown.unknown|station.unknown.unknown,osm_source_compared|unresolved,,,,,search_results_available,2026-10-06T15:28:43.396Z,ST-0ba2355ae3163ac4f6a9|ST-3ff6fa768621bc8cb9b4
动走5线,RL-dae0358e2f37b89e338e,1,high_speed,high_speed,车站线 / 高速铁路 / 站场轨道线 / 速度范围待核实,station.high_speed.unknown.unknown,osm_source_compared,,,,,search_results_available,2026-10-06T15:47:34.291Z,ST-0ba2355ae3163ac4f6a9
动走6线,RL-6be69a254f05db42916e,2,high_speed,high_speed,车站线 / 高速铁路 / 站场轨道线 / 速度范围待核实,station.high_speed.unknown.unknown,osm_source_compared,,,,,search_results_available,2026-10-06T15:45:30.583Z,ST-0ba2355ae3163ac4f6a9
动走7线,RL-ec3cb219fe4cf18f0a90,2,high_speed,high_speed,车站线 / 高速铁路 / 站场轨道线 / 速度范围待核实,station.high_speed.unknown.unknown,osm_source_compared,,,,,search_results_available,2026-10-06T15:45:30.503Z,ST-0ba2355ae3163ac4f6a9
动走线,RL-827eb5f1c3f2010dda8f|RL-c29a9f0c6ea204546c02,6,high_speed|unknown,high_speed|unknown,在建 / 轨道线 / 类别待核实 / 线路功能待核实|在建 / 轨道线 / 高速铁路 / 线路功能待核实 / 速度范围待核实,track.high_speed.unknown.unknown|track.unknown.unknown,osm_source_compared|unresolved,,,,,search_results_available,2026-10-06T15:27:24.865Z,RL-827eb5f1c3f2010dda8f|RL-c29a9f0c6ea204546c02
动车段联络线,RL-5b65301cb374575bcbbe,33,unknown,unknown,车站线 / 类别待核实 / 站场轨道线,station.unknown.unknown,unresolved,,,,,search_results_available,2026-10-06T15:09:53.819Z,ST-38b33f87bd33fcd20cd3
动车组走行线,RL-db2b3e426be8562aa72a,64,unknown,unknown,车站线 / 类别待核实 / 站场轨道线,station.unknown.unknown,unresolved,,,,,search_results_available,2026-10-06T15:08:06.907Z,ST-0c4f77f674d33e858d17|ST-dfb3b6c9e4335b06e352
动集检修线,RL-86cee76870ea97e2ce30,2,unknown,unknown,车站线 / 类别待核实 / 站场轨道线,station.unknown.unknown,unresolved,,,,,search_results_available,2026-10-06T15:45:30.503Z,ST-9c28847dcffc360b9141
勃七线,RL-a64ad511df8c1d7e8233,43,conventional,conventional,轨道线 / 普速铁路 / 正线,track.conventional.main_line,source_checked,,,https://www.nra.gov.cn/zzjg/jgj/syjd/sgsgg/201911/P020220825544637781349.pdf,,search_results_available,2026-10-06T15:09:17.234Z,RL-a64ad511df8c1d7e8233
勃燃煤炭线,RL-b165556acc7eed2e9978,3,unknown,unknown,车站线 / 类别待核实 / 连接线,station.unknown.spur_track,unresolved,,,,,search_results_available,2026-10-06T15:43:50.753Z,RL-b165556acc7eed2e9978
勾庄农副产品物流专用线,RL-bba5bb17895c9477b2a1,3,industrial,industrial,车站线 / 工业铁路 / 连接线,station.industrial.spur_track,osm_source_compared,,,,,search_results_available,2026-10-06T15:43:50.753Z,RL-bba5bb17895c9477b2a1
包兰线,RL-962205c1de01c9b7f10f,1423,conventional,conventional,轨道线 / 普速铁路 / 正线,track.conventional.main_line,user_verified,,railway_class,https://fgw.pingliang.gov.cn/zcwjgzzd/art/2026/art_1101fe20d8ca4368a736dd1281021a81.html,,search_results_available,2026-10-06T15:03:19.429Z,RL-962205c1de01c9b7f10f
包包联络线,RL-2ebc75b268110db947e7,14,conventional,conventional,轨道线 / 普速铁路 / 正线,track.conventional.main_line,osm_source_compared,,,,,search_results_available,2026-10-06T15:20:56.336Z,RL-2ebc75b268110db947e7
包庄联络线,RL-57729fd7058faa2e95dc,15,unknown,unknown,轨道线 / 类别待核实 / 正线,track.unknown.main_line,unresolved,,,,,search_results_available,2026-10-06T15:20:29.779Z,RL-57729fd7058faa2e95dc
包满线,RL-f75a346498b0b2b0373d,60,unknown,unknown,轨道线 / 类别待核实 / 正线,track.unknown.main_line,unresolved,,,,,search_results_available,2026-10-06T15:08:13.161Z,RL-f75a346498b0b2b0373d
包环线,RL-020c427b9a1e7375fae0,74,unknown,unknown,轨道线 / 类别待核实 / 正线,track.unknown.main_line,unresolved,,,,,search_results_available,2026-10-06T15:07:46.219Z,RL-020c427b9a1e7375fae0
包白线,RL-128e287c4bca28482e0a,133,unknown,unknown,轨道线 / 类别待核实 / 线路功能待核实,track.unknown.unknown,unresolved,,line_role|track_role,,,search_results_available,2026-10-06T15:06:40.643Z,RL-128e287c4bca28482e0a
包白铁路,RL-49c59404d5bf5adc17ff,21,unknown,unknown,车站线 / 类别待核实 / 站场轨道线,station.unknown.unknown,unresolved,,,,,search_results_available,2026-10-06T15:11:40.219Z,ST-1bcb8b31f02a3f17e620|ST-53d0d03c2dda8f72fa47
包石线,RL-108fb09a5e3cd570e48d,5,unknown,unknown,停用 / 轨道线 / 类别待核实 / 支线,track.unknown.branch_line,unresolved,,,,,search_results_available,2026-10-06T15:28:43.396Z,RL-108fb09a5e3cd570e48d
包神线,RL-152c318e5b96e8c5fe5e,449,unknown,unknown,轨道线 / 类别待核实 / 正线,track.unknown.main_line,unresolved,,,,,search_results_available,2026-10-06T15:04:22.350Z,RL-152c318e5b96e8c5fe5e
包神铁路,RL-520d2cb4290a29ca458e,1,unknown,unknown,轨道线 / 类别待核实 / 正线,track.unknown.main_line,unresolved,,,,,search_results_available,2026-10-06T15:47:34.291Z,RL-520d2cb4290a29ca458e
包西上行联络线,RL-1137ae79988c1ffc2fe4,1,unknown,unknown,轨道线 / 类别待核实 / 线路功能待核实,track.unknown.unknown,unresolved,,,,,search_results_available,2026-10-06T15:47:38.103Z,RL-1137ae79988c1ffc2fe4
包西疏解线,RL-685af8e6dd20c2906553,23,unknown,unknown,轨道线 / 类别待核实 / 支线,track.unknown.branch_line,unresolved,,,,,search_results_available,2026-10-06T15:11:11.993Z,RL-685af8e6dd20c2906553
包西线,RL-895dd8a57863c49e24a3,1953,conventional,conventional,轨道线 / 普速铁路 / 正线,track.conventional.main_line,osm_source_compared,,,,https://china-emu.cn/RailRoads/Line/?LineName=包西铁路,search_results_available,2026-10-06T15:03:10.338Z,RL-895dd8a57863c49e24a3
包西铁路何临联络线,RL-3eca2ca9c2ca9b40256e,1,unknown,unknown,轨道线 / 类别待核实 / 正线,track.unknown.main_line,unresolved,,,,,search_results_available,2026-10-06T15:47:38.103Z,RL-3eca2ca9c2ca9b40256e
包西高速线,RL-499bd4e6b08463a337c1|RL-5d1932c00c4c7f7953c2,463,high_speed,high_speed,在建 / 轨道线 / 高速铁路 / 正线 / 速度范围待核实|轨道线 / 高速铁路 / 正线 / 速度范围待核实,track.high_speed.main_line.unknown,osm_source_compared,,,,https://china-emu.cn/RailRoads/Line/?LineName=包西高速铁路,search_results_available,2026-10-06T15:04:24.190Z,RL-499bd4e6b08463a337c1|RL-5d1932c00c4c7f7953c2
包银高速线,RL-4b51250491394bd4af5f,500,high_speed,high_speed,轨道线 / 高速铁路 / 正线 / 250–300 km/h,track.high_speed.main_line.250-300,osm_source_compared,,,,https://china-emu.cn/RailRoads/Line/?LineName=包银高速铁路,search_results_available,2026-10-06T15:04:13.185Z,RL-4b51250491394bd4af5f
化工专线,RL-7f43e5b5347e8a6fcaa8,18,industrial,industrial,车站线 / 工业铁路 / 连接线,station.industrial.spur_track,osm_source_compared,,,,,search_results_available,2026-10-06T15:12:19.928Z,RL-7f43e5b5347e8a6fcaa8
化工五厂专用线,RL-9e0c25c5243dede6f4ca,3,unknown,unknown,车站线 / 类别待核实 / 连接线,station.unknown.spur_track,unresolved,,,,,search_results_available,2026-10-06T15:43:50.753Z,RL-9e0c25c5243dede6f4ca
化肥厂线,RL-27bcb77b4c6cc1f2f8e3,2,unknown,unknown,车站线 / 类别待核实 / 连接线,station.unknown.spur_track,unresolved,,,,,search_results_available,2026-10-06T15:45:30.503Z,RL-27bcb77b4c6cc1f2f8e3
化肥线,RL-41ec6fe73f4d35f50023,9,unknown,unknown,车站线 / 类别待核实 / 连接线,station.unknown.spur_track,unresolved,,,,,search_results_available,2026-10-06T15:54:44.678Z,RL-41ec6fe73f4d35f50023
北京东方石油化工有限公司化工四厂专用线,RL-7a80de6437b28614471d,4,unknown,unknown,车站线 / 类别待核实 / 连接线,station.unknown.spur_track,unresolved,,,,,search_results_available,2026-10-06T15:42:27.711Z,RL-7a80de6437b28614471d
北京中油房山燕宾油料销售有限公司专用线,RL-c57dfd8089807db4f16a,5,unknown,unknown,车站线 / 类别待核实 / 连接线,station.unknown.spur_track,unresolved,,,,,search_results_available,2026-10-06T15:28:43.396Z,RL-c57dfd8089807db4f16a
北京房山高末煤炭 线,RL-c23ed561d29c5fd43d32,3,unknown,unknown,车站线 / 类别待核实 / 连接线,station.unknown.spur_track,unresolved,,,,,search_results_available,2026-10-06T15:43:49.100Z,RL-c23ed561d29c5fd43d32
北京朝阳动车走行A线,RL-bdb22c9c5b37f16c11bd,12,unknown,unknown,轨道线 / 类别待核实 / 支线,track.unknown.branch_line,unresolved,,,,,search_results_available,2026-10-06T15:21:47.714Z,RL-bdb22c9c5b37f16c11bd
北京朝阳动车走行B线,RL-46dc6eb0935c092fbe4e,23,unknown,unknown,轨道线 / 类别待核实 / 支线,track.unknown.branch_line,unresolved,,,,,search_results_available,2026-10-06T15:11:11.993Z,RL-46dc6eb0935c092fbe4e
北京直通线,RL-db0b5fd0082d86a35294,17,unknown,unknown,轨道线 / 类别待核实 / 正线,track.unknown.main_line,unresolved,,,,,search_results_available,2026-10-06T15:12:32.782Z,RL-db0b5fd0082d86a35294
北京联络线,RL-40b6c9db6b300f7617c0,18,unknown,unknown,轨道线 / 类别待核实 / 正线,track.unknown.main_line,unresolved,,,,,search_results_available,2026-10-06T15:12:19.928Z,RL-40b6c9db6b300f7617c0
北仑线,RL-3b79a5d1e7ec7b149234,66,unknown,unknown,轨道线 / 类别待核实 / 支线,track.unknown.branch_line,unresolved,,,,,search_results_available,2026-10-06T15:07:57.931Z,RL-3b79a5d1e7ec7b149234
北仑联络线,RL-3d4a27180cf509a6179a,28,unknown,unknown,轨道线 / 类别待核实 / 支线,track.unknown.branch_line,unresolved,,,,,search_results_available,2026-10-06T15:10:28.489Z,RL-3d4a27180cf509a6179a
北仓桥南联络线,RL-0cc3abd547f525218b8d,6,unknown,unknown,轨道线 / 类别待核实 / 支线,track.unknown.branch_line,unresolved,,,,,search_results_available,2026-10-06T15:27:24.865Z,RL-0cc3abd547f525218b8d
北保线,RL-a8bfe225b52da0a73f8e,45,unknown,unknown,轨道线 / 类别待核实 / 支线,track.unknown.branch_line,unresolved,,,,,search_results_available,2026-10-06T15:09:10.727Z,RL-a8bfe225b52da0a73f8e
北到线,RL-91b29027369aec72eed5,10,unknown,unknown,轨道线 / 类别待核实 / 正线,track.unknown.main_line,unresolved,,,,,search_results_available,2026-10-06T15:22:57.069Z,RL-91b29027369aec72eed5
北北出发线,RL-4debe9a655cc7af80271,5,unknown,unknown,轨道线 / 类别待核实 / 正线,track.unknown.main_line,unresolved,,,,,search_results_available,2026-10-06T15:28:43.396Z,RL-4debe9a655cc7af80271
北同蒲线,RL-01e8910454abbc842d41,567,unknown,unknown,轨道线 / 类别待核实 / 正线,track.unknown.main_line,unresolved,,,,,search_results_available,2026-10-06T15:04:08.664Z,RL-01e8910454abbc842d41
北塘新港联络线,RL-4bd2d75a01c3f64274a0,23,unknown,unknown,轨道线 / 类别待核实 / 支线,track.unknown.branch_line,unresolved,,,,,search_results_available,2026-10-06T15:11:13.317Z,RL-4bd2d75a01c3f64274a0
北大营专用线,RL-3f8098625d593e21a41a,6,unknown,unknown,车站线 / 类别待核实 / 连接线,station.unknown.spur_track,unresolved,,,,,search_results_available,2026-10-06T15:27:16.981Z,RL-3f8098625d593e21a41a
北客车线,RL-bff018616a6737eb443f,1,unknown,unknown,车站线 / 类别待核实 / 站场轨道线,station.unknown.unknown,unresolved,,,,,search_results_available,2026-10-06T15:47:38.103Z,ST-0cf9b6bec8212ce06235
北戴河场间联线,RL-0b9023ac081faaefaf9c,4,unknown,unknown,轨道线 / 类别待核实 / 支线,track.unknown.branch_line,unresolved,,,,,search_results_available,2026-10-06T15:42:27.711Z,RL-0b9023ac081faaefaf9c
北支线,RL-96bbbbcb18ebca2bc8d0,1,unknown,unknown,车站线 / 类别待核实 / 连接线,station.unknown.spur_track,unresolved,,,,,search_results_available,2026-10-06T15:47:38.103Z,RL-96bbbbcb18ebca2bc8d0
北方工具厂专用线,RL-476a7d50d305d8192bc1,1,unknown,unknown,车站线 / 类别待核实 / 站场轨道线,station.unknown.unknown,unresolved,,,,,search_results_available,2026-10-06T15:47:38.963Z,ST-035bf247f74aeb981652
北机场专用线,RL-c14f18b5fad74ac0a682,1,unknown,unknown,车站线 / 类别待核实 / 站场轨道线,station.unknown.unknown,unresolved,,,,,search_results_available,2026-10-06T15:47:38.963Z,ST-d46ef55e1183ba9ce362
北杨线,RL-a41d33af5a683804426b,25,unknown,unknown,轨道线 / 类别待核实 / 正线,track.unknown.main_line,unresolved,,,,,search_results_available,2026-10-06T15:10:53.464Z,RL-a41d33af5a683804426b
北海联络线,RL-09ab5457ba104dee474b,1,high_speed,high_speed,在建 / 轨道线 / 高速铁路 / 正线 / 速度范围待核实,track.high_speed.main_line.unknown,osm_source_compared,,,,https://china-emu.cn/RailRoads/Line/?LineName=北海联络线,search_results_available,2026-10-06T15:47:38.963Z,RL-09ab5457ba104dee474b
北渐线,RL-29471e34eb5f6b238ed9,5,unknown,unknown,轨道线 / 类别待核实 / 支线,track.unknown.branch_line,unresolved,,,,,search_results_available,2026-10-06T15:28:59.963Z,RL-29471e34eb5f6b238ed9
北煤线,RL-3989e9512e3bc1ca4f49,1,unknown,unknown,车站线 / 类别待核实 / 连接线,station.unknown.spur_track,unresolved,,,,,search_results_available,2026-10-06T15:47:38.963Z,RL-3989e9512e3bc1ca4f49
北牵出线,RL-738f9b474e5b72137a68,2,unknown,unknown,车站线 / 类别待核实 / 站场轨道线,station.unknown.unknown,unresolved,,,,,search_results_available,2026-10-06T15:45:30.503Z,ST-7e43f2447b0c5f74c7c2
北环宝成联络线,RL-3943c19093fd1713d296,3,unknown,unknown,轨道线 / 类别待核实 / 正线,track.unknown.main_line,unresolved,,,,,search_results_available,2026-10-06T15:43:49.100Z,RL-3943c19093fd1713d296
北环进港线,RL-b8622ecc408a031fe332,61,unknown,unknown,轨道线 / 类别待核实 / 支线,track.unknown.branch_line,unresolved,,,,,search_results_available,2026-10-06T15:08:12.463Z,RL-b8622ecc408a031fe332
北疆电厂走行线,RL-0a329a003beed7ee2aec,5,unknown,unknown,轨道线 / 类别待核实 / 支线,track.unknown.branch_line,unresolved,,,,,search_results_available,2026-10-06T15:28:59.963Z,RL-0a329a003beed7ee2aec
北疆铁路 Beijiang Railway,RL-3ef41cebe367a3ffd6e4,4,unknown,unknown,车站线 / 类别待核实 / 站场轨道线,station.unknown.unknown,unresolved,,,,,search_results_available,2026-10-06T15:42:27.711Z,ST-f76dded046203313dfb3
北矿线,RL-4711c441c7b4e54ada12,1,unknown,unknown,车站线 / 类别待核实 / 连接线,station.unknown.spur_track,unresolved,,,,,search_results_available,2026-10-06T15:47:37.816Z,RL-4711c441c7b4e54ada12
北票线,RL-80e1b635a0aae65b036d,31,unknown,unknown,轨道线 / 类别待核实 / 正线,track.unknown.main_line,unresolved,,,,,search_results_available,2026-10-06T15:10:10.194Z,RL-80e1b635a0aae65b036d
北编疏解线,RL-952eeecd6cf318ff22a1,8,unknown,unknown,轨道线 / 类别待核实 / 支线,track.unknown.branch_line,unresolved,,,,,search_results_available,2026-10-06T15:24:56.262Z,RL-952eeecd6cf318ff22a1
北联线,RL-b1e4d2a56a91f185dcab,13,unknown,unknown,轨道线 / 类别待核实 / 支线,track.unknown.branch_line,unresolved,,,,,search_results_available,2026-10-06T15:21:17.399Z,RL-b1e4d2a56a91f185dcab
北辛店联络线,RL-47592c692b987beb6a2b,41,unknown,unknown,轨道线 / 类别待核实 / 支线,track.unknown.branch_line,unresolved,,,,https://china-emu.cn/RailRoads/Line/?LineName=北辛店联络线,search_results_available,2026-10-06T15:09:23.539Z,RL-47592c692b987beb6a2b
北郊调机东风7G 0069 机待线,RL-43ed709a411324f481bd,1,industrial,industrial,车站线 / 工业铁路 / 站场轨道线,station.industrial.unknown,osm_source_compared,,,,,search_results_available,2026-10-06T15:47:37.816Z,ST-46140807a1c2497c9c46
北郊调车牵出线,RL-e527c84b19055dc49b2b,2,unknown,unknown,车站线 / 类别待核实 / 站场轨道线,station.unknown.unknown,unresolved,,,,,search_results_available,2026-10-06T15:45:29.966Z,ST-5f4917b80650ed4683e4
北金联络线,RL-4274015e7226dea49dd8,8,unknown,unknown,轨道线 / 类别待核实 / 支线,track.unknown.branch_line,unresolved,,,,,search_results_available,2026-10-06T15:24:56.262Z,RL-4274015e7226dea49dd8
北阿线,RL-ea796100bb2960f2940d,44,unknown,unknown,轨道线 / 类别待核实 / 正线,track.unknown.main_line,unresolved,,,,,search_results_available,2026-10-06T15:09:10.996Z,RL-ea796100bb2960f2940d
北黑线,RL-56c28742fbb271abba41,126,conventional,conventional,轨道线 / 普速铁路 / 正线,track.conventional.main_line,source_checked,,,https://www.nra.gov.cn/zzjg/jgj/syjd/sgsgg/201911/P020220825544637781349.pdf,,search_results_available,2026-10-06T15:06:45.113Z,RL-56c28742fbb271abba41
十二里阁联络线,RL-67af8c62c0371ceb52e7,7,unknown,unknown,轨道线 / 类别待核实 / 联络线,track.unknown.connecting_line,unresolved,line_role,,,,search_results_available,2026-10-06T15:25:50.909Z,RL-67af8c62c0371ceb52e7
十八公里专用线,RL-bf7c03ae592b105b3d0d,22,industrial,industrial,规划 / 车站线 / 工业铁路 / 连接线,station.industrial.spur_track,osm_source_compared,,,,,search_results_available,2026-10-06T15:11:24.157Z,RL-bf7c03ae592b105b3d0d
千岛湖站1道,RL-2c7e93472ac05395aa70,1,unknown,unknown,车站线 / 类别待核实 / 站场轨道线,station.unknown.unknown,unresolved,,,,,search_results_available,2026-10-06T15:47:37.816Z,ST-764d35cb5cd496eced28
千岛湖站2道,RL-e53ada7e56514e7fe728,1,unknown,unknown,车站线 / 类别待核实 / 站场轨道线,station.unknown.unknown,unresolved,,,,,search_results_available,2026-10-06T15:47:37.816Z,ST-764d35cb5cd496eced28
千岛湖站5道,RL-d808e856add4061e85cb,1,unknown,unknown,车站线 / 类别待核实 / 站场轨道线,station.unknown.unknown,unresolved,,,,,search_results_available,2026-10-06T15:47:38.742Z,ST-764d35cb5cd496eced28
千岛湖站6道,RL-49798fbb901d773f7b3e,1,unknown,unknown,车站线 / 类别待核实 / 站场轨道线,station.unknown.unknown,unresolved,,,,,search_results_available,2026-10-06T15:47:38.742Z,ST-764d35cb5cd496eced28
升平矿线,RL-964f19f22fc2fd358eb2,6,unknown,unknown,车站线 / 类别待核实 / 连接线,station.unknown.spur_track,unresolved,,,,,search_results_available,2026-10-06T15:27:16.981Z,RL-964f19f22fc2fd358eb2
华东诚通物流有限公司专用线,RL-a6fa3bf15f5d87641741,3,industrial,industrial,车站线 / 工业铁路 / 连接线,station.industrial.spur_track,osm_source_compared,,,,,search_results_available,2026-10-06T15:43:49.100Z,RL-a6fa3bf15f5d87641741
华为青浦有轨电车,RL-bd8fd9e3534f929f347a,10,unknown,unknown,轨道线 / 类别待核实 / 线路功能待核实,track.unknown.unknown,unresolved,,,,,search_results_available,2026-10-06T15:22:57.069Z,RL-bd8fd9e3534f929f347a
华容煤炭铁水联运储配基地铁路专用线,RL-0bf5db77d17bfe098738|RL-2cc9930501a177949818,22,unknown,unknown,车站线 / 类别待核实 / 站场轨道线|轨道线 / 类别待核实 / 支线,station.unknown.unknown|track.unknown.branch_line,unresolved,,,,,search_results_available,2026-10-06T15:11:24.157Z,RL-2cc9930501a177949818|ST-7326e30a11bfec784c8a
华富走行线,RL-d81f08d97d13ca62757c,2,unknown,unknown,车站线 / 类别待核实 / 连接线,station.unknown.spur_track,unresolved,,,,,search_results_available,2026-10-06T15:45:29.966Z,RL-d81f08d97d13ca62757c
华新水泥专线铁路,RL-3d831562e117ed79df43,1,unknown,unknown,车站线 / 类别待核实 / 连接线,station.unknown.spur_track,unresolved,,,,,search_results_available,2026-10-06T15:47:38.742Z,RL-3d831562e117ed79df43
华润电力湖北有限公司专用线,RL-d8a44769f2e1d402bb02,3,unknown,unknown,车站线 / 类别待核实 / 站场轨道线,station.unknown.unknown,unresolved,,,,,search_results_available,2026-10-06T15:43:49.100Z,ST-dd08e61cab5684de39c6
华电国际电力股份有限公司天津开发区分公司专用线,RL-e1bbeba99fd03fa989f3,2,unknown,unknown,车站线 / 类别待核实 / 连接线,station.unknown.spur_track,unresolved,,,,,search_results_available,2026-10-06T15:45:29.966Z,RL-e1bbeba99fd03fa989f3
华电渠东发电有限公司专用线,RL-f56ca8583b9a8c056e9c,4,industrial,industrial,车站线 / 工业铁路 / 连接线,station.industrial.spur_track,osm_source_compared,,,,,search_results_available,2026-10-06T15:42:27.711Z,RL-f56ca8583b9a8c056e9c
华盛物流专用线,RL-0a553a9e94024ff30fa7,16,industrial,industrial,车站线 / 工业铁路 / 连接线,station.industrial.spur_track,osm_source_compared,,,,,search_results_available,2026-10-06T15:12:53.002Z,RL-0a553a9e94024ff30fa7
华能专用线,RL-064917653a8b929b2709,28,unknown,unknown,轨道线 / 类别待核实 / 线路功能待核实,track.unknown.unknown,unresolved,,railway_class|line_role,,,search_results_available,2026-10-06T15:10:28.489Z,RL-064917653a8b929b2709
华能沁北发电公司专用线,RL-12eb073fcaa5fff93ae9,16,unknown,unknown,轨道线 / 类别待核实 / 线路功能待核实,track.unknown.unknown,unresolved,,,,,search_results_available,2026-10-06T15:12:55.289Z,RL-12eb073fcaa5fff93ae9
华能走行线,RL-16709df8e30d4b794796,3,unknown,unknown,轨道线 / 类别待核实 / 支线,track.unknown.branch_line,unresolved,,,,,search_results_available,2026-10-06T15:43:48.631Z,RL-16709df8e30d4b794796
华能酒泉发电有限公司专用线,RL-7560d74206f37e889612,3,industrial,industrial,车站线 / 工业铁路 / 连接线,station.industrial.spur_track,osm_source_compared,,,,,search_results_available,2026-10-06T15:43:48.631Z,RL-7560d74206f37e889612
华能长春四热专用线,RL-f14acf4d73e6c66f1b94,4,industrial,industrial,车站线 / 工业铁路 / 连接线,station.industrial.spur_track,osm_source_compared,,,,,search_results_available,2026-10-06T15:42:35.136Z,RL-f14acf4d73e6c66f1b94
华金联络线,RL-408f859291fdfd870e86,6,high_speed,high_speed,轨道线 / 高速铁路 / 正线 / 速度范围待核实,track.high_speed.main_line.unknown,osm_source_compared,,,,https://china-emu.cn/RailRoads/Line/?LineName=华金联络线,search_results_available,2026-10-06T15:27:16.981Z,RL-408f859291fdfd870e86
华铁线,RL-18bbeb3a86efede2061a,1,unknown,unknown,车站线 / 类别待核实 / 连接线,station.unknown.spur_track,unresolved,,,,,search_results_available,2026-10-06T15:47:38.742Z,RL-18bbeb3a86efede2061a
卑刘铁路,RL-521a38b85fff83291f3f,22,unknown,unknown,车站线 / 类别待核实 / 连接线,station.unknown.spur_track,unresolved,,,,,search_results_available,2026-10-06T15:11:24.157Z,RL-521a38b85fff83291f3f
卑水线,RL-70191f4a7160e27ab1a7,67,unknown,unknown,轨道线 / 类别待核实 / 支线,track.unknown.branch_line,unresolved,,,,,search_results_available,2026-10-06T15:08:03.054Z,RL-70191f4a7160e27ab1a7
卓汇线,RL-2dd1157f3b7241611d59,3,conventional,conventional,轨道线 / 普速铁路 / 正线,track.conventional.main_line,source_checked,,,https://www.nra.gov.cn/zzjg/jgj/syjd/sgsgg/201911/P020220825544637781349.pdf,,search_results_available,2026-10-06T15:43:48.631Z,RL-2dd1157f3b7241611d59
南(夏)革线,RL-5483a72aa520a08254c9,4,unknown,unknown,轨道线 / 类别待核实 / 正线,track.unknown.main_line,unresolved,,,,,search_results_available,2026-10-06T15:42:35.136Z,RL-5483a72aa520a08254c9
南专线,RL-8d605a1643a4d56c327b,9,unknown,unknown,车站线 / 类别待核实 / 连接线,station.unknown.spur_track,unresolved,,,,,search_results_available,2026-10-06T15:54:10.231Z,RL-8d605a1643a4d56c327b
南京客线,RL-e39e50bf9ffd80894728,24,unknown,unknown,轨道线 / 类别待核实 / 正线,track.unknown.main_line,unresolved,,,,,search_results_available,2026-10-06T15:11:04.976Z,RL-e39e50bf9ffd80894728
南京货线,RL-9bede68c687f2be2d7f2,23,unknown,unknown,轨道线 / 类别待核实 / 正线,track.unknown.main_line,unresolved,,,,,search_results_available,2026-10-06T15:11:13.317Z,RL-9bede68c687f2be2d7f2
南仓城际京沪上行联络线,RL-67ab23dff389836ccc16,7,unknown,unknown,轨道线 / 类别待核实 / 支线,track.unknown.branch_line,unresolved,,,,,search_results_available,2026-10-06T15:25:50.909Z,RL-67ab23dff389836ccc16
南仓城际京沪下行联络线,RL-934d24df030353e28ef0,1,unknown,unknown,轨道线 / 类别待核实 / 支线,track.unknown.branch_line,unresolved,,,,,search_results_available,2026-10-06T15:47:45.880Z,RL-934d24df030353e28ef0
南仓城际高速联络线,RL-b22ad442e8018d80330f,49,high_speed,high_speed,轨道线 / 高速铁路 / 正线 / 速度范围待核实,track.high_speed.main_line.unknown,osm_source_compared,,,,https://china-emu.cn/RailRoads/Line/?LineName=南仓城际高速联络线,search_results_available,2026-10-06T15:08:48.424Z,RL-b22ad442e8018d80330f
南何立交线,RL-110c7f66506a60837c87,15,unknown,unknown,轨道线 / 类别待核实 / 正线,track.unknown.main_line,unresolved,,,,,search_results_available,2026-10-06T15:20:29.779Z,RL-110c7f66506a60837c87
南何线,RL-a2d3efa868008cac62f8,39,unknown,unknown,轨道线 / 类别待核实 / 正线,track.unknown.main_line,unresolved,,,,,search_results_available,2026-10-06T15:09:27.277Z,RL-a2d3efa868008cac62f8
南信合高速铁路,RL-4d21787c7cdd7ed39102,2,high_speed,high_speed,轨道线 / 高速铁路 / 正线 / 300–350 km/h,track.high_speed.main_line.300-350,osm_source_compared,,,,https://china-emu.cn/RailRoads/Line/?LineName=南信合高速铁路,search_results_available,2026-10-06T15:45:29.966Z,RL-4d21787c7cdd7ed39102
南充东联络线,RL-0588d58024d51b459829,4,unknown,unknown,在建 / 轨道线 / 类别待核实 / 支线,track.unknown.branch_line,unresolved,,,,,search_results_available,2026-10-06T15:42:35.136Z,RL-0588d58024d51b459829
南充西联络线,RL-e37463acb48cd604392c,17,unknown,unknown,轨道线 / 类别待核实 / 支线,track.unknown.branch_line,unresolved,,,,https://china-emu.cn/RailRoads/Line/?LineName=南充西联络线,search_results_available,2026-10-06T15:12:32.782Z,RL-e37463acb48cd604392c
南凭高速线,RL-4b68f103fde36df8a1e3,583,high_speed,high_speed,轨道线 / 高速铁路 / 正线 / 250–300 km/h,track.high_speed.main_line.250-300,osm_source_compared,,construction_status,,https://china-emu.cn/RailRoads/Line/?LineName=南凭高速铁路,search_results_available,2026-10-06T15:04:02.965Z,RL-4b68f103fde36df8a1e3
南北出发线,RL-b1a84931439139b56780,8,unknown,unknown,轨道线 / 类别待核实 / 正线,track.unknown.main_line,unresolved,,,,,search_results_available,2026-10-06T15:24:56.262Z,RL-b1a84931439139b56780
南北联络线,RL-9ad3fe92679322543f1f,6,unknown,unknown,轨道线 / 类别待核实 / 正线,track.unknown.main_line,unresolved,,,,,search_results_available,2026-10-06T15:27:16.981Z,RL-9ad3fe92679322543f1f
南同蒲线,RL-fcfc5d10a912a307c9e0,787,unknown,unknown,轨道线 / 类别待核实 / 正线,track.unknown.main_line,unresolved,,,,,search_results_available,2026-10-06T15:03:41.663Z,RL-fcfc5d10a912a307c9e0
南唐联络线,RL-951d7220517a892bfc6b,8,high_speed,high_speed,在建 / 轨道线 / 高速铁路 / 联络线 / 速度范围待核实,track.high_speed.connecting_line.unknown,osm_source_compared,line_role,,,https://china-emu.cn/RailRoads/Line/?LineName=南唐联络线,search_results_available,2026-10-06T15:24:56.262Z,RL-951d7220517a892bfc6b
南堡疏解线,RL-501090f4abcb19e2adb5,23,unknown,unknown,轨道线 / 类别待核实 / 支线,track.unknown.branch_line,unresolved,,,,,search_results_available,2026-10-06T15:11:13.317Z,RL-501090f4abcb19e2adb5
南堡线,RL-25372af673d67350d2b9,42,unknown,unknown,轨道线 / 类别待核实 / 支线,track.unknown.branch_line,unresolved,,,,,search_results_available,2026-10-06T15:09:15.734Z,RL-25372af673d67350d2b9
南夏宋联络线,RL-95b4895f64b86817b437,18,unknown,unknown,轨道线 / 类别待核实 / 支线,track.unknown.branch_line,unresolved,,,,https://china-emu.cn/RailRoads/Line/?LineName=南夏宋联络线,search_results_available,2026-10-06T15:12:19.928Z,RL-95b4895f64b86817b437
南大营专线,RL-13aca3cc368921fc55c9,6,unknown,unknown,车站线 / 类别待核实 / 连接线,station.unknown.spur_track,unresolved,,,,,search_results_available,2026-10-06T15:27:40.642Z,RL-13aca3cc368921fc55c9
南岭铁路,RL-471c20f3a7e7051dd2f7,5,unknown,unknown,轨道线 / 类别待核实 / 线路功能待核实,track.unknown.unknown,unresolved,,,,,search_results_available,2026-10-06T15:28:59.963Z,RL-471c20f3a7e7051dd2f7
南常线,RL-b87fa69ff3cd254e007d,15,unknown,unknown,轨道线 / 类别待核实 / 支线,track.unknown.branch_line,unresolved,,,,,search_results_available,2026-10-06T15:20:27.243Z,RL-b87fa69ff3cd254e007d
南平北联络线,RL-acba2463624d90c060b1,17,high_speed,high_speed,轨道线 / 高速铁路 / 支线 / 速度范围待核实,track.high_speed.branch_line.unknown,osm_source_compared,,,,https://china-emu.cn/RailRoads/Line/?LineName=南平北联络线,search_results_available,2026-10-06T15:12:39.102Z,RL-acba2463624d90c060b1
南广场屯里动车所入库线,RL-59b802a814736f396388,16,unknown,unknown,车站线 / 类别待核实 / 站场轨道线,station.unknown.unknown,unresolved,,,,,search_results_available,2026-10-06T15:12:55.289Z,ST-5e4520e03c2ed0ff2fce|ST-8676790b5ff1cde577eb|ST-baaa10e60ac446349adc
南广柳南场联络线,RL-51267600063a9b7c942d,6,unknown,unknown,车站线 / 类别待核实 / 站场轨道线,station.unknown.unknown,unresolved,,,,,search_results_available,2026-10-06T15:27:40.642Z,ST-5e4520e03c2ed0ff2fce|ST-8676790b5ff1cde577eb
南广线,RL-5ecad97ddef55e2e5a72,1352,high_speed,high_speed,轨道线 / 高速铁路 / 正线 / 速度范围待核实,track.high_speed.main_line.unknown,osm_source_compared,,,,https://china-emu.cn/RailRoads/Line/?LineName=南广铁路,search_results_available,2026-10-06T15:03:19.429Z,RL-5ecad97ddef55e2e5a72
南广高速线,RL-f3b3ced9d7d867be28f7,12,high_speed,high_speed,在建 / 轨道线 / 高速铁路 / 正线 / 速度范围待核实,track.high_speed.main_line.unknown,osm_source_compared,,,,,search_results_available,2026-10-06T15:21:47.714Z,RL-f3b3ced9d7d867be28f7
南庄支线,RL-062ea746a4116e3b218c,9,unknown,unknown,轨道线 / 类别待核实 / 支线,track.unknown.branch_line,unresolved,,,,,search_results_available,2026-10-06T15:54:15.153Z,RL-062ea746a4116e3b218c
南庄线,RL-e6df406f902945374b32,7,unknown,unknown,轨道线 / 类别待核实 / 正线,track.unknown.main_line,unresolved,,,,,search_results_available,2026-10-06T15:25:50.909Z,RL-e6df406f902945374b32
南康疏解线,RL-8d61556dbc5b84b7a524,11,unknown,unknown,轨道线 / 类别待核实 / 正线,track.unknown.main_line,unresolved,,,,,search_results_available,2026-10-06T15:22:22.748Z,RL-8d61556dbc5b84b7a524
南新联络线,RL-c5d903fb9f9acbccfc33,15,unknown,unknown,轨道线 / 类别待核实 / 支线,track.unknown.branch_line,unresolved,,,,,search_results_available,2026-10-06T15:20:27.243Z,RL-c5d903fb9f9acbccfc33
南昆-昆玉渡线,RL-307136f3b4fc1115db3f,12,high_speed,high_speed,轨道线 / 高速铁路 / 线路功能待核实 / 速度范围待核实,track.high_speed.unknown.unknown,osm_source_compared,,,,,search_results_available,2026-10-06T15:21:47.714Z,RL-307136f3b4fc1115db3f
南昆上行客线,RL-acea68019d4b54dc934c,2,unknown,conventional,轨道线 / 普速铁路 / 正线,track.conventional.main_line,user_verified,,,,,search_results_available,2026-10-06T15:45:29.709Z,RL-acea68019d4b54dc934c
南昆下行客线,RL-3ceae36185bd5c344992,4,unknown,conventional,轨道线 / 普速铁路 / 正线,track.conventional.main_line,user_verified,,,,,search_results_available,2026-10-06T15:42:35.136Z,RL-3ceae36185bd5c344992
南昆客专线,RL-54a005b78d9989bef57f,1307,high_speed,high_speed,轨道线 / 高速铁路 / 正线 / 速度范围待核实,track.high_speed.main_line.unknown,osm_source_compared,,,,,search_results_available,2026-10-06T15:03:21.202Z,RL-54a005b78d9989bef57f
南昆线,RL-55d747e4737e8d7ca869|RL-8fc157c4592386f4110d,1469,unknown,conventional|unknown,轨道线 / 普速铁路 / 正线|轨道线 / 类别待核实 / 正线,track.conventional.main_line|track.unknown.main_line,unresolved|user_verified,,,,,search_results_available,2026-10-06T15:03:19.429Z,RL-55d747e4737e8d7ca869|RL-8fc157c4592386f4110d
南昌东动车所走行线,RL-ae28d2897e2ac398bae2,8,unknown,unknown,车站线 / 类别待核实 / 站场轨道线,station.unknown.unknown,unresolved,,,,,search_results_available,2026-10-06T15:24:59.088Z,ST-28ca4ba6476ad4dfefa8
南昌东立折线,RL-ac2e31d136b096c851a4,3,high_speed,high_speed,轨道线 / 高速铁路 / 正线 / 速度范围待核实,track.high_speed.main_line.unknown,osm_source_compared,,,,,search_results_available,2026-10-06T15:43:48.631Z,RL-ac2e31d136b096c851a4
南昌枢纽西环线,RL-9b1d79bfd9da2e416ee9,106,unknown,unknown,轨道线 / 类别待核实 / 正线,track.unknown.main_line,unresolved,,,,,search_results_available,2026-10-06T15:54:05.860Z,RL-9b1d79bfd9da2e416ee9
南昌西联络线,RL-b2ce409c143fc1a97fbe,15,unknown,unknown,轨道线 / 类别待核实 / 正线,track.unknown.main_line,unresolved,,,,https://china-emu.cn/RailRoads/Line/?LineName=南昌西联络线,search_results_available,2026-10-06T15:20:27.243Z,RL-b2ce409c143fc1a97fbe
南星桥站仓库线,RL-c66c31cfb3df8ed4a3d1,2,unknown,unknown,车站线 / 类别待核实 / 站场轨道线,station.unknown.unknown,unresolved,,,,,search_results_available,2026-10-06T15:45:29.709Z,ST-0eb3d0806770e4907eb6|ST-da9e9fcfac70ee751e0d
南星桥货场支线（III）,RL-2ba8594840a9fa8d540d,1,unknown,unknown,车站线 / 类别待核实 / 站场轨道线,station.unknown.unknown,unresolved,,,,,search_results_available,2026-10-06T15:47:45.880Z,ST-da9e9fcfac70ee751e0d
南星桥货场支线（II）,RL-097e3efd13823ee568fe,1,unknown,unknown,车站线 / 类别待核实 / 站场轨道线,station.unknown.unknown,unresolved,,,,,search_results_available,2026-10-06T15:47:45.880Z,ST-da9e9fcfac70ee751e0d
南星桥货场支线（IV）,RL-91b82140b2c470a1037c,2,unknown,unknown,车站线 / 类别待核实 / 站场轨道线,station.unknown.unknown,unresolved,,,,,search_results_available,2026-10-06T15:45:29.709Z,ST-da9e9fcfac70ee751e0d
南星桥货场支线（I）,RL-0eaa33ae1861b2107509,6,unknown,unknown,车站线 / 类别待核实 / 站场轨道线,station.unknown.unknown,unresolved,,,,,search_results_available,2026-10-06T15:27:40.642Z,ST-0eb3d0806770e4907eb6|ST-da9e9fcfac70ee751e0d
南曹线,RL-a672e4d0e1c61286adb9,70,unknown,unknown,轨道线 / 类别待核实 / 线路功能待核实,track.unknown.unknown,unresolved,,line_role,,,search_results_available,2026-10-06T15:07:52.134Z,RL-a672e4d0e1c61286adb9
南机场专用线,RL-c4673223155f43efe8ed,3,unknown,unknown,车站线 / 类别待核实 / 连接线,station.unknown.spur_track,unresolved,,,,,search_results_available,2026-10-06T15:43:55.024Z,RL-c4673223155f43efe8ed
南机待线,RL-bd2934b426cda581d043,4,unknown,unknown,车站线 / 类别待核实 / 站场轨道线,station.unknown.unknown,unresolved,,,,,search_results_available,2026-10-06T15:42:36.547Z,ST-e40487c00411bba63a4f
南枫线,RL-42b48d74c09d46a58852,1,unknown,unknown,在建 / 轨道线 / 类别待核实 / 正线,track.unknown.main_line,unresolved,,,,https://china-emu.cn/RailRoads/Line/?LineName=南枫线,search_results_available,2026-10-06T15:47:45.880Z,RL-42b48d74c09d46a58852
南汇线,RL-3d484ad5bb45b184d0aa,24,unknown,unknown,在建 / 轨道线 / 类别待核实 / 正线,track.unknown.main_line,unresolved,,,,https://china-emu.cn/RailRoads/Line/?LineName=南汇线,search_results_available,2026-10-06T15:11:04.976Z,RL-3d484ad5bb45b184d0aa
南汇线东站支线,RL-27bbfa8bbdf61d00724b,18,unknown,unknown,在建 / 轨道线 / 类别待核实 / 支线,track.unknown.branch_line,unresolved,,,,,search_results_available,2026-10-06T15:12:19.928Z,RL-27bbfa8bbdf61d00724b
南沙港线,RL-6689cb8e1f3df7aaae4c,166,unknown,unknown,轨道线 / 类别待核实 / 正线,track.unknown.main_line,unresolved,,,,,search_results_available,2026-10-06T15:06:22.910Z,RL-6689cb8e1f3df7aaae4c
南沭联络线,RL-8d2c278f5a2f5510e8c2,11,unknown,unknown,轨道线 / 类别待核实 / 支线,track.unknown.branch_line,unresolved,,,,,search_results_available,2026-10-06T15:22:22.748Z,RL-8d2c278f5a2f5510e8c2
南沿江沪渝蓉场联络线,RL-9746a3c993aceb15b3bc,5,high_speed,high_speed,在建 / 轨道线 / 高速铁路 / 线路功能待核实 / 速度范围待核实,track.high_speed.unknown.unknown,osm_source_compared,,,,,search_results_available,2026-10-06T15:28:59.963Z,RL-9746a3c993aceb15b3bc
南湖大花岭联络线,RL-1b09ca59fba34006a343,9,unknown,unknown,轨道线 / 类别待核实 / 支线,track.unknown.branch_line,unresolved,,,,,search_results_available,2026-10-06T15:54:05.860Z,RL-1b09ca59fba34006a343
南满洲铁道安奉线,RL-91b3d969df7d07964b2a,11,unknown,unknown,轨道线 / 类别待核实 / 线路功能待核实,track.unknown.unknown,unresolved,,,,,search_results_available,2026-10-06T15:22:22.748Z,RL-91b3d969df7d07964b2a
南牵出线,RL-1e6c396af9e717389d11|RL-85d4ec09c4b24b71e0d1,3,unknown,unknown,车站线 / 类别待核实 / 站场轨道线|车站线 / 类别待核实 / 连接线,station.unknown.spur_track|station.unknown.unknown,unresolved,,,,,search_results_available,2026-10-06T15:43:55.024Z,RL-85d4ec09c4b24b71e0d1|ST-8a7631e9111cbb75749c
南环上下行联络线,RL-d44439b117831053d3cf,2,unknown,unknown,轨道线 / 类别待核实 / 支线,track.unknown.branch_line,unresolved,,,,,search_results_available,2026-10-06T15:45:29.709Z,RL-d44439b117831053d3cf
南环东二联络线,RL-4ccf0f40aabab8a60968|RL-b257c2cc3852b4a0e1ce,28,unknown,unknown,轨道线 / 类别待核实 / 支线,track.unknown.branch_line,unresolved,,,,,search_results_available,2026-10-06T15:10:28.489Z,RL-4ccf0f40aabab8a60968|RL-b257c2cc3852b4a0e1ce
南环武钢下行联络线,RL-33d911352c7b99850abe,5,unknown,unknown,轨道线 / 类别待核实 / 正线,track.unknown.main_line,unresolved,,,,,search_results_available,2026-10-06T15:29:09.687Z,RL-33d911352c7b99850abe
南环环到线,RL-0d189be9f3a6a2c7952e,27,unknown,unknown,轨道线 / 类别待核实 / 正线,track.unknown.main_line,unresolved,,,,,search_results_available,2026-10-06T15:10:43.789Z,RL-0d189be9f3a6a2c7952e
南环环发线,RL-a81fcd2fb17a2c045530,12,unknown,unknown,轨道线 / 类别待核实 / 正线,track.unknown.main_line,unresolved,,,,,search_results_available,2026-10-06T15:21:47.714Z,RL-a81fcd2fb17a2c045530
南珠高速线,RL-204d7bfdaa471b8a2446|RL-20c506239176488a32f9|RL-fea7d2dad79681c13c55,1100,high_speed|unknown,high_speed|unknown,在建 / 轨道线 / 类别待核实 / 正线|在建 / 轨道线 / 高速铁路 / 正线 / 速度范围待核实|轨道线 / 高速铁路 / 正线 / 速度范围待核实,track.high_speed.main_line.unknown|track.unknown.main_line,osm_source_compared|unresolved,,construction_status,,https://china-emu.cn/RailRoads/Line/?LineName=南珠高速铁路,search_results_available,2026-10-06T15:03:30.760Z,RL-204d7bfdaa471b8a2446|RL-20c506239176488a32f9|RL-fea7d2dad79681c13c55
南甘线,RL-6e9f326256faf66f0635,23,unknown,unknown,轨道线 / 类别待核实 / 支线,track.unknown.branch_line,unresolved,,,,,search_results_available,2026-10-06T15:11:13.317Z,RL-6e9f326256faf66f0635
南疆线,RL-e2c17f685f05643d1d07,2156,unknown,unknown,轨道线 / 类别待核实 / 正线,track.unknown.main_line,unresolved,,,,https://china-emu.cn/RailRoads/Line/?LineName=南疆铁路,search_results_available,2026-10-06T15:03:13.355Z,RL-e2c17f685f05643d1d07
南疏II线,RL-db518a1bc0bee3f8a4b6,20,unknown,unknown,轨道线 / 类别待核实 / 支线,track.unknown.branch_line,unresolved,,,,,search_results_available,2026-10-06T15:11:47.055Z,RL-db518a1bc0bee3f8a4b6
南票线,RL-6bd524dca922ace66038,24,unknown,unknown,轨道线 / 类别待核实 / 支线,track.unknown.branch_line,unresolved,,,,,search_results_available,2026-10-06T15:11:06.399Z,RL-6bd524dca922ace66038
南罐线,RL-99516fd8d2395973a424,3,unknown,unknown,车站线 / 类别待核实 / 连接线,station.unknown.spur_track,unresolved,,,,,search_results_available,2026-10-06T15:43:55.024Z,RL-99516fd8d2395973a424
南罗线,RL-2d43d9fbee6657b458ff,3,unknown,unknown,轨道线 / 类别待核实 / 支线,track.unknown.branch_line,unresolved,,,,,search_results_available,2026-10-06T15:43:55.024Z,RL-2d43d9fbee6657b458ff
南翔环到线,RL-63a7175ec67f140373f1,1,unknown,unknown,车站线 / 类别待核实 / 渡线,station.unknown.crossover,unresolved,,,,,search_results_available,2026-10-06T15:47:48.589Z,RL-63a7175ec67f140373f1
南联II线,RL-48ce7f20973ecf72c3c1,9,unknown,unknown,车站线 / 类别待核实 / 站场轨道线,station.unknown.unknown,unresolved,,,,,search_results_available,2026-10-06T15:54:36.526Z,ST-8316bf6e030db3411dc0|ST-bbd909f49a544a8df903
南联I线,RL-66ee81c9f84db7137598,9,unknown,unknown,车站线 / 类别待核实 / 站场轨道线,station.unknown.unknown,unresolved,,,,,search_results_available,2026-10-06T15:54:00.530Z,ST-8316bf6e030db3411dc0|ST-bbd909f49a544a8df903
南联线,RL-d875c645ae1b0e4abd1e,9,unknown,unknown,轨道线 / 类别待核实 / 支线,track.unknown.branch_line,unresolved,,,,,search_results_available,2026-10-06T15:54:25.785Z,RL-d875c645ae1b0e4abd1e
南衡高速线,RL-1f767aa8d11249614f46,10,high_speed,high_speed,在建 / 轨道线 / 高速铁路 / 正线 / 速度范围待核实,track.high_speed.main_line.unknown,osm_source_compared,,,,,search_results_available,2026-10-06T15:23:13.691Z,RL-1f767aa8d11249614f46
南西出发线,RL-2dd11460f2ddb652feed,6,unknown,unknown,轨道线 / 类别待核实 / 正线,track.unknown.main_line,unresolved,,,,,search_results_available,2026-10-06T15:27:40.642Z,RL-2dd11460f2ddb652feed
南西联络线,RL-66de303204cbe4b2876b,2,unknown,unknown,轨道线 / 类别待核实 / 支线,track.unknown.branch_line,unresolved,,,,,search_results_available,2026-10-06T15:45:36.367Z,RL-66de303204cbe4b2876b
南货场走行线,RL-06f93f2fde84e202926f,13,unknown,unknown,车站线 / 类别待核实 / 站场轨道线,station.unknown.unknown,unresolved,,,,,search_results_available,2026-10-06T15:21:26.202Z,ST-f378bfad50d6620ba725
南通站动车走行线,RL-599d7b0459961c1ba681,2,unknown,unknown,轨道线 / 类别待核实 / 线路功能待核实,track.unknown.unknown,unresolved,,,,,search_results_available,2026-10-06T15:45:36.367Z,RL-599d7b0459961c1ba681
南郊热电厂线,RL-7764d60e4c1cac8d238f,8,industrial,industrial,轨道线 / 工业铁路 / 工业线,track.industrial.industrial_line,osm_source_compared,,,,,search_results_available,2026-10-06T15:24:59.088Z,RL-7764d60e4c1cac8d238f
南钢专用线,RL-08d724fae26474adb6f8,9,industrial,industrial,车站线 / 工业铁路 / 连接线,station.industrial.spur_track,osm_source_compared,,,,,search_results_available,2026-10-06T15:54:20.196Z,RL-08d724fae26474adb6f8
南钦场屯里动车所入库线,RL-2c8471050b05edc8ebac,16,unknown,unknown,车站线 / 类别待核实 / 站场轨道线,station.unknown.unknown,unresolved,,,,,search_results_available,2026-10-06T15:12:55.289Z,ST-5e4520e03c2ed0ff2fce|ST-8676790b5ff1cde577eb|ST-baaa10e60ac446349adc
南钦联络线,RL-07417fb325ee3b1c9791,8,unknown,unknown,轨道线 / 类别待核实 / 支线,track.unknown.branch_line,unresolved,,,,https://china-emu.cn/RailRoads/Line/?LineName=南钦联络线,search_results_available,2026-10-06T15:24:59.088Z,RL-07417fb325ee3b1c9791
南防线,RL-22f51a9743523c684cb1|RL-93e050206f2246f7fb1b,284,unknown,unknown,在建 / 轨道线 / 类别待核实 / 正线|轨道线 / 类别待核实 / 正线,track.unknown.main_line,unresolved,,,,,search_results_available,2026-10-06T15:04:47.055Z,RL-22f51a9743523c684cb1|RL-93e050206f2246f7fb1b
南防铁路增建二线,RL-228c99070db8162e3956,1,unknown,unknown,在建 / 轨道线 / 类别待核实 / 正线,track.unknown.main_line,unresolved,,,,,search_results_available,2026-10-06T15:47:48.589Z,RL-228c99070db8162e3956
南阳普光电力有限公司专用铁路,RL-66ec1efb922422adc92c,2,industrial,industrial,车站线 / 工业铁路 / 连接线,station.industrial.spur_track,osm_source_compared,,,,,search_results_available,2026-10-06T15:45:36.367Z,RL-66ec1efb922422adc92c
南阳西东北线,RL-289f78c50d45f1b22f3e,4,unknown,unknown,轨道线 / 类别待核实 / 正线,track.unknown.main_line,unresolved,,,,,search_results_available,2026-10-06T15:42:36.547Z,RL-289f78c50d45f1b22f3e
南阳西西北线,RL-95b056f1f51119ca290b,29,unknown,unknown,轨道线 / 类别待核实 / 正线,track.unknown.main_line,unresolved,,,,,search_results_available,2026-10-06T15:10:20.885Z,RL-95b056f1f51119ca290b
南阳西西南线,RL-1bd646f9698aaf9d72c5,2,unknown,unknown,轨道线 / 类别待核实 / 正线,track.unknown.main_line,unresolved,,,,,search_results_available,2026-10-06T15:45:36.367Z,RL-1bd646f9698aaf9d72c5
南风日化专用线,RL-5aa372cbcff0e61dc3e0|RL-8c340cc52111fd39cde9,3,industrial,industrial,车站线 / 工业铁路 / 站场轨道线|车站线 / 工业铁路 / 连接线,station.industrial.spur_track|station.industrial.unknown,osm_source_compared,,,,,search_results_available,2026-10-06T15:43:55.724Z,RL-8c340cc52111fd39cde9|ST-aeadceb3acac3a8c64fd
南龙线,RL-4d337d2255d0fdf53bb0,347,high_speed,high_speed,轨道线 / 高速铁路 / 正线 / 200–250 km/h,track.high_speed.main_line.200-250,osm_source_compared,,,,https://china-emu.cn/RailRoads/Line/?LineName=南龙铁路,search_results_available,2026-10-06T15:04:36.483Z,RL-4d337d2255d0fdf53bb0
博八线,RL-d9362c13a203c0ad82f0,28,unknown,unknown,轨道线 / 类别待核实 / 支线,track.unknown.branch_line,unresolved,,,,,search_results_available,2026-10-06T15:10:28.489Z,RL-d9362c13a203c0ad82f0
博小线,RL-99a59dadb94bb38c27bd,22,unknown,freight,轨道线 / 货运铁路 / 正线,track.freight.main_line,user_verified,line_role,,,,search_results_available,2026-10-06T15:11:24.157Z,RL-99a59dadb94bb38c27bd
博州线,RL-92fbb58df204a8245e52,46,unknown,unknown,轨道线 / 类别待核实 / 正线,track.unknown.main_line,unresolved,,,,https://china-emu.cn/RailRoads/Line/?LineName=博州铁路,search_results_available,2026-10-06T15:09:03.426Z,RL-92fbb58df204a8245e52
博林线,RL-90481aceb2b1d9ea22e7,54,conventional,conventional,轨道线 / 普速铁路 / 正线,track.conventional.main_line,source_checked,,,https://www.nra.gov.cn/zzjg/jgj/syjd/sgsgg/201911/P020220825544637781349.pdf,,search_results_available,2026-10-06T15:08:34.566Z,RL-90481aceb2b1d9ea22e7
博源银根专用线,RL-b0e3f107474da4eea779,8,unknown,unknown,轨道线 / 类别待核实 / 支线,track.unknown.branch_line,unresolved,,,,,search_results_available,2026-10-06T15:24:59.088Z,RL-b0e3f107474da4eea779
博贺疏港铁路,RL-2376d5cc8a32edd89520|RL-7312d3b63191fa84e3a0|RL-c4aecc4f81bc8ea0aa0b,60,industrial|unknown,industrial|unknown,车站线 / 工业铁路 / 连接线|车站线 / 类别待核实 / 站场轨道线|轨道线 / 类别待核实 / 支线,station.industrial.spur_track|station.unknown.unknown|track.unknown.branch_line,osm_source_compared|unresolved,,,,,search_results_available,2026-10-06T15:08:13.161Z,RL-2376d5cc8a32edd89520|RL-7312d3b63191fa84e3a0|ST-0e1e8ffdf95deed767a7
卫安线,RL-eabe756b1808e298d28d,6,unknown,unknown,轨道线 / 类别待核实 / 线路功能待核实,track.unknown.unknown,unresolved,,,,,search_results_available,2026-10-06T15:27:28.278Z,RL-eabe756b1808e298d28d
印刷线,RL-e83e923016fe3c306a6a,1,unknown,unknown,车站线 / 类别待核实 / 连接线,station.unknown.spur_track,unresolved,,,,,search_results_available,2026-10-06T15:47:48.589Z,RL-e83e923016fe3c306a6a
危库线,RL-0a6f6b89cda4642143a7,1,unknown,unknown,车站线 / 类别待核实 / 连接线,station.unknown.spur_track,unresolved,,,,,search_results_available,2026-10-06T15:47:48.589Z,RL-0a6f6b89cda4642143a7
卸油线,RL-1869104d46294eb65b5f,2,unknown,unknown,车站线 / 类别待核实 / 站场轨道线,station.unknown.unknown,unresolved,,,,,search_results_available,2026-10-06T15:45:34.546Z,ST-7e43f2447b0c5f74c7c2|ST-85f62828da742e5c6ada
卸灰线,RL-9d9952f5efe207d20e21,1,unknown,unknown,车站线 / 类别待核实 / 站场轨道线,station.unknown.unknown,unresolved,,,,,search_results_available,2026-10-06T15:47:45.981Z,ST-6a3b70ff0147277d2ef8
卸轮线,RL-41eb6d18e412772541f9,1,unknown,unknown,车站线 / 类别待核实 / 站场轨道线,station.unknown.unknown,unresolved,,,,,search_results_available,2026-10-06T15:47:45.981Z,ST-7e43f2447b0c5f74c7c2
厉山联络线,RL-9f7cd91e627db2dbeb41,13,unknown,unknown,轨道线 / 类别待核实 / 支线,track.unknown.branch_line,unresolved,,,,,search_results_available,2026-10-06T15:21:26.202Z,RL-9f7cd91e627db2dbeb41
原杭州机务段出入线,RL-86b92f4df79762c61027,1,unknown,unknown,车站线 / 类别待核实 / 连接线,station.unknown.spur_track,unresolved,,,,,search_results_available,2026-10-06T15:47:45.981Z,RL-86b92f4df79762c61027
厦深联络线,RL-35e5964a14ed2e2ffe57,12,unknown,unknown,在建 / 轨道线 / 类别待核实 / 支线,track.unknown.branch_line,unresolved,,,,,search_results_available,2026-10-06T15:21:53.079Z,RL-35e5964a14ed2e2ffe57
厦禾联络线,RL-3c7e1a51b5ac35040fea,34,high_speed,high_speed,轨道线 / 高速铁路 / 支线 / 速度范围待核实,track.high_speed.branch_line.unknown,osm_source_compared,,,,https://china-emu.cn/RailRoads/Line/?LineName=厦门进岛联络线,search_results_available,2026-10-06T15:09:52.637Z,RL-3c7e1a51b5ac35040fea
厦门北联络线,RL-7b663e9c8a6dde211b94,31,unknown,unknown,轨道线 / 类别待核实 / 支线,track.unknown.branch_line,unresolved,,,,,search_results_available,2026-10-06T15:10:10.194Z,RL-7b663e9c8a6dde211b94
叉石支线,RL-4129bf4a37a45ea4e971,21,unknown,unknown,轨道线 / 类别待核实 / 支线,track.unknown.branch_line,unresolved,,,,,search_results_available,2026-10-06T15:11:40.219Z,RL-4129bf4a37a45ea4e971
友宝线,RL-2dee1519f42852c4952b,25,unknown,unknown,轨道线 / 类别待核实 / 正线,track.unknown.main_line,unresolved,,,,,search_results_available,2026-10-06T15:10:53.464Z,RL-2dee1519f42852c4952b
双乌线,RL-abc0290daa68a285b1d6,15,conventional,conventional,轨道线 / 普速铁路 / 支线,track.conventional.branch_line,source_checked,,,https://www.nra.gov.cn/zzjg/jgj/syjd/sgsgg/201911/P020220825544637781349.pdf,,search_results_available,2026-10-06T15:20:27.243Z,RL-abc0290daa68a285b1d6
双山线,RL-079c675495b3abed1eb4,14,unknown,unknown,轨道线 / 类别待核实 / 支线,track.unknown.branch_line,unresolved,,,,,search_results_available,2026-10-06T15:20:56.336Z,RL-079c675495b3abed1eb4
双岭联络线,RL-4e875520a3b8ec858062,12,unknown,unknown,轨道线 / 类别待核实 / 线路功能待核实,track.unknown.unknown,unresolved,,line_role,,https://china-emu.cn/RailRoads/Line/?LineName=双岭联络线,search_results_available,2026-10-06T15:21:53.079Z,RL-4e875520a3b8ec858062
双板桥货联线,RL-a52ba1938d9bd28b8f4f,5,unknown,unknown,轨道线 / 类别待核实 / 支线,track.unknown.branch_line,unresolved,,,,,search_results_available,2026-10-06T15:29:09.687Z,RL-a52ba1938d9bd28b8f4f
双流机场站1道,RL-9181cd53bacaf300923c,1,unknown,unknown,车站线 / 类别待核实 / 站场轨道线,station.unknown.unknown,unresolved,,,,,search_results_available,2026-10-06T15:47:45.981Z,ST-2abbb8630cb7da00708f
双流机场站2道,RL-a5ef1efbdc2aae323d03,3,unknown,unknown,车站线 / 类别待核实 / 站场轨道线,station.unknown.unknown,unresolved,,,,,search_results_available,2026-10-06T15:43:55.724Z,ST-2abbb8630cb7da00708f
双流机场站5道,RL-54c0102ed2935395047b,3,unknown,unknown,车站线 / 类别待核实 / 站场轨道线,station.unknown.unknown,unresolved,,,,,search_results_available,2026-10-06T15:43:55.724Z,ST-2abbb8630cb7da00708f
双流机场站6道,RL-a52857d78e5dd90a3e6c,1,unknown,unknown,车站线 / 类别待核实 / 站场轨道线,station.unknown.unknown,unresolved,,,,,search_results_available,2026-10-06T15:47:46.685Z,ST-2abbb8630cb7da00708f
双清货联线,RL-70bab438f0e25f42c36c,29,unknown,unknown,轨道线 / 类别待核实 / 线路功能待核实,track.unknown.unknown,unresolved,,line_role|track_role,,,search_results_available,2026-10-06T15:10:20.896Z,RL-70bab438f0e25f42c36c
双湟线,RL-c9b4dfea0a458b5568e1,69,unknown,unknown,轨道线 / 类别待核实 / 支线,track.unknown.branch_line,unresolved,,,,,search_results_available,2026-10-06T15:07:52.134Z,RL-c9b4dfea0a458b5568e1
双白线,RL-298865a264b8ec19e9fd,68,unknown,unknown,轨道线 / 类别待核实 / 支线,track.unknown.branch_line,unresolved,,,,,search_results_available,2026-10-06T15:07:51.620Z,RL-298865a264b8ec19e9fd
双粮线,RL-6316a61e0204c7fb0d5d,1,unknown,unknown,车站线 / 类别待核实 / 连接线,station.unknown.spur_track,unresolved,,,,,search_results_available,2026-10-06T15:47:46.685Z,RL-6316a61e0204c7fb0d5d
双雷线,RL-aa3184810f8a4e9303db,56,unknown,unknown,轨道线 / 类别待核实 / 正线,track.unknown.main_line,unresolved,,,,,search_results_available,2026-10-06T15:08:31.130Z,RL-aa3184810f8a4e9303db
双鸭山矿区铁路,RL-18121eda6a85f619640c|RL-e45b90e080392ea6deed,47,industrial|unknown,industrial|unknown,车站线 / 类别待核实 / 连接线|轨道线 / 工业铁路 / 工业线,station.unknown.spur_track|track.industrial.industrial_line,osm_source_compared|unresolved,,,,,search_results_available,2026-10-06T15:08:59.381Z,RL-18121eda6a85f619640c|RL-e45b90e080392ea6deed
发西线,RL-ba202cb8f74bf949e08f,14,unknown,unknown,轨道线 / 类别待核实 / 正线,track.unknown.main_line,unresolved,,,,,search_results_available,2026-10-06T15:20:56.336Z,RL-ba202cb8f74bf949e08f
叙大线,RL-bee702b6069be3a6c41f,160,unknown,unknown,轨道线 / 类别待核实 / 支线,track.unknown.branch_line,unresolved,,,,,search_results_available,2026-10-06T15:06:28.691Z,RL-bee702b6069be3a6c41f
叙毕线,RL-d2888c2e02a5ce2b6b68|RL-f933966a3f6538e39af4,244,unknown,unknown,轨道线 / 类别待核实 / 正线,track.unknown.main_line,unresolved,,,,,search_results_available,2026-10-06T15:54:31.871Z,RL-d2888c2e02a5ce2b6b68|RL-f933966a3f6538e39af4
口泉线,RL-ac9bab9f4b507e63bc72,60,unknown,unknown,轨道线 / 类别待核实 / 支线,track.unknown.branch_line,unresolved,,,,,search_results_available,2026-10-06T15:08:13.161Z,RL-ac9bab9f4b507e63bc72
古凤铁路,RL-0723aa56999e557062a0,19,unknown,unknown,轨道线 / 类别待核实 / 支线,track.unknown.branch_line,unresolved,,,,,search_results_available,2026-10-06T15:12:05.989Z,RL-0723aa56999e557062a0
古大联络线,RL-b4a86f205f76db1a7f07,21,unknown,unknown,轨道线 / 类别待核实 / 正线,track.unknown.main_line,unresolved,,,,,search_results_available,2026-10-06T15:11:40.219Z,RL-b4a86f205f76db1a7f07
古洛线,RL-6b53d6c5ab55c3ea498e,21,conventional,conventional,轨道线 / 普速铁路 / 支线,track.conventional.branch_line,source_checked,,,https://www.nra.gov.cn/zzjg/jgj/syjd/sgsgg/201911/P020220825544637781349.pdf,,search_results_available,2026-10-06T15:11:39.275Z,RL-6b53d6c5ab55c3ea498e
古范线,RL-4b56b1fd5f457d6d8dff,25,unknown,unknown,轨道线 / 类别待核实 / 支线,track.unknown.branch_line,unresolved,,,,,search_results_available,2026-10-06T15:10:54.233Z,RL-4b56b1fd5f457d6d8dff
古鸳线,RL-53763cf3efb3739da248,21,unknown,unknown,轨道线 / 类别待核实 / 支线,track.unknown.branch_line,unresolved,,,,,search_results_available,2026-10-06T15:11:39.275Z,RL-53763cf3efb3739da248
可门支线,RL-d2e36b1faaed794cf527,28,unknown,unknown,轨道线 / 类别待核实 / 支线,track.unknown.branch_line,unresolved,,,,,search_results_available,2026-10-06T15:10:36.674Z,RL-d2e36b1faaed794cf527
台前北联络线,RL-3938479f1290b3e08bf5,16,unknown,conventional,轨道线 / 普速铁路 / 联络线,track.conventional.connecting_line,user_verified,line_role,,,,search_results_available,2026-10-06T15:12:55.289Z,RL-3938479f1290b3e08bf5
史口联络线,RL-f9baeb2fa0bf09806a99,12,unknown,unknown,轨道线 / 类别待核实 / 支线,track.unknown.branch_line,unresolved,,,,,search_results_available,2026-10-06T15:21:53.079Z,RL-f9baeb2fa0bf09806a99
叶赤线,RL-37ec075afd659a812400,117,unknown,unknown,轨道线 / 类别待核实 / 线路功能待核实,track.unknown.unknown,unresolved,,line_role|track_role,,,search_results_available,2026-10-06T15:06:50.944Z,RL-37ec075afd659a812400
司曹线,RL-823eccbd7b7d2e7b9e53,27,unknown,unknown,轨道线 / 类别待核实 / 支线,track.unknown.branch_line,unresolved,,,,,search_results_available,2026-10-06T15:10:43.789Z,RL-823eccbd7b7d2e7b9e53
合九线,RL-c575b3389dda493a6256,257,unknown,unknown,轨道线 / 类别待核实 / 正线,track.unknown.main_line,unresolved,,,,,search_results_available,2026-10-06T15:54:00.530Z,RL-c575b3389dda493a6256
合九联络线,RL-caa0458211f8d4525db9,35,unknown,unknown,轨道线 / 类别待核实 / 正线,track.unknown.main_line,unresolved,,,,,search_results_available,2026-10-06T15:09:49.056Z,RL-caa0458211f8d4525db9
合宁线,RL-2c363b3e059a3628d61a,1,unknown,unknown,车站线 / 类别待核实 / 站场轨道线,station.unknown.unknown,unresolved,,line_role,,,search_results_available,2026-10-06T15:47:46.685Z,ST-ac964e891bd29174a281
合宁绕行线,RL-a819e1f16f9e891fbbc3,28,high_speed,high_speed,轨道线 / 高速铁路 / 联络线 / 速度范围待核实,track.high_speed.connecting_line.unknown,osm_source_compared,line_role,,,,search_results_available,2026-10-06T15:10:36.674Z,RL-a819e1f16f9e891fbbc3
合宁绕行线（改线）,RL-b78539f449d3036fe2f3,2,unknown,unknown,在建 / 轨道线 / 类别待核实 / 支线,track.unknown.branch_line,unresolved,,,,,search_results_available,2026-10-06T15:45:34.546Z,RL-b78539f449d3036fe2f3
合新六城际铁路,RL-4729a9662d213c314dfb,1,high_speed,high_speed,在建 / 轨道线 / 高速铁路 / 正线 / 速度范围待核实,track.high_speed.main_line.unknown,osm_source_compared,,,,,search_results_available,2026-10-06T15:47:46.685Z,RL-4729a9662d213c314dfb
合新高速线,RL-9b09531145a394f5813c,102,high_speed,high_speed,轨道线 / 高速铁路 / 正线 / 速度范围待核实,track.high_speed.main_line.unknown,osm_source_compared,,,,https://china-emu.cn/RailRoads/Line/?LineName=合新高速铁路,search_results_available,2026-10-06T15:07:03.738Z,RL-9b09531145a394f5813c
合村联络线,RL-a0fa9dbced6e7d2654ec,17,unknown,unknown,轨道线 / 类别待核实 / 支线,track.unknown.branch_line,unresolved,,,,https://china-emu.cn/RailRoads/Line/?LineName=合村联络线,search_results_available,2026-10-06T15:12:39.102Z,RL-a0fa9dbced6e7d2654ec
合杭高速线,RL-d9e73ef653ed33631d3e,758,high_speed,high_speed,轨道线 / 高速铁路 / 正线 / 速度范围待核实,track.high_speed.main_line.unknown,osm_source_compared,,,,,search_results_available,2026-10-06T15:03:43.383Z,RL-d9e73ef653ed33631d3e
合武绕行线,RL-1a896c6bcbdc279ca853,82,unknown,high_speed,轨道线 / 高速铁路 / 联络线 / 速度范围待核实,track.high_speed.connecting_line.unknown,user_verified,line_role,,,,search_results_available,2026-10-06T15:54:05.860Z,RL-1a896c6bcbdc279ca853
合武绕行线三四线（预留）,RL-50ba88741cfa498b15a7,4,unknown,unknown,轨道线 / 类别待核实 / 正线,track.unknown.main_line,unresolved,,,,,search_results_available,2026-10-06T15:42:36.547Z,RL-50ba88741cfa498b15a7
合武铁路,RL-f5e1477a33f7fc1f41d6,1,high_speed,high_speed,车站线 / 高速铁路 / 渡线 / 速度范围待核实,station.high_speed.crossover.unknown,osm_source_compared,,,,,search_results_available,2026-10-06T15:48:01.032Z,RL-f5e1477a33f7fc1f41d6
合池城际铁路,RL-4070981692318d363db5,2,unknown,unknown,在建 / 轨道线 / 类别待核实 / 线路功能待核实,track.unknown.unknown,unresolved,,,,,search_results_available,2026-10-06T15:45:34.546Z,RL-4070981692318d363db5
合湛高铁,RL-8af7e627183dbe10fe8a,9,high_speed,high_speed,在建 / 轨道线 / 高速铁路 / 正线 / 速度范围待核实,track.high_speed.main_line.unknown,osm_source_compared,,,,https://china-emu.cn/RailRoads/Line/?LineName=合湛高速铁路,search_results_available,2026-10-06T15:54:56.504Z,RL-8af7e627183dbe10fe8a
合福高速线,RL-4d05f5d629fa9f69f677,2228,high_speed,high_speed,轨道线 / 高速铁路 / 正线 / 300–350 km/h,track.high_speed.main_line.300-350,osm_source_compared,,,,https://china-emu.cn/RailRoads/Line/?LineName=合福高速铁路,search_results_available,2026-10-06T15:03:13.355Z,RL-4d05f5d629fa9f69f677
合肥东环到线,RL-00623dad8239c057c436,4,unknown,unknown,轨道线 / 类别待核实 / 支线,track.unknown.branch_line,unresolved,,,,,search_results_available,2026-10-06T15:42:36.547Z,RL-00623dad8239c057c436
合肥东联络线,RL-10273062be58d7f8e376,18,unknown,unknown,轨道线 / 类别待核实 / 支线,track.unknown.branch_line,unresolved,,,,,search_results_available,2026-10-06T15:12:27.112Z,RL-10273062be58d7f8e376
合肥动车走行线,RL-5edebef97d9764e998a2,16,unknown,unknown,轨道线 / 类别待核实 / 支线,track.unknown.branch_line,unresolved,,,,,search_results_available,2026-10-06T15:12:51.770Z,RL-5edebef97d9764e998a2
合肥北联络线,RL-b6dce741860dbdf24865,6,unknown,unknown,轨道线 / 类别待核实 / 支线,track.unknown.branch_line,unresolved,,,,,search_results_available,2026-10-06T15:27:28.278Z,RL-b6dce741860dbdf24865
合肥新客线,RL-3cd9e9be733a916f0984,46,unknown,unknown,轨道线 / 类别待核实 / 支线,track.unknown.branch_line,unresolved,,,,,search_results_available,2026-10-06T15:09:03.426Z,RL-3cd9e9be733a916f0984
合肥绕行线,RL-e8977724e3932929fa9c,7,unknown,unknown,轨道线 / 类别待核实 / 支线,track.unknown.branch_line,unresolved,,construction_status,,,search_results_available,2026-10-06T15:26:05.996Z,RL-e8977724e3932929fa9c
合肥铁路采石场专用线,RL-43a9c00fb9c018c88aa3,6,unknown,unknown,车站线 / 类别待核实 / 连接线,station.unknown.spur_track,unresolved,,,,,search_results_available,2026-10-06T15:27:28.278Z,RL-43a9c00fb9c018c88aa3
合蚌客专线,RL-8f5a2f73c1aa1f896d7f,146,high_speed,high_speed,轨道线 / 高速铁路 / 正线 / 速度范围待核实,track.high_speed.main_line.unknown,osm_source_compared,,,,,search_results_available,2026-10-06T15:06:34.183Z,RL-8f5a2f73c1aa1f896d7f
合金厂线,RL-c70ebbf39290cd7535c1,2,unknown,unknown,轨道线 / 类别待核实 / 支线,track.unknown.branch_line,unresolved,,,,,search_results_available,2026-10-06T15:45:34.546Z,RL-c70ebbf39290cd7535c1
吉安南疏解,RL-34438ae9057bf5991c31,3,unknown,unknown,轨道线 / 类别待核实 / 支线,track.unknown.branch_line,unresolved,,,,,search_results_available,2026-10-06T15:43:55.724Z,RL-34438ae9057bf5991c31
吉玉线,RL-b9e7c5ac36b906142236|RL-deab5f748154125afc3e,123,high_speed,high_speed,在建 / 轨道线 / 高速铁路 / 正线 / 速度范围待核实|轨道线 / 高速铁路 / 正线 / 速度范围待核实,track.high_speed.main_line.unknown,osm_source_compared,,,,https://china-emu.cn/RailRoads/Line/?LineName=吉玉铁路,search_results_available,2026-10-06T15:06:45.163Z,RL-b9e7c5ac36b906142236|RL-deab5f748154125afc3e
吉珲客运专线,RL-b7de8657f3e13854be34,3,high_speed,high_speed,轨道线 / 高速铁路 / 线路功能待核实 / 速度范围待核实,track.high_speed.unknown.unknown,osm_source_compared,,,,,search_results_available,2026-10-06T15:43:54.470Z,RL-b7de8657f3e13854be34
吉舒线,RL-39fb289a0a5ecd5ae672,56,unknown,unknown,轨道线 / 类别待核实 / 支线,track.unknown.branch_line,unresolved,,,,,search_results_available,2026-10-06T15:08:27.959Z,RL-39fb289a0a5ecd5ae672
吉舒铁路,RL-77f8f3d6890d253db432,1,unknown,unknown,轨道线 / 类别待核实 / 支线,track.unknown.branch_line,unresolved,,,,,search_results_available,2026-10-06T15:48:01.032Z,RL-77f8f3d6890d253db432
吉衡线,RL-daeaa6b68af2ce72fee2,361,unknown,unknown,轨道线 / 类别待核实 / 正线,track.unknown.main_line,unresolved,,,,,search_results_available,2026-10-06T15:04:36.163Z,RL-daeaa6b68af2ce72fee2
同专线,RL-1c942292599faeefcbb2,2,unknown,unknown,车站线 / 类别待核实 / 连接线,station.unknown.spur_track,unresolved,,,,,search_results_available,2026-10-06T15:45:42.592Z,RL-1c942292599faeefcbb2
同江宽轨线,RL-6fa2f038f603fb7bfe44,40,unknown,unknown,轨道线 / 类别待核实 / 正线,track.unknown.main_line,unresolved,,,,,search_results_available,2026-10-06T15:09:21.379Z,RL-6fa2f038f603fb7bfe44
同江线,RL-900de6d479e6170e943b|RL-ec22fc2b612ef9e91846,77,unknown,unknown,轨道线 / 类别待核实 / 正线,track.unknown.main_line,unresolved,,,,,search_results_available,2026-10-06T15:07:38.084Z,RL-900de6d479e6170e943b|RL-ec22fc2b612ef9e91846
同洲物流园专用线,RL-6b2cfd581d4b26f05762,1,unknown,unknown,车站线 / 类别待核实 / 连接线,station.unknown.spur_track,unresolved,,,,,search_results_available,2026-10-06T15:48:01.032Z,RL-6b2cfd581d4b26f05762
同蒲大秦上行联络线,RL-8b6dee8ffbdb8f45f9e7,10,unknown,unknown,轨道线 / 类别待核实 / 正线,track.unknown.main_line,unresolved,,,,,search_results_available,2026-10-06T15:23:13.691Z,RL-8b6dee8ffbdb8f45f9e7
同蒲大秦下行联络线,RL-38f266c9881dd17f3596,9,unknown,unknown,轨道线 / 类别待核实 / 正线,track.unknown.main_line,unresolved,,,,,search_results_available,2026-10-06T15:54:05.860Z,RL-38f266c9881dd17f3596
同金联络线,RL-b79f336fd5f65d264250,40,unknown,unknown,轨道线 / 类别待核实 / 支线,track.unknown.branch_line,unresolved,,,,,search_results_available,2026-10-06T15:09:21.379Z,RL-b79f336fd5f65d264250
向东A1线,RL-106749c5e2d0141a84a8,1,unknown,unknown,轨道线 / 类别待核实 / 正线,track.unknown.main_line,unresolved,,,,,search_results_available,2026-10-06T15:48:01.032Z,RL-106749c5e2d0141a84a8
向东C线,RL-63f2f1cd98770c22bf70,5,unknown,unknown,轨道线 / 类别待核实 / 正线,track.unknown.main_line,unresolved,,,,,search_results_available,2026-10-06T15:29:09.687Z,RL-63f2f1cd98770c22bf70
向东D2线,RL-45b91af540c2d83ab2ef|RL-98f75632dc52beda9c6d|RL-d530a257ab110388f4bf,23,unknown,unknown,车站线 / 类别待核实 / 渡线|车站线 / 类别待核实 / 站场轨道线|轨道线 / 类别待核实 / 正线,station.unknown.crossover|station.unknown.unknown|track.unknown.main_line,unresolved,,,,,search_results_available,2026-10-06T15:11:19.011Z,RL-45b91af540c2d83ab2ef|RL-d530a257ab110388f4bf|ST-c86bcc2959a5ea207d2f
向东D线,RL-1ce8e48687ff75f33ab4|RL-a538dcffe2140ee84068,11,unknown,unknown,车站线 / 类别待核实 / 渡线|轨道线 / 类别待核实 / 正线,station.unknown.crossover|track.unknown.main_line,unresolved,,,,,search_results_available,2026-10-06T15:22:22.748Z,RL-1ce8e48687ff75f33ab4|RL-a538dcffe2140ee84068
向东E2线,RL-de16cbc8bd412886b157,13,unknown,unknown,轨道线 / 类别待核实 / 正线,track.unknown.main_line,unresolved,,,,,search_results_available,2026-10-06T15:21:26.202Z,RL-de16cbc8bd412886b157
向东E线,RL-8345b44507b52abfa99e,8,unknown,unknown,轨道线 / 类别待核实 / 正线,track.unknown.main_line,unresolved,,,,,search_results_available,2026-10-06T15:24:53.404Z,RL-8345b44507b52abfa99e
向东F线,RL-6823bb82f02053a24273,2,unknown,unknown,车站线 / 类别待核实 / 站场轨道线,station.unknown.unknown,unresolved,,,,,search_results_available,2026-10-06T15:45:42.592Z,ST-c86bcc2959a5ea207d2f
向东L2线,RL-7d855fdb28a0be758f68,1,unknown,unknown,车站线 / 类别待核实 / 站场轨道线,station.unknown.unknown,unresolved,,,,,search_results_available,2026-10-06T15:47:52.530Z,ST-70592964278048877cfb
向东L3线,RL-8d4fa708de8f6653f687,2,unknown,unknown,车站线 / 类别待核实 / 站场轨道线,station.unknown.unknown,unresolved,,,,,search_results_available,2026-10-06T15:45:42.592Z,ST-70592964278048877cfb|ST-c86bcc2959a5ea207d2f
向东L4线,RL-eca54453835c74930876,1,unknown,unknown,车站线 / 类别待核实 / 站场轨道线,station.unknown.unknown,unresolved,,,,,search_results_available,2026-10-06T15:47:52.530Z,ST-70592964278048877cfb
向东L6线,RL-155e40545971ed682ed3,3,unknown,unknown,车站线 / 类别待核实 / 站场轨道线,station.unknown.unknown,unresolved,,,,,search_results_available,2026-10-06T15:43:54.470Z,ST-70592964278048877cfb
向东L7线,RL-54a0ecee8c8cbb0ab185,1,unknown,unknown,车站线 / 类别待核实 / 站场轨道线,station.unknown.unknown,unresolved,,,,,search_results_available,2026-10-06T15:47:52.530Z,ST-70592964278048877cfb
向东R环发线,RL-defda7ea0e177560624a,1,unknown,unknown,车站线 / 类别待核实 / 站场轨道线,station.unknown.unknown,unresolved,,,,,search_results_available,2026-10-06T15:47:52.530Z,ST-70592964278048877cfb
向塘Ⅺ道线,RL-9f9508f3e09ad1d43956,9,unknown,unknown,轨道线 / 类别待核实 / 正线,track.unknown.main_line,unresolved,,,,,search_results_available,2026-10-06T15:24:02.293Z,RL-9f9508f3e09ad1d43956
向塘化肥厂线,RL-40dddeed932923a466a0,5,unknown,unknown,车站线 / 类别待核实 / 站场轨道线,station.unknown.unknown,unresolved,,,,,search_results_available,2026-10-06T15:29:09.687Z,ST-2a66ec371e8229e222bd
向塘物流联络,RL-36ff66634d8e4b070139,7,unknown,unknown,车站线 / 类别待核实 / 连接线,station.unknown.spur_track,unresolved,,,,,search_results_available,2026-10-06T15:26:05.996Z,RL-36ff66634d8e4b070139
向西A2线,RL-0b429db930c8715d184f,6,unknown,unknown,车站线 / 类别待核实 / 站场轨道线,station.unknown.unknown,unresolved,,,,,search_results_available,2026-10-06T15:27:28.278Z,ST-70592964278048877cfb
向西A3线,RL-1bb137ef7e1bf8323817,11,unknown,unknown,轨道线 / 类别待核实 / 正线,track.unknown.main_line,unresolved,,,,,search_results_available,2026-10-06T15:22:19.663Z,RL-1bb137ef7e1bf8323817
向西B3线,RL-58b21e67e2df8d8d39fc|RL-d73c40f81e7cf1151598,15,unknown,unknown,车站线 / 类别待核实 / 站场轨道线|轨道线 / 类别待核实 / 正线,station.unknown.unknown|track.unknown.main_line,unresolved,,,,,search_results_available,2026-10-06T15:20:30.220Z,RL-58b21e67e2df8d8d39fc|ST-70592964278048877cfb|ST-7a5f6adf38102359cd44
向西L8线,RL-71b45764368a0790ade6,1,unknown,unknown,车站线 / 类别待核实 / 站场轨道线,station.unknown.unknown,unresolved,,,,,search_results_available,2026-10-06T15:47:54.877Z,ST-70592964278048877cfb
向西转3线,RL-fac81a5bcab943741c74,1,unknown,unknown,车站线 / 类别待核实 / 站场轨道线,station.unknown.unknown,unresolved,,,,,search_results_available,2026-10-06T15:47:54.877Z,ST-70592964278048877cfb
吕临客联线,RL-8e37682a6f61a295514f,11,unknown,unknown,轨道线 / 类别待核实 / 支线,track.unknown.branch_line,unresolved,,,,,search_results_available,2026-10-06T15:22:19.663Z,RL-8e37682a6f61a295514f
吕临线,RL-c495ea46520b51bba013,88,unknown,unknown,轨道线 / 类别待核实 / 支线,track.unknown.branch_line,unresolved,,,,,search_results_available,2026-10-06T15:07:18.758Z,RL-c495ea46520b51bba013
吕临货联线,RL-88491eae0864a56665c1,11,unknown,unknown,轨道线 / 类别待核实 / 正线,track.unknown.main_line,unresolved,,,,,search_results_available,2026-10-06T15:22:19.663Z,RL-88491eae0864a56665c1
吕范线,RL-c9327b16e0aeeae02dfd,1,industrial,industrial,轨道线 / 工业铁路 / 工业线,track.industrial.industrial_line,osm_source_compared,,,,,search_results_available,2026-10-06T15:47:54.877Z,RL-c9327b16e0aeeae02dfd
君龙线,RL-d695563f8d3721dc2763,1,unknown,unknown,车站线 / 类别待核实 / 连接线,station.unknown.spur_track,unresolved,,,,,search_results_available,2026-10-06T15:47:54.877Z,RL-d695563f8d3721dc2763
启润线,RL-ad4c97a565e81ade9d67,2,unknown,unknown,车站线 / 类别待核实 / 站场轨道线,station.unknown.unknown,unresolved,,,,,search_results_available,2026-10-06T15:45:42.592Z,ST-85f62828da742e5c6ada
吴家山货车联络线,RL-422b1ee9f56a2e1f52ec,11,unknown,unknown,轨道线 / 类别待核实 / 支线,track.unknown.branch_line,unresolved,,,,,search_results_available,2026-10-06T15:22:19.663Z,RL-422b1ee9f56a2e1f52ec
吴泾线,RL-85fb02aaa9451822324d,29,unknown,unknown,轨道线 / 类别待核实 / 正线,track.unknown.main_line,unresolved,,,,,search_results_available,2026-10-06T15:10:20.896Z,RL-85fb02aaa9451822324d
吴高线,RL-cfa33a191b06d7c85830,27,unknown,unknown,轨道线 / 类别待核实 / 支线,track.unknown.branch_line,unresolved,,,,,search_results_available,2026-10-06T15:10:43.789Z,RL-cfa33a191b06d7c85830
周丁线,RL-bac6766628f57b3c1f6f,59,unknown,unknown,轨道线 / 类别待核实 / 正线,track.unknown.main_line,unresolved,,,,,search_results_available,2026-10-06T15:08:22.023Z,RL-bac6766628f57b3c1f6f
周中联络线,RL-8d7953da6a7707f27ccc,6,unknown,unknown,轨道线 / 类别待核实 / 支线,track.unknown.branch_line,unresolved,,,,https://china-emu.cn/RailRoads/Line/?LineName=周中联络线,search_results_available,2026-10-06T15:27:30.159Z,RL-8d7953da6a7707f27ccc
周口中心港集疏运铁路专用线,RL-8c0239537595e28be6d6,6,unknown,unknown,在建 / 车站线 / 类别待核实 / 连接线,station.unknown.spur_track,unresolved,,,,,search_results_available,2026-10-06T15:27:30.159Z,RL-8c0239537595e28be6d6
周家庄联络线,RL-8dbef46f22f30ddbbe3e,75,unknown,unknown,轨道线 / 类别待核实 / 支线,track.unknown.branch_line,unresolved,,,,,search_results_available,2026-10-06T15:07:39.563Z,RL-8dbef46f22f30ddbbe3e
周支线,RL-8f5a30c7ace3e47c0a16,33,unknown,unknown,轨道线 / 类别待核实 / 支线,track.unknown.branch_line,unresolved,,,,,search_results_available,2026-10-06T15:09:53.819Z,RL-8f5a30c7ace3e47c0a16
周琉联络线,RL-169ba432df9e423a046d,6,unknown,unknown,轨道线 / 类别待核实 / 支线,track.unknown.branch_line,unresolved,,,,,search_results_available,2026-10-06T15:27:30.159Z,RL-169ba432df9e423a046d
周良联络线,RL-3a14e09c4f403248be93,8,unknown,unknown,轨道线 / 类别待核实 / 支线,track.unknown.branch_line,unresolved,,,,,search_results_available,2026-10-06T15:24:53.404Z,RL-3a14e09c4f403248be93
呼准线,RL-0117def0c00128572440,270,unknown,unknown,轨道线 / 类别待核实 / 正线,track.unknown.main_line,unresolved,,,,,search_results_available,2026-10-06T15:04:46.090Z,RL-0117def0c00128572440
呼前联络线,RL-cb4f3e95598fe61f788b,66,unknown,unknown,轨道线 / 类别待核实 / 线路功能待核实,track.unknown.unknown,unresolved,,line_role|track_role,,,search_results_available,2026-10-06T15:07:57.931Z,RL-cb4f3e95598fe61f788b
呼工A线,RL-850eb2e808a2d4f43154,7,conventional,conventional,轨道线 / 普速铁路 / 正线,track.conventional.main_line,source_checked,,,https://www.nra.gov.cn/zzjg/jgj/syjd/sgsgg/201911/P020220825544637781349.pdf,,search_results_available,2026-10-06T15:26:05.996Z,RL-850eb2e808a2d4f43154
呼工B线,RL-d1bf5baa16c6860af908,9,conventional,conventional,轨道线 / 普速铁路 / 正线,track.conventional.main_line,source_checked,,,https://www.nra.gov.cn/zzjg/jgj/syjd/sgsgg/201911/P020220825544637781349.pdf,,search_results_available,2026-10-06T15:24:02.293Z,RL-d1bf5baa16c6860af908
呼王联络线,RL-379e71f10ddcc3adaf07,67,unknown,unknown,轨道线 / 类别待核实 / 正线,track.unknown.main_line,unresolved,,,,,search_results_available,2026-10-06T15:07:57.776Z,RL-379e71f10ddcc3adaf07
呼甲联络线,RL-f96251e34c83a86fb8fe,7,unknown,unknown,轨道线 / 类别待核实 / 正线,track.unknown.main_line,unresolved,,,,,search_results_available,2026-10-06T15:26:05.996Z,RL-f96251e34c83a86fb8fe
呼衡联络线,RL-e6c0f11e298375312fe4,7,unknown,high_speed,轨道线 / 高速铁路 / 联络线 / 速度范围待核实,track.high_speed.connecting_line.unknown,user_verified,line_role,,,https://china-emu.cn/RailRoads/Line/?LineName=呼衡联络线,search_results_available,2026-10-06T15:26:19.459Z,RL-e6c0f11e298375312fe4
呼鄂线,RL-b234e0785782dfabd87d,368,unknown,unknown,轨道线 / 类别待核实 / 正线,track.unknown.main_line,unresolved,,,,https://china-emu.cn/RailRoads/Line/?LineName=呼鄂铁路,search_results_available,2026-10-06T15:04:30.457Z,RL-b234e0785782dfabd87d
和坪线,RL-c38d261015babdbe0d87,52,unknown,unknown,轨道线 / 类别待核实 / 支线,track.unknown.branch_line,unresolved,,,,,search_results_available,2026-10-06T15:08:37.514Z,RL-c38d261015babdbe0d87
和坪联络线,RL-4a3dbca067f093efdca5,5,unknown,unknown,轨道线 / 类别待核实 / 线路功能待核实,track.unknown.unknown,unresolved,,,,,search_results_available,2026-10-06T15:29:03.172Z,RL-4a3dbca067f093efdca5
和龙线,RL-2a231792e04d177b11fe,91,unknown,unknown,轨道线 / 类别待核实 / 正线,track.unknown.main_line,unresolved,,,,,search_results_available,2026-10-06T15:07:17.169Z,RL-2a231792e04d177b11fe
咸铜线,RL-aeb1fd72868484a3fd0b,186,unknown,unknown,轨道线 / 类别待核实 / 线路功能待核实,track.unknown.unknown,unresolved,,railway_class|line_role|track_role,,,search_results_available,2026-10-06T15:06:12.317Z,RL-aeb1fd72868484a3fd0b
咸阳西联络线,RL-abb851de0db53f00df1d,10,unknown,unknown,轨道线 / 类别待核实 / 支线,track.unknown.branch_line,unresolved,,,,https://china-emu.cn/RailRoads/Line/?LineName=咸阳西联络线,search_results_available,2026-10-06T15:23:13.691Z,RL-abb851de0db53f00df1d
哈伊高速线,RL-3329ab810c4e9e6d769d,153,high_speed,high_speed,轨道线 / 高速铁路 / 正线 / 250–300 km/h,track.high_speed.main_line.250-300,osm_source_compared,,,,https://china-emu.cn/RailRoads/Line/?LineName=哈伊高速铁路,search_results_available,2026-10-06T15:06:27.261Z,RL-3329ab810c4e9e6d769d
哈佳线,RL-2b3b050d76109cd87b4a,372,unknown,unknown,轨道线 / 类别待核实 / 正线,track.unknown.main_line,unresolved,,,,https://china-emu.cn/RailRoads/Line/?LineName=哈佳铁路,search_results_available,2026-10-06T15:04:30.457Z,RL-2b3b050d76109cd87b4a
哈北联络线,RL-b4c50d8b467fd7cd9b50,19,unknown,unknown,轨道线 / 类别待核实 / 支线,track.unknown.branch_line,unresolved,,,,https://china-emu.cn/RailRoads/Line/?LineName=哈北联络线（及连接线）,search_results_available,2026-10-06T15:12:05.989Z,RL-b4c50d8b467fd7cd9b50
哈南转场线,RL-f4547d92948f757723ac,12,unknown,unknown,轨道线 / 类别待核实 / 支线,track.unknown.branch_line,unresolved,,,,,search_results_available,2026-10-06T15:21:53.079Z,RL-f4547d92948f757723ac
哈密联络线,RL-9e628dd596f5ad4c8244,78,unknown,unknown,轨道线 / 类别待核实 / 线路功能待核实,track.unknown.unknown,unresolved,,line_role,,https://china-emu.cn/RailRoads/Line/?LineName=哈密联络线,search_results_available,2026-10-06T15:07:38.084Z,RL-9e628dd596f5ad4c8244
哈密西联络线,RL-0a4f7550bb0022d56c9e,27,unknown,unknown,轨道线 / 类别待核实 / 支线,track.unknown.branch_line,unresolved,,,,,search_results_available,2026-10-06T15:10:42.772Z,RL-0a4f7550bb0022d56c9e
哈屯线,RL-3eefebe64fb6388c0410,10,unknown,unknown,轨道线 / 类别待核实 / 正线,track.unknown.main_line,unresolved,,,,,search_results_available,2026-10-06T15:23:13.691Z,RL-3eefebe64fb6388c0410
哈港联线,RL-5b850b6c7a56050810b9,37,unknown,unknown,轨道线 / 类别待核实 / 正线,track.unknown.main_line,unresolved,,,,,search_results_available,2026-10-06T15:09:32.130Z,RL-5b850b6c7a56050810b9
哈牡客专线,RL-3481bfdd6174de73d800,564,high_speed,high_speed,轨道线 / 高速铁路 / 正线 / 速度范围待核实,track.high_speed.main_line.unknown,osm_source_compared,,,,,search_results_available,2026-10-06T15:04:08.664Z,RL-3481bfdd6174de73d800
哈罗线,RL-95128501ad8709af074d,99,unknown,unknown,轨道线 / 类别待核实 / 正线,track.unknown.main_line,unresolved,,,,,search_results_available,2026-10-06T15:07:09.363Z,RL-95128501ad8709af074d
哈西机走线,RL-118c5a0ac54b5b77afa3|RL-68321842a9477aaa605b,24,conventional,conventional|unknown,车站线 / 类别待核实 / 站场轨道线|轨道线 / 普速铁路 / 支线,station.unknown.unknown|track.conventional.branch_line,source_checked|unresolved,,,https://www.nra.gov.cn/zzjg/jgj/syjd/sgsgg/201911/P020220825544637781349.pdf,,search_results_available,2026-10-06T15:11:06.399Z,RL-118c5a0ac54b5b77afa3|ST-9d7b7e47e0ff6065b1fb
哈西联络右线,RL-b2a0c3cb7fa1a8338815,23,high_speed,high_speed,轨道线 / 高速铁路 / 支线 / 速度范围待核实,track.high_speed.branch_line.unknown,osm_source_compared,,,,,search_results_available,2026-10-06T15:11:19.011Z,RL-b2a0c3cb7fa1a8338815
哈西联络左线,RL-077863009134c9066920,41,high_speed,high_speed,轨道线 / 高速铁路 / 支线 / 速度范围待核实,track.high_speed.branch_line.unknown,osm_source_compared,,,,,search_results_available,2026-10-06T15:09:23.539Z,RL-077863009134c9066920
哈西高普联络右线,RL-a053476b173723cc51ab,5,unknown,unknown,轨道线 / 类别待核实 / 支线,track.unknown.branch_line,unresolved,,,,,search_results_available,2026-10-06T15:29:03.172Z,RL-a053476b173723cc51ab
哈西高普联络左线,RL-53b241c20e58b7a4c705,6,unknown,unknown,轨道线 / 类别待核实 / 支线,track.unknown.branch_line,unresolved,,,,,search_results_available,2026-10-06T15:27:30.159Z,RL-53b241c20e58b7a4c705
哈西高速联络线,RL-d5f628055d20bdf81628,2,high_speed,high_speed,轨道线 / 高速铁路 / 支线 / 速度范围待核实,track.high_speed.branch_line.unknown,osm_source_compared,,,,,search_results_available,2026-10-06T15:45:34.546Z,RL-d5f628055d20bdf81628
哈长联络线,RL-2c8239eb777f51b1eab8|RL-9754291fdc99762077db,5,high_speed|unknown,high_speed|unknown,轨道线 / 类别待核实 / 正线|轨道线 / 高速铁路 / 正线 / 速度范围待核实,track.high_speed.main_line.unknown|track.unknown.main_line,osm_source_compared|unresolved,,,,https://china-emu.cn/RailRoads/Line/?LineName=哈长联络线,search_results_available,2026-10-06T15:29:03.172Z,RL-2c8239eb777f51b1eab8|RL-9754291fdc99762077db
哈齐客专线,RL-2b59b69cb6798930d977,156,high_speed,high_speed,轨道线 / 高速铁路 / 正线 / 速度范围待核实,track.high_speed.main_line.unknown,osm_source_compared,,,,,search_results_available,2026-10-06T15:06:28.691Z,RL-2b59b69cb6798930d977
响四线,RL-343eb5a3c4dd7d444f23,81,unknown,unknown,轨道线 / 类别待核实 / 支线,track.unknown.branch_line,unresolved,,,,,search_results_available,2026-10-06T15:54:10.231Z,RL-343eb5a3c4dd7d444f23
响大线,RL-4eaa259aae0f8293d0ae,83,unknown,unknown,轨道线 / 类别待核实 / 正线,track.unknown.main_line,unresolved,,construction_status,,,search_results_available,2026-10-06T15:54:10.231Z,RL-4eaa259aae0f8293d0ae
哲通联络线,RL-a890a6ee4939624ea3ae,17,unknown,unknown,轨道线 / 类别待核实 / 正线,track.unknown.main_line,unresolved,,,,,search_results_available,2026-10-06T15:12:39.102Z,RL-a890a6ee4939624ea3ae
哲里木联络线,RL-b852950e4ddd4c9ce366,7,unknown,unknown,轨道线 / 类别待核实 / 正线,track.unknown.main_line,unresolved,,,,,search_results_available,2026-10-06T15:26:19.459Z,RL-b852950e4ddd4c9ce366
唐包京承联线,RL-0217b929f5b435e22552,15,unknown,conventional,轨道线 / 普速铁路 / 联络线,track.conventional.connecting_line,user_verified,line_role,,,,search_results_available,2026-10-06T15:20:30.220Z,RL-0217b929f5b435e22552
唐包京通联线,RL-8f4111bade1f164d2a66,25,unknown,conventional,轨道线 / 普速铁路 / 联络线,track.conventional.connecting_line,user_verified,line_role,,,,search_results_available,2026-10-06T15:10:54.233Z,RL-8f4111bade1f164d2a66
唐包线,RL-662e42ee3d36aa64b3a4,2436,conventional,conventional,轨道线 / 普速铁路 / 正线,track.conventional.main_line,osm_source_compared,,,,,search_results_available,2026-10-06T15:03:04.557Z,RL-662e42ee3d36aa64b3a4
唐山动车走行A线,RL-a41db3625aa37c4371de,4,high_speed,high_speed,轨道线 / 高速铁路 / 支线 / 速度范围待核实,track.high_speed.branch_line.unknown,osm_source_compared,,,,,search_results_available,2026-10-06T15:42:33.557Z,RL-a41db3625aa37c4371de
唐山动车走行B线,RL-c123bd5bfc7ab16ed0fc,4,high_speed,high_speed,轨道线 / 高速铁路 / 支线 / 速度范围待核实,track.high_speed.branch_line.unknown,osm_source_compared,,,,,search_results_available,2026-10-06T15:42:33.557Z,RL-c123bd5bfc7ab16ed0fc
唐山北联络线,RL-c19083bde9fb8cb1b598,52,unknown,unknown,轨道线 / 类别待核实 / 正线,track.unknown.main_line,unresolved,,,,,search_results_available,2026-10-06T15:08:34.928Z,RL-c19083bde9fb8cb1b598
唐曹客车直通线,RL-8ef80843be05f13a2e78|RL-f5ace0e9512b6e8ee0dd,3,unknown,unknown,在建 / 轨道线 / 类别待核实 / 支线|轨道线 / 类别待核实 / 支线,track.unknown.branch_line,unresolved,,,,,search_results_available,2026-10-06T15:43:54.470Z,RL-8ef80843be05f13a2e78|RL-f5ace0e9512b6e8ee0dd
唐曹线,RL-bc9618c4a859279b94a0,179,unknown,unknown,轨道线 / 类别待核实 / 正线,track.unknown.main_line,unresolved,,,,,search_results_available,2026-10-06T15:06:16.531Z,RL-bc9618c4a859279b94a0
唐滦联络线,RL-97dbf62ea783936bb627,12,unknown,unknown,轨道线 / 类别待核实 / 正线,track.unknown.main_line,unresolved,,,,https://china-emu.cn/RailRoads/Line/?LineName=唐滦联络线,search_results_available,2026-10-06T15:21:52.025Z,RL-97dbf62ea783936bb627
唐遵热电厂专用线,RL-3216d6d5a3c6b5234205,4,unknown,unknown,车站线 / 类别待核实 / 连接线,station.unknown.spur_track,unresolved,,,,,search_results_available,2026-10-06T15:42:33.557Z,RL-3216d6d5a3c6b5234205
唐遵线,RL-111c1ce283787914ae75,102,unknown,unknown,轨道线 / 类别待核实 / 支线,track.unknown.branch_line,unresolved,,,,,search_results_available,2026-10-06T15:07:03.738Z,RL-111c1ce283787914ae75
商丘京港联络线,RL-4db8a89823ea1090b30e|RL-fe0080c12ed619ffcd2b,7,high_speed|unknown,high_speed|unknown,轨道线 / 类别待核实 / 支线|轨道线 / 高速铁路 / 支线 / 速度范围待核实,track.high_speed.branch_line.unknown|track.unknown.branch_line,osm_source_compared|unresolved,,,,https://china-emu.cn/RailRoads/Line/?LineName=商丘京港联络线,search_results_available,2026-10-06T15:26:19.459Z,RL-4db8a89823ea1090b30e|RL-fe0080c12ed619ffcd2b
商丘北东联络线,RL-a26c8ebb04244297f658,11,unknown,unknown,轨道线 / 类别待核实 / 支线,track.unknown.branch_line,unresolved,,,,,search_results_available,2026-10-06T15:22:27.533Z,RL-a26c8ebb04244297f658
商丘北西联络线,RL-0adf7c2063571e3a4d11,7,unknown,unknown,轨道线 / 类别待核实 / 联络线,track.unknown.connecting_line,unresolved,line_role,,,,search_results_available,2026-10-06T15:26:19.459Z,RL-0adf7c2063571e3a4d11
商丘南西联络线,RL-f642fd311afead36a03f,7,unknown,unknown,轨道线 / 类别待核实 / 支线,track.unknown.branch_line,unresolved,,,,,search_results_available,2026-10-06T15:26:05.828Z,RL-f642fd311afead36a03f
商丘存车场动走线,RL-50138ac4a5f64c04cd9a,5,unknown,unknown,车站线 / 类别待核实 / 站场轨道线,station.unknown.unknown,unresolved,,,,,search_results_available,2026-10-06T15:29:03.172Z,ST-370799a324c7d382b534|ST-4e9ac7a878d79d61d4c4
商丘徐兰折返线,RL-06f4ea1c4534ed9c3b5b,3,high_speed,high_speed,轨道线 / 高速铁路 / 支线 / 速度范围待核实,track.high_speed.branch_line.unknown,osm_source_compared,,,,,search_results_available,2026-10-06T15:43:54.470Z,RL-06f4ea1c4534ed9c3b5b
商丘西北联络线,RL-cf9eb9280a1572d11125,7,unknown,unknown,轨道线 / 类别待核实 / 支线,track.unknown.branch_line,unresolved,,,,,search_results_available,2026-10-06T15:26:05.828Z,RL-cf9eb9280a1572d11125
商丘西南联络线,RL-1d38c89568ecb582df51,9,unknown,unknown,轨道线 / 类别待核实 / 联络线,track.unknown.connecting_line,unresolved,line_role,,,,search_results_available,2026-10-06T15:24:02.293Z,RL-1d38c89568ecb582df51
商业局线,RL-4e1e2e9b414253ad87b6,1,unknown,unknown,车站线 / 类别待核实 / 站场轨道线,station.unknown.unknown,unresolved,,,,,search_results_available,2026-10-06T15:47:54.378Z,ST-d087b2ff211757fb48ad
商业线,RL-eb284484ed1d923db4fd,1,unknown,unknown,车站线 / 类别待核实 / 连接线,station.unknown.spur_track,unresolved,,,,,search_results_available,2026-10-06T15:47:54.378Z,RL-eb284484ed1d923db4fd
商合杭高铁,RL-de8bf69a698d446a7ee1,2,high_speed,high_speed,车站线 / 高速铁路 / 站场轨道线 / 速度范围待核实,station.high_speed.unknown.unknown,osm_source_compared,,,,,search_results_available,2026-10-06T15:45:34.546Z,ST-6a958cf0c4bb01f6acab
喀什至和田铁路 Kashgar–Hotan Railway,RL-3b62ebcec5bd8b5ba4b9,5,unknown,unknown,车站线 / 类别待核实 / 站场轨道线,station.unknown.unknown,unresolved,,,,,search_results_available,2026-10-06T15:29:02.320Z,ST-0806743131d0f3b6bcbd
喀什至和田铁路 خوتەن قەشقەر تۆمۈريولى,RL-435a6a350fda590ac0ad,6,unknown,unknown,车站线 / 类别待核实 / 连接线,station.unknown.spur_track,unresolved,,,,,search_results_available,2026-10-06T15:27:28.551Z,RL-435a6a350fda590ac0ad
喀赤客专线,RL-67c563124d9e56c74676,107,high_speed,high_speed,轨道线 / 高速铁路 / 正线 / 速度范围待核实,track.high_speed.main_line.unknown,osm_source_compared,,,,,search_results_available,2026-10-06T15:54:31.871Z,RL-67c563124d9e56c74676
嘉兴南站1道,RL-47b4729b2d982d2a05c6,1,unknown,unknown,车站线 / 类别待核实 / 站场轨道线,station.unknown.unknown,unresolved,,,,,search_results_available,2026-10-06T15:47:54.378Z,ST-59ef04db627ebd2a587a
嘉兴南站2道,RL-d2143b34359d350b4203,2,unknown,unknown,车站线 / 类别待核实 / 站场轨道线,station.unknown.unknown,unresolved,,,,,search_results_available,2026-10-06T15:45:34.546Z,ST-59ef04db627ebd2a587a
嘉兴南站3道,RL-1bc61eab579460983cec,3,unknown,unknown,车站线 / 类别待核实 / 站场轨道线,station.unknown.unknown,unresolved,,,,,search_results_available,2026-10-06T15:43:55.131Z,ST-59ef04db627ebd2a587a
嘉兴南站6道,RL-b0a62b33bbcac4f73f53,3,unknown,unknown,车站线 / 类别待核实 / 站场轨道线,station.unknown.unknown,unresolved,,,,,search_results_available,2026-10-06T15:43:55.131Z,ST-59ef04db627ebd2a587a
嘉兴南站7道,RL-c0611184384c8881050b,1,unknown,unknown,车站线 / 类别待核实 / 站场轨道线,station.unknown.unknown,unresolved,,,,,search_results_available,2026-10-06T15:47:54.378Z,ST-59ef04db627ebd2a587a
嘉兴南站8道,RL-81ce6ec4df7ddede100c,1,unknown,unknown,车站线 / 类别待核实 / 站场轨道线,station.unknown.unknown,unresolved,,,,,search_results_available,2026-10-06T15:48:05.067Z,ST-59ef04db627ebd2a587a
嘉兴至枫南市域铁路,RL-133833de958e4cd6a2d9,10,unknown,unknown,在建 / 轨道线 / 类别待核实 / 正线,track.unknown.main_line,unresolved,,,,,search_results_available,2026-10-06T15:23:13.805Z,RL-133833de958e4cd6a2d9
嘉善南站1道,RL-f60a82375ba9ca7488e1,1,unknown,unknown,车站线 / 类别待核实 / 站场轨道线,station.unknown.unknown,unresolved,,,,,search_results_available,2026-10-06T15:48:05.067Z,ST-f049542880d742406ecd
嘉善南站4道,RL-a764c39cc8c3ee3c3ece,1,unknown,unknown,车站线 / 类别待核实 / 站场轨道线,station.unknown.unknown,unresolved,,,,,search_results_available,2026-10-06T15:48:05.067Z,ST-f049542880d742406ecd
嘉善至西塘市域铁路,RL-0f25589dc9f6f6b1d648,9,unknown,unknown,在建 / 轨道线 / 类别待核实 / 正线,track.unknown.main_line,unresolved,,,,,search_results_available,2026-10-06T15:24:02.293Z,RL-0f25589dc9f6f6b1d648
嘉峪关南联络线,RL-2fa8c65c84ab0e5f969f,30,unknown,unknown,轨道线 / 类别待核实 / 支线,track.unknown.branch_line,unresolved,,,,,search_results_available,2026-10-06T15:10:14.045Z,RL-2fa8c65c84ab0e5f969f
嘉峪关环线,RL-62f3e0b3cccedf56c551,83,unknown,unknown,轨道线 / 类别待核实 / 线路功能待核实,track.unknown.unknown,unresolved,,line_role|track_role,,,search_results_available,2026-10-06T15:54:00.530Z,RL-62f3e0b3cccedf56c551
嘉策铁路,RL-a91518ded6cf28926707,76,unknown,unknown,轨道线 / 类别待核实 / 正线,track.unknown.main_line,unresolved,,,,,search_results_available,2026-10-06T15:07:37.354Z,RL-a91518ded6cf28926707
嘉镜线,RL-b528ea0217b65b907f3e,155,unknown,unknown,轨道线 / 类别待核实 / 支线,track.unknown.branch_line,unresolved,,,,,search_results_available,2026-10-06T15:06:27.585Z,RL-b528ea0217b65b907f3e
嘉闵线,RL-694a7f389b50bb7b5932|RL-81d4bb4468c07391bfbe,38,unknown,unknown,在建 / 轨道线 / 类别待核实 / 正线|轨道线 / 类别待核实 / 正线,track.unknown.main_line,unresolved,,,,https://china-emu.cn/RailRoads/Line/?LineName=嘉闵线,search_results_available,2026-10-06T15:09:34.577Z,RL-694a7f389b50bb7b5932|RL-81d4bb4468c07391bfbe
四川储备物资管理局437处专用线,RL-94a1a3bd251ff524f800,1,unknown,unknown,车站线 / 类别待核实 / 连接线,station.unknown.spur_track,unresolved,,,,,search_results_available,2026-10-06T15:48:05.067Z,RL-94a1a3bd251ff524f800
四川农资集团蜀龙物流有限公司专用线,RL-1c2ae54f024471994045,4,unknown,unknown,车站线 / 类别待核实 / 连接线,station.unknown.spur_track,unresolved,,,,,search_results_available,2026-10-06T15:42:33.557Z,RL-1c2ae54f024471994045
四川双马成都建材有限公司专用线,RL-923c40efc7c95c1edf02,1,unknown,unknown,车站线 / 类别待核实 / 站场轨道线,station.unknown.unknown,unresolved,,,,,search_results_available,2026-10-06T15:48:06.252Z,ST-0e0e6a048b70994f2dee
四川建设机械（集团）股份有限公司专用铁路,RL-007ddab9093e1e4cfc42|RL-0faf3b4e1e67bd1c2f8a,11,unknown,unknown,车站线 / 类别待核实 / 站场轨道线|车站线 / 类别待核实 / 连接线,station.unknown.spur_track|station.unknown.unknown,unresolved,,,,,search_results_available,2026-10-06T15:22:27.533Z,RL-0faf3b4e1e67bd1c2f8a|ST-90ba452efb1dea39265c
四川石化基地专用线,RL-d3ecad75f4e7eb1b7a93,37,industrial,industrial,轨道线 / 工业铁路 / 工业线,track.industrial.industrial_line,osm_source_compared,,,,,search_results_available,2026-10-06T15:09:32.130Z,RL-d3ecad75f4e7eb1b7a93
四梅线,RL-61ab79b7e677401d484e,161,unknown,unknown,轨道线 / 类别待核实 / 正线,track.unknown.main_line,unresolved,,,,,search_results_available,2026-10-06T15:06:29.800Z,RL-61ab79b7e677401d484e
四粮库线,RL-223958c1355e8e053e4c,1,unknown,unknown,车站线 / 类别待核实 / 连接线,station.unknown.spur_track,unresolved,,,,,search_results_available,2026-10-06T15:48:06.252Z,RL-223958c1355e8e053e4c
回转线,RL-19d7a051bb72988235f1,18,unknown,unknown,车站线 / 类别待核实 / 站场轨道线,station.unknown.unknown,unresolved,,line_role,,,search_results_available,2026-10-06T15:12:27.112Z,ST-0facf7fc682e7e366592|ST-dff3d2f7768df41f2ae5
团杉线,RL-50d6ccfb5e9b6917e5bb,11,unknown,unknown,轨道线 / 类别待核实 / 支线,track.unknown.branch_line,unresolved,,,,,search_results_available,2026-10-06T15:22:27.533Z,RL-50d6ccfb5e9b6917e5bb
团瓢庄联络线,RL-4770f70b0309c11d393a,6,unknown,unknown,轨道线 / 类别待核实 / 支线,track.unknown.branch_line,unresolved,,,,,search_results_available,2026-10-06T15:27:28.551Z,RL-4770f70b0309c11d393a
团结村II联络线,RL-7e1cdc6811064fb687e1,5,unknown,unknown,轨道线 / 类别待核实 / 支线,track.unknown.branch_line,unresolved,,,,,search_results_available,2026-10-06T15:29:02.320Z,RL-7e1cdc6811064fb687e1
团结村I联络线,RL-48757250294bb504a5e0,5,unknown,unknown,轨道线 / 类别待核实 / 支线,track.unknown.branch_line,unresolved,,,,,search_results_available,2026-10-06T15:29:02.320Z,RL-48757250294bb504a5e0
团遵联络线,RL-527ee603c8477edd18af,8,unknown,unknown,轨道线 / 类别待核实 / 支线,track.unknown.branch_line,unresolved,,,,,search_results_available,2026-10-06T15:24:53.404Z,RL-527ee603c8477edd18af
固安南联络线,RL-9eafcd0c49702b9f6aba,3,unknown,unknown,轨道线 / 类别待核实 / 支线,track.unknown.branch_line,unresolved,,,,,search_results_available,2026-10-06T15:43:55.131Z,RL-9eafcd0c49702b9f6aba
固王铁路,RL-ec9fc95b6f3929c87fd0,58,unknown,unknown,轨道线 / 类别待核实 / 线路功能待核实,track.unknown.unknown,unresolved,,railway_class|line_role,,,search_results_available,2026-10-06T15:08:21.419Z,RL-ec9fc95b6f3929c87fd0
国家电投集团江西电力有限公司新昌发电分公司专用铁路,RL-de4ba498769c1a0cd570,20,unknown,unknown,车站线 / 类别待核实 / 连接线,station.unknown.spur_track,unresolved,,,,,search_results_available,2026-10-06T15:11:47.055Z,RL-de4ba498769c1a0cd570
国家粮食和物资储备局湖北局三七三处专用线,RL-5802ba02878158ba270e,5,unknown,unknown,车站线 / 类别待核实 / 连接线,station.unknown.spur_track,unresolved,,,,,search_results_available,2026-10-06T15:29:02.320Z,RL-5802ba02878158ba270e
国投支线,RL-2696c1fc4cbd1058bf7f,4,unknown,unknown,轨道线 / 类别待核实 / 支线,track.unknown.branch_line,unresolved,,,,,search_results_available,2026-10-06T15:42:35.142Z,RL-2696c1fc4cbd1058bf7f
国电丰城发电有限公司专用线,RL-1d7af8b66229428e9792,10,industrial,industrial,车站线 / 工业铁路 / 连接线,station.industrial.spur_track,osm_source_compared,,,,,search_results_available,2026-10-06T15:23:13.805Z,RL-1d7af8b66229428e9792
国电投沁阳发电分公司专用线疏解线,RL-a7937794607ac33c7fff,5,industrial,industrial,轨道线 / 工业铁路 / 工业线,track.industrial.industrial_line,osm_source_compared,,,,,search_results_available,2026-10-06T15:29:15.357Z,RL-a7937794607ac33c7fff
国电投沁阳发电分公司专用线重车线,RL-5be8886cc1a42506bbff,15,unknown,unknown,轨道线 / 类别待核实 / 线路功能待核实,track.unknown.unknown,unresolved,,,,,search_results_available,2026-10-06T15:20:30.220Z,RL-5be8886cc1a42506bbff
国电泰安疏解线,RL-79c66d928cf543aa7744,16,unknown,unknown,轨道线 / 类别待核实 / 支线,track.unknown.branch_line,unresolved,,,,,search_results_available,2026-10-06T15:12:51.770Z,RL-79c66d928cf543aa7744
国电长春一热专用线,RL-f6ea9d57c00e3d5bebeb,7,unknown,unknown,车站线 / 类别待核实 / 连接线,station.unknown.spur_track,unresolved,,railway_class|line_role,,,search_results_available,2026-10-06T15:26:05.828Z,RL-f6ea9d57c00e3d5bebeb
国能四川天明发电有限公司专用线,RL-7407bbf95d8af42a7103,9,unknown,unknown,车站线 / 类别待核实 / 连接线,station.unknown.spur_track,unresolved,,,,,search_results_available,2026-10-06T15:24:02.630Z,RL-7407bbf95d8af42a7103
国营南昌肉类联合加工厂专用线,RL-f91e3a41af4927891d56,2,unknown,unknown,车站线 / 类别待核实 / 站场轨道线,station.unknown.unknown,unresolved,,,,,search_results_available,2026-10-06T15:45:34.546Z,ST-7d9bb943562db6184518
图佳线,RL-2e912e5f94ad63bd2a40,545,conventional,conventional,轨道线 / 普速铁路 / 正线,track.conventional.main_line,source_checked,,,https://www.nra.gov.cn/zzjg/jgj/syjd/sgsgg/201911/P020220825544637781349.pdf,,search_results_available,2026-10-06T15:04:07.143Z,RL-2e912e5f94ad63bd2a40
图木舒克线,RL-e4a3137d8adf263d7ff5,37,unknown,unknown,轨道线 / 类别待核实 / 支线,track.unknown.branch_line,unresolved,,,,,search_results_available,2026-10-06T15:09:32.130Z,RL-e4a3137d8adf263d7ff5
图牡货线,RL-8d3c5c1f580974a83c6e,6,conventional,conventional,轨道线 / 普速铁路 / 正线,track.conventional.main_line,source_checked,,,https://www.nra.gov.cn/zzjg/jgj/syjd/sgsgg/201911/P020220825544637781349.pdf,,search_results_available,2026-10-06T15:27:28.551Z,RL-8d3c5c1f580974a83c6e
图珲线,RL-8962c1ffcde9c99feca6,91,unknown,unknown,轨道线 / 类别待核实 / 正线,track.unknown.main_line,unresolved,,,,,search_results_available,2026-10-06T15:07:17.169Z,RL-8962c1ffcde9c99feca6
土南线,RL-c83e9297fd46a11d3a87|RL-d9fb10de1e45da65590c,43,unknown,unknown,车站线 / 类别待核实 / 站场轨道线|轨道线 / 类别待核实 / 正线,station.unknown.unknown|track.unknown.main_line,unresolved,,line_role,,,search_results_available,2026-10-06T15:09:17.234Z,RL-c83e9297fd46a11d3a87|ST-261265cdbed53a98ef3e|ST-28bc5f246435974157aa|ST-f8039850ca06386a77af
土城石矿线,RL-4be04337714e534c3e58,11,unknown,unknown,轨道线 / 类别待核实 / 支线,track.unknown.branch_line,unresolved,,,,,search_results_available,2026-10-06T15:22:27.533Z,RL-4be04337714e534c3e58
土塘联络线,RL-3350a8ad92451d1ba010,11,unknown,unknown,轨道线 / 类别待核实 / 线路功能待核实,track.unknown.unknown,unresolved,,line_role|track_role,,,search_results_available,2026-10-06T15:22:27.715Z,RL-3350a8ad92451d1ba010
土特产线,RL-8b58c585a5cc37ce54b7,2,unknown,unknown,车站线 / 类别待核实 / 连接线,station.unknown.spur_track,unresolved,,,,,search_results_available,2026-10-06T15:54:15.153Z,RL-8b58c585a5cc37ce54b7
土特线,RL-5a680a7ca75ac3a40363|RL-6eb3303e36c7b8c0cb99,4,unknown,unknown,车站线 / 类别待核实 / 站场轨道线|车站线 / 类别待核实 / 连接线,station.unknown.spur_track|station.unknown.unknown,unresolved,,,,,search_results_available,2026-10-06T15:42:35.142Z,RL-5a680a7ca75ac3a40363|ST-7e43f2447b0c5f74c7c2
地区车场线,RL-e60f1e25403b64e7d075,8,unknown,unknown,车站线 / 类别待核实 / 站场轨道线,station.unknown.unknown,unresolved,,,,,search_results_available,2026-10-06T15:24:53.404Z,ST-aff2063c4c83a60e9067
地煤线,RL-594d80b4726142cd91de,1,unknown,unknown,车站线 / 类别待核实 / 连接线,station.unknown.spur_track,unresolved,,,,,search_results_available,2026-10-06T15:48:06.252Z,RL-594d80b4726142cd91de
坊子线,RL-829e5480bb6bc1a28a0e,24,unknown,unknown,轨道线 / 类别待核实 / 支线,track.unknown.branch_line,unresolved,,,,,search_results_available,2026-10-06T15:11:06.399Z,RL-829e5480bb6bc1a28a0e
坑木线,RL-c2f52228f8265250dffd,2,unknown,unknown,车站线 / 类别待核实 / 连接线,station.unknown.spur_track,unresolved,,,,,search_results_available,2026-10-06T15:54:51.323Z,RL-c2f52228f8265250dffd
块状煤装车线,RL-2d8ec617ddaf4fe70207,1,unknown,unknown,车站线 / 类别待核实 / 站场轨道线,station.unknown.unknown,unresolved,,,,,search_results_available,2026-10-06T15:48:06.252Z,ST-5c2cfd7dcb265bc661ab
坪岚线,RL-935cd361eb36d44ffdab,100,unknown,unknown,轨道线 / 类别待核实 / 正线,track.unknown.main_line,unresolved,,,,,search_results_available,2026-10-06T15:07:05.212Z,RL-935cd361eb36d44ffdab
坪木线,RL-5de0d42646758a18c3bc,65,unknown,unknown,轨道线 / 类别待核实 / 支线,track.unknown.branch_line,unresolved,,,,,search_results_available,2026-10-06T15:08:07.520Z,RL-5de0d42646758a18c3bc
坪田联络线,RL-28220192da213ae660e6|RL-a58bd7cdd83ac908fbb4,10,unknown,unknown,轨道线 / 类别待核实 / 线路功能待核实,track.unknown.unknown,unresolved,,,,,search_results_available,2026-10-06T15:23:13.805Z,RL-28220192da213ae660e6|RL-a58bd7cdd83ac908fbb4
城庄线,RL-0c0f0f563660e6d8a23d,68,unknown,unknown,轨道线 / 类别待核实 / 支线,track.unknown.branch_line,unresolved,,,,,search_results_available,2026-10-06T15:07:51.620Z,RL-0c0f0f563660e6d8a23d
城庄联络线,RL-f976723d818e631b927f,4,unknown,unknown,轨道线 / 类别待核实 / 支线,track.unknown.branch_line,unresolved,,,,,search_results_available,2026-10-06T15:42:35.142Z,RL-f976723d818e631b927f
城矿线,RL-0ee05dbf3c7ca8f2c3c6,8,industrial,industrial,轨道线 / 工业铁路 / 工业线,track.industrial.industrial_line,osm_source_compared,,,,,search_results_available,2026-10-06T15:24:55.182Z,RL-0ee05dbf3c7ca8f2c3c6
城矿铁路,RL-88e8975b972e17ea0bab,11,industrial,industrial,轨道线 / 工业铁路 / 工业线,track.industrial.industrial_line,osm_source_compared,,,,,search_results_available,2026-10-06T15:22:27.715Z,RL-88e8975b972e17ea0bab
城际动车运用所入库线,RL-d5eeda340df120118fa1,1,unknown,unknown,车站线 / 类别待核实 / 站场轨道线,station.unknown.unknown,unresolved,,,,,search_results_available,2026-10-06T15:48:05.724Z,ST-2a3ba6f06a6e20a31c35
城际动车运用所出库线,RL-4031be84f46610a69cad,1,unknown,unknown,车站线 / 类别待核实 / 站场轨道线,station.unknown.unknown,unresolved,,,,,search_results_available,2026-10-06T15:48:05.724Z,ST-2a3ba6f06a6e20a31c35
城鸡线,RL-2210121090627a0e1a57,82,conventional,conventional,轨道线 / 普速铁路 / 正线,track.conventional.main_line,source_checked,,,https://www.nra.gov.cn/zzjg/jgj/syjd/sgsgg/201911/P020220825544637781349.pdf,,search_results_available,2026-10-06T15:54:10.231Z,RL-2210121090627a0e1a57
塔七线,RL-a4fdb7c0d6522203b333,4,unknown,unknown,轨道线 / 类别待核实 / 支线,track.unknown.branch_line,unresolved,,,,,search_results_available,2026-10-06T15:42:35.142Z,RL-a4fdb7c0d6522203b333
塔东林专线,RL-63bc0c2fef126e65a4fc,2,unknown,unknown,车站线 / 类别待核实 / 连接线,station.unknown.spur_track,unresolved,,,,,search_results_available,2026-10-06T15:54:44.678Z,RL-63bc0c2fef126e65a4fc
塔锡线,RL-327b6b1835f56a7abc5d,345,unknown,unknown,轨道线 / 类别待核实 / 正线,track.unknown.main_line,unresolved,,,,https://china-emu.cn/RailRoads/Line/?LineName=塔锡铁路,search_results_available,2026-10-06T15:04:36.047Z,RL-327b6b1835f56a7abc5d
塔韩线,RL-39e8a4e31e7c2bfce082|RL-90dd0010b384043741e6,162,conventional|unknown,conventional|unknown,轨道线 / 普速铁路 / 支线|轨道线 / 类别待核实 / 支线,track.conventional.branch_line|track.unknown.branch_line,source_checked|unresolved,,,https://www.nra.gov.cn/zzjg/jgj/syjd/sgsgg/201911/P020220825544637781349.pdf,,search_results_available,2026-10-06T15:06:21.640Z,RL-39e8a4e31e7c2bfce082|RL-90dd0010b384043741e6
塘厦联络线,RL-4fb663304a0b1421def9,1,unknown,unknown,车站线 / 类别待核实 / 站场轨道线,station.unknown.unknown,unresolved,,,,,search_results_available,2026-10-06T15:48:05.724Z,ST-4832b6e030747502eaf1
塘口南疏解线,RL-3ab281f5861ac6171f46,21,unknown,unknown,轨道线 / 类别待核实 / 支线,track.unknown.branch_line,unresolved,,,,,search_results_available,2026-10-06T15:11:39.275Z,RL-3ab281f5861ac6171f46
塘口深湛联络线,RL-8ef36a8a198452dd47da,23,unknown,unknown,轨道线 / 类别待核实 / 支线,track.unknown.branch_line,unresolved,,,,,search_results_available,2026-10-06T15:11:19.011Z,RL-8ef36a8a198452dd47da
塘口联络线,RL-d2f164f43a7a89f16669,2,unknown,unknown,轨道线 / 类别待核实 / 支线,track.unknown.branch_line,unresolved,,,,,search_results_available,2026-10-06T15:54:56.504Z,RL-d2f164f43a7a89f16669
塘朗联络线,RL-727ad573466efd2fccf9,3,unknown,unknown,车站线 / 类别待核实 / 连接线,station.unknown.spur_track,unresolved,,,,,search_results_available,2026-10-06T15:43:55.131Z,RL-727ad573466efd2fccf9
塘沽线,RL-d77543941b96adc4787d,3,unknown,unknown,轨道线 / 类别待核实 / 支线,track.unknown.branch_line,unresolved,,,,,search_results_available,2026-10-06T15:44:00.128Z,RL-d77543941b96adc4787d
塘雅联络线,RL-d0d083b198d58a6406ce,16,unknown,unknown,轨道线 / 类别待核实 / 支线,track.unknown.branch_line,unresolved,,,,https://china-emu.cn/RailRoads/Line/?LineName=塘雅联络线,search_results_available,2026-10-06T15:12:51.770Z,RL-d0d083b198d58a6406ce
墟沟北线,RL-e31ef15896f4c781c7ef,26,unknown,unknown,轨道线 / 类别待核实 / 支线,track.unknown.branch_line,unresolved,,,,,search_results_available,2026-10-06T15:10:49.730Z,RL-e31ef15896f4c781c7ef
壮让联络线,RL-78007ac582d13c3713a1,11,conventional,conventional,轨道线 / 普速铁路 / 联络线,track.conventional.connecting_line,source_checked,,,https://www.nra.gov.cn/zzjg/jgj/syjd/sgsgg/201911/P020220825544637781349.pdf,,search_results_available,2026-10-06T15:22:27.715Z,RL-78007ac582d13c3713a1
复建南浔铁路废弃段,RL-931ce9e2e0c7853feee4,1,unknown,unknown,轨道线 / 类别待核实 / 线路功能待核实,track.unknown.unknown,unresolved,,,,,search_results_available,2026-10-06T15:48:05.724Z,RL-931ce9e2e0c7853feee4
复烤厂线,RL-7306a060dc6867cf682d,2,unknown,unknown,车站线 / 类别待核实 / 连接线,station.unknown.spur_track,unresolved,,,,,search_results_available,2026-10-06T15:54:56.504Z,RL-7306a060dc6867cf682d
夏官营客车联络线,RL-570323e1ae7b63d2e4d6,15,unknown,unknown,轨道线 / 类别待核实 / 正线,track.unknown.main_line,unresolved,,,,,search_results_available,2026-10-06T15:20:30.220Z,RL-570323e1ae7b63d2e4d6
夏官营货车联络线,RL-ef2bdc2b94b65af4144f,10,unknown,unknown,轨道线 / 类别待核实 / 正线,track.unknown.main_line,unresolved,,,,,search_results_available,2026-10-06T15:23:13.805Z,RL-ef2bdc2b94b65af4144f
外南线,RL-73be4084f9f0f7356752,52,unknown,unknown,轨道线 / 类别待核实 / 支线,track.unknown.branch_line,unresolved,,railway_class,,,search_results_available,2026-10-06T15:08:34.928Z,RL-73be4084f9f0f7356752
外洋联络线,RL-4696760e7acd9f96f3fd,5,unknown,unknown,轨道线 / 类别待核实 / 支线,track.unknown.branch_line,unresolved,,,,,search_results_available,2026-10-06T15:29:15.357Z,RL-4696760e7acd9f96f3fd
外贸专线,RL-3f7be3c9b2c5169a93c1,1,unknown,unknown,车站线 / 类别待核实 / 连接线,station.unknown.spur_track,unresolved,,,,,search_results_available,2026-10-06T15:48:04.910Z,RL-3f7be3c9b2c5169a93c1
外贸局线,RL-87cc355feb4460a44531,2,unknown,unknown,车站线 / 类别待核实 / 连接线,station.unknown.spur_track,unresolved,,,,,search_results_available,2026-10-06T15:54:15.153Z,RL-87cc355feb4460a44531
外贸生资线,RL-f1e5b7638200f01177df,3,unknown,unknown,车站线 / 类别待核实 / 连接线,station.unknown.spur_track,unresolved,,,,,search_results_available,2026-10-06T15:44:00.128Z,RL-f1e5b7638200f01177df
外贸线,RL-20305299b531b1acd856,3,unknown,unknown,车站线 / 类别待核实 / 连接线,station.unknown.spur_track,unresolved,,,,,search_results_available,2026-10-06T15:44:00.128Z,RL-20305299b531b1acd856
外运线,RL-8521fcc19b7da9481004,1,unknown,unknown,车站线 / 类别待核实 / 站场轨道线,station.unknown.unknown,unresolved,,,,,search_results_available,2026-10-06T15:48:04.910Z,ST-85f62828da742e5c6ada
大东联络线,RL-93e7cab8693dfb6e4d11,6,unknown,unknown,轨道线 / 类别待核实 / 支线,track.unknown.branch_line,unresolved,,,,,search_results_available,2026-10-06T15:27:28.551Z,RL-93e7cab8693dfb6e4d11
大丰港铁路,RL-05a11fd84b31a425479e,11,unknown,unknown,在建 / 轨道线 / 类别待核实 / 支线,track.unknown.branch_line,unresolved,,,,,search_results_available,2026-10-06T15:22:27.715Z,RL-05a11fd84b31a425479e
大丰港铁路支线,RL-f6c41a604b57e134219b,1,unknown,unknown,在建 / 轨道线 / 类别待核实 / 支线,track.unknown.branch_line,unresolved,,,,,search_results_available,2026-10-06T15:48:04.910Z,RL-f6c41a604b57e134219b
大临线,RL-01bca592b1431305bf91,192,unknown,unknown,轨道线 / 类别待核实 / 正线,track.unknown.main_line,unresolved,,,,https://china-emu.cn/RailRoads/Line/?LineName=大临铁路,search_results_available,2026-10-06T15:06:09.882Z,RL-01bca592b1431305bf91
大丽攀铁路,RL-be23c21c9e5ad19528ed,4,high_speed,high_speed,在建 / 轨道线 / 高速铁路 / 正线 / 速度范围待核实,track.high_speed.main_line.unknown,osm_source_compared,,,,,search_results_available,2026-10-06T15:42:40.013Z,RL-be23c21c9e5ad19528ed
大兴线,RL-f2e9d1574275532fd355,16,unknown,unknown,轨道线 / 类别待核实 / 支线,track.unknown.branch_line,unresolved,,,,,search_results_available,2026-10-06T15:12:51.770Z,RL-f2e9d1574275532fd355
大冶附属线,RL-52cff2d89423ea7a51ee,67,unknown,unknown,轨道线 / 类别待核实 / 支线,track.unknown.branch_line,unresolved,,,,,search_results_available,2026-10-06T15:07:57.776Z,RL-52cff2d89423ea7a51ee
大准铁路,RL-a7f14d71a10fe09d801d,330,unknown,unknown,轨道线 / 类别待核实 / 正线,track.unknown.main_line,unresolved,,,,,search_results_available,2026-10-06T15:04:36.047Z,RL-a7f14d71a10fe09d801d
大凫线,RL-da7b7db8e2b32e4424d6,29,unknown,unknown,轨道线 / 类别待核实 / 支线,track.unknown.branch_line,unresolved,,,,,search_results_available,2026-10-06T15:10:20.896Z,RL-da7b7db8e2b32e4424d6
大包上引线,RL-c1e56c1bf2024cfd149f,9,unknown,unknown,轨道线 / 类别待核实 / 正线,track.unknown.main_line,unresolved,,,,,search_results_available,2026-10-06T15:24:02.630Z,RL-c1e56c1bf2024cfd149f
大包下发线,RL-8fe6b49d84931e552941,11,unknown,unknown,轨道线 / 类别待核实 / 正线,track.unknown.main_line,unresolved,,,,,search_results_available,2026-10-06T15:22:27.711Z,RL-8fe6b49d84931e552941
大南海支线,RL-11c229ffddcf4c334dc0,5,unknown,unknown,在建 / 轨道线 / 类别待核实 / 支线,track.unknown.branch_line,unresolved,,,,,search_results_available,2026-10-06T15:29:15.357Z,RL-11c229ffddcf4c334dc0
大南线,RL-f0b0b64a6417ca0ccfa9,13,unknown,unknown,轨道线 / 类别待核实 / 支线,track.unknown.branch_line,unresolved,,,,,search_results_available,2026-10-06T15:21:26.202Z,RL-f0b0b64a6417ca0ccfa9
大厂动车走行A线,RL-681e91254350c3f943e7,11,unknown,unknown,轨道线 / 类别待核实 / 支线,track.unknown.branch_line,unresolved,,,,,search_results_available,2026-10-06T15:22:27.711Z,RL-681e91254350c3f943e7
大厂动车走行B线,RL-887037795436e3142bb4,11,unknown,unknown,轨道线 / 类别待核实 / 支线,track.unknown.branch_line,unresolved,,,,,search_results_available,2026-10-06T15:22:27.711Z,RL-887037795436e3142bb4
大台线,RL-b623eb96899ce7806487,60,unknown,unknown,轨道线 / 类别待核实 / 支线,track.unknown.branch_line,unresolved,,,,,search_results_available,2026-10-06T15:08:13.161Z,RL-b623eb96899ce7806487
大同北环线,RL-26bd93f71e390a3a255f,12,unknown,unknown,轨道线 / 类别待核实 / 正线,track.unknown.main_line,unresolved,,,,,search_results_available,2026-10-06T15:21:52.025Z,RL-26bd93f71e390a3a255f
大唐滨洲电厂线,RL-42de041604bd44109dae,4,unknown,industrial,轨道线 / 工业铁路 / 支线,track.industrial.branch_line,user_verified,,,,,search_results_available,2026-10-06T15:42:40.013Z,RL-42de041604bd44109dae
大坝专用线,RL-815a4d281d4a4767c5b3,1,unknown,unknown,车站线 / 类别待核实 / 连接线,station.unknown.spur_track,unresolved,,,,,search_results_available,2026-10-06T15:48:04.910Z,RL-815a4d281d4a4767c5b3
大安北联络线,RL-cbad21cef24ccb982cc0,3,unknown,unknown,轨道线 / 类别待核实 / 支线,track.unknown.branch_line,unresolved,,,,,search_results_available,2026-10-06T15:44:00.128Z,RL-cbad21cef24ccb982cc0
大安联络线,RL-1e3b229962f687f726c0|RL-2adf22a0220ade6f848e,13,unknown,unknown,车站线 / 类别待核实 / 连接线|轨道线 / 类别待核实 / 支线,station.unknown.spur_track|track.unknown.branch_line,unresolved,,,,,search_results_available,2026-10-06T15:21:23.846Z,RL-1e3b229962f687f726c0|RL-2adf22a0220ade6f848e
大安西联络线,RL-efe1eab7824641ac4312,18,unknown,unknown,轨道线 / 类别待核实 / 支线,track.unknown.branch_line,unresolved,,,,,search_results_available,2026-10-06T15:12:27.112Z,RL-efe1eab7824641ac4312
大宋线,RL-1473191785739713c0f6,28,unknown,unknown,轨道线 / 类别待核实 / 支线,track.unknown.branch_line,unresolved,,,,,search_results_available,2026-10-06T15:10:36.674Z,RL-1473191785739713c0f6
大宝山铁矿专用线,RL-22777bda626e9b3e13c1,20,industrial,industrial,轨道线 / 工业铁路 / 工业线,track.industrial.industrial_line,osm_source_compared,,,,,search_results_available,2026-10-06T15:11:47.055Z,RL-22777bda626e9b3e13c1
大庆专用线,RL-57932b007a0432987418,1,unknown,unknown,车站线 / 类别待核实 / 连接线,station.unknown.spur_track,unresolved,,,,,search_results_available,2026-10-06T15:48:09.826Z,RL-57932b007a0432987418
大庆走行线,RL-b5ffd9b20e95bd904fb9,1,unknown,unknown,车站线 / 类别待核实 / 连接线,station.unknown.spur_track,unresolved,,,,,search_results_available,2026-10-06T15:48:09.826Z,RL-b5ffd9b20e95bd904fb9
大旧庄支线铁路,RL-8013c71d1003178be67d,4,industrial,industrial,轨道线 / 工业铁路 / 工业线,track.industrial.industrial_line,osm_source_compared,,,,,search_results_available,2026-10-06T15:42:40.013Z,RL-8013c71d1003178be67d
大旬联络线,RL-5185d521f85556bc9724,66,unknown,unknown,轨道线 / 类别待核实 / 正线,track.unknown.main_line,unresolved,,,,,search_results_available,2026-10-06T15:07:59.159Z,RL-5185d521f85556bc9724
大机上油线,RL-941f63a14edcf74ce289,1,unknown,unknown,车站线 / 类别待核实 / 站场轨道线,station.unknown.unknown,unresolved,,,,,search_results_available,2026-10-06T15:48:09.826Z,ST-4972bb6e2a0706808c0b
大机停机线,RL-6d89d1fd6e5012a8b30e,1,high_speed,high_speed,车站线 / 高速铁路 / 站场轨道线 / 速度范围待核实,station.high_speed.unknown.unknown,osm_source_compared,,,,,search_results_available,2026-10-06T15:48:09.826Z,ST-07d74895c98207b45adf
大机停留线,RL-28d30b83b5c3e7ab9e6e,1,unknown,unknown,车站线 / 类别待核实 / 站场轨道线,station.unknown.unknown,unresolved,,,,,search_results_available,2026-10-06T15:48:10.430Z,ST-942dca8230da1e683381
大李线,RL-b09ca3b467a5f0a24dfb,34,unknown,unknown,轨道线 / 类别待核实 / 支线,track.unknown.branch_line,unresolved,,,,,search_results_available,2026-10-06T15:09:52.637Z,RL-b09ca3b467a5f0a24dfb
大枣线,RL-f739f64dd3f704255858,99,unknown,unknown,轨道线 / 类别待核实 / 支线,track.unknown.branch_line,unresolved,,,,,search_results_available,2026-10-06T15:07:09.363Z,RL-f739f64dd3f704255858
大段上联线,RL-ae11d855a92bee55d9f6,14,unknown,unknown,轨道线 / 类别待核实 / 支线,track.unknown.branch_line,unresolved,,,,,search_results_available,2026-10-06T15:20:56.336Z,RL-ae11d855a92bee55d9f6
大段下联线,RL-031e0e210cbff8cb8aa3,15,unknown,unknown,轨道线 / 类别待核实 / 支线,track.unknown.branch_line,unresolved,,,,,search_results_available,2026-10-06T15:20:28.969Z,RL-031e0e210cbff8cb8aa3
大河沿联络线,RL-56c08cbaf6745631c00d|RL-c7958477e4459d842187,27,unknown,unknown,车站线 / 类别待核实 / 渡线|轨道线 / 类别待核实 / 正线,station.unknown.crossover|track.unknown.main_line,unresolved,,,,https://china-emu.cn/RailRoads/Line/?LineName=大河沿联络线,search_results_available,2026-10-06T15:10:42.772Z,RL-56c08cbaf6745631c00d|RL-c7958477e4459d842187
大海林林业局供应科专用线,RL-fe88ec2814fdac7b7cba,1,unknown,unknown,车站线 / 类别待核实 / 连接线,station.unknown.spur_track,unresolved,,,,,search_results_available,2026-10-06T15:48:10.430Z,RL-fe88ec2814fdac7b7cba
大玉联络线,RL-ac3dbb94abbf6c15c7a3,8,high_speed,high_speed,轨道线 / 高速铁路 / 联络线 / 速度范围待核实,track.high_speed.connecting_line.unknown,osm_source_compared,line_role,,,https://china-emu.cn/RailRoads/Line/?LineName=大玉联络线,search_results_available,2026-10-06T15:24:55.182Z,RL-ac3dbb94abbf6c15c7a3
大王庄联络线,RL-77cc9f813184ef511179|RL-f9f81fe390dd657db7bf,42,high_speed|unknown,high_speed|unknown,轨道线 / 类别待核实 / 支线|轨道线 / 高速铁路 / 联络线 / 速度范围待核实,track.high_speed.connecting_line.unknown|track.unknown.branch_line,osm_source_compared|unresolved,line_role,,,https://china-emu.cn/RailRoads/Line/?LineName=大王庄联络线,search_results_available,2026-10-06T15:09:15.734Z,RL-77cc9f813184ef511179|RL-f9f81fe390dd657db7bf
大理东联络线,RL-3bf0b895f130bc915922,3,unknown,unknown,在建 / 轨道线 / 类别待核实 / 正线,track.unknown.main_line,unresolved,,,,,search_results_available,2026-10-06T15:44:00.242Z,RL-3bf0b895f130bc915922
大理北线,RL-3e0a9790761169c3416d,19,unknown,unknown,轨道线 / 类别待核实 / 正线,track.unknown.main_line,unresolved,,,,https://china-emu.cn/RailRoads/Line/?LineName=大理北线,search_results_available,2026-10-06T15:11:58.592Z,RL-3e0a9790761169c3416d
大瑞线,RL-3b5434feeaaa4369135d|RL-3fdd8d6967c926df8885|RL-62909d721b2c7cb41551,296,unknown,unknown,在建 / 轨道线 / 类别待核实 / 正线|轨道线 / 类别待核实 / 正线,track.unknown.main_line,unresolved,,,,https://china-emu.cn/RailRoads/Line/?LineName=大瑞铁路,search_results_available,2026-10-06T15:04:41.474Z,RL-3b5434feeaaa4369135d|RL-3fdd8d6967c926df8885|RL-62909d721b2c7cb41551
大瑞铁路,RL-1f031fe694cd1584bcaf|RL-894a0b20c647167b4239,8,unknown,unknown,在建 / 轨道线 / 类别待核实 / 正线|在建 / 轨道线 / 类别待核实 / 线路功能待核实,track.unknown.main_line|track.unknown.unknown,unresolved,,,,https://china-emu.cn/RailRoads/Line/?LineName=大瑞铁路,search_results_available,2026-10-06T15:24:55.182Z,RL-1f031fe694cd1584bcaf|RL-894a0b20c647167b4239
大砬线,RL-706e2961c403382dd0d7,7,unknown,unknown,车站线 / 类别待核实 / 连接线,station.unknown.spur_track,unresolved,,,,,search_results_available,2026-10-06T15:26:05.828Z,RL-706e2961c403382dd0d7
大秦三期煤码头线,RL-7d4432587cc6ad2d63a6,16,unknown,freight,轨道线 / 货运铁路 / 正线,track.freight.main_line,user_verified,,,,,search_results_available,2026-10-06T15:12:53.115Z,RL-7d4432587cc6ad2d63a6
大秦四期煤码头线,RL-c9d2755f1d0942eea3c1,12,unknown,freight,轨道线 / 货运铁路 / 正线,track.freight.main_line,user_verified,,,,,search_results_available,2026-10-06T15:21:52.025Z,RL-c9d2755f1d0942eea3c1
大秦津蓟上联线,RL-20b1e0f478c63f9f5bfc,10,unknown,unknown,轨道线 / 类别待核实 / 支线,track.unknown.branch_line,unresolved,,,,,search_results_available,2026-10-06T15:23:15.628Z,RL-20b1e0f478c63f9f5bfc
大秦津蓟下联线,RL-859f268ec38a6bc78035,17,unknown,unknown,轨道线 / 类别待核实 / 支线,track.unknown.branch_line,unresolved,,,,,search_results_available,2026-10-06T15:12:39.102Z,RL-859f268ec38a6bc78035
大秦线,RL-add033102fa64d3fd0a4,1628,freight,freight,轨道线 / 货运铁路 / 正线,track.freight.main_line,source_checked,,,https://www.nra.gov.cn/xwzx/xwxx/xwlb/202302/t20230224_339825.shtml,,search_results_available,2026-10-06T15:03:24.882Z,RL-add033102fa64d3fd0a4
大花岭货场疏解线,RL-0bc5e83e1bdd9d4e3d44,16,unknown,unknown,轨道线 / 类别待核实 / 支线,track.unknown.branch_line,unresolved,,,,,search_results_available,2026-10-06T15:12:53.115Z,RL-0bc5e83e1bdd9d4e3d44
大花岭货场联络线,RL-1549b3b0148430ad6142,7,unknown,unknown,轨道线 / 类别待核实 / 支线,track.unknown.branch_line,unresolved,,,,,search_results_available,2026-10-06T15:26:04.608Z,RL-1549b3b0148430ad6142
大莱龙线,RL-560795b0a3cb8afbe35a,174,unknown,conventional,轨道线 / 普速铁路 / 正线,track.conventional.main_line,user_verified,,,,,search_results_available,2026-10-06T15:06:16.399Z,RL-560795b0a3cb8afbe35a
大西立折疏解线,RL-ba6403ebdee19377c0e9,1,high_speed,high_speed,轨道线 / 高速铁路 / 正线 / 速度范围待核实,track.high_speed.main_line.unknown,osm_source_compared,,,,,search_results_available,2026-10-06T15:48:10.430Z,RL-ba6403ebdee19377c0e9
大西进场延长线,RL-668f775a0b5c8ba59671,4,unknown,unknown,轨道线 / 类别待核实 / 支线,track.unknown.branch_line,unresolved,,,,,search_results_available,2026-10-06T15:42:40.013Z,RL-668f775a0b5c8ba59671
大西进场线,RL-eee1a34d526efcad3d1b,3,unknown,unknown,轨道线 / 类别待核实 / 支线,track.unknown.branch_line,unresolved,,,,,search_results_available,2026-10-06T15:44:00.242Z,RL-eee1a34d526efcad3d1b
大西高速临潼东联络线,RL-673f3cadf62ed01b09fa,9,unknown,unknown,轨道线 / 类别待核实 / 正线,track.unknown.main_line,unresolved,,,,,search_results_available,2026-10-06T15:24:02.630Z,RL-673f3cadf62ed01b09fa
大西高速线,RL-863b5bde05133e5eb9e6,625,high_speed,high_speed,轨道线 / 高速铁路 / 正线 / 250–300 km/h,track.high_speed.main_line.250-300,osm_source_compared,,,,https://china-emu.cn/RailRoads/Line/?LineName=大西高速铁路,search_results_available,2026-10-06T15:03:57.533Z,RL-863b5bde05133e5eb9e6
大连北动车入库,RL-e3f848cc7da52f84131b,3,unknown,unknown,轨道线 / 类别待核实 / 支线,track.unknown.branch_line,unresolved,,,,,search_results_available,2026-10-06T15:44:00.242Z,RL-e3f848cc7da52f84131b
大连北动车出库,RL-b4ac14094e751c0d0b2e,5,unknown,unknown,轨道线 / 类别待核实 / 支线,track.unknown.branch_line,unresolved,,,,,search_results_available,2026-10-06T15:29:15.357Z,RL-b4ac14094e751c0d0b2e
大郑庄联络线,RL-6c12a31f12bc40ed4bb9,6,high_speed,high_speed,轨道线 / 高速铁路 / 联络线 / 速度范围待核实,track.high_speed.connecting_line.unknown,osm_source_compared,line_role,,,https://china-emu.cn/RailRoads/Line/?LineName=大郑庄联络线,search_results_available,2026-10-06T15:27:46.896Z,RL-6c12a31f12bc40ed4bb9
大郑线,RL-40c2834d51828b01e854,330,unknown,unknown,轨道线 / 类别待核实 / 正线,track.unknown.main_line,unresolved,,,,,search_results_available,2026-10-06T15:04:37.498Z,RL-40c2834d51828b01e854
天仙线,RL-c90fafe577f9946b8ffc,95,unknown,unknown,轨道线 / 类别待核实 / 支线,track.unknown.branch_line,unresolved,,,,,search_results_available,2026-10-06T15:07:16.596Z,RL-c90fafe577f9946b8ffc
天元锰业专用线,RL-353afd7f123d3219f86c,3,industrial,industrial,轨道线 / 工业铁路 / 工业线,track.industrial.industrial_line,osm_source_compared,,,,,search_results_available,2026-10-06T15:44:00.242Z,RL-353afd7f123d3219f86c
天兴洲普客联络线上行,RL-2962f54faa02b415f82a,1,unknown,unknown,轨道线 / 类别待核实 / 线路功能待核实,track.unknown.unknown,unresolved,,,,,search_results_available,2026-10-06T15:48:10.430Z,RL-2962f54faa02b415f82a
天兴洲普客联络线下行,RL-138e59e854f85bef4caa,1,unknown,unknown,轨道线 / 类别待核实 / 线路功能待核实,track.unknown.unknown,unresolved,,,,,search_results_available,2026-10-06T15:48:10.066Z,RL-138e59e854f85bef4caa
天华线,RL-fcb38bf62bf133f0a8c5,155,unknown,unknown,轨道线 / 类别待核实 / 正线,track.unknown.main_line,unresolved,,,,,search_results_available,2026-10-06T15:06:27.585Z,RL-fcb38bf62bf133f0a8c5
天平上行疏解线,RL-e2162a480232a4b628ac,2,unknown,unknown,轨道线 / 类别待核实 / 正线,track.unknown.main_line,unresolved,,,,,search_results_available,2026-10-06T15:54:20.196Z,RL-e2162a480232a4b628ac
天平铁路,RL-7d5a0810c3c5bc88a911,2,unknown,unknown,轨道线 / 类别待核实 / 正线,track.unknown.main_line,unresolved,,,,,search_results_available,2026-10-06T15:54:41.521Z,RL-7d5a0810c3c5bc88a911
天庆煤化工有限责任公司专用线,RL-84a0f06e7d6c83c3afa5,13,industrial,industrial,轨道线 / 工业铁路 / 工业线,track.industrial.industrial_line,osm_source_compared,,,,,search_results_available,2026-10-06T15:21:23.846Z,RL-84a0f06e7d6c83c3afa5
天府动车所走行线,RL-97d765297d3883091383,14,unknown,unknown,车站线 / 类别待核实 / 站场轨道线,station.unknown.unknown,unresolved,,,,,search_results_available,2026-10-06T15:54:51.323Z,ST-b0e725e72a7bea543f90
天心洲普客联络线,RL-e7da63c3a4e8c2944f7e,5,unknown,unknown,轨道线 / 类别待核实 / 线路功能待核实,track.unknown.unknown,unresolved,,,,,search_results_available,2026-10-06T15:29:19.817Z,RL-e7da63c3a4e8c2944f7e
天津北环线,RL-2aa569031bf47c057e0f,177,unknown,unknown,轨道线 / 类别待核实 / 正线,track.unknown.main_line,unresolved,,,,,search_results_available,2026-10-06T15:06:16.268Z,RL-2aa569031bf47c057e0f
天津南港线,RL-b70d49e38779fbf73aab,67,unknown,unknown,轨道线 / 类别待核实 / 支线,track.unknown.branch_line,unresolved,,,,,search_results_available,2026-10-06T15:07:57.776Z,RL-b70d49e38779fbf73aab
天津南疆一线,RL-482cd6b76645bcb0c5cd,16,unknown,unknown,轨道线 / 类别待核实 / 支线,track.unknown.branch_line,unresolved,,,,,search_results_available,2026-10-06T15:12:53.115Z,RL-482cd6b76645bcb0c5cd
天津南疆二线,RL-7f5a6f15209d6dd7d63d,19,unknown,unknown,轨道线 / 类别待核实 / 支线,track.unknown.branch_line,unresolved,,,,,search_results_available,2026-10-06T15:11:58.592Z,RL-7f5a6f15209d6dd7d63d
天津城际上联,RL-f3379453fa395e844a0e,1,unknown,unknown,轨道线 / 类别待核实 / 支线,track.unknown.branch_line,unresolved,,,,,search_results_available,2026-10-06T15:48:10.066Z,RL-f3379453fa395e844a0e
天津大北环线,RL-59e12a9e833c06529103,80,unknown,unknown,轨道线 / 类别待核实 / 正线,track.unknown.main_line,unresolved,,,,,search_results_available,2026-10-06T15:54:15.153Z,RL-59e12a9e833c06529103
天津西动车走行A线,RL-17ee4d74ae13d7883d10|RL-7ca1ebe277a971a28af4,15,unknown,unknown,轨道线 / 类别待核实 / 支线,track.unknown.branch_line,unresolved,,,,,search_results_available,2026-10-06T15:20:28.969Z,RL-17ee4d74ae13d7883d10|RL-7ca1ebe277a971a28af4
天津西动车走行B线,RL-c8d390769e01e04e1f30,12,unknown,unknown,轨道线 / 类别待核实 / 线路功能待核实,track.unknown.unknown,unresolved,,line_role,,,search_results_available,2026-10-06T15:21:52.025Z,RL-c8d390769e01e04e1f30
天津西动车走行C线,RL-5ea5043787587a8ba08c,9,unknown,unknown,轨道线 / 类别待核实 / 支线,track.unknown.branch_line,unresolved,,,,,search_results_available,2026-10-06T15:24:02.630Z,RL-5ea5043787587a8ba08c
天津西南环线,RL-511accaf8b0ad217ef1b,164,unknown,unknown,轨道线 / 类别待核实 / 线路功能待核实,track.unknown.unknown,unresolved,,line_role|track_role,,,search_results_available,2026-10-06T15:06:23.518Z,RL-511accaf8b0ad217ef1b
天涯联络线,RL-f7b669d86ce62316e82c,3,unknown,unknown,轨道线 / 类别待核实 / 正线,track.unknown.main_line,unresolved,,,,,search_results_available,2026-10-06T15:43:59.777Z,RL-f7b669d86ce62316e82c
天湖山线,RL-29e9917cd44a1b2ef8c5,66,unknown,unknown,轨道线 / 类别待核实 / 支线,track.unknown.branch_line,unresolved,,,,,search_results_available,2026-10-06T15:07:59.159Z,RL-29e9917cd44a1b2ef8c5
天潜线,RL-4217bd0cb208a480590b,51,unknown,unknown,轨道线 / 类别待核实 / 支线,track.unknown.branch_line,unresolved,,,,,search_results_available,2026-10-06T15:08:44.636Z,RL-4217bd0cb208a480590b
天策联络线,RL-808027f522e5b859a82c|RL-c30f058e3e9001f0934a,33,unknown,unknown,在建 / 轨道线 / 类别待核实 / 支线|轨道线 / 类别待核实 / 支线,track.unknown.branch_line,unresolved,,,,,search_results_available,2026-10-06T15:09:59.554Z,RL-808027f522e5b859a82c|RL-c30f058e3e9001f0934a
天蒲线,RL-bfa8ff43f81750711db0,168,high_speed,high_speed,轨道线 / 高速铁路 / 正线 / 200–250 km/h,track.high_speed.main_line.200-250,osm_source_compared,,,,https://china-emu.cn/RailRoads/Line/?LineName=天蒲铁路,search_results_available,2026-10-06T15:06:22.154Z,RL-bfa8ff43f81750711db0
天门联络线,RL-54344a59140150193983,2,unknown,unknown,轨道线 / 类别待核实 / 支线,track.unknown.branch_line,unresolved,,,,,search_results_available,2026-10-06T15:54:25.785Z,RL-54344a59140150193983
天陇铁路,RL-eafa9c74136e9e8c9eb5,47,unknown,unknown,在建 / 轨道线 / 类别待核实 / 正线,track.unknown.main_line,unresolved,,,,,search_results_available,2026-10-06T15:08:59.380Z,RL-eafa9c74136e9e8c9eb5
天马专用线,RL-375121514dd7f2f9f8ec,1,unknown,unknown,车站线 / 类别待核实 / 站场轨道线,station.unknown.unknown,unresolved,,,,,search_results_available,2026-10-06T15:48:10.066Z,ST-f1febaadf9c9e19c6fc9
太中线,RL-0f8e0df4fcfa075c1218,1000,unknown,unknown,轨道线 / 类别待核实 / 正线,track.unknown.main_line,unresolved,,,,https://china-emu.cn/RailRoads/Line/?LineName=太中铁路,search_results_available,2026-10-06T15:03:36.077Z,RL-0f8e0df4fcfa075c1218
太仓南联络线,RL-26fe0331308de159e3b1,2,unknown,unknown,在建 / 轨道线 / 类别待核实 / 支线,track.unknown.branch_line,unresolved,,,,,search_results_available,2026-10-06T15:54:56.504Z,RL-26fe0331308de159e3b1
太仓港疏港铁路,RL-4705f9be4fba771dbc71,23,unknown,unknown,轨道线 / 类别待核实 / 线路功能待核实,track.unknown.unknown,unresolved,,,,,search_results_available,2026-10-06T15:11:19.011Z,RL-4705f9be4fba771dbc71
太仓联络线,RL-4e06894e88e2de16f18d,11,unknown,unknown,轨道线 / 类别待核实 / 支线,track.unknown.branch_line,unresolved,,,,,search_results_available,2026-10-06T15:22:27.711Z,RL-4e06894e88e2de16f18d
太兴线,RL-45559ad58647ab35b6b4,403,unknown,unknown,轨道线 / 类别待核实 / 正线,track.unknown.main_line,unresolved,,,,,search_results_available,2026-10-06T15:04:21.939Z,RL-45559ad58647ab35b6b4
太兴铁路,RL-844f243c6cbaa4482f0a,1,unknown,unknown,轨道线 / 类别待核实 / 线路功能待核实,track.unknown.unknown,unresolved,,,,,search_results_available,2026-10-06T15:48:10.066Z,RL-844f243c6cbaa4482f0a
太北Ⅰ-Ⅵ场联络线,RL-d776204c8a4f46116e30,8,unknown,unknown,轨道线 / 类别待核实 / 支线,track.unknown.branch_line,unresolved,,,,,search_results_available,2026-10-06T15:24:55.182Z,RL-d776204c8a4f46116e30
太原动车所入库线,RL-c4eae5842e6ee106ab69,32,unknown,unknown,车站线 / 类别待核实 / 站场轨道线,station.unknown.unknown,unresolved,,line_role,,,search_results_available,2026-10-06T15:09:58.539Z,ST-0946300980c0d8c50d2d|ST-36370a46a8772b48e9fb
太原南立折线,RL-47f2fdb85f97d908a939,7,unknown,unknown,车站线 / 类别待核实 / 站场轨道线,station.unknown.unknown,unresolved,,line_role,,,search_results_available,2026-10-06T15:26:04.608Z,ST-0946300980c0d8c50d2d|ST-36370a46a8772b48e9fb
太原西南环线,RL-a4369371ce2769eb0901,129,unknown,unknown,轨道线 / 类别待核实 / 正线,track.unknown.main_line,unresolved,,,,,search_results_available,2026-10-06T15:06:40.810Z,RL-a4369371ce2769eb0901
太善村联络线,RL-c6c679f6c193ca101e53,12,high_speed,high_speed,轨道线 / 高速铁路 / 正线 / 速度范围待核实,track.high_speed.main_line.unknown,osm_source_compared,,,,https://china-emu.cn/RailRoads/Line/?LineName=太善村联络线,search_results_available,2026-10-06T15:21:54.866Z,RL-c6c679f6c193ca101e53
太焦下行联络线,RL-fcaa14b3221bf4f6d20f,10,unknown,unknown,轨道线 / 类别待核实 / 支线,track.unknown.branch_line,unresolved,,,,,search_results_available,2026-10-06T15:23:15.628Z,RL-fcaa14b3221bf4f6d20f
太焦线,RL-339f5b68b322049ec655,839,unknown,unknown,轨道线 / 类别待核实 / 正线,track.unknown.main_line,unresolved,,,,,search_results_available,2026-10-06T15:03:34.701Z,RL-339f5b68b322049ec655
太钢专用线,RL-c7053c95f80f72901ed3,6,industrial,industrial,车站线 / 工业铁路 / 连接线,station.industrial.spur_track,osm_source_compared,,,,,search_results_available,2026-10-06T15:27:46.896Z,RL-c7053c95f80f72901ed3
太锡铁路,RL-fdc498443365dd2294b7,56,unknown,unknown,在建 / 轨道线 / 类别待核实 / 正线,track.unknown.main_line,unresolved,,,,https://china-emu.cn/RailRoads/Line/?LineName=太锡铁路,search_results_available,2026-10-06T15:08:27.959Z,RL-fdc498443365dd2294b7
夹北线,RL-5ae144315f9b19525e6a,114,unknown,unknown,轨道线 / 类别待核实 / 正线,track.unknown.main_line,unresolved,,,,,search_results_available,2026-10-06T15:06:50.548Z,RL-5ae144315f9b19525e6a
夹孟下行疏解线,RL-c2e3c55953f9d55b7300,10,unknown,unknown,轨道线 / 类别待核实 / 正线,track.unknown.main_line,unresolved,,,,,search_results_available,2026-10-06T15:23:15.628Z,RL-c2e3c55953f9d55b7300
夹皮沟小火车,RL-d9b892d713059aab2f5e,3,unknown,unknown,轨道线 / 类别待核实 / 线路功能待核实,track.unknown.unknown,unresolved,,,,,search_results_available,2026-10-06T15:43:59.777Z,RL-d9b892d713059aab2f5e
奎北线,RL-97abc474a1eb954c96cc,354,unknown,unknown,轨道线 / 类别待核实 / 正线,track.unknown.main_line,unresolved,,,,https://china-emu.cn/RailRoads/Line/?LineName=奎北铁路,search_results_available,2026-10-06T15:04:36.163Z,RL-97abc474a1eb954c96cc
如皋港铁路支线（规划）,RL-12c946b2d31344f4f48e,1,unknown,unknown,车站线 / 类别待核实 / 连接线,station.unknown.spur_track,unresolved,,,,,search_results_available,2026-10-06T15:48:09.651Z,RL-12c946b2d31344f4f48e
如通苏湖城际铁路,RL-39e00745d1107e7aaf8f|RL-f294735469518029e912,28,high_speed|unknown,high_speed|unknown,在建 / 轨道线 / 类别待核实 / 正线|在建 / 轨道线 / 高速铁路 / 正线 / 速度范围待核实,track.high_speed.main_line.unknown|track.unknown.main_line,osm_source_compared|unresolved,,,,https://china-emu.cn/RailRoads/Line/?LineName=如通苏湖城际铁路,search_results_available,2026-10-06T15:10:36.674Z,RL-39e00745d1107e7aaf8f|RL-f294735469518029e912
姚孟电厂专用线,RL-227cfb4134f6b98c73bc,12,unknown,unknown,车站线 / 类别待核实 / 连接线,station.unknown.spur_track,unresolved,,,,,search_results_available,2026-10-06T15:21:54.866Z,RL-227cfb4134f6b98c73bc
姚田联络线,RL-bb7ba0cd3b70947f5255,13,high_speed,high_speed,轨道线 / 高速铁路 / 正线 / 速度范围待核实,track.high_speed.main_line.unknown,osm_source_compared,,,,https://china-emu.cn/RailRoads/Line/?LineName=姚田联络线,search_results_available,2026-10-06T15:21:23.846Z,RL-bb7ba0cd3b70947f5255
威红铁路,RL-85ff86a7916e6c2cac14,183,unknown,unknown,轨道线 / 类别待核实 / 支线,track.unknown.branch_line,unresolved,,,,,search_results_available,2026-10-06T15:06:12.311Z,RL-85ff86a7916e6c2cac14
娄邵联络线,RL-6454d7ae3e0a5f6f8d0f,36,high_speed,high_speed,轨道线 / 高速铁路 / 线路功能待核实 / 速度范围待核实,track.high_speed.unknown.unknown,osm_source_compared,,,,https://china-emu.cn/RailRoads/Line/?LineName=娄邵联络线,search_results_available,2026-10-06T15:09:39.607Z,RL-6454d7ae3e0a5f6f8d0f
嫩林线,RL-1ccc133b01b971bbb2a9,467,conventional,conventional,轨道线 / 普速铁路 / 正线,track.conventional.main_line,source_checked,,,https://www.nra.gov.cn/zzjg/jgj/syjd/sgsgg/201911/P020220825544637781349.pdf,,search_results_available,2026-10-06T15:04:24.190Z,RL-1ccc133b01b971bbb2a9
嫩黑线,RL-5b35c96ad7bdf76845f2,82,unknown,unknown,轨道线 / 类别待核实 / 线路功能待核实,track.unknown.unknown,unresolved,,line_role|track_role,,,search_results_available,2026-10-06T15:54:10.231Z,RL-5b35c96ad7bdf76845f2
子陵联络线,RL-d3bc0aaafd99d0bbf1fe,10,unknown,unknown,轨道线 / 类别待核实 / 支线,track.unknown.branch_line,unresolved,,,,,search_results_available,2026-10-06T15:23:15.628Z,RL-d3bc0aaafd99d0bbf1fe
孔垄联络线,RL-f6066843f4f7c0e6230a,9,unknown,unknown,轨道线 / 类别待核实 / 线路功能待核实,track.unknown.unknown,unresolved,,,,https://china-emu.cn/RailRoads/Line/?LineName=孔垄联络线,search_results_available,2026-10-06T15:24:01.995Z,RL-f6066843f4f7c0e6230a
存车线,RL-275a85dc13f96f521667|RL-4ca2810da67e7d7c4d69|RL-eeff1d1f3f97dc9710b5,12,high_speed|unknown,high_speed|unknown,车站线 / 类别待核实 / 站场轨道线|车站线 / 高速铁路 / 站场轨道线 / 速度范围待核实,station.high_speed.unknown.unknown|station.unknown.unknown,osm_source_compared|unresolved,,,,,search_results_available,2026-10-06T15:21:54.866Z,ST-7110b6d9a03935b70e55|ST-8e300416680a99b4b68f|ST-bf9172968c4ac1cf585d
孙新联络线,RL-208e78db06cae51b46a7,35,unknown,unknown,轨道线 / 类别待核实 / 支线,track.unknown.branch_line,unresolved,,,,,search_results_available,2026-10-06T15:09:48.063Z,RL-208e78db06cae51b46a7
孙郑联络线,RL-4199bd1c39b24ab492bc,22,high_speed,high_speed,轨道线 / 高速铁路 / 支线 / 速度范围待核实,track.high_speed.branch_line.unknown,osm_source_compared,,,,https://china-emu.cn/RailRoads/Line/?LineName=孙郑联络线,search_results_available,2026-10-06T15:11:24.264Z,RL-4199bd1c39b24ab492bc
孝柳线,RL-9dbcfb6eaabce6dfad88,260,unknown,unknown,轨道线 / 类别待核实 / 支线,track.unknown.branch_line,unresolved,,,,,search_results_available,2026-10-06T15:04:47.119Z,RL-9dbcfb6eaabce6dfad88
孟宝线,RL-0c16dbf0af33cb2a8251,231,unknown,unknown,轨道线 / 类别待核实 / 正线,track.unknown.main_line,unresolved,,,,,search_results_available,2026-10-06T15:05:53.618Z,RL-0c16dbf0af33cb2a8251
孟家湾至红石峡联络线,RL-c858c8e26144afc0663c,8,unknown,unknown,在建 / 轨道线 / 类别待核实 / 线路功能待核实,track.unknown.unknown,unresolved,,,,,search_results_available,2026-10-06T15:25:03.473Z,RL-c858c8e26144afc0663c
孟漯联络线,RL-f358e154c04a565b8206,54,unknown,unknown,轨道线 / 类别待核实 / 正线,track.unknown.main_line,unresolved,,,,,search_results_available,2026-10-06T15:08:34.566Z,RL-f358e154c04a565b8206
季港线,RL-90134e995bc992c85ceb,22,unknown,unknown,轨道线 / 类别待核实 / 正线,track.unknown.main_line,unresolved,,,,,search_results_available,2026-10-06T15:11:24.264Z,RL-90134e995bc992c85ceb
宁东客车联络线,RL-51977c2bb36cfd237698,9,unknown,unknown,轨道线 / 类别待核实 / 支线,track.unknown.branch_line,unresolved,,,,,search_results_available,2026-10-06T15:24:01.995Z,RL-51977c2bb36cfd237698
宁东环到线,RL-5df74d907965b635874e,3,unknown,unknown,轨道线 / 类别待核实 / 支线,track.unknown.branch_line,unresolved,,,,,search_results_available,2026-10-06T15:43:59.777Z,RL-5df74d907965b635874e
宁启线,RL-ce82939ad85e00089c63|RL-e145da903fd7c304ce3b,1062,unknown,unknown,在建 / 轨道线 / 类别待核实 / 正线|轨道线 / 类别待核实 / 线路功能待核实,track.unknown.main_line|track.unknown.unknown,unresolved,,line_role|track_role,,https://china-emu.cn/RailRoads/Line/?LineName=宁启铁路,search_results_available,2026-10-06T15:03:29.616Z,RL-ce82939ad85e00089c63|RL-e145da903fd7c304ce3b
宁大线,RL-e1e010a05bff87917762,43,unknown,unknown,轨道线 / 类别待核实 / 支线,track.unknown.branch_line,unresolved,,,,,search_results_available,2026-10-06T15:09:17.234Z,RL-e1e010a05bff87917762
宁安客专线,RL-ec975721732b294a7789,400,high_speed,high_speed,轨道线 / 高速铁路 / 正线 / 速度范围待核实,track.high_speed.main_line.unknown,osm_source_compared,,,,,search_results_available,2026-10-06T15:04:21.939Z,RL-ec975721732b294a7789
宁宣城际铁路,RL-0c3e51b12331c4db7ce2|RL-29ac4b3d8dd94ea8ab35,16,high_speed,high_speed,在建 / 轨道线 / 高速铁路 / 正线 / 速度范围待核实|轨道线 / 高速铁路 / 正线 / 速度范围待核实,track.high_speed.main_line.unknown,osm_source_compared,,,,,search_results_available,2026-10-06T15:12:53.115Z,RL-0c3e51b12331c4db7ce2|RL-29ac4b3d8dd94ea8ab35
宁岢线,RL-453946b2f7d5e6df3435,116,unknown,unknown,轨道线 / 类别待核实 / 正线,track.unknown.main_line,unresolved,,,,,search_results_available,2026-10-06T15:06:52.614Z,RL-453946b2f7d5e6df3435
宁德北联络线,RL-7e50e1c2fbb3418ea829,19,unknown,unknown,轨道线 / 类别待核实 / 线路功能待核实,track.unknown.unknown,unresolved,,,,,search_results_available,2026-10-06T15:11:58.592Z,RL-7e50e1c2fbb3418ea829
宁德汽车基地专用线,RL-d5feccb0a184e07730cc,8,industrial,industrial,车站线 / 工业铁路 / 连接线,station.industrial.spur_track,osm_source_compared,,,,,search_results_available,2026-10-06T15:25:03.473Z,RL-d5feccb0a184e07730cc
宁德疏解线,RL-cb6209efa980a519aa34,13,unknown,unknown,轨道线 / 类别待核实 / 支线,track.unknown.branch_line,unresolved,,,,,search_results_available,2026-10-06T15:21:23.846Z,RL-cb6209efa980a519aa34
宁杭南京南联络线,RL-6ea5a3ce2cd15ab892f8,6,high_speed,high_speed,轨道线 / 高速铁路 / 正线 / 速度范围待核实,track.high_speed.main_line.unknown,osm_source_compared,,,,https://china-emu.cn/RailRoads/Line/?LineName=宁杭南京南联络线,search_results_available,2026-10-06T15:27:46.896Z,RL-6ea5a3ce2cd15ab892f8
宁杭艮山门联络线,RL-567bd4e11739752dd36d,25,unknown,unknown,轨道线 / 类别待核实 / 正线,track.unknown.main_line,unresolved,,,,,search_results_available,2026-10-06T15:10:54.233Z,RL-567bd4e11739752dd36d
宁杭高速线,RL-67b5d2b2b430f4b9bb28,316,high_speed,high_speed,轨道线 / 高速铁路 / 正线 / 300–350 km/h,track.high_speed.main_line.300-350,osm_source_compared,,,,https://china-emu.cn/RailRoads/Line/?LineName=宁杭高速铁路,search_results_available,2026-10-06T15:04:40.962Z,RL-67b5d2b2b430f4b9bb28
宁波动车所动车走行线,RL-db317f205fd8ac81cf73,9,unknown,unknown,车站线 / 类别待核实 / 站场轨道线,station.unknown.unknown,unresolved,,,,,search_results_available,2026-10-06T15:24:01.995Z,ST-99e1ebe75b78d787f940|ST-a6fd4c856f33254fdd26
宁波北环线,RL-077b2b739c444482e132,97,unknown,unknown,轨道线 / 类别待核实 / 正线,track.unknown.main_line,unresolved,,,,https://china-emu.cn/RailRoads/Line/?LineName=甬金铁路（及联络线）,search_results_available,2026-10-06T15:07:12.175Z,RL-077b2b739c444482e132
宁波北环联络线,RL-4dbce23178fb041517fb,4,unknown,unknown,轨道线 / 类别待核实 / 支线,track.unknown.branch_line,unresolved,,,,,search_results_available,2026-10-06T15:42:40.769Z,RL-4dbce23178fb041517fb
宁淮城际线,RL-1ed3f673f94440a1acfd|RL-8642f4c63ed1fa59ca05|RL-a2f36a937fcdad7cdeea|RL-e0e441bb8d48b3f3d357,30,high_speed|unknown,high_speed|unknown,在建 / 轨道线 / 类别待核实 / 正线|在建 / 轨道线 / 高速铁路 / 正线 / 速度范围待核实|轨道线 / 类别待核实 / 正线|轨道线 / 高速铁路 / 正线 / 速度范围待核实,track.high_speed.main_line.unknown|track.unknown.main_line,osm_source_compared|unresolved,,,,,search_results_available,2026-10-06T15:10:14.206Z,RL-1ed3f673f94440a1acfd|RL-8642f4c63ed1fa59ca05|RL-a2f36a937fcdad7cdeea|RL-e0e441bb8d48b3f3d357
宁淮城际铁路,RL-21ebf89a47f086f672d8,24,high_speed,high_speed,在建 / 轨道线 / 高速铁路 / 正线 / 速度范围待核实,track.high_speed.main_line.unknown,osm_source_compared,,,,,search_results_available,2026-10-06T15:11:06.399Z,RL-21ebf89a47f086f672d8
宁老线,RL-2109f56dfc6d58812e41,70,unknown,unknown,轨道线 / 类别待核实 / 支线,track.unknown.branch_line,unresolved,,,,,search_results_available,2026-10-06T15:07:52.134Z,RL-2109f56dfc6d58812e41
宁芜出发线,RL-d5eba2818cdcad8081b4,5,unknown,unknown,轨道线 / 类别待核实 / 正线,track.unknown.main_line,unresolved,,,,,search_results_available,2026-10-06T15:29:19.817Z,RL-d5eba2818cdcad8081b4
宁芜到达线,RL-75aa28360e0e8a7d59e8,3,unknown,unknown,轨道线 / 类别待核实 / 正线,track.unknown.main_line,unresolved,,,,,search_results_available,2026-10-06T15:43:59.777Z,RL-75aa28360e0e8a7d59e8
宁芜线,RL-f6bef126e7269fffd780,239,unknown,unknown,轨道线 / 类别待核实 / 正线,track.unknown.main_line,unresolved,,,,,search_results_available,2026-10-06T15:54:00.530Z,RL-f6bef126e7269fffd780
宁西线,RL-e0c5dfcd3cdf681917bd,2083,unknown,conventional,轨道线 / 普速铁路 / 正线,track.conventional.main_line,user_verified,,construction_status,,,search_results_available,2026-10-06T15:03:10.704Z,RL-e0c5dfcd3cdf681917bd
宁西高铁（预留）,RL-2dee47f38de5a8a601be,2,unknown,unknown,车站线 / 类别待核实 / 站场轨道线,station.unknown.unknown,unresolved,,,,,search_results_available,2026-10-06T15:54:56.504Z,ST-d1f2eeba2964c02fe62d
宁阳东联络线,RL-748679aa2df4d0522f42,12,unknown,unknown,轨道线 / 类别待核实 / 支线,track.unknown.branch_line,unresolved,,,,,search_results_available,2026-10-06T15:21:54.866Z,RL-748679aa2df4d0522f42
宁静铁路,RL-fc1ffe2b0dd538276ac1,168,unknown,unknown,轨道线 / 类别待核实 / 正线,track.unknown.main_line,unresolved,,,,,search_results_available,2026-10-06T15:06:22.154Z,RL-fc1ffe2b0dd538276ac1
宅羊线,RL-f19f502012eb2406757b,19,unknown,unknown,轨道线 / 类别待核实 / 支线,track.unknown.branch_line,unresolved,,,,,search_results_available,2026-10-06T15:11:58.592Z,RL-f19f502012eb2406757b
宇松线,RL-567130cd2f48c6a19193,61,unknown,unknown,轨道线 / 类别待核实 / 支线,track.unknown.branch_line,unresolved,,,,,search_results_available,2026-10-06T15:08:17.326Z,RL-567130cd2f48c6a19193
宇辉线,RL-7231f68f95b0b0052e80,45,unknown,unknown,轨道线 / 类别待核实 / 线路功能待核实,track.unknown.unknown,unresolved,,line_role,,,search_results_available,2026-10-06T15:09:10.727Z,RL-7231f68f95b0b0052e80
安-1,RL-095633f50709725d1b0f,1,unknown,unknown,车站线 / 类别待核实 / 站场轨道线,station.unknown.unknown,unresolved,,,,,search_results_available,2026-10-06T15:48:09.651Z,ST-3668193d6bf173484c6e
安全线,RL-2f2449c47e19cf416d1d|RL-50939beef97cacce4e9e|RL-56c8b0ec0b5ff996aed3|RL-6a38dce3c02cf714b89a|RL-cd1cbe0164c4e7377459,17,high_speed|unknown,high_speed|industrial|unknown,车站线 / 工业铁路 / 站场轨道线|车站线 / 类别待核实 / 站场轨道线|车站线 / 类别待核实 / 连接线|车站线 / 高速铁路 / 站场轨道线 / 速度范围待核实|轨道线 / 类别待核实 / 线路功能待核实,station.high_speed.unknown.unknown|station.industrial.unknown|station.unknown.spur_track|station.unknown.unknown|track.unknown.unknown,osm_source_compared|unresolved,,,,,search_results_available,2026-10-06T15:12:40.648Z,RL-50939beef97cacce4e9e|RL-cd1cbe0164c4e7377459|ST-597a1df05f25ac67e326|ST-7110b6d9a03935b70e55|ST-9dd3084863c9573f288c|ST-9de9dabba0ee85d6810e|ST-a58bb00a66289289c62b
安六客专线,RL-6584804f3f1c5a66dd02,447,high_speed,high_speed,轨道线 / 高速铁路 / 正线 / 速度范围待核实,track.high_speed.main_line.unknown,osm_source_compared,,,,,search_results_available,2026-10-06T15:04:22.350Z,RL-6584804f3f1c5a66dd02
安南引入线,RL-d7b45324145800daa782,5,unknown,unknown,轨道线 / 类别待核实 / 正线,track.unknown.main_line,unresolved,,,,,search_results_available,2026-10-06T15:29:19.817Z,RL-d7b45324145800daa782
安南联络线,RL-0957082d77fe9a739095,3,unknown,unknown,轨道线 / 类别待核实 / 线路功能待核实,track.unknown.unknown,unresolved,,line_role|track_role,,,search_results_available,2026-10-06T15:44:04.561Z,RL-0957082d77fe9a739095
安口南线,RL-ab2f80b200e32280f5b4,1,unknown,unknown,轨道线 / 类别待核实 / 正线,track.unknown.main_line,unresolved,,,,,search_results_available,2026-10-06T15:48:09.651Z,RL-ab2f80b200e32280f5b4
安天联络线,RL-17febceb8be3d90369c0,21,unknown,unknown,轨道线 / 类别待核实 / 正线,track.unknown.main_line,unresolved,,,,https://china-emu.cn/RailRoads/Line/?LineName=安天联络线,search_results_available,2026-10-06T15:11:39.275Z,RL-17febceb8be3d90369c0
安宁支线,RL-b607f311a4695e9dbc39,49,unknown,unknown,轨道线 / 类别待核实 / 支线,track.unknown.branch_line,unresolved,,,,,search_results_available,2026-10-06T15:08:48.424Z,RL-b607f311a4695e9dbc39
安庄疏解线,RL-b1519dd2e1ecc41973df,2,high_speed,high_speed,轨道线 / 高速铁路 / 支线 / 速度范围待核实,track.high_speed.branch_line.unknown,osm_source_compared,,,,https://china-emu.cn/RailRoads/Line/?LineName=安庄疏解线,search_results_available,2026-10-06T15:54:51.323Z,RL-b1519dd2e1ecc41973df
安庆线,RL-5695e9203c6164802b58|RL-b4475371b3771e82795a,51,unknown,unknown,轨道线 / 类别待核实 / 支线|轨道线 / 类别待核实 / 线路功能待核实,track.unknown.branch_line|track.unknown.unknown,unresolved,,,,,search_results_available,2026-10-06T15:08:44.636Z,RL-5695e9203c6164802b58|RL-b4475371b3771e82795a
安庆联络线,RL-4dff0e29ebb3ea3f5fe9,58,high_speed,high_speed,轨道线 / 高速铁路 / 正线 / 速度范围待核实,track.high_speed.main_line.unknown,osm_source_compared,,,,,search_results_available,2026-10-06T15:08:21.877Z,RL-4dff0e29ebb3ea3f5fe9
安康枢纽联络线,RL-fd5ca20f937886dc1e6d,6,unknown,unknown,轨道线 / 类别待核实 / 支线,track.unknown.branch_line,unresolved,,,,,search_results_available,2026-10-06T15:27:46.896Z,RL-fd5ca20f937886dc1e6d
安康枢纽货车疏解线,RL-71c777aa559fd3d62808,84,unknown,unknown,轨道线 / 类别待核实 / 正线,track.unknown.main_line,unresolved,,,,,search_results_available,2026-10-06T15:07:23.380Z,RL-71c777aa559fd3d62808
安康西动车所走行线,RL-cae6e6a4f4784494add0,12,unknown,unknown,车站线 / 类别待核实 / 站场轨道线,station.unknown.unknown,unresolved,,,,,search_results_available,2026-10-06T15:21:51.735Z,ST-39e55303182f5a839df6|ST-abd30fe4996d6f8a1109
安徽海螺水泥股份有限公司白马山水泥厂专用铁路,RL-fcb0b0f28edb523fa691,5,industrial,industrial,车站线 / 工业铁路 / 连接线,station.industrial.spur_track,osm_source_compared,,,,,search_results_available,2026-10-06T15:29:19.817Z,RL-fcb0b0f28edb523fa691
安李线,RL-ef3df5ae1b85ee3eaae0,46,unknown,unknown,轨道线 / 类别待核实 / 支线,track.unknown.branch_line,unresolved,,,,,search_results_available,2026-10-06T15:09:03.426Z,RL-ef3df5ae1b85ee3eaae0
安轿铁路专用线,RL-8b8bd9976f07160c1c93,7,unknown,unknown,车站线 / 类别待核实 / 连接线,station.unknown.spur_track,unresolved,,,,,search_results_available,2026-10-06T15:26:04.608Z,RL-8b8bd9976f07160c1c93
宋告铁路,RL-3d23dca6ca1955143d96,60,unknown,unknown,轨道线 / 类别待核实 / 支线,track.unknown.branch_line,unresolved,,,,,search_results_available,2026-10-06T15:08:24.246Z,RL-3d23dca6ca1955143d96
宏专线,RL-b9c578ce2760c9611f12,2,unknown,unknown,车站线 / 类别待核实 / 连接线,station.unknown.spur_track,unresolved,,,,,search_results_available,2026-10-06T15:54:51.323Z,RL-b9c578ce2760c9611f12
宏钢线,RL-e80b5bf7d4c58109a1f4,1,unknown,unknown,车站线 / 类别待核实 / 连接线,station.unknown.spur_track,unresolved,,,,,search_results_available,2026-10-06T15:48:09.651Z,RL-e80b5bf7d4c58109a1f4
官自联络线,RL-fa3626b0639a025ee2e3,6,unknown,unknown,轨道线 / 类别待核实 / 正线,track.unknown.main_line,unresolved,,,,,search_results_available,2026-10-06T15:27:47.085Z,RL-fa3626b0639a025ee2e3
定一联络线,RL-765947866b35e8effab7,11,conventional,conventional,轨道线 / 普速铁路 / 联络线,track.conventional.connecting_line,source_checked,,,https://www.nra.gov.cn/zzjg/jgj/syjd/sgsgg/201911/P020220825544637781349.pdf,,search_results_available,2026-10-06T15:22:29.131Z,RL-765947866b35e8effab7
定二联络线,RL-c5782fdcfe74115d744f,7,conventional,conventional,轨道线 / 普速铁路 / 支线,track.conventional.branch_line,osm_source_compared,,,,,search_results_available,2026-10-06T15:26:04.608Z,RL-c5782fdcfe74115d744f
定银线,RL-922e59fc206c7e4e22d9,148,unknown,unknown,轨道线 / 类别待核实 / 正线,track.unknown.main_line,unresolved,,,,https://china-emu.cn/RailRoads/Line/?LineName=定银铁路,search_results_available,2026-10-06T15:06:34.565Z,RL-922e59fc206c7e4e22d9
宜东疏解线,RL-a64400a1781fe7c2fd5e,46,unknown,unknown,轨道线 / 类别待核实 / 正线,track.unknown.main_line,unresolved,,,,,search_results_available,2026-10-06T15:09:05.072Z,RL-a64400a1781fe7c2fd5e
宜兴站1道,RL-2154091c6d7d49bc9461,3,unknown,unknown,车站线 / 类别待核实 / 站场轨道线,station.unknown.unknown,unresolved,,,,,search_results_available,2026-10-06T15:44:04.561Z,ST-13d48886dbb7b94f9684
宜兴站2道,RL-71ceb9bc386715803aca,1,unknown,unknown,车站线 / 类别待核实 / 站场轨道线,station.unknown.unknown,unresolved,,,,,search_results_available,2026-10-06T15:48:14.299Z,ST-13d48886dbb7b94f9684
宜兴站5道,RL-93fbe247a57669365531,2,unknown,unknown,车站线 / 类别待核实 / 站场轨道线,station.unknown.unknown,unresolved,,,,,search_results_available,2026-10-06T15:54:36.526Z,ST-13d48886dbb7b94f9684
宜兴站6道,RL-d4e8335d73dd1af52c62,3,unknown,unknown,车站线 / 类别待核实 / 站场轨道线,station.unknown.unknown,unresolved,,,,,search_results_available,2026-10-06T15:44:04.561Z,ST-13d48886dbb7b94f9684
宜兴高速线,RL-ae06d52cb880eca5a31c,146,high_speed,high_speed,轨道线 / 高速铁路 / 正线 / 速度范围待核实,track.high_speed.main_line.unknown,osm_source_compared,,,,https://china-emu.cn/RailRoads/Line/?LineName=宜兴高速铁路,search_results_available,2026-10-06T15:06:34.183Z,RL-ae06d52cb880eca5a31c
宜城电厂支线,RL-9abd8ec3782a3313deda,2,industrial,industrial,轨道线 / 工业铁路 / 工业线,track.industrial.industrial_line,osm_source_compared,,,,,search_results_available,2026-10-06T15:54:51.323Z,RL-9abd8ec3782a3313deda
宜宾动车所走行线,RL-5a8f2c4a98305d7c8295,6,unknown,unknown,车站线 / 类别待核实 / 站场轨道线,station.unknown.unknown,unresolved,,,,,search_results_available,2026-10-06T15:27:47.085Z,ST-52c44c5f1031f7f910e3|ST-9fbdac67a2bcbc53b6c3
宜宾港进港铁路,RL-564f9c88a07b7a964786,45,unknown,unknown,车站线 / 类别待核实 / 连接线,station.unknown.spur_track,unresolved,,,,,search_results_available,2026-10-06T15:09:10.727Z,RL-564f9c88a07b7a964786
宜宾西联络线,RL-1f9f66a76e5f9cf678db,9,high_speed,high_speed,轨道线 / 高速铁路 / 正线 / 速度范围待核实,track.high_speed.main_line.unknown,osm_source_compared,,,,https://china-emu.cn/RailRoads/Line/?LineName=宜宾西联络线,search_results_available,2026-10-06T15:24:01.995Z,RL-1f9f66a76e5f9cf678db
宜常高速线,RL-0f79e1e291f7492095bd,11,high_speed,high_speed,在建 / 轨道线 / 高速铁路 / 正线 / 速度范围待核实,track.high_speed.main_line.unknown,osm_source_compared,,,,https://china-emu.cn/RailRoads/Line/?LineName=宜常高速铁路,search_results_available,2026-10-06T15:22:29.131Z,RL-0f79e1e291f7492095bd
宜昌北动车走行线,RL-2d6e352e84458b0faa0d,16,unknown,unknown,轨道线 / 类别待核实 / 支线,track.unknown.branch_line,unresolved,,,,,search_results_available,2026-10-06T15:13:03.663Z,RL-2d6e352e84458b0faa0d
宜珙线,RL-217da4b37d096f964dcb,132,unknown,unknown,轨道线 / 类别待核实 / 支线,track.unknown.branch_line,unresolved,,,,,search_results_available,2026-10-06T15:06:40.608Z,RL-217da4b37d096f964dcb
宜皂联络线,RL-7b3e52539df12da541cc,13,high_speed,high_speed,轨道线 / 高速铁路 / 正线 / 速度范围待核实,track.high_speed.main_line.unknown,osm_source_compared,,,,https://china-emu.cn/RailRoads/Line/?LineName=宜皂联络线,search_results_available,2026-10-06T15:21:26.289Z,RL-7b3e52539df12da541cc
宝东线,RL-2a2e717a0db6e303b989,24,unknown,unknown,轨道线 / 类别待核实 / 正线,track.unknown.main_line,unresolved,,,,,search_results_available,2026-10-06T15:11:08.797Z,RL-2a2e717a0db6e303b989
宝中疏解线,RL-266e55c0248f46064204,12,unknown,unknown,轨道线 / 类别待核实 / 正线,track.unknown.main_line,unresolved,,,,,search_results_available,2026-10-06T15:21:51.735Z,RL-266e55c0248f46064204
宝中线,RL-8a4d7e588f460fa62faa|RL-e3b75de2f32f3debfc94|RL-f7ed019dee4f17238a8f,769,conventional,conventional,在建 / 轨道线 / 普速铁路 / 正线|在建 / 轨道线 / 普速铁路 / 线路功能待核实|轨道线 / 普速铁路 / 正线,track.conventional.main_line|track.conventional.unknown,source_checked,,,https://fgw.pingliang.gov.cn/zcwjgzzd/art/2026/art_1101fe20d8ca4368a736dd1281021a81.html,,search_results_available,2026-10-06T15:03:43.383Z,RL-8a4d7e588f460fa62faa|RL-e3b75de2f32f3debfc94|RL-f7ed019dee4f17238a8f
宝中联络线,RL-b6594530aa97317abcf7,14,unknown,unknown,轨道线 / 类别待核实 / 正线,track.unknown.main_line,unresolved,,,,,search_results_available,2026-10-06T15:54:05.860Z,RL-b6594530aa97317abcf7
宝丰东南联络线,RL-132a7eac3c853f0382dd,10,unknown,unknown,轨道线 / 类别待核实 / 支线,track.unknown.branch_line,unresolved,,,,,search_results_available,2026-10-06T15:23:15.844Z,RL-132a7eac3c853f0382dd
宝丰焦柳联络线,RL-62eec084b009fa6a3a8b,11,unknown,unknown,轨道线 / 类别待核实 / 支线,track.unknown.branch_line,unresolved,,,,,search_results_available,2026-10-06T15:22:29.131Z,RL-62eec084b009fa6a3a8b
宝乾城际铁路,RL-3b89cd563e8ee65a5a9d,1,unknown,unknown,在建 / 轨道线 / 类别待核实 / 线路功能待核实,track.unknown.unknown,unresolved,,,,,search_results_available,2026-10-06T15:48:14.299Z,RL-3b89cd563e8ee65a5a9d
宝成线,RL-f8e32442c95c9f770c44,2095,conventional,conventional,轨道线 / 普速铁路 / 正线,track.conventional.main_line,user_verified,,,https://fgw.pingliang.gov.cn/zcwjgzzd/art/2026/art_1101fe20d8ca4368a736dd1281021a81.html,,search_results_available,2026-10-06T15:03:10.704Z,RL-f8e32442c95c9f770c44
宝日希勒矿线,RL-5cdd0d9b92241d85e40c,38,industrial,industrial,轨道线 / 工业铁路 / 工业线,track.industrial.industrial_line,osm_source_compared,,,,,search_results_available,2026-10-06T15:09:34.577Z,RL-5cdd0d9b92241d85e40c
宝泰隆线,RL-31313103bec03298a1a7,6,unknown,unknown,车站线 / 类别待核实 / 连接线,station.unknown.spur_track,unresolved,,,,,search_results_available,2026-10-06T15:27:47.085Z,RL-31313103bec03298a1a7
宝珠联络线,RL-641946eee7ba3654c51a,15,unknown,unknown,轨道线 / 类别待核实 / 正线,track.unknown.main_line,unresolved,,,,,search_results_available,2026-10-06T15:20:28.969Z,RL-641946eee7ba3654c51a
宝长联络线,RL-bdeaeac7925f27e5c171,6,unknown,unknown,轨道线 / 类别待核实 / 支线,track.unknown.branch_line,unresolved,,,,,search_results_available,2026-10-06T15:27:47.085Z,RL-bdeaeac7925f27e5c171
宝马专用线,RL-0f176fb0ee9d87f9ce7f,31,unknown,unknown,在建 / 车站线 / 类别待核实 / 连接线,station.unknown.spur_track,unresolved,,,,,search_results_available,2026-10-06T15:10:10.194Z,RL-0f176fb0ee9d87f9ce7f
宝麟铁路,RL-76a354dc72db55a0f85b,129,industrial,industrial,轨道线 / 工业铁路 / 工业线,track.industrial.industrial_line,osm_source_compared,,,,,search_results_available,2026-10-06T15:06:40.810Z,RL-76a354dc72db55a0f85b
实习线,RL-a35dda3bc083524c9ed5,5,unknown,unknown,车站线 / 类别待核实 / 连接线,station.unknown.spur_track,unresolved,,,,,search_results_available,2026-10-06T15:29:13.556Z,RL-a35dda3bc083524c9ed5
客专动车运用所入库线,RL-74bcaf934492a7a06584,1,unknown,unknown,车站线 / 类别待核实 / 站场轨道线,station.unknown.unknown,unresolved,,,,,search_results_available,2026-10-06T15:48:14.299Z,ST-2a3ba6f06a6e20a31c35
客专动车运用所出库线,RL-3a5c19e9da19b815beca,3,unknown,unknown,车站线 / 类别待核实 / 站场轨道线,station.unknown.unknown,unresolved,,,,,search_results_available,2026-10-06T15:44:04.561Z,ST-2a3ba6f06a6e20a31c35
客导线,RL-12dede6e596a8c0fb76d|RL-1b3ff4e4daef565e0405,5,unknown,unknown,车站线 / 类别待核实 / 站场轨道线,station.unknown.unknown,unresolved,,,,,search_results_available,2026-10-06T15:29:13.556Z,ST-7e43f2447b0c5f74c7c2|ST-e40487c00411bba63a4f
客渡线,RL-0681808d2512fe9625de,5,unknown,unknown,车站线 / 类别待核实 / 站场轨道线,station.unknown.unknown,unresolved,,,,,search_results_available,2026-10-06T15:29:13.556Z,ST-7e43f2447b0c5f74c7c2
客车入库线,RL-32c0b4c15e04000ef5aa,11,unknown,unknown,车站线 / 类别待核实 / 站场轨道线,station.unknown.unknown,unresolved,,,,,search_results_available,2026-10-06T15:22:29.131Z,ST-21ea86e6b611c4be5162
客车出库线,RL-bae24772a0fbcdb68769,7,unknown,unknown,车站线 / 类别待核实 / 站场轨道线,station.unknown.unknown,unresolved,,,,,search_results_available,2026-10-06T15:26:23.946Z,ST-21ea86e6b611c4be5162
客车联络线,RL-0695a759ebdc9cbd7333,24,unknown,unknown,轨道线 / 类别待核实 / 联络线,track.unknown.connecting_line,unresolved,line_role,,,,search_results_available,2026-10-06T15:11:08.797Z,RL-0695a759ebdc9cbd7333
客车走行线,RL-7a094711836a91b81556,1,unknown,unknown,车站线 / 类别待核实 / 连接线,station.unknown.spur_track,unresolved,,,,,search_results_available,2026-10-06T15:48:14.299Z,RL-7a094711836a91b81556
宣庞线,RL-3b777f45497d17209c87,50,unknown,unknown,轨道线 / 类别待核实 / 支线,track.unknown.branch_line,unresolved,,,,,search_results_available,2026-10-06T15:08:41.442Z,RL-3b777f45497d17209c87
宣杭线,RL-f8dc6f7717c5227e285c,569,unknown,unknown,轨道线 / 类别待核实 / 正线,track.unknown.main_line,unresolved,,,,,search_results_available,2026-10-06T15:04:07.956Z,RL-f8dc6f7717c5227e285c
宣杭老线,RL-092c2ee72aab6f22b300|RL-1112204650d330ace592,75,unknown,unknown,轨道线 / 类别待核实 / 正线,track.unknown.main_line,unresolved,,,,,search_results_available,2026-10-06T15:07:39.563Z,RL-092c2ee72aab6f22b300|RL-1112204650d330ace592
宣烟线,RL-3f8b947ca1be3fcb3405,7,unknown,unknown,车站线 / 类别待核实 / 连接线,station.unknown.spur_track,unresolved,,,,,search_results_available,2026-10-06T15:26:23.946Z,RL-3f8b947ca1be3fcb3405
宣绩高速线,RL-3f2b2fd72b0d24bd5419,321,high_speed,high_speed,轨道线 / 高速铁路 / 正线 / 速度范围待核实,track.high_speed.main_line.unknown,osm_source_compared,,,,https://china-emu.cn/RailRoads/Line/?LineName=宣绩高速铁路,search_results_available,2026-10-06T15:04:37.498Z,RL-3f2b2fd72b0d24bd5419
宽吊渡线,RL-0fc1658c6fca166f3cbd,3,unknown,unknown,车站线 / 类别待核实 / 站场轨道线,station.unknown.unknown,unresolved,,,,,search_results_available,2026-10-06T15:54:44.678Z,ST-85f62828da742e5c6ada
宽吊走行线,RL-581824fc65f68b7d5978|RL-b081d8353e29322aaf6f,13,unknown,unknown,车站线 / 类别待核实 / 站场轨道线,station.unknown.unknown,unresolved,,,,,search_results_available,2026-10-06T15:21:26.289Z,ST-85f62828da742e5c6ada
宽轨牵出线,RL-13ca8b9c3650bb64a41b,2,unknown,unknown,车站线 / 类别待核实 / 连接线,station.unknown.spur_track,unresolved,,,,,search_results_available,2026-10-06T15:54:56.504Z,RL-13ca8b9c3650bb64a41b
宽轨联络1线,RL-626bf61646671128928b|RL-65318dca8bbd7d58a0bc,12,conventional,conventional|unknown,车站线 / 类别待核实 / 站场轨道线|轨道线 / 普速铁路 / 联络线,station.unknown.unknown|track.conventional.connecting_line,source_checked|unresolved,,construction_status,https://www.nra.gov.cn/zzjg/jgj/syjd/sgsgg/201911/P020220825544637781349.pdf,,search_results_available,2026-10-06T15:21:51.735Z,RL-65318dca8bbd7d58a0bc|ST-929ba32ee088070367ab
宽轨联络2线,RL-00aa9897525363a16565,5,conventional,conventional,轨道线 / 普速铁路 / 联络线,track.conventional.connecting_line,source_checked,,,https://www.nra.gov.cn/zzjg/jgj/syjd/sgsgg/201911/P020220825544637781349.pdf,,search_results_available,2026-10-06T15:29:13.556Z,RL-00aa9897525363a16565
宽轨联络4线,RL-aa09b9c38d7b31b48cf2,2,unknown,unknown,轨道线 / 类别待核实 / 正线,track.unknown.main_line,unresolved,,,,,search_results_available,2026-10-06T15:45:53.777Z,RL-aa09b9c38d7b31b48cf2
宽轨联络线,RL-b5862d4c2590597f4133,1,unknown,unknown,轨道线 / 类别待核实 / 正线,track.unknown.main_line,unresolved,,,,,search_results_available,2026-10-06T15:48:14.118Z,RL-b5862d4c2590597f4133
宿淮线,RL-b43e1db2caea7e975655|RL-c42fe6e7ca1f8be0e483,508,unknown,unknown,车站线 / 类别待核实 / 站场轨道线|轨道线 / 类别待核实 / 正线,station.unknown.unknown|track.unknown.main_line,unresolved,,,,,search_results_available,2026-10-06T15:04:13.185Z,RL-c42fe6e7ca1f8be0e483|ST-780b9d318dc5d81ce449
宿淮线辅线,RL-662bdefd2c347923fc32,1,unknown,unknown,车站线 / 类别待核实 / 站场轨道线,station.unknown.unknown,unresolved,,,,,search_results_available,2026-10-06T15:48:14.118Z,ST-4466c125816f2416654b
宿迁港铁路专用线,RL-a1c0780c21b354c9b699|RL-b77ae28006b9b0c65652,4,conventional|industrial,conventional|industrial,在建 / 车站线 / 工业铁路 / 连接线|车站线 / 普速铁路 / 站场轨道线,station.conventional.unknown|station.industrial.spur_track,osm_source_compared,,construction_status,,,search_results_available,2026-10-06T15:42:40.769Z,RL-a1c0780c21b354c9b699|ST-0f1565b37819ad25f2d1
密东线,RL-4a119a17ff40b63ff63b,105,conventional,conventional,轨道线 / 普速铁路 / 正线,track.conventional.main_line,source_checked,,,https://www.nra.gov.cn/zzjg/jgj/syjd/sgsgg/201911/P020220825544637781349.pdf,,search_results_available,2026-10-06T15:54:10.231Z,RL-4a119a17ff40b63ff63b
富嫩线,RL-743080865aa6856d1c23,118,conventional,conventional,轨道线 / 普速铁路 / 正线,track.conventional.main_line,source_checked,,,https://www.nra.gov.cn/zzjg/jgj/syjd/sgsgg/201911/P020220825544637781349.pdf,,search_results_available,2026-10-06T15:06:52.090Z,RL-743080865aa6856d1c23
富虹线,RL-8e6aba63cf4c82a5c8b8,2,unknown,unknown,车站线 / 类别待核实 / 连接线,station.unknown.spur_track,unresolved,,,,,search_results_available,2026-10-06T15:45:53.777Z,RL-8e6aba63cf4c82a5c8b8
富锦园区线,RL-36789b42b3d8d736fa97,10,unknown,unknown,轨道线 / 类别待核实 / 支线,track.unknown.branch_line,unresolved,,,,,search_results_available,2026-10-06T15:23:15.844Z,RL-36789b42b3d8d736fa97
富阳站1道,RL-4f4227b33ec3374c369d,2,unknown,unknown,车站线 / 类别待核实 / 站场轨道线,station.unknown.unknown,unresolved,,,,,search_results_available,2026-10-06T15:45:53.777Z,ST-24b80546a1124d964ab2
富阳站4道,RL-683fedcd154072c4758a,2,unknown,unknown,车站线 / 类别待核实 / 站场轨道线,station.unknown.unknown,unresolved,,,,,search_results_available,2026-10-06T15:45:53.777Z,ST-24b80546a1124d964ab2
寺后所渡A线,RL-0cccb5d5aec0f12d6f22,2,high_speed,high_speed,轨道线 / 高速铁路 / 正线 / 速度范围待核实,track.high_speed.main_line.unknown,osm_source_compared,,,,,search_results_available,2026-10-06T15:45:53.899Z,RL-0cccb5d5aec0f12d6f22
寺后所渡B线,RL-6d319225b619e2f92ddb,4,high_speed,high_speed,轨道线 / 高速铁路 / 正线 / 速度范围待核实,track.high_speed.main_line.unknown,osm_source_compared,,,,,search_results_available,2026-10-06T15:42:40.769Z,RL-6d319225b619e2f92ddb
封存线,RL-3291bd52a48078b0ecde,2,unknown,unknown,车站线 / 类别待核实 / 站场轨道线,station.unknown.unknown,unresolved,,line_role,,,search_results_available,2026-10-06T15:45:53.899Z,ST-cc2073bb5d6b3f84ebd2
封浜动车线,RL-1e1217a0754f0a464293|RL-d32e940ee623d0fa4339,7,unknown,unknown,车站线 / 类别待核实 / 站场轨道线|轨道线 / 类别待核实 / 线路功能待核实,station.unknown.unknown|track.unknown.unknown,unresolved,,,,,search_results_available,2026-10-06T15:26:23.946Z,RL-1e1217a0754f0a464293|ST-ecb169d57da0458232b9
将淖线,RL-76f2e19a250e4802ea6a,178,unknown,unknown,轨道线 / 类别待核实 / 正线,track.unknown.main_line,unresolved,,,,,search_results_available,2026-10-06T15:06:16.531Z,RL-76f2e19a250e4802ea6a
将黑线,RL-12c402629d708c7aa8be,27,unknown,unknown,轨道线 / 类别待核实 / 线路功能待核实,track.unknown.unknown,unresolved,,line_role|track_role,,,search_results_available,2026-10-06T15:10:42.772Z,RL-12c402629d708c7aa8be
小九亚专用线,RL-2b60a9c7493f2861770c,4,unknown,unknown,车站线 / 类别待核实 / 连接线,station.unknown.spur_track,unresolved,,,,,search_results_available,2026-10-06T15:42:40.769Z,RL-2b60a9c7493f2861770c
小北山联络线,RL-70e5e66edcb54e13c18c,7,high_speed,high_speed,轨道线 / 高速铁路 / 联络线 / 速度范围待核实,track.high_speed.connecting_line.unknown,osm_source_compared,line_role,,,https://china-emu.cn/RailRoads/Line/?LineName=小北山联络线,search_results_available,2026-10-06T15:26:23.946Z,RL-70e5e66edcb54e13c18c
小南垭联络线,RL-6fae4ef2b905cd24ab1a,9,unknown,unknown,轨道线 / 类别待核实 / 支线,track.unknown.branch_line,unresolved,,,,,search_results_available,2026-10-06T15:24:02.968Z,RL-6fae4ef2b905cd24ab1a
小厉线,RL-b08edd1dd0df660677b2,108,unknown,unknown,轨道线 / 类别待核实 / 支线,track.unknown.branch_line,unresolved,,,,,search_results_available,2026-10-06T15:54:05.860Z,RL-b08edd1dd0df660677b2
小厉铁路,RL-67fb27f893126f1f907e,3,unknown,unknown,轨道线 / 类别待核实 / 支线,track.unknown.branch_line,unresolved,,,,,search_results_available,2026-10-06T15:54:05.860Z,RL-67fb27f893126f1f907e
小团山联络线,RL-69605c20f75e80685ba3,15,unknown,unknown,轨道线 / 类别待核实 / 线路功能待核实,track.unknown.unknown,unresolved,,,,https://china-emu.cn/RailRoads/Line/?LineName=小团山联络线,search_results_available,2026-10-06T15:20:28.969Z,RL-69605c20f75e80685ba3
小新联络线,RL-3400409a198dee1173a7|RL-cf6c6b486642556b382f,22,unknown,unknown,轨道线 / 类别待核实 / 支线,track.unknown.branch_line,unresolved,,,,https://china-emu.cn/RailRoads/Line/?LineName=小新联络线,search_results_available,2026-10-06T15:11:24.264Z,RL-3400409a198dee1173a7|RL-cf6c6b486642556b382f
小林联络线,RL-204a5de7a6930cd883bc,13,unknown,unknown,轨道线 / 类别待核实 / 支线,track.unknown.branch_line,unresolved,,,,,search_results_available,2026-10-06T15:21:26.289Z,RL-204a5de7a6930cd883bc
小梁庄联络线,RL-95f123f2ca5414e5d5bc,7,unknown,unknown,轨道线 / 类别待核实 / 正线,track.unknown.main_line,unresolved,,,,,search_results_available,2026-10-06T15:26:26.644Z,RL-95f123f2ca5414e5d5bc
小河港疏港铁路,RL-4ba9e7fddcbeaad940f9|RL-66fb363e6bf72552fdc3,13,industrial,industrial,在建 / 车站线 / 工业铁路 / 连接线|车站线 / 工业铁路 / 连接线,station.industrial.spur_track,osm_source_compared,,,,,search_results_available,2026-10-06T15:21:26.289Z,RL-4ba9e7fddcbeaad940f9|RL-66fb363e6bf72552fdc3
小沾线,RL-e74f69af9bbdf1c95d7d,46,unknown,freight,轨道线 / 货运铁路 / 正线,track.freight.main_line,user_verified,line_role,,,,search_results_available,2026-10-06T15:09:05.072Z,RL-e74f69af9bbdf1c95d7d
小火车,RL-d4ff249229c8b821cea0,3,unknown,unknown,车站线 / 类别待核实 / 站场轨道线,station.unknown.unknown,unresolved,,,,,search_results_available,2026-10-06T15:54:31.871Z,ST-0eb3d0806770e4907eb6
小煤气线,RL-02bc91724a4a1158f885,1,unknown,unknown,车站线 / 类别待核实 / 连接线,station.unknown.spur_track,unresolved,,,,,search_results_available,2026-10-06T15:48:14.118Z,RL-02bc91724a4a1158f885
小纪汗专用线,RL-88dafaca41a016af3e9e,33,unknown,unknown,轨道线 / 类别待核实 / 支线,track.unknown.branch_line,unresolved,,construction_status,,,search_results_available,2026-10-06T15:09:59.554Z,RL-88dafaca41a016af3e9e
小西线,RL-f3f320af73e4c2a1b1d3,35,unknown,unknown,轨道线 / 类别待核实 / 支线,track.unknown.branch_line,unresolved,,,,,search_results_available,2026-10-06T15:09:48.063Z,RL-f3f320af73e4c2a1b1d3
小集物流线,RL-7964a65b5c2e258b3855,39,industrial,industrial,轨道线 / 工业铁路 / 工业线,track.industrial.industrial_line,osm_source_compared,,,,,search_results_available,2026-10-06T15:09:28.625Z,RL-7964a65b5c2e258b3855
尧兴支线,RL-8bfb8c604f50317bd9bc,48,unknown,unknown,轨道线 / 类别待核实 / 支线,track.unknown.branch_line,unresolved,,,,,search_results_available,2026-10-06T15:08:58.215Z,RL-8bfb8c604f50317bd9bc
尧栖线,RL-4cf5493aec1ec138ac44,12,unknown,unknown,轨道线 / 类别待核实 / 支线,track.unknown.branch_line,unresolved,,,,,search_results_available,2026-10-06T15:21:51.735Z,RL-4cf5493aec1ec138ac44
局先行公司线,RL-ad9238f1430970904041,1,unknown,unknown,车站线 / 类别待核实 / 连接线,station.unknown.spur_track,unresolved,,,,,search_results_available,2026-10-06T15:48:14.118Z,RL-ad9238f1430970904041
屯秋铁路,RL-1ea99f4aa9d15bdca6c9,15,unknown,unknown,轨道线 / 类别待核实 / 支线,track.unknown.branch_line,unresolved,,,,,search_results_available,2026-10-06T15:20:37.162Z,RL-1ea99f4aa9d15bdca6c9
屯黎线,RL-ebec85338966abe8bcbc,9,conventional,conventional,轨道线 / 普速铁路 / 正线,track.conventional.main_line,source_checked,,,https://www.nra.gov.cn/zzjg/jgj/syjd/sgsgg/201911/P020220825544637781349.pdf,,search_results_available,2026-10-06T15:24:02.968Z,RL-ebec85338966abe8bcbc
屯黎联络线,RL-567774c0be896e3c1329,5,conventional,conventional,轨道线 / 普速铁路 / 联络线,track.conventional.connecting_line,source_checked,,,https://www.nra.gov.cn/zzjg/jgj/syjd/sgsgg/201911/P020220825544637781349.pdf,,search_results_available,2026-10-06T15:29:14.333Z,RL-567774c0be896e3c1329
山东新兴集团有限公司专用线,RL-b144c5fac33c93d5ac9f,7,unknown,unknown,车站线 / 类别待核实 / 连接线,station.unknown.spur_track,unresolved,,,,,search_results_available,2026-10-06T15:26:26.644Z,RL-b144c5fac33c93d5ac9f
山海关进场线,RL-62a2cd2cb5b48d272430,2,unknown,unknown,轨道线 / 类别待核实 / 支线,track.unknown.branch_line,unresolved,,,,,search_results_available,2026-10-06T15:45:53.899Z,RL-62a2cd2cb5b48d272430
山西永鑫铁路专用线,RL-a0025753f8db008e6051,51,unknown,unknown,轨道线 / 类别待核实 / 线路功能待核实,track.unknown.unknown,unresolved,,railway_class|line_role,,,search_results_available,2026-10-06T15:08:43.007Z,RL-a0025753f8db008e6051
山西潞安环保能源开发股份有限公司五阳煤矿专用线,RL-3f6b9ce576433268fdc1,2,unknown,unknown,车站线 / 类别待核实 / 连接线,station.unknown.spur_track,unresolved,,,,,search_results_available,2026-10-06T15:45:53.899Z,RL-3f6b9ce576433268fdc1
山西潞安矿业（集团）有限责任公司漳村煤矿专用线,RL-d148811712be7e21067f,7,unknown,unknown,车站线 / 类别待核实 / 连接线,station.unknown.spur_track,unresolved,,,,,search_results_available,2026-10-06T15:26:26.644Z,RL-d148811712be7e21067f
山西省潞城市潞宝焦化有限责任公司专用线,RL-38788379f7f7f6d37fc9,1,unknown,unknown,车站线 / 类别待核实 / 连接线,station.unknown.spur_track,unresolved,,,,,search_results_available,2026-10-06T15:48:15.266Z,RL-38788379f7f7f6d37fc9
山西省长治市郑瑞石化有限公司专用线,RL-997bc9f54e8217f36557,2,unknown,unknown,车站线 / 类别待核实 / 连接线,station.unknown.spur_track,unresolved,,,,,search_results_available,2026-10-06T15:45:54.204Z,RL-997bc9f54e8217f36557
山西阳光发电有限责任公司专用线,RL-1f1d2059aa2e5a34e785,10,unknown,unknown,车站线 / 类别待核实 / 连接线,station.unknown.spur_track,unresolved,,,,,search_results_available,2026-10-06T15:23:15.844Z,RL-1f1d2059aa2e5a34e785
山西阳煤寺家庄煤业有限责任公司专用线,RL-02baa022c4739e4bd802,26,industrial,industrial,轨道线 / 工业铁路 / 工业线,track.industrial.industrial_line,osm_source_compared,,,,,search_results_available,2026-10-06T15:10:49.730Z,RL-02baa022c4739e4bd802
山阴疏解线,RL-85f480ca0e07d6aaabe5,2,unknown,unknown,轨道线 / 类别待核实 / 支线,track.unknown.branch_line,unresolved,,,,,search_results_available,2026-10-06T15:45:54.204Z,RL-85f480ca0e07d6aaabe5
岐江造船厂废弃铁路,RL-88c3b17ea7beaa72e593,1,industrial,industrial,车站线 / 工业铁路 / 站场轨道线,station.industrial.unknown,osm_source_compared,,,,,search_results_available,2026-10-06T15:48:15.266Z,ST-b042090cefde66cbb227
岑茂铁路,RL-4e65a6875b8cedfe7073,3,unknown,unknown,轨道线 / 类别待核实 / 正线,track.unknown.main_line,unresolved,,,,,search_results_available,2026-10-06T15:54:31.871Z,RL-4e65a6875b8cedfe7073
岗樊联络线,RL-fccc164b08a3904ce602,12,high_speed,high_speed,轨道线 / 高速铁路 / 正线 / 速度范围待核实,track.high_speed.main_line.unknown,osm_source_compared,,,,https://china-emu.cn/RailRoads/Line/?LineName=岗樊联络线,search_results_available,2026-10-06T15:21:59.597Z,RL-fccc164b08a3904ce602
岢瓦线,RL-60fd921b09aa1ba2e677,111,unknown,unknown,轨道线 / 类别待核实 / 正线,track.unknown.main_line,unresolved,,,,,search_results_available,2026-10-06T15:54:10.231Z,RL-60fd921b09aa1ba2e677
岭庄疏解线,RL-dbea62f220a12a195906,2,unknown,unknown,轨道线 / 类别待核实 / 支线,track.unknown.branch_line,unresolved,,,,,search_results_available,2026-10-06T15:45:54.204Z,RL-dbea62f220a12a195906
峨广线,RL-d9c7290d23113ee4a601,1284,conventional,conventional,轨道线 / 普速铁路 / 正线,track.conventional.main_line,osm_source_compared,,,,,search_results_available,2026-10-06T15:03:22.108Z,RL-d9c7290d23113ee4a601
峨眉山线,RL-49714fa4c916d86a8c4b,63,high_speed,high_speed,轨道线 / 高速铁路 / 正线 / 250–300 km/h,track.high_speed.main_line.250-300,osm_source_compared,,,,https://china-emu.cn/RailRoads/Line/?LineName=峨眉山线,search_results_available,2026-10-06T15:08:08.513Z,RL-49714fa4c916d86a8c4b
峰待线,RL-91d2408fc5e1d23af948,1,unknown,unknown,车站线 / 类别待核实 / 连接线,station.unknown.spur_track,unresolved,,,,,search_results_available,2026-10-06T15:48:15.266Z,RL-91d2408fc5e1d23af948
峰福线,RL-d75a4e716d4909447605,698,unknown,unknown,轨道线 / 类别待核实 / 正线,track.unknown.main_line,unresolved,,,,,search_results_available,2026-10-06T15:03:48.592Z,RL-d75a4e716d4909447605
峻德线,RL-2b4d06b0b1f05375f98a,28,unknown,unknown,轨道线 / 类别待核实 / 正线,track.unknown.main_line,unresolved,,,,,search_results_available,2026-10-06T15:10:37.789Z,RL-2b4d06b0b1f05375f98a
崇礼线,RL-3e8f935d0f4f3f739066,151,high_speed,high_speed,轨道线 / 高速铁路 / 支线 / 速度范围待核实,track.high_speed.branch_line.unknown,osm_source_compared,,,,,search_results_available,2026-10-06T15:06:33.531Z,RL-3e8f935d0f4f3f739066
崔联线,RL-fb83295277d0ad512ddf,13,unknown,unknown,轨道线 / 类别待核实 / 支线,track.unknown.branch_line,unresolved,,,,,search_results_available,2026-10-06T15:21:26.953Z,RL-fb83295277d0ad512ddf
崖州联络线,RL-a34fc99546b75de8ae2d,26,unknown,unknown,轨道线 / 类别待核实 / 线路功能待核实,track.unknown.unknown,unresolved,,line_role,,,search_results_available,2026-10-06T15:10:49.730Z,RL-a34fc99546b75de8ae2d
川南发电专用线,RL-add86f3a554955df70db,24,unknown,unknown,车站线 / 类别待核实 / 连接线,station.unknown.spur_track,unresolved,,,,,search_results_available,2026-10-06T15:11:08.797Z,RL-add86f3a554955df70db
川藏铁路,RL-06ad36abff97b1d66ff9|RL-26ff3db39ac8854903cf|RL-2b52dab37963c079a4bc|RL-b018df69f47c38f51eae,1106,high_speed|unknown,high_speed|unknown,在建 / 轨道线 / 类别待核实 / 正线|轨道线 / 类别待核实 / 正线|轨道线 / 高速铁路 / 正线 / 速度范围待核实,track.high_speed.main_line.unknown|track.unknown.main_line,osm_source_compared|unresolved,,,,https://china-emu.cn/RailRoads/Line/?LineName=川藏铁路,search_results_available,2026-10-06T15:03:30.760Z,RL-06ad36abff97b1d66ff9|RL-26ff3db39ac8854903cf|RL-2b52dab37963c079a4bc|RL-b018df69f47c38f51eae
川青线,RL-167432a4cef283966a7d|RL-e4103b51c0c5bc6c8cb2,641,high_speed,high_speed,在建 / 轨道线 / 高速铁路 / 线路功能待核实 / 速度范围待核实|轨道线 / 高速铁路 / 正线 / 速度范围待核实,track.high_speed.main_line.unknown|track.high_speed.unknown.unknown,osm_source_compared,,line_role|track_role,,,search_results_available,2026-10-06T15:03:57.078Z,RL-167432a4cef283966a7d|RL-e4103b51c0c5bc6c8cb2
川青铁路,RL-2d071e6b6c277ae62096,1,high_speed,high_speed,在建 / 轨道线 / 高速铁路 / 正线 / 速度范围待核实,track.high_speed.main_line.unknown,osm_source_compared,,,,,search_results_available,2026-10-06T15:48:15.266Z,RL-2d071e6b6c277ae62096
川黔线,RL-34b23a69178c8e1ce2db,580,unknown,unknown,轨道线 / 类别待核实 / 正线,track.unknown.main_line,unresolved,,,,,search_results_available,2026-10-06T15:04:02.965Z,RL-34b23a69178c8e1ce2db
川黔铁路货车外绕线,RL-8acaf95e6c6f944d8271,90,unknown,unknown,轨道线 / 类别待核实 / 正线,track.unknown.main_line,unresolved,,,,,search_results_available,2026-10-06T15:07:17.169Z,RL-8acaf95e6c6f944d8271
巢湖东北联络线,RL-d0aa7f7d89d2fed09dc3,13,unknown,unknown,轨道线 / 类别待核实 / 支线,track.unknown.branch_line,unresolved,,,,https://china-emu.cn/RailRoads/Line/?LineName=巢湖东北联络线,search_results_available,2026-10-06T15:21:26.953Z,RL-d0aa7f7d89d2fed09dc3
巢湖东南联络线,RL-e9c9a0de62e76350664f,22,unknown,unknown,轨道线 / 类别待核实 / 支线,track.unknown.branch_line,unresolved,,,,https://china-emu.cn/RailRoads/Line/?LineName=巢湖东南联络线,search_results_available,2026-10-06T15:11:24.264Z,RL-e9c9a0de62e76350664f
巢马高速线,RL-c3005b351d85038530f4,103,high_speed,high_speed,轨道线 / 高速铁路 / 正线 / 300–350 km/h,track.high_speed.main_line.300-350,osm_source_compared,,,,https://china-emu.cn/RailRoads/Line/?LineName=巢马高速铁路,search_results_available,2026-10-06T15:07:03.738Z,RL-c3005b351d85038530f4
工专线,RL-15383f8155cd5658b7ad|RL-d1de11f78e772269154a,2,unknown,unknown,车站线 / 类别待核实 / 站场轨道线|车站线 / 类别待核实 / 连接线,station.unknown.spur_track|station.unknown.unknown,unresolved,,,,,search_results_available,2026-10-06T15:45:54.204Z,RL-15383f8155cd5658b7ad|ST-60a3ff87a95e717c924a
工务工区线,RL-f8dd2cc3c505a2ad758e,1,unknown,unknown,车站线 / 类别待核实 / 站场轨道线,station.unknown.unknown,unresolved,,,,,search_results_available,2026-10-06T15:48:13.958Z,ST-57d8c9cc04576c231cc3
工务料场线,RL-ecd0d17ce743bf1673f7,1,unknown,unknown,车站线 / 类别待核实 / 站场轨道线,station.unknown.unknown,unresolved,,,,,search_results_available,2026-10-06T15:48:13.958Z,ST-f16f8009b246d12584a6
工务材料线,RL-8527765dde23d3c400bd,1,unknown,unknown,车站线 / 类别待核实 / 站场轨道线,station.unknown.unknown,unresolved,,,,,search_results_available,2026-10-06T15:48:13.958Z,ST-85f62828da742e5c6ada
工务线,RL-3ae23e4e380fbab64503,1,unknown,unknown,车站线 / 类别待核实 / 连接线,station.unknown.spur_track,unresolved,,,,,search_results_available,2026-10-06T15:48:13.958Z,RL-3ae23e4e380fbab64503
工程材料线,RL-9a8fad229507855088e8,2,unknown,unknown,车站线 / 类别待核实 / 连接线,station.unknown.spur_track,unresolved,,,,,search_results_available,2026-10-06T15:45:55.318Z,RL-9a8fad229507855088e8
工程线,RL-4d46447bd7a64bfa2da0,1,unknown,unknown,车站线 / 类别待核实 / 连接线,station.unknown.spur_track,unresolved,,,,,search_results_available,2026-10-06T15:48:19.256Z,RL-4d46447bd7a64bfa2da0
巴伊铁路,RL-dc0d6f14d59f9333c355,1,unknown,unknown,在建 / 轨道线 / 类别待核实 / 支线,track.unknown.branch_line,unresolved,,,,,search_results_available,2026-10-06T15:48:19.256Z,RL-dc0d6f14d59f9333c355
巴准线,RL-dbaff8226973ca1e1e20,8,unknown,unknown,轨道线 / 类别待核实 / 正线,track.unknown.main_line,unresolved,,,,,search_results_available,2026-10-06T15:25:03.473Z,RL-dbaff8226973ca1e1e20
巴准铁路,RL-8a195b0657110258f123,221,unknown,unknown,轨道线 / 类别待核实 / 正线,track.unknown.main_line,unresolved,,,,,search_results_available,2026-10-06T15:05:56.841Z,RL-8a195b0657110258f123
巴南高速线,RL-f0a9958702068b4244db,300,high_speed,high_speed,轨道线 / 高速铁路 / 正线 / 速度范围待核实,track.high_speed.main_line.unknown,osm_source_compared,,,,https://china-emu.cn/RailRoads/Line/?LineName=巴南高速铁路,search_results_available,2026-10-06T15:04:42.378Z,RL-f0a9958702068b4244db
巴南高铁,RL-25828111243446ca807f,14,high_speed,high_speed,在建 / 轨道线 / 高速铁路 / 正线 / 速度范围待核实,track.high_speed.main_line.unknown,osm_source_compared,,,,https://china-emu.cn/RailRoads/Line/?LineName=巴南高速铁路,search_results_available,2026-10-06T15:54:51.323Z,RL-25828111243446ca807f
巴新线,RL-56324b1b59315fbdd9eb,176,unknown,unknown,轨道线 / 类别待核实 / 正线,track.unknown.main_line,unresolved,,,,,search_results_available,2026-10-06T15:06:16.268Z,RL-56324b1b59315fbdd9eb
巴新联络线,RL-3a816e9d86753be3a21a,4,unknown,unknown,轨道线 / 类别待核实 / 支线,track.unknown.branch_line,unresolved,,,,,search_results_available,2026-10-06T15:42:43.876Z,RL-3a816e9d86753be3a21a
巴新铁路,RL-096ee98a57b64a9e6c04,40,unknown,unknown,在建 / 轨道线 / 类别待核实 / 正线,track.unknown.main_line,unresolved,,,,,search_results_available,2026-10-06T15:09:21.244Z,RL-096ee98a57b64a9e6c04
巴珠线,RL-e7da54baea1bbfca574d,26,unknown,unknown,轨道线 / 类别待核实 / 支线,track.unknown.branch_line,unresolved,,,,,search_results_available,2026-10-06T15:10:48.802Z,RL-e7da54baea1bbfca574d
市域铁机场联络线,RL-0aa2db8ffdcb411f6922|RL-fe6d3bdaec12561a737a,76,unknown,high_speed|unknown,在建 / 轨道线 / 类别待核实 / 正线|轨道线 / 高速铁路 / 正线 / 200–250 km/h,track.high_speed.main_line.200-250|track.unknown.main_line,unresolved|user_verified,,,,,search_results_available,2026-10-06T15:07:39.563Z,RL-0aa2db8ffdcb411f6922|RL-fe6d3bdaec12561a737a
常乐电厂专用线,RL-3414c073fa53353975b5,8,unknown,unknown,车站线 / 类别待核实 / 连接线,station.unknown.spur_track,unresolved,,,,,search_results_available,2026-10-06T15:25:03.473Z,RL-3414c073fa53353975b5
常寨联络线,RL-e8981a8e5318f1bf7021,1,conventional,conventional,轨道线 / 普速铁路 / 支线,track.conventional.branch_line,osm_source_compared,,,,,search_results_available,2026-10-06T15:48:19.256Z,RL-e8981a8e5318f1bf7021
干万线,RL-97cb23916579ced8bc8a,16,unknown,unknown,轨道线 / 类别待核实 / 支线,track.unknown.branch_line,unresolved,,construction_status,,,search_results_available,2026-10-06T15:13:03.663Z,RL-97cb23916579ced8bc8a
干乌联络线,RL-2c50c2d6b38071c6fe3c,12,unknown,unknown,轨道线 / 类别待核实 / 支线,track.unknown.branch_line,unresolved,,,,,search_results_available,2026-10-06T15:21:59.597Z,RL-2c50c2d6b38071c6fe3c
干武1线,RL-8063ed4084bc191be16e,1,unknown,unknown,轨道线 / 类别待核实 / 正线,track.unknown.main_line,unresolved,,,,,search_results_available,2026-10-06T15:48:19.256Z,RL-8063ed4084bc191be16e
干武3线,RL-4e81101ac5b47a716cc4,6,unknown,unknown,轨道线 / 类别待核实 / 正线,track.unknown.main_line,unresolved,,,,,search_results_available,2026-10-06T15:27:46.694Z,RL-4e81101ac5b47a716cc4
干武线,RL-4433c81f72485119f05c,233,unknown,unknown,轨道线 / 类别待核实 / 正线,track.unknown.main_line,unresolved,,,,,search_results_available,2026-10-06T15:05:53.618Z,RL-4433c81f72485119f05c
干燥线,RL-9239e20b22ab70247efd,1,unknown,unknown,车站线 / 类别待核实 / 连接线,station.unknown.spur_track,unresolved,,,,,search_results_available,2026-10-06T15:48:22.029Z,RL-9239e20b22ab70247efd
平南下行出发,RL-e12462c5ffecc12d6ea0,5,unknown,unknown,轨道线 / 类别待核实 / 支线,track.unknown.branch_line,unresolved,,,,,search_results_available,2026-10-06T15:29:14.333Z,RL-e12462c5ffecc12d6ea0
平南电厂线,RL-b969815d19bab51349ad,6,industrial,industrial,轨道线 / 工业铁路 / 工业线,track.industrial.industrial_line,osm_source_compared,,,,,search_results_available,2026-10-06T15:27:46.694Z,RL-b969815d19bab51349ad
平南线,RL-7604fb1ff1ab6b92d0d7,24,unknown,unknown,轨道线 / 类别待核实 / 正线,track.unknown.main_line,unresolved,,,,,search_results_available,2026-10-06T15:11:08.797Z,RL-7604fb1ff1ab6b92d0d7
平定线,RL-f020c571edc920ba23c5,16,unknown,unknown,轨道线 / 类别待核实 / 正线,track.unknown.main_line,unresolved,,,,,search_results_available,2026-10-06T15:13:03.663Z,RL-f020c571edc920ba23c5
平庆铁路,RL-8bb77bc0f79ae2df4046,44,unknown,unknown,在建 / 轨道线 / 类别待核实 / 正线,track.unknown.main_line,unresolved,,,,https://china-emu.cn/RailRoads/Line/?LineName=平庆铁路,search_results_available,2026-10-06T15:09:11.570Z,RL-8bb77bc0f79ae2df4046
平朔支线,RL-554b1385ee43a108d55d,33,unknown,unknown,轨道线 / 类别待核实 / 正线,track.unknown.main_line,unresolved,,,,,search_results_available,2026-10-06T15:09:59.554Z,RL-554b1385ee43a108d55d
平汝线,RL-f55e3f531aeb5a29c196,125,unknown,unknown,轨道线 / 类别待核实 / 正线,track.unknown.main_line,unresolved,,,,,search_results_available,2026-10-06T15:06:45.163Z,RL-f55e3f531aeb5a29c196
平湖货联,RL-23dec98f92c82e8f21e3,2,unknown,unknown,轨道线 / 类别待核实 / 支线,track.unknown.branch_line,unresolved,,,,,search_results_available,2026-10-06T15:45:55.318Z,RL-23dec98f92c82e8f21e3
平漯周高速铁路,RL-db2c5d156520edd9f32d,11,high_speed,high_speed,在建 / 轨道线 / 高速铁路 / 正线 / 300–350 km/h,track.high_speed.main_line.300-350,osm_source_compared,,,,https://china-emu.cn/RailRoads/Line/?LineName=平漯周高速铁路,search_results_available,2026-10-06T15:22:37.254Z,RL-db2c5d156520edd9f32d
平盐铁路,RL-9cbd1d7f7f7e9bd45d75,43,unknown,unknown,轨道线 / 类别待核实 / 支线,track.unknown.branch_line,unresolved,,,,,search_results_available,2026-10-06T15:09:17.234Z,RL-9cbd1d7f7f7e9bd45d75
平禹铁路,RL-3e5f697e35250b236d28|RL-8f4dffe0b16c3d503c23|RL-bb93c33a3f1aa886ce92|RL-c82cb1a5c40a7a7e7bf3,80,unknown,industrial|unknown,车站线 / 工业铁路 / 站场轨道线|车站线 / 类别待核实 / 渡线|车站线 / 类别待核实 / 站场轨道线|车站线 / 类别待核实 / 连接线|轨道线 / 类别待核实 / 支线,station.industrial.unknown|station.unknown.crossover|station.unknown.spur_track|station.unknown.unknown|track.unknown.branch_line,osm_source_compared|unresolved,,,,,search_results_available,2026-10-06T15:54:05.860Z,RL-3e5f697e35250b236d28|RL-8f4dffe0b16c3d503c23|RL-bb93c33a3f1aa886ce92|ST-24beab161fe1d4837f6e|ST-2f47c3f5dcf3869cbca0
平舞铁路,RL-ec2a574f2f63d06186a8,59,unknown,unknown,轨道线 / 类别待核实 / 支线,track.unknown.branch_line,unresolved,,,,,search_results_available,2026-10-06T15:08:22.023Z,RL-ec2a574f2f63d06186a8
平谷地方铁路马坊支线（未建成）,RL-457e9510f317d3d5b3b7,1,unknown,unknown,车站线 / 类别待核实 / 站场轨道线,station.unknown.unknown,unresolved,,,,,search_results_available,2026-10-06T15:48:22.029Z,ST-9f3ddb2eacb3be232634
平韩线,RL-a09cf94f555a2f3781a0,4,industrial,industrial,轨道线 / 工业铁路 / 工业线,track.industrial.industrial_line,osm_source_compared,,,,,search_results_available,2026-10-06T15:42:43.876Z,RL-a09cf94f555a2f3781a0
平齐-大郑联络线,RL-48f65673e6819cc301f7,8,unknown,unknown,轨道线 / 类别待核实 / 正线,track.unknown.main_line,unresolved,,,,,search_results_available,2026-10-06T15:25:05.982Z,RL-48f65673e6819cc301f7
平齐线,RL-1121883d907fd70e5238,540,conventional,conventional,轨道线 / 普速铁路 / 正线,track.conventional.main_line,source_checked,,,https://www.nra.gov.cn/zzjg/jgj/syjd/sgsgg/201911/P020220825544637781349.pdf,,search_results_available,2026-10-06T15:04:08.666Z,RL-1121883d907fd70e5238
平齐联络右线,RL-e82444fd346309f4e64c,9,unknown,unknown,轨道线 / 类别待核实 / 支线,track.unknown.branch_line,unresolved,,,,,search_results_available,2026-10-06T15:24:02.968Z,RL-e82444fd346309f4e64c
平齐联络左线,RL-78ab8ac43a976b16f708,15,unknown,unknown,轨道线 / 类别待核实 / 支线,track.unknown.branch_line,unresolved,,,,,search_results_available,2026-10-06T15:20:37.162Z,RL-78ab8ac43a976b16f708
广中澳高铁,RL-43c15c076228ec7f19e3,2,unknown,unknown,在建 / 轨道线 / 类别待核实 / 正线,track.unknown.main_line,unresolved,,,,,search_results_available,2026-10-06T15:45:55.318Z,RL-43c15c076228ec7f19e3
广中珠澳高速铁路（规划）,RL-f3062a3b9a4deec31577,2,high_speed,high_speed,在建 / 轨道线 / 高速铁路 / 正线 / 速度范围待核实,track.high_speed.main_line.unknown,osm_source_compared,,,,,search_results_available,2026-10-06T15:45:55.318Z,RL-f3062a3b9a4deec31577
广佛西环城际线,RL-0df6b3cd214e53db33cc|RL-bb9682f23880398e91da,56,unknown,unknown,在建 / 轨道线 / 类别待核实 / 正线|轨道线 / 类别待核实 / 正线,track.unknown.main_line,unresolved,,,,https://china-emu.cn/RailRoads/Line/?LineName=广佛西环城际铁路,search_results_available,2026-10-06T15:08:27.959Z,RL-0df6b3cd214e53db33cc|RL-bb9682f23880398e91da
广元存车场线路,RL-dfc366ef68aac15fddad,1,unknown,unknown,车站线 / 类别待核实 / 站场轨道线,station.unknown.unknown,unresolved,,construction_status,,,search_results_available,2026-10-06T15:48:22.029Z,ST-304702ca642b6b621a5c
广元客车联络线,RL-ed02dfd502ee17947b60,26,unknown,unknown,轨道线 / 类别待核实 / 支线,track.unknown.branch_line,unresolved,,,,,search_results_available,2026-10-06T15:10:48.802Z,RL-ed02dfd502ee17947b60
广元西兰渝货车联络线,RL-b9b015cd0d15d5bd423d,26,unknown,unknown,轨道线 / 类别待核实 / 支线,track.unknown.branch_line,unresolved,,,,,search_results_available,2026-10-06T15:10:48.802Z,RL-b9b015cd0d15d5bd423d
广元西宝成货车联络线,RL-0862ae2c386fdbab1a12,37,unknown,unknown,轨道线 / 类别待核实 / 支线,track.unknown.branch_line,unresolved,,,,,search_results_available,2026-10-06T15:09:41.361Z,RL-0862ae2c386fdbab1a12
广南联络线,RL-4fb228909fa24192cb46|RL-b146c85c31de919d8cc4,10,high_speed,high_speed,在建 / 轨道线 / 高速铁路 / 支线 / 速度范围待核实|轨道线 / 高速铁路 / 正线 / 速度范围待核实,track.high_speed.branch_line.unknown|track.high_speed.main_line.unknown,osm_source_compared,,,,,search_results_available,2026-10-06T15:23:15.844Z,RL-4fb228909fa24192cb46|RL-b146c85c31de919d8cc4
广大铁路,RL-7a1b7e09c7e47c0e82bc,333,unknown,unknown,轨道线 / 类别待核实 / 正线,track.unknown.main_line,unresolved,,,,,search_results_available,2026-10-06T15:04:36.047Z,RL-7a1b7e09c7e47c0e82bc
广岳铁路,RL-8ec046721257e0de447a,67,unknown,unknown,轨道线 / 类别待核实 / 支线,track.unknown.branch_line,unresolved,,,,,search_results_available,2026-10-06T15:07:57.776Z,RL-8ec046721257e0de447a
广州东环城际线,RL-3d30689d9a3a5e003aaf|RL-5dad66d4bee5a8850813|RL-a90b4299f6c66f0f1e3b,81,unknown,unknown,车站线 / 类别待核实 / 渡线|车站线 / 类别待核实 / 站场轨道线|轨道线 / 类别待核实 / 正线,station.unknown.crossover|station.unknown.unknown|track.unknown.main_line,unresolved,,,,,search_results_available,2026-10-06T15:54:25.785Z,RL-3d30689d9a3a5e003aaf|RL-a90b4299f6c66f0f1e3b|ST-14e1e9d57ee575b17b00|ST-6d9582081dffd9536012|ST-74e06ab29904db815c4e|ST-faf373bc983d86e3a657
广州东环城际铁路,RL-ce19e796bf21ec4713bc,10,unknown,unknown,轨道线 / 类别待核实 / 正线,track.unknown.main_line,unresolved,,,,,search_results_available,2026-10-06T15:54:31.871Z,RL-ce19e796bf21ec4713bc
广州南沙港铁路,RL-c2c40d9c4201cc6795aa,1,unknown,unknown,车站线 / 类别待核实 / 站场轨道线,station.unknown.unknown,unresolved,,construction_status,,,search_results_available,2026-10-06T15:48:22.029Z,ST-6f61ade9b662bc4b1a60
广州地铁18号线,RL-51b35b82723408e8dbe9|RL-67d9cb33e8370a4b1744|RL-b2b6a061de56dc94cbfc,87,unknown,unknown,在建 / 轨道线 / 类别待核实 / 正线|车站线 / 类别待核实 / 站场轨道线|轨道线 / 类别待核实 / 线路功能待核实,station.unknown.unknown|track.unknown.main_line|track.unknown.unknown,unresolved,,line_role|track_role,,,search_results_available,2026-10-06T15:07:22.378Z,RL-67d9cb33e8370a4b1744|RL-b2b6a061de56dc94cbfc|ST-0cdbc5aa1f2fa44a94e5|ST-4f3be6fba28fb3f21f4b|ST-9c1b60e69c9e4cf7dadd|ST-b6c5b296a4a58191b3bb|ST-fd6b1a972c4695831349
广州地铁18号线南延段,RL-b461a02a59bf9de7d36d|RL-d598236857a334de6119,30,unknown,unknown,在建 / 轨道线 / 类别待核实 / 正线|车站线 / 类别待核实 / 站场轨道线,station.unknown.unknown|track.unknown.main_line,unresolved,,construction_status,,,search_results_available,2026-10-06T15:10:14.206Z,RL-b461a02a59bf9de7d36d|ST-e01509d4efcae10d43d6
广州地铁22号线,RL-148d73d885d204a32d94|RL-7ce4d20865acfe8ce994|RL-a20bfe987d0d40f80a44|RL-e226b8951a1049bd136c,78,unknown,unknown,在建 / 车站线 / 类别待核实 / 站场轨道线|在建 / 轨道线 / 类别待核实 / 正线|车站线 / 类别待核实 / 站场轨道线|轨道线 / 类别待核实 / 正线,station.unknown.unknown|track.unknown.main_line,unresolved,,,,,search_results_available,2026-10-06T15:07:38.084Z,RL-148d73d885d204a32d94|RL-e226b8951a1049bd136c|ST-58fcf5b5890c876230bd|ST-759d7d1a41d88f7b130c|ST-bbcb04be2f2b08619e86|ST-d05cad853bba45bde67d
广州港支线,RL-197544effd3534437c49,17,unknown,unknown,轨道线 / 类别待核实 / 支线,track.unknown.branch_line,unresolved,,,,,search_results_available,2026-10-06T15:12:40.648Z,RL-197544effd3534437c49
广州港铁路新沙支线,RL-6007fb2188ab1d54c572,3,unknown,unknown,轨道线 / 类别待核实 / 支线,track.unknown.branch_line,unresolved,,,,,search_results_available,2026-10-06T15:54:20.196Z,RL-6007fb2188ab1d54c572
广州铁路职业技术学院实训线,RL-6c9a32f5ee6bd27dda53,30,unknown,unknown,轨道线 / 类别待核实 / 线路功能待核实,track.unknown.unknown,unresolved,,,,,search_results_available,2026-10-06T15:10:14.206Z,RL-6c9a32f5ee6bd27dda53
广巴铁路,RL-4c5b5a6e02fd5de0a70e,8,unknown,unknown,在建 / 轨道线 / 类别待核实 / 线路功能待核实,track.unknown.unknown,unresolved,,,,,search_results_available,2026-10-06T15:25:05.982Z,RL-4c5b5a6e02fd5de0a70e
广惠城际线,RL-5635883a92c0672df581|RL-b228fc5989e56f6a1967|RL-bd8b68634600d5398c34,161,unknown,unknown,车站线 / 类别待核实 / 渡线|车站线 / 类别待核实 / 站场轨道线|轨道线 / 类别待核实 / 正线,station.unknown.crossover|station.unknown.unknown|track.unknown.main_line,unresolved,,,,,search_results_available,2026-10-06T15:06:29.800Z,RL-5635883a92c0672df581|RL-b228fc5989e56f6a1967|ST-d4d9bad85ce8c7f91bfb
广昆线,RL-2a428482988764db8a9c,301,high_speed,high_speed,轨道线 / 高速铁路 / 正线 / 速度范围待核实,track.high_speed.main_line.unknown,osm_source_compared,,,,,search_results_available,2026-10-06T15:04:42.378Z,RL-2a428482988764db8a9c
广汕联络线,RL-884a3914fba078bc4f95|RL-fe32542cb52b50ac8cfe,8,unknown,unknown,在建 / 轨道线 / 类别待核实 / 支线|轨道线 / 类别待核实 / 支线,track.unknown.branch_line,unresolved,,,,,search_results_available,2026-10-06T15:25:05.982Z,RL-884a3914fba078bc4f95|RL-fe32542cb52b50ac8cfe
广河高速线,RL-9529f79214fb772779c3,20,high_speed,high_speed,在建 / 轨道线 / 高速铁路 / 正线 / 150–200 km/h,track.high_speed.main_line.150-200,osm_source_compared,,,,https://china-emu.cn/RailRoads/Line/?LineName=广河高速铁路,search_results_available,2026-10-06T15:11:51.251Z,RL-9529f79214fb772779c3
广深港高速线,RL-bb589cf30fb64ff452f6,291,high_speed,high_speed,轨道线 / 高速铁路 / 正线 / 速度范围待核实,track.high_speed.main_line.unknown,osm_source_compared,,,,https://china-emu.cn/RailRoads/Line/?LineName=广深港高速铁路,search_results_available,2026-10-06T15:04:41.474Z,RL-bb589cf30fb64ff452f6
广深线,RL-5d370f701e2722c131ad,819,unknown,unknown,轨道线 / 类别待核实 / 正线,track.unknown.main_line,unresolved,,,,,search_results_available,2026-10-06T15:03:40.369Z,RL-5d370f701e2722c131ad
广清城际线,RL-053e6cfa14e5b3dbd0e2|RL-61ddd307d3c6393ee3a8|RL-83299f02564c8184364d,133,unknown,unknown,车站线 / 类别待核实 / 渡线|轨道线 / 类别待核实 / 正线,station.unknown.crossover|track.unknown.main_line,unresolved,,construction_status,,,search_results_available,2026-10-06T15:06:40.608Z,RL-053e6cfa14e5b3dbd0e2|RL-61ddd307d3c6393ee3a8|RL-83299f02564c8184364d
广湛联络线,RL-4bd896987f23d9405544,2,high_speed,high_speed,在建 / 轨道线 / 高速铁路 / 正线 / 速度范围待核实,track.high_speed.main_line.unknown,osm_source_compared,,,,,search_results_available,2026-10-06T15:46:05.512Z,RL-4bd896987f23d9405544
广湛高速线,RL-c00fbc2575108aadc663,780,high_speed,high_speed,轨道线 / 高速铁路 / 正线 / 速度范围待核实,track.high_speed.main_line.unknown,osm_source_compared,,,,https://china-emu.cn/RailRoads/Line/?LineName=广湛高速铁路,search_results_available,2026-10-06T15:03:43.383Z,RL-c00fbc2575108aadc663
广澳港线,RL-5b047a4640daafd1a470|RL-615ff4dab45565e29b5a,22,unknown,unknown,在建 / 轨道线 / 类别待核实 / 支线|轨道线 / 类别待核实 / 支线,track.unknown.branch_line,unresolved,,,,,search_results_available,2026-10-06T15:11:26.615Z,RL-5b047a4640daafd1a470|RL-615ff4dab45565e29b5a
广珠城际线,RL-1e3dfcd8f0b71a1f5761,210,high_speed,high_speed,轨道线 / 高速铁路 / 正线 / 速度范围待核实,track.high_speed.main_line.unknown,osm_source_compared,,,,https://china-emu.cn/RailRoads/Line/?LineName=广珠城际铁路,search_results_available,2026-10-06T15:05:54.823Z,RL-1e3dfcd8f0b71a1f5761
广珠城际铁路,RL-0c2f6ce350fa0d3759fe|RL-a71d4838dc921a1e1af5,10,high_speed|unknown,high_speed|unknown,车站线 / 类别待核实 / 站场轨道线|车站线 / 高速铁路 / 站场轨道线 / 速度范围待核实,station.high_speed.unknown.unknown|station.unknown.unknown,osm_source_compared|unresolved,,,,https://china-emu.cn/RailRoads/Line/?LineName=广珠城际铁路,search_results_available,2026-10-06T15:54:15.153Z,ST-1e4b7d411a817a92de24|ST-3493ed40f1436ae803a3|ST-879e5b1a0bdbb7b290a7|ST-aa03142082bb00443826|ST-ea1793cb8d0633fcf3b4
广珠线,RL-abef53c9079f07a0f04d,420,unknown,unknown,轨道线 / 类别待核实 / 正线,track.unknown.main_line,unresolved,,,,,search_results_available,2026-10-06T15:04:25.088Z,RL-abef53c9079f07a0f04d
广珠铁路,RL-711d647c43a2801a92fa,1,unknown,unknown,在建 / 轨道线 / 类别待核实 / 支线,track.unknown.branch_line,unresolved,,,,,search_results_available,2026-10-06T15:48:25.233Z,RL-711d647c43a2801a92fa
广石铁路,RL-a05acfecd915c67334f2,192,unknown,unknown,轨道线 / 类别待核实 / 正线,track.unknown.main_line,unresolved,,,,,search_results_available,2026-10-06T15:06:09.882Z,RL-a05acfecd915c67334f2
广肇城际线,RL-038913d0513213915a60|RL-14a0bce013888667701e|RL-8bd86f66d11aa8e215ab,152,unknown,unknown,车站线 / 类别待核实 / 渡线|车站线 / 类别待核实 / 站场轨道线|轨道线 / 类别待核实 / 正线,station.unknown.crossover|station.unknown.unknown|track.unknown.main_line,unresolved,,,,https://china-emu.cn/RailRoads/Line/?LineName=广肇城际铁路,search_results_available,2026-10-06T15:06:33.531Z,RL-038913d0513213915a60|RL-8bd86f66d11aa8e215ab|ST-b56f476d27f005d9979a|ST-d6f22dd3af1bf77dd48a|ST-de2fdcb6fbdf95d91fe4|ST-e05f029e95698d8caa6e|ST-ee5852d5766fc57edab3|ST-ef0f0bb7f693c365ba66
广茂疏解线,RL-ad9cb5defa4f124343dd,32,unknown,unknown,轨道线 / 类别待核实 / 正线,track.unknown.main_line,unresolved,,,,,search_results_available,2026-10-06T15:09:58.539Z,RL-ad9cb5defa4f124343dd
广茂线,RL-131b871c509e82b3d02d,427,unknown,unknown,轨道线 / 类别待核实 / 正线,track.unknown.main_line,unresolved,,,,,search_results_available,2026-10-06T15:04:22.350Z,RL-131b871c509e82b3d02d
广西梧州新港铁路投资有限公司专用线,RL-5eeecfc10ec79515f7cf,17,industrial,industrial,车站线 / 工业铁路 / 连接线,station.industrial.spur_track,osm_source_compared,,,,,search_results_available,2026-10-06T15:12:40.648Z,RL-5eeecfc10ec79515f7cf
广达线,RL-29346842da0729899c38,500,unknown,unknown,轨道线 / 类别待核实 / 正线,track.unknown.main_line,unresolved,,,,https://china-emu.cn/RailRoads/Line/?LineName=广达铁路,search_results_available,2026-10-06T15:04:13.185Z,RL-29346842da0729899c38
庆安厂专用线,RL-47da4a070242134e2549,1,industrial,industrial,车站线 / 工业铁路 / 连接线,station.industrial.spur_track,osm_source_compared,,,,,search_results_available,2026-10-06T15:48:25.233Z,RL-47da4a070242134e2549
庐山动车走行线,RL-6648cf6c4b2adaed2ab9,5,unknown,unknown,车站线 / 类别待核实 / 站场轨道线,station.unknown.unknown,unresolved,,,,,search_results_available,2026-10-06T15:29:14.333Z,ST-4bf6c1e0df007c51520e
庐山城际联络线,RL-aecd078fc9cee62af1e9,4,high_speed,high_speed,在建 / 轨道线 / 高速铁路 / 支线 / 速度范围待核实,track.high_speed.branch_line.unknown,osm_source_compared,,,,https://china-emu.cn/RailRoads/Line/?LineName=庐山城际联络线,search_results_available,2026-10-06T15:42:43.876Z,RL-aecd078fc9cee62af1e9
庐铜线,RL-e0f44386360591551747,108,unknown,unknown,轨道线 / 类别待核实 / 正线,track.unknown.main_line,unresolved,,,,,search_results_available,2026-10-06T15:54:31.871Z,RL-e0f44386360591551747
库俄线,RL-c9ee100f3ec6dd3a6204,119,unknown,unknown,轨道线 / 类别待核实 / 线路功能待核实,track.unknown.unknown,unresolved,,line_role,,,search_results_available,2026-10-06T15:06:45.566Z,RL-c9ee100f3ec6dd3a6204
库塔联络线,RL-0a5c1d754916c757fe1f,19,unknown,unknown,轨道线 / 类别待核实 / 支线,track.unknown.branch_line,unresolved,,,,,search_results_available,2026-10-06T15:12:01.309Z,RL-0a5c1d754916c757fe1f
康山联络线,RL-94e45308a469badb2187,3,unknown,unknown,轨道线 / 类别待核实 / 支线,track.unknown.branch_line,unresolved,,,,https://china-emu.cn/RailRoads/Line/?LineName=康山联络线,search_results_available,2026-10-06T15:54:44.678Z,RL-94e45308a469badb2187
康延线,RL-abea1fdc78816456c168,4,unknown,unknown,轨道线 / 类别待核实 / 支线,track.unknown.branch_line,unresolved,,,,,search_results_available,2026-10-06T15:42:43.876Z,RL-abea1fdc78816456c168
康延联络线,RL-cdec771e087feba54df2,3,unknown,unknown,轨道线 / 类别待核实 / 支线,track.unknown.branch_line,unresolved,,,,,search_results_available,2026-10-06T15:54:00.529Z,RL-cdec771e087feba54df2
康桥南货场I支线,RL-b7d50b7f98a70eb9d64c,2,industrial,industrial,车站线 / 工业铁路 / 站场轨道线,station.industrial.unknown,osm_source_compared,,,,,search_results_available,2026-10-06T15:46:05.512Z,ST-1c6ff4d7f78fdeeda5cd
康桥货场III支线,RL-36502b69fce0dd34deb0,3,unknown,unknown,车站线 / 类别待核实 / 站场轨道线,station.unknown.unknown,unresolved,,,,,search_results_available,2026-10-06T15:54:20.196Z,ST-be7ba0e645a3764d5526
康桥货场II支线,RL-afd813dde5571c3893ee,3,unknown,unknown,车站线 / 类别待核实 / 站场轨道线,station.unknown.unknown,unresolved,,,,,search_results_available,2026-10-06T15:54:00.529Z,ST-a131574819d204eee2ec
康桥货场I支线,RL-0d708e717e61822da52c,3,unknown,unknown,车站线 / 类别待核实 / 站场轨道线,station.unknown.unknown,unresolved,,,,,search_results_available,2026-10-06T15:54:20.196Z,ST-a131574819d204eee2ec
廊坊热电厂专用线,RL-186f4085c8e842b5661b,6,industrial,industrial,车站线 / 工业铁路 / 连接线,station.industrial.spur_track,osm_source_compared,,,,,search_results_available,2026-10-06T15:27:46.694Z,RL-186f4085c8e842b5661b
廊坊西动车走行A线,RL-2c45aed03016b2668dfc,5,unknown,unknown,轨道线 / 类别待核实 / 支线,track.unknown.branch_line,unresolved,,,,,search_results_available,2026-10-06T15:29:14.333Z,RL-2c45aed03016b2668dfc
廊坊西动车走行B线,RL-999d6d46db3b0b9c8f5d,5,unknown,unknown,轨道线 / 类别待核实 / 支线,track.unknown.branch_line,unresolved,,,,,search_results_available,2026-10-06T15:29:24.857Z,RL-999d6d46db3b0b9c8f5d
廊涿城际线,RL-a5b910893b3c59c14670|RL-e1768ad1954934c1fd6c,4,unknown,unknown,在建 / 轨道线 / 类别待核实 / 正线|轨道线 / 类别待核实 / 正线,track.unknown.main_line,unresolved,,,,,search_results_available,2026-10-06T15:42:40.638Z,RL-a5b910893b3c59c14670|RL-e1768ad1954934c1fd6c
廊涿城际铁路,RL-778cbf62618039dd7fd0,2,unknown,unknown,在建 / 轨道线 / 类别待核实 / 正线,track.unknown.main_line,unresolved,,,,,search_results_available,2026-10-06T15:46:05.512Z,RL-778cbf62618039dd7fd0
廣深港高速鐵路 Guangzhou–Shenzhen–Hong Kong High Speed Rail,RL-99eadd3628c9a990b07f|RL-af873da8147f2c312f05|RL-dbf22c7b0feb76aad4a4,55,high_speed,high_speed,车站线 / 高速铁路 / 渡线 / 速度范围待核实|车站线 / 高速铁路 / 站场轨道线 / 速度范围待核实|轨道线 / 高速铁路 / 正线 / 速度范围待核实,station.high_speed.crossover.unknown|station.high_speed.unknown.unknown|track.high_speed.main_line.unknown,osm_source_compared,,,,,search_results_available,2026-10-06T15:08:34.566Z,RL-99eadd3628c9a990b07f|RL-af873da8147f2c312f05|ST-33ffb0b08421e2385463|ST-6f1770645dab0710578a|ST-d748899ba202b3ac4b04|ST-e1c0b6ecad59484cc5a7
延庆线,RL-c8abe040661eb28ccb7d,22,unknown,unknown,轨道线 / 类别待核实 / 正线,track.unknown.main_line,unresolved,,,,,search_results_available,2026-10-06T15:11:26.615Z,RL-c8abe040661eb28ccb7d
延长石油集团三原油库铁路专用线,RL-617e9acd33e0271b8a2c,5,industrial,industrial,车站线 / 工业铁路 / 连接线,station.industrial.spur_track,osm_source_compared,,,,,search_results_available,2026-10-06T15:29:24.857Z,RL-617e9acd33e0271b8a2c
建化线,RL-24006e04768e3bbce0bc|RL-5d8666655df462eb1338,102,unknown,unknown,轨道线 / 类别待核实 / 正线,track.unknown.main_line,unresolved,,construction_status,,,search_results_available,2026-10-06T15:07:01.541Z,RL-24006e04768e3bbce0bc|RL-5d8666655df462eb1338
建德站1道,RL-a74b29e5ef07c058305a,1,unknown,unknown,车站线 / 类别待核实 / 站场轨道线,station.unknown.unknown,unresolved,,,,,search_results_available,2026-10-06T15:48:25.233Z,ST-724ce0e84edff7be8d95
建成1线,RL-668845388f17987a721a,1,unknown,unknown,车站线 / 类别待核实 / 连接线,station.unknown.spur_track,unresolved,,,,,search_results_available,2026-10-06T15:48:25.233Z,RL-668845388f17987a721a
建材线,RL-f90172d10b462c34bf95,1,unknown,unknown,车站线 / 类别待核实 / 连接线,station.unknown.spur_track,unresolved,,,,,search_results_available,2026-10-06T15:48:18.720Z,RL-f90172d10b462c34bf95
开阳线,RL-fd01fb70e22b7cfc95cd,47,unknown,unknown,轨道线 / 类别待核实 / 支线,track.unknown.branch_line,unresolved,,,,,search_results_available,2026-10-06T15:08:59.380Z,RL-fd01fb70e22b7cfc95cd
弋樟线,RL-02ab63a26d4c45b94fa0,5,unknown,unknown,轨道线 / 类别待核实 / 支线,track.unknown.branch_line,unresolved,,,,,search_results_available,2026-10-06T15:29:24.857Z,RL-02ab63a26d4c45b94fa0
张东疏解线,RL-d7fdaf87315397d30a70,4,unknown,unknown,轨道线 / 类别待核实 / 支线,track.unknown.branch_line,unresolved,,,,,search_results_available,2026-10-06T15:42:40.638Z,RL-d7fdaf87315397d30a70
张东线,RL-da7072fad368fa169447,122,unknown,unknown,轨道线 / 类别待核实 / 正线,track.unknown.main_line,unresolved,,,,,search_results_available,2026-10-06T15:06:45.163Z,RL-da7072fad368fa169447
张博线,RL-0f2c1ba4ad44ccc8261f,86,unknown,unknown,轨道线 / 类别待核实 / 支线,track.unknown.branch_line,unresolved,,railway_class,,,search_results_available,2026-10-06T15:07:28.108Z,RL-0f2c1ba4ad44ccc8261f
张双线,RL-aeb973acf2e90113f943|RL-cc7e1eb7fdb2c322b26f,96,unknown,unknown,轨道线 / 类别待核实 / 支线,track.unknown.branch_line,unresolved,,,,,search_results_available,2026-10-06T15:07:09.460Z,RL-aeb973acf2e90113f943|RL-cc7e1eb7fdb2c322b26f
张台线,RL-f994cda96352c80c193b,1,unknown,unknown,轨道线 / 类别待核实 / 线路功能待核实,track.unknown.unknown,unresolved,,,,,search_results_available,2026-10-06T15:48:18.720Z,RL-f994cda96352c80c193b
张吉怀高速线,RL-495216a2e9a67c31be82|RL-cc3540bf86dbf7fb9d58,788,high_speed,high_speed,轨道线 / 高速铁路 / 正线 / 300–350 km/h,track.high_speed.main_line.300-350,external_reference_unverified|osm_source_compared,,,,https://china-emu.cn/RailRoads/Line/?LineName=张吉怀高速铁路,search_results_available,2026-10-06T15:03:41.663Z,RL-495216a2e9a67c31be82|RL-cc3540bf86dbf7fb9d58
张塘线,RL-10d942f937be9fcba783,28,unknown,unknown,轨道线 / 类别待核实 / 支线,track.unknown.branch_line,unresolved,,,,,search_results_available,2026-10-06T15:10:37.789Z,RL-10d942f937be9fcba783
张大客专线,RL-3b4a9ac074c40aee51c9,147,high_speed,high_speed,轨道线 / 高速铁路 / 正线 / 速度范围待核实,track.high_speed.main_line.unknown,osm_source_compared,,,,,search_results_available,2026-10-06T15:06:34.183Z,RL-3b4a9ac074c40aee51c9
张家口-张家口南线,RL-ba5411c2f43de3067e2d,1,unknown,unknown,轨道线 / 类别待核实 / 线路功能待核实,track.unknown.unknown,unresolved,,,,,search_results_available,2026-10-06T15:48:18.720Z,RL-ba5411c2f43de3067e2d
张家界西联络线,RL-2d978d94842870c5e23a,23,high_speed,high_speed,轨道线 / 高速铁路 / 支线 / 速度范围待核实,track.high_speed.branch_line.unknown,osm_source_compared,,,,,search_results_available,2026-10-06T15:11:18.298Z,RL-2d978d94842870c5e23a
张建线,RL-ba225693fac33730b0b6,16,unknown,unknown,轨道线 / 类别待核实 / 支线,track.unknown.branch_line,unresolved,,,,,search_results_available,2026-10-06T15:13:03.663Z,RL-ba225693fac33730b0b6
张维屯象屿线,RL-6d1aae1d824fddb90adb|RL-f32969de325ca7f1516f,8,unknown,unknown,车站线 / 类别待核实 / 站场轨道线|车站线 / 类别待核实 / 连接线,station.unknown.spur_track|station.unknown.unknown,unresolved,,,,,search_results_available,2026-10-06T15:25:05.982Z,RL-f32969de325ca7f1516f|ST-e1046f58fe674cfe73d5
弥蒙高速线,RL-9d032ef9ad81d924b4ab,254,high_speed,high_speed,轨道线 / 高速铁路 / 正线 / 速度范围待核实,track.high_speed.main_line.unknown,osm_source_compared,,,,https://china-emu.cn/RailRoads/Line/?LineName=弥蒙高速铁路,search_results_available,2026-10-06T15:54:36.526Z,RL-9d032ef9ad81d924b4ab
强南联络线,RL-25971e67fa3aa3edf4dc,19,unknown,unknown,轨道线 / 类别待核实 / 支线,track.unknown.branch_line,unresolved,,,,https://china-emu.cn/RailRoads/Line/?LineName=强南联络线,search_results_available,2026-10-06T15:12:01.309Z,RL-25971e67fa3aa3edf4dc
归连铁路,RL-da0adc5c7f49947ea5d3|RL-e835b82dc32b52f78ab9,84,unknown,unknown,车站线 / 类别待核实 / 站场轨道线|轨道线 / 类别待核实 / 支线,station.unknown.unknown|track.unknown.branch_line,unresolved,,,,,search_results_available,2026-10-06T15:07:23.380Z,RL-da0adc5c7f49947ea5d3|ST-15de6ac408ba7bf6ba5c
当远线,RL-d0e1e3794246f60ca333,96,unknown,unknown,轨道线 / 类别待核实 / 正线,track.unknown.main_line,unresolved,,,,,search_results_available,2026-10-06T15:07:09.460Z,RL-d0e1e3794246f60ca333
彭信联络线,RL-9b4a777f14434833342e,6,unknown,unknown,轨道线 / 类别待核实 / 线路功能待核实,track.unknown.unknown,unresolved,,,,,search_results_available,2026-10-06T15:27:46.694Z,RL-9b4a777f14434833342e
彭山北站1道,RL-a5e934cc477aa099c200,2,unknown,unknown,车站线 / 类别待核实 / 站场轨道线,station.unknown.unknown,unresolved,,,,,search_results_available,2026-10-06T15:46:05.512Z,ST-a6d288c5419cc0770113
彭山北站4道,RL-3ea77b2c03e4577d1ad1,2,unknown,unknown,车站线 / 类别待核实 / 站场轨道线,station.unknown.unknown,unresolved,,,,,search_results_available,2026-10-06T15:45:59.017Z,ST-13c8ca657627220427e6|ST-a6d288c5419cc0770113
待焦联络线,RL-e2e8463296a98c217e35,17,unknown,unknown,轨道线 / 类别待核实 / 支线,track.unknown.branch_line,unresolved,,,,,search_results_available,2026-10-06T15:12:40.648Z,RL-e2e8463296a98c217e35
徐兰大西疏解线,RL-12e5ab4b4e4729580dd7,5,high_speed,high_speed,轨道线 / 高速铁路 / 正线 / 速度范围待核实,track.high_speed.main_line.unknown,osm_source_compared,,,,https://china-emu.cn/RailRoads/Line/?LineName=徐兰大西疏解线,search_results_available,2026-10-06T15:29:24.857Z,RL-12e5ab4b4e4729580dd7
徐兰西成疏解线,RL-e787d00de45c33fb055a,4,high_speed,high_speed,轨道线 / 高速铁路 / 正线 / 速度范围待核实,track.high_speed.main_line.unknown,osm_source_compared,,,,https://china-emu.cn/RailRoads/Line/?LineName=徐兰西成疏解线,search_results_available,2026-10-06T15:42:40.638Z,RL-e787d00de45c33fb055a
徐兰高速线,RL-c516cef4247b11ebdd60,1490,high_speed,high_speed,轨道线 / 高速铁路 / 正线 / 速度范围待核实,track.high_speed.main_line.unknown,osm_source_compared,,,,https://china-emu.cn/RailRoads/Line/?LineName=徐兰高速铁路,search_results_available,2026-10-06T15:03:24.882Z,RL-c516cef4247b11ebdd60
徐兰高速郑州联络线,RL-703f85e21b7b0ea279f2,46,unknown,unknown,轨道线 / 类别待核实 / 正线,track.unknown.main_line,unresolved,,,,,search_results_available,2026-10-06T15:09:05.072Z,RL-703f85e21b7b0ea279f2
徐圩支线,RL-aefb4ea43d5ed4d318f8,49,unknown,unknown,轨道线 / 类别待核实 / 支线,track.unknown.branch_line,unresolved,,,,,search_results_available,2026-10-06T15:08:48.424Z,RL-aefb4ea43d5ed4d318f8
徐州东徐兰场,RL-ce0b534cf82b42747c62,4,unknown,unknown,车站线 / 类别待核实 / 站场轨道线,station.unknown.unknown,unresolved,,,,,search_results_available,2026-10-06T15:42:40.638Z,ST-0ce96112c642e4280567|ST-c46b136a1bb2fdb21133
徐州东联络线,RL-dfd605f82b3288cc5fa7,8,high_speed,high_speed,轨道线 / 高速铁路 / 支线 / 速度范围待核实,track.high_speed.branch_line.unknown,osm_source_compared,,,,https://china-emu.cn/RailRoads/Line/?LineName=徐州东联络线,search_results_available,2026-10-06T15:25:02.471Z,RL-dfd605f82b3288cc5fa7
徐州小运转线,RL-69a54de4c9ff73f7bd97,8,unknown,unknown,轨道线 / 类别待核实 / 支线,track.unknown.branch_line,unresolved,,,,,search_results_available,2026-10-06T15:25:02.471Z,RL-69a54de4c9ff73f7bd97
徐州联络线,RL-6a2ed1932ae32434894e,29,high_speed,high_speed,轨道线 / 高速铁路 / 正线 / 速度范围待核实,track.high_speed.main_line.unknown,osm_source_compared,,,,https://china-emu.cn/RailRoads/Line/?LineName=徐州联络线,search_results_available,2026-10-06T15:10:20.896Z,RL-6a2ed1932ae32434894e
徐沛线,RL-68456454a60fe1fc9330,59,unknown,unknown,轨道线 / 类别待核实 / 支线,track.unknown.branch_line,unresolved,,,,,search_results_available,2026-10-06T15:08:22.023Z,RL-68456454a60fe1fc9330
徐盐客专线,RL-044b6ab1f0ab19e3052c,260,high_speed,high_speed,轨道线 / 高速铁路 / 正线 / 250–300 km/h,track.high_speed.main_line.250-300,osm_source_compared,,,,,search_results_available,2026-10-06T15:04:47.119Z,RL-044b6ab1f0ab19e3052c
徐连高速线,RL-23278e973a6d705a5116,132,high_speed,high_speed,轨道线 / 高速铁路 / 正线 / 300–350 km/h,track.high_speed.main_line.300-350,osm_source_compared,,,,https://china-emu.cn/RailRoads/Line/?LineName=徐连高速铁路（及联络线）,search_results_available,2026-10-06T15:06:38.748Z,RL-23278e973a6d705a5116
得利线,RL-61cfd7a255f456b6955e,1,unknown,unknown,车站线 / 类别待核实 / 连接线,station.unknown.spur_track,unresolved,,,,,search_results_available,2026-10-06T15:48:18.720Z,RL-61cfd7a255f456b6955e
德令哈联络线,RL-630594e4a723917c969b,29,unknown,unknown,轨道线 / 类别待核实 / 支线,track.unknown.branch_line,unresolved,,,,,search_results_available,2026-10-06T15:10:32.589Z,RL-630594e4a723917c969b
德大疏解线,RL-ab349efc0c9db976c980,9,unknown,unknown,轨道线 / 类别待核实 / 支线,track.unknown.branch_line,unresolved,,,,,search_results_available,2026-10-06T15:24:02.968Z,RL-ab349efc0c9db976c980
德大线,RL-364bee216207bfee1585,325,unknown,unknown,轨道线 / 类别待核实 / 正线,track.unknown.main_line,unresolved,,,,,search_results_available,2026-10-06T15:04:37.498Z,RL-364bee216207bfee1585
德大联络线,RL-b5b69add49af4ab52ff7,21,unknown,unknown,轨道线 / 类别待核实 / 正线,track.unknown.main_line,unresolved,,,,,search_results_available,2026-10-06T15:11:39.699Z,RL-b5b69add49af4ab52ff7
德天铁路,RL-b7ae56026d2fd40f71da,39,unknown,unknown,轨道线 / 类别待核实 / 支线,track.unknown.branch_line,unresolved,,,,,search_results_available,2026-10-06T15:09:28.625Z,RL-b7ae56026d2fd40f71da
德州东联络线,RL-fddabfd479e096f7edf6,13,high_speed,high_speed,轨道线 / 高速铁路 / 正线 / 速度范围待核实,track.high_speed.main_line.unknown,osm_source_compared,,,,https://china-emu.cn/RailRoads/Line/?LineName=德州东联络线,search_results_available,2026-10-06T15:21:26.953Z,RL-fddabfd479e096f7edf6
快装线,RL-f5ef94a4d78439db09b2,1,unknown,unknown,车站线 / 类别待核实 / 站场轨道线,station.unknown.unknown,unresolved,,,,,search_results_available,2026-10-06T15:48:32.666Z,ST-5c2cfd7dcb265bc661ab
忻河线,RL-946c599b1221d148fcae,32,unknown,unknown,轨道线 / 类别待核实 / 正线,track.unknown.main_line,unresolved,,,,,search_results_available,2026-10-06T15:09:58.539Z,RL-946c599b1221d148fcae
怀兴城际线,RL-0f6f23d86d4cc188b18a|RL-5632f73b3a39024a02fc|RL-6f9ae34d986116c2fb0b,121,high_speed,high_speed,在建 / 轨道线 / 高速铁路 / 正线 / 速度范围待核实|轨道线 / 高速铁路 / 正线 / 速度范围待核实,track.high_speed.main_line.unknown,osm_source_compared,,,,https://china-emu.cn/RailRoads/Line/?LineName=怀兴城际铁路,search_results_available,2026-10-06T15:06:46.433Z,RL-0f6f23d86d4cc188b18a|RL-5632f73b3a39024a02fc|RL-6f9ae34d986116c2fb0b
怀化南动车走行线,RL-e602eeea5cb0f5efcc12,15,unknown,unknown,车站线 / 类别待核实 / 站场轨道线,station.unknown.unknown,unresolved,,,,,search_results_available,2026-10-06T15:20:37.162Z,ST-6c487ce9efc39d4c8415|ST-733c69110cb94968852e
怀化南怀衡联络线,RL-87036e569c60121c3d70,10,unknown,unknown,轨道线 / 类别待核实 / 支线,track.unknown.branch_line,unresolved,,,,,search_results_available,2026-10-06T15:54:36.526Z,RL-87036e569c60121c3d70
怀化西南线,RL-f6b5072228a3a6f15665,1,unknown,unknown,车站线 / 类别待核实 / 站场轨道线,station.unknown.unknown,unresolved,,,,,search_results_available,2026-10-06T15:48:32.666Z,ST-477bf2ae2990b6ac9fa9
怀联线,RL-1fab4940d69fbaff8e71,19,unknown,unknown,轨道线 / 类别待核实 / 正线,track.unknown.main_line,unresolved,,,,,search_results_available,2026-10-06T15:12:01.309Z,RL-1fab4940d69fbaff8e71
怀衡沪昆联络线,RL-c6a179227a4163dfcea3,7,unknown,unknown,轨道线 / 类别待核实 / 支线,track.unknown.branch_line,unresolved,,,,,search_results_available,2026-10-06T15:26:26.644Z,RL-c6a179227a4163dfcea3
怀衡线,RL-eb8ad1d9846950df8768,1140,high_speed,high_speed,轨道线 / 高速铁路 / 正线 / 速度范围待核实,track.high_speed.main_line.unknown,osm_source_compared,,,,https://china-emu.cn/RailRoads/Line/?LineName=怀衡铁路,search_results_available,2026-10-06T15:03:28.991Z,RL-eb8ad1d9846950df8768
总库专用线,RL-fd2281773451c1d3ec83,2,unknown,unknown,车站线 / 类别待核实 / 连接线,station.unknown.spur_track,unresolved,,,,,search_results_available,2026-10-06T15:45:59.017Z,RL-fd2281773451c1d3ec83
恒山线,RL-8c21512d14127965ed49,17,conventional,conventional,轨道线 / 普速铁路 / 支线,track.conventional.branch_line,source_checked,,,https://www.nra.gov.cn/zzjg/jgj/syjd/sgsgg/201911/P020220825544637781349.pdf,,search_results_available,2026-10-06T15:12:38.230Z,RL-8c21512d14127965ed49
恒运线,RL-acd87d09a2071e832d6d,1,unknown,unknown,车站线 / 类别待核实 / 连接线,station.unknown.spur_track,unresolved,,,,,search_results_available,2026-10-06T15:48:32.666Z,RL-acd87d09a2071e832d6d
惠八联络线,RL-85a6eee79187c7c753b2,1,conventional,conventional,轨道线 / 普速铁路 / 线路功能待核实,track.conventional.unknown,osm_source_compared,,,,,search_results_available,2026-10-06T15:48:32.666Z,RL-85a6eee79187c7c753b2
惠大铁路,RL-a419b00c429abf2fbc0a,75,unknown,unknown,轨道线 / 类别待核实 / 支线,track.unknown.branch_line,unresolved,,,,,search_results_available,2026-10-06T15:07:44.083Z,RL-a419b00c429abf2fbc0a
惠安堡联络线,RL-68cb8febedc74501f6d6,8,unknown,unknown,轨道线 / 类别待核实 / 支线,track.unknown.branch_line,unresolved,,,,https://china-emu.cn/RailRoads/Line/?LineName=惠安堡联络线,search_results_available,2026-10-06T15:25:02.471Z,RL-68cb8febedc74501f6d6
惠罗联络线,RL-16ce3a1382384dff6259,81,high_speed,high_speed,轨道线 / 高速铁路 / 线路功能待核实 / 速度范围待核实,track.high_speed.unknown.unknown,osm_source_compared,,line_role|track_role,,https://china-emu.cn/RailRoads/Line/?LineName=惠罗联络线,search_results_available,2026-10-06T15:54:41.521Z,RL-16ce3a1382384dff6259
成万高速线,RL-3336af6f2862eacc2f1a,306,high_speed,high_speed,在建 / 轨道线 / 高速铁路 / 正线 / 300–350 km/h,track.high_speed.main_line.300-350,osm_source_compared,,,,https://china-emu.cn/RailRoads/Line/?LineName=成万高速铁路,search_results_available,2026-10-06T15:04:41.211Z,RL-3336af6f2862eacc2f1a
成前货物联络线,RL-d45714ca2ca8f87b29f7,7,unknown,unknown,轨道线 / 类别待核实 / 支线,track.unknown.branch_line,unresolved,,,,,search_results_available,2026-10-06T15:26:23.851Z,RL-d45714ca2ca8f87b29f7
成宾线,RL-5127e138e959e0e4ab08,42,conventional,conventional,轨道线 / 普速铁路 / 支线,track.conventional.branch_line,source_checked,,,https://www.nra.gov.cn/zzjg/jgj/syjd/sgsgg/201911/P020220825544637781349.pdf,,search_results_available,2026-10-06T15:09:15.734Z,RL-5127e138e959e0e4ab08
成昆思乐外绕线,RL-01f82db9b57a6f7b57db,31,unknown,unknown,轨道线 / 类别待核实 / 正线,track.unknown.main_line,unresolved,,,,,search_results_available,2026-10-06T15:10:10.194Z,RL-01f82db9b57a6f7b57db
成昆渡口联络线,RL-8581d58b51808178f3aa,7,unknown,unknown,轨道线 / 类别待核实 / 支线,track.unknown.branch_line,unresolved,,,,,search_results_available,2026-10-06T15:26:23.851Z,RL-8581d58b51808178f3aa
成昆线,RL-74fe27852c53cbfbac56,2704,unknown,conventional,轨道线 / 普速铁路 / 正线,track.conventional.main_line,user_verified,,line_role|track_role,,,search_results_available,2026-10-06T15:03:04.557Z,RL-74fe27852c53cbfbac56
成昆至成都东上行联络线,RL-5d73e7b9e02490a0089f|RL-c67a93d8980431bb1755,5,unknown,unknown,车站线 / 类别待核实 / 站场轨道线,station.unknown.unknown,unresolved,,,,,search_results_available,2026-10-06T15:29:29.468Z,ST-f59d2bed2a1fef6e30c9
成昆铁路,RL-2791ddd9bc10abf22b4d,9,unknown,unknown,车站线 / 类别待核实 / 站场轨道线,station.unknown.unknown,unresolved,,,,,search_results_available,2026-10-06T15:24:08.777Z,ST-140be4bf660fb3b062df
成汶铁路,RL-79760b8622b35c7d4a89,63,unknown,unknown,轨道线 / 类别待核实 / 支线,track.unknown.branch_line,unresolved,,,,,search_results_available,2026-10-06T15:08:08.513Z,RL-79760b8622b35c7d4a89
成渝东环联络线,RL-596a3a789a146e9b6794,3,unknown,unknown,轨道线 / 类别待核实 / 正线,track.unknown.main_line,unresolved,,,,https://china-emu.cn/RailRoads/Line/?LineName=成渝东环联络线,search_results_available,2026-10-06T15:54:31.871Z,RL-596a3a789a146e9b6794
成渝成都北联络线,RL-66f5571e7d45b8e32af7,5,unknown,unknown,轨道线 / 类别待核实 / 支线,track.unknown.branch_line,unresolved,,,,,search_results_available,2026-10-06T15:29:29.468Z,RL-66f5571e7d45b8e32af7
成渝疏解线,RL-5acb63a9bf7fb91afecd,21,unknown,unknown,轨道线 / 类别待核实 / 线路功能待核实,track.unknown.unknown,unresolved,,line_role,,,search_results_available,2026-10-06T15:11:39.699Z,RL-5acb63a9bf7fb91afecd
成渝线,RL-5b5c34db486003547363|RL-c45b5096196b5c7bacbc|RL-d23aef6a27728a9df0c1,704,unknown,conventional|unknown,在建 / 车站线 / 类别待核实 / 站场轨道线|在建 / 轨道线 / 类别待核实 / 正线|轨道线 / 普速铁路 / 正线,station.unknown.unknown|track.conventional.main_line|track.unknown.main_line,unresolved|user_verified,,line_role|track_role|construction_status,,,search_results_available,2026-10-06T15:03:48.592Z,RL-5b5c34db486003547363|RL-c45b5096196b5c7bacbc|ST-d1e14a0d34ade2327048
成渝高速井西联络线,RL-307a2d53c564d2b1dae6,4,unknown,unknown,轨道线 / 类别待核实 / 支线,track.unknown.branch_line,unresolved,,,,,search_results_available,2026-10-06T15:42:49.255Z,RL-307a2d53c564d2b1dae6
成渝高速反发联络线,RL-c871f0e828a834a526a1,7,high_speed,high_speed,轨道线 / 高速铁路 / 正线 / 速度范围待核实,track.high_speed.main_line.unknown,osm_source_compared,,,,,search_results_available,2026-10-06T15:26:23.851Z,RL-c871f0e828a834a526a1
成渝高速渝贵联络线,RL-605e5886915436427a8b,23,high_speed,high_speed,轨道线 / 高速铁路 / 正线 / 速度范围待核实,track.high_speed.main_line.unknown,osm_source_compared,,,,https://china-emu.cn/RailRoads/Line/?LineName=成渝高速渝贵联络线,search_results_available,2026-10-06T15:11:18.298Z,RL-605e5886915436427a8b
成渝高速线,RL-1970dcbe6cb466eb47ed|RL-22666f1b161069aa56d5,1296,high_speed,high_speed,在建 / 轨道线 / 高速铁路 / 正线 / 速度范围待核实|轨道线 / 高速铁路 / 正线 / 速度范围待核实,track.high_speed.main_line.unknown,osm_source_compared,,,,https://china-emu.cn/RailRoads/Line/?LineName=成渝高速铁路,search_results_available,2026-10-06T15:03:22.108Z,RL-1970dcbe6cb466eb47ed|RL-22666f1b161069aa56d5
成灌线,RL-377d8767468405e21e26,113,high_speed,high_speed,轨道线 / 高速铁路 / 正线 / 200–250 km/h,track.high_speed.main_line.200-250,osm_source_compared,,,,https://china-emu.cn/RailRoads/Line/?LineName=成灌铁路,search_results_available,2026-10-06T15:06:50.548Z,RL-377d8767468405e21e26
成灌西环联络线（预留）,RL-fedb3cf4325e813ec127,2,unknown,unknown,车站线 / 类别待核实 / 连接线,station.unknown.spur_track,unresolved,,,,,search_results_available,2026-10-06T15:45:59.017Z,RL-fedb3cf4325e813ec127
成自宜高速线,RL-eda97786f0efc40459ef,526,high_speed,high_speed,轨道线 / 高速铁路 / 正线 / 速度范围待核实,track.high_speed.main_line.unknown,osm_source_compared,,,,,search_results_available,2026-10-06T15:04:13.634Z,RL-eda97786f0efc40459ef
成花线,RL-659c04a10097093e3009,133,unknown,unknown,轨道线 / 类别待核实 / 正线,track.unknown.main_line,unresolved,,,,,search_results_available,2026-10-06T15:06:40.608Z,RL-659c04a10097093e3009
成贵客专线,RL-9190eff087e08e38fd5e,1178,high_speed,high_speed,轨道线 / 高速铁路 / 正线 / 速度范围待核实,track.high_speed.main_line.unknown,osm_source_compared,,,,,search_results_available,2026-10-06T15:03:30.600Z,RL-9190eff087e08e38fd5e
成贵成渝联络线,RL-9b8e3e4dba752383b6e4,12,high_speed,high_speed,轨道线 / 高速铁路 / 正线 / 速度范围待核实,track.high_speed.main_line.unknown,osm_source_compared,,,,https://china-emu.cn/RailRoads/Line/?LineName=成贵成渝联络线,search_results_available,2026-10-06T15:21:59.597Z,RL-9b8e3e4dba752383b6e4
成贵沪昆联络Ⅰ线,RL-3d4f38183839fff8b6b3,3,high_speed,high_speed,轨道线 / 高速铁路 / 正线 / 速度范围待核实,track.high_speed.main_line.unknown,osm_source_compared,,,,,search_results_available,2026-10-06T15:54:44.678Z,RL-3d4f38183839fff8b6b3
成贵沪昆联络Ⅱ线,RL-a9cae00dda7d60fccb85,7,high_speed,high_speed,轨道线 / 高速铁路 / 正线 / 速度范围待核实,track.high_speed.main_line.unknown,osm_source_compared,,,,,search_results_available,2026-10-06T15:26:23.851Z,RL-a9cae00dda7d60fccb85
成贵渝贵联络线,RL-f79b889427133b5f2559,9,high_speed,high_speed,轨道线 / 高速铁路 / 正线 / 速度范围待核实,track.high_speed.main_line.unknown,osm_source_compared,,,,,search_results_available,2026-10-06T15:24:08.777Z,RL-f79b889427133b5f2559
成贵贵阳北联络线,RL-58bbbc842f33662295b8,24,high_speed,high_speed,轨道线 / 高速铁路 / 正线 / 速度范围待核实,track.high_speed.main_line.unknown,osm_source_compared,,,,https://china-emu.cn/RailRoads/Line/?LineName=成贵贵阳北联络线,search_results_available,2026-10-06T15:11:05.972Z,RL-58bbbc842f33662295b8
成达万高速铁路,RL-6e06d85cf7099aed0cf7,642,high_speed,high_speed,在建 / 轨道线 / 高速铁路 / 正线 / 速度范围待核实,track.high_speed.main_line.unknown,osm_source_compared,,,,,search_results_available,2026-10-06T15:03:57.078Z,RL-6e06d85cf7099aed0cf7
成达万高铁成宜联络线,RL-a2218b52f1755d8d086d|RL-da3306a21ddcd3aef37c,13,high_speed,high_speed,在建 / 轨道线 / 高速铁路 / 支线 / 速度范围待核实|轨道线 / 高速铁路 / 支线 / 速度范围待核实,track.high_speed.branch_line.unknown,osm_source_compared,,,,,search_results_available,2026-10-06T15:21:26.953Z,RL-a2218b52f1755d8d086d|RL-da3306a21ddcd3aef37c
成都东城际动走上行线,RL-2eba2d8dece3eb342439,10,unknown,unknown,车站线 / 类别待核实 / 到发线|车站线 / 类别待核实 / 站场轨道线,station.unknown.arrival_departure_track|station.unknown.unknown,unresolved,,,,,search_results_available,2026-10-06T15:54:36.526Z,ST-0e0e6a048b70994f2dee|ST-5c9865b5c6297c1beaf1
成都东城际动走下行线,RL-f4d909e20b1852224025,12,unknown,unknown,车站线 / 类别待核实 / 到发线|车站线 / 类别待核实 / 站场轨道线,station.unknown.arrival_departure_track|station.unknown.unknown,unresolved,,,,,search_results_available,2026-10-06T15:21:59.597Z,ST-0e0e6a048b70994f2dee|ST-5c9865b5c6297c1beaf1
成都东环线,RL-cdb926a2fe523e941da3|RL-d705482f7335ffa88a1a,75,unknown,unknown,在建 / 轨道线 / 类别待核实 / 正线|轨道线 / 类别待核实 / 正线,track.unknown.main_line,unresolved,,,,,search_results_available,2026-10-06T15:07:44.083Z,RL-cdb926a2fe523e941da3|RL-d705482f7335ffa88a1a
成都东站北联络线,RL-d43737b6ff043f77049c,3,unknown,unknown,车站线 / 类别待核实 / 到发线,station.unknown.arrival_departure_track,unresolved,,,,,search_results_available,2026-10-06T15:54:36.526Z,ST-5c9865b5c6297c1beaf1
成都东站南联络线,RL-b28d72d3593b61743cb6,1,unknown,unknown,车站线 / 类别待核实 / 渡线,station.unknown.crossover,unresolved,,,,,search_results_available,2026-10-06T15:48:32.998Z,RL-b28d72d3593b61743cb6
成都东达成动走上行线,RL-0b1a0ac6f002b27888b2|RL-372034e36433c71afc8b,12,unknown,unknown,车站线 / 类别待核实 / 到发线,station.unknown.arrival_departure_track,unresolved,,,,,search_results_available,2026-10-06T15:21:59.880Z,ST-5c9865b5c6297c1beaf1
成都东达成动走下行线,RL-4edbd39bc990c62fb492|RL-9308be35b5d546fbca1d,9,unknown,unknown,车站线 / 类别待核实 / 渡线|车站线 / 类别待核实 / 站场轨道线,station.unknown.crossover|station.unknown.unknown,unresolved,,,,,search_results_available,2026-10-06T15:24:08.777Z,RL-4edbd39bc990c62fb492|ST-0e0e6a048b70994f2dee
成都北环线,RL-26cd8bf67cd72529f651,53,unknown,unknown,轨道线 / 类别待核实 / 正线,track.unknown.main_line,unresolved,,,,,search_results_available,2026-10-06T15:08:35.851Z,RL-26cd8bf67cd72529f651
成都市化工储运总公司专用线,RL-d9277586ea6d9499138c,1,unknown,unknown,车站线 / 类别待核实 / 站场轨道线,station.unknown.unknown,unresolved,,,,,search_results_available,2026-10-06T15:48:32.998Z,ST-0e0e6a048b70994f2dee
成都新成仓储服务有限公司专用线,RL-1ab8af8636de91fe91df,7,unknown,unknown,车站线 / 类别待核实 / 站场轨道线,station.unknown.unknown,unresolved,,,,,search_results_available,2026-10-06T15:26:25.967Z,ST-4c3280762cafdfd7ca30|ST-90ba452efb1dea39265c
成都西环线,RL-8a3cb617c6ad409e6563|RL-a89c87a3a78df9e17a66,90,high_speed|unknown,high_speed|unknown,轨道线 / 类别待核实 / 正线|轨道线 / 高速铁路 / 正线 / 速度范围待核实,track.high_speed.main_line.unknown|track.unknown.main_line,osm_source_compared|unresolved,,,,,search_results_available,2026-10-06T15:07:18.758Z,RL-8a3cb617c6ad409e6563|RL-a89c87a3a78df9e17a66
成都西联钢铁有限公司专用线,RL-d0464b1f3cee3ff107d5,7,unknown,unknown,车站线 / 类别待核实 / 站场轨道线,station.unknown.unknown,unresolved,,,,,search_results_available,2026-10-06T15:26:25.967Z,ST-4c3280762cafdfd7ca30|ST-b70e5a3949f7575bc4ce
成都车辆段专用线,RL-b9a8ac302d0018c1b22a,14,unknown,unknown,车站线 / 类别待核实 / 站场轨道线,station.unknown.unknown,unresolved,,,,,search_results_available,2026-10-06T15:54:00.530Z,ST-10447b207c611ade2165
成都飞机工业（集团）有限责任公司专用线,RL-a881335ef76ac31ac6fc,9,unknown,unknown,车站线 / 类别待核实 / 连接线,station.unknown.spur_track,unresolved,,,,,search_results_available,2026-10-06T15:24:08.777Z,RL-a881335ef76ac31ac6fc
成都龙港钢铁有限公司专用线,RL-6cd4a21c54c909b09502,2,unknown,unknown,车站线 / 类别待核实 / 连接线,station.unknown.spur_track,unresolved,,,,,search_results_available,2026-10-06T15:45:59.017Z,RL-6cd4a21c54c909b09502
成雅线,RL-ea2a0f6c1fd73e01b676,1,high_speed,high_speed,轨道线 / 高速铁路 / 正线 / 速度范围待核实,track.high_speed.main_line.unknown,osm_source_compared,,,,https://china-emu.cn/RailRoads/Line/?LineName=成雅铁路,search_results_available,2026-10-06T15:48:32.998Z,RL-ea2a0f6c1fd73e01b676
战备线,RL-ad3763c1d3e6495b6d56|RL-c059329a111a1f5c0b31,6,unknown,unknown,车站线 / 类别待核实 / 站场轨道线|车站线 / 类别待核实 / 连接线,station.unknown.spur_track|station.unknown.unknown,unresolved,,,,,search_results_available,2026-10-06T15:27:46.581Z,RL-ad3763c1d3e6495b6d56|ST-0bd61574c6300c36c787
户县电厂专用线,RL-1ec53b67bd4c3cb3bec9,5,unknown,unknown,车站线 / 类别待核实 / 连接线,station.unknown.spur_track,unresolved,,,,,search_results_available,2026-10-06T15:29:29.468Z,RL-1ec53b67bd4c3cb3bec9
房山线,RL-ad15f7c37391a53fb25c,33,unknown,unknown,轨道线 / 类别待核实 / 支线,track.unknown.branch_line,unresolved,,,,,search_results_available,2026-10-06T15:09:59.554Z,RL-ad15f7c37391a53fb25c
房建段专用线,RL-5a76cb72bb79f3cc126f,1,unknown,unknown,车站线 / 类别待核实 / 连接线,station.unknown.spur_track,unresolved,,,,,search_results_available,2026-10-06T15:48:32.998Z,RL-5a76cb72bb79f3cc126f
扎阿线,RL-5622e8577693455f61ad,68,conventional,conventional,轨道线 / 普速铁路 / 支线,track.conventional.branch_line,source_checked,,,https://www.nra.gov.cn/zzjg/jgj/syjd/sgsgg/201911/P020220825544637781349.pdf,,search_results_available,2026-10-06T15:07:51.620Z,RL-5622e8577693455f61ad
扎雁矿线,RL-2220b527b4a83338d72b,15,unknown,unknown,轨道线 / 类别待核实 / 支线,track.unknown.branch_line,unresolved,,,,,search_results_available,2026-10-06T15:20:37.162Z,RL-2220b527b4a83338d72b
扬州东北东联络线,RL-0727bebf4c03983c5e0a,14,unknown,unknown,在建 / 轨道线 / 类别待核实 / 正线,track.unknown.main_line,unresolved,,,,,search_results_available,2026-10-06T15:54:56.504Z,RL-0727bebf4c03983c5e0a
扬马城际线,RL-77d10229b0f668ec8d44,3,unknown,unknown,在建 / 轨道线 / 类别待核实 / 正线,track.unknown.main_line,unresolved,,,,,search_results_available,2026-10-06T15:54:56.504Z,RL-77d10229b0f668ec8d44
承隆线,RL-46e48c822f50400a56a4,114,unknown,unknown,轨道线 / 类别待核实 / 支线,track.unknown.branch_line,unresolved,,,,,search_results_available,2026-10-06T15:06:50.548Z,RL-46e48c822f50400a56a4
折返所入库线,RL-d61cef54bc95a900d060,2,unknown,unknown,车站线 / 类别待核实 / 站场轨道线,station.unknown.unknown,unresolved,,,,,search_results_available,2026-10-06T15:45:59.452Z,ST-21ea86e6b611c4be5162
折返所出库线,RL-689520e6a7a93022f4c5,5,unknown,unknown,车站线 / 类别待核实 / 站场轨道线,station.unknown.unknown,unresolved,,,,,search_results_available,2026-10-06T15:29:29.468Z,ST-21ea86e6b611c4be5162
抚乐线,RL-6f2505198d0914ea6468,42,unknown,unknown,轨道线 / 类别待核实 / 支线,track.unknown.branch_line,unresolved,,,,,search_results_available,2026-10-06T15:09:15.734Z,RL-6f2505198d0914ea6468
抚将联络线,RL-7e7abb4b88ca939bd16b,5,unknown,unknown,轨道线 / 类别待核实 / 支线,track.unknown.branch_line,unresolved,,,,,search_results_available,2026-10-06T15:29:23.866Z,RL-7e7abb4b88ca939bd16b
抚州市东乡区欣欣实业有限公司专用线,RL-3ff66ecfe0eb22053236,1,unknown,unknown,车站线 / 类别待核实 / 连接线,station.unknown.spur_track,unresolved,,,,,search_results_available,2026-10-06T15:48:30.924Z,RL-3ff66ecfe0eb22053236
抚远油专线,RL-4ba826ea1a12f85488e1,1,unknown,unknown,车站线 / 类别待核实 / 连接线,station.unknown.spur_track,unresolved,,,,,search_results_available,2026-10-06T15:48:30.924Z,RL-4ba826ea1a12f85488e1
抚远转运线,RL-c75da45de011083620a6,1,unknown,unknown,车站线 / 类别待核实 / 连接线,station.unknown.spur_track,unresolved,,,,,search_results_available,2026-10-06T15:48:30.924Z,RL-c75da45de011083620a6
抚顺电铁,RL-4c5dd86f0be2b3785d9b|RL-75f601726e021a58b53e|RL-c9204deea0ca32f4c1d9,152,industrial,industrial,车站线 / 工业铁路 / 站场轨道线|轨道线 / 工业铁路 / 工业线,station.industrial.unknown|track.industrial.industrial_line,osm_source_compared,,,,,search_results_available,2026-10-06T15:06:33.531Z,RL-4c5dd86f0be2b3785d9b|ST-2af424e2e5b4dd72be66|ST-3d019c7b56e95af03594
抚顺电铁刘山线,RL-39e9a1c85c202be468e0,3,industrial,industrial,轨道线 / 工业铁路 / 工业线,track.industrial.industrial_line,osm_source_compared,,,,,search_results_available,2026-10-06T15:54:56.504Z,RL-39e9a1c85c202be468e0
抚顺电铁古城子线,RL-65f2f8010f8c08ce5cc4,3,industrial,industrial,轨道线 / 工业铁路 / 工业线,track.industrial.industrial_line,osm_source_compared,,,,,search_results_available,2026-10-06T15:54:00.530Z,RL-65f2f8010f8c08ce5cc4
抚顺电铁青台子线,RL-3ec951f54b08a7762561,2,industrial,industrial,轨道线 / 工业铁路 / 工业线,track.industrial.industrial_line,osm_source_compared,,,,,search_results_available,2026-10-06T15:45:59.452Z,RL-3ec951f54b08a7762561
拉日线,RL-549c3113704412c60faf,392,unknown,unknown,轨道线 / 类别待核实 / 正线,track.unknown.main_line,unresolved,,,,https://china-emu.cn/RailRoads/Line/?LineName=拉日铁路,search_results_available,2026-10-06T15:04:30.229Z,RL-549c3113704412c60faf
拉林线,RL-611d6ccd5ed98c923e96,263,unknown,unknown,轨道线 / 类别待核实 / 正线,track.unknown.main_line,unresolved,,,,,search_results_available,2026-10-06T15:04:49.541Z,RL-611d6ccd5ed98c923e96
拉滨客车线,RL-af39d2f4c748182eac63,4,unknown,unknown,轨道线 / 类别待核实 / 正线,track.unknown.main_line,unresolved,,,,,search_results_available,2026-10-06T15:42:49.255Z,RL-af39d2f4c748182eac63
拉滨线,RL-96a8c27c91e442f0e8e2,206,conventional,conventional,轨道线 / 普速铁路 / 正线,track.conventional.main_line,source_checked,,,https://www.nra.gov.cn/zzjg/jgj/syjd/sgsgg/201911/P020220825544637781349.pdf,,search_results_available,2026-10-06T15:06:02.472Z,RL-96a8c27c91e442f0e8e2
拉萨南联络线,RL-35877cdb149e2cd52e01,11,unknown,unknown,轨道线 / 类别待核实 / 正线,track.unknown.main_line,unresolved,,,,,search_results_available,2026-10-06T15:22:37.254Z,RL-35877cdb149e2cd52e01
拖小联络线,RL-63a78423444ea201fb9f,4,unknown,unknown,在建 / 轨道线 / 类别待核实 / 线路功能待核实,track.unknown.unknown,unresolved,,,,https://china-emu.cn/RailRoads/Line/?LineName=拖小联络线,search_results_available,2026-10-06T15:42:49.255Z,RL-63a78423444ea201fb9f
振富线,RL-67d05dbc4ffe6f78aac6,3,unknown,unknown,车站线 / 类别待核实 / 连接线,station.unknown.spur_track,unresolved,,,,,search_results_available,2026-10-06T15:44:18.414Z,RL-67d05dbc4ffe6f78aac6
捞霞联络线,RL-aaeac1b205fcf9ec8abe,8,unknown,unknown,轨道线 / 类别待核实 / 正线,track.unknown.main_line,unresolved,,,,,search_results_available,2026-10-06T15:25:02.471Z,RL-aaeac1b205fcf9ec8abe
接触网作业车停留线,RL-11d4a600a08823e3b99b|RL-5c93e0855e663e033373,2,high_speed|unknown,high_speed|unknown,车站线 / 类别待核实 / 站场轨道线|车站线 / 高速铁路 / 站场轨道线 / 速度范围待核实,station.high_speed.unknown.unknown|station.unknown.unknown,osm_source_compared|unresolved,,,,,search_results_available,2026-10-06T15:45:59.452Z,ST-07d74895c98207b45adf|ST-5150dd126f27dc6393a0
接触网线,RL-8374d564ad2c9e2a30a9,2,unknown,unknown,车站线 / 类别待核实 / 站场轨道线,station.unknown.unknown,unresolved,,,,,search_results_available,2026-10-06T15:45:59.452Z,ST-0cf9b6bec8212ce06235
接触网车停留线,RL-523444225936e4c39c1d,3,unknown,unknown,车站线 / 类别待核实 / 站场轨道线,station.unknown.unknown,unresolved,,,,,search_results_available,2026-10-06T15:44:18.414Z,ST-23791a32ced0dc85df39|ST-4972bb6e2a0706808c0b|ST-bf9172968c4ac1cf585d
揭惠铁路,RL-98b69b55e369bdcd4ec2,86,unknown,unknown,在建 / 轨道线 / 类别待核实 / 正线,track.unknown.main_line,unresolved,,,,https://china-emu.cn/RailRoads/Line/?LineName=揭惠铁路,search_results_available,2026-10-06T15:07:28.108Z,RL-98b69b55e369bdcd4ec2
揭阳联络线,RL-a911188c2574ed58bf1f,3,unknown,unknown,在建 / 轨道线 / 类别待核实 / 支线,track.unknown.branch_line,unresolved,,,,,search_results_available,2026-10-06T15:44:18.414Z,RL-a911188c2574ed58bf1f
改南联络线,RL-a7e6685b8aa053fbb289,25,unknown,unknown,轨道线 / 类别待核实 / 正线,track.unknown.main_line,unresolved,,,,,search_results_available,2026-10-06T15:10:54.233Z,RL-a7e6685b8aa053fbb289
救援线,RL-55c4da032a18403936cf,4,unknown,unknown,车站线 / 类别待核实 / 站场轨道线,station.unknown.unknown,unresolved,,line_role,,,search_results_available,2026-10-06T15:42:49.255Z,ST-0dc32210c433b5781a87|ST-3d182d47fe3410b8ae93|ST-4bf1c5546d89c0ca7cef|ST-a58bb00a66289289c62b
教学线,RL-8c7ec60113e9d964fb77,4,unknown,unknown,轨道线 / 类别待核实 / 线路功能待核实,track.unknown.unknown,unresolved,,,,,search_results_available,2026-10-06T15:42:50.003Z,RL-8c7ec60113e9d964fb77
敦煌线,RL-014106e38647c233e5b3|RL-fb46646b01cb8207b36c,528,unknown,unknown,轨道线 / 类别待核实 / 正线,track.unknown.main_line,unresolved,,,,https://china-emu.cn/RailRoads/Line/?LineName=敦煌铁路,search_results_available,2026-10-06T15:04:13.634Z,RL-014106e38647c233e5b3|RL-fb46646b01cb8207b36c
整备线,RL-a78c7b5dbcf56dac252b|RL-ebded2f84e3246cd0127,4,unknown,unknown,车站线 / 类别待核实 / 站场轨道线|车站线 / 类别待核实 / 连接线,station.unknown.spur_track|station.unknown.unknown,unresolved,,,,,search_results_available,2026-10-06T15:42:50.003Z,RL-a78c7b5dbcf56dac252b|ST-f378bfad50d6620ba725
文三路站停车线,RL-3a1d7d3eca215b645789|RL-62ac9c4e083b8492ecd4,16,unknown,unknown,规划 / 车站线 / 类别待核实 / 连接线|规划 / 轨道线 / 类别待核实 / 线路功能待核实,station.unknown.spur_track|track.unknown.unknown,unresolved,,,,,search_results_available,2026-10-06T15:13:01.471Z,RL-3a1d7d3eca215b645789|RL-62ac9c4e083b8492ecd4
文蒙铁路,RL-9297579b71c89d04b91f,6,unknown,unknown,在建 / 轨道线 / 类别待核实 / 正线,track.unknown.main_line,unresolved,,,,,search_results_available,2026-10-06T15:27:46.581Z,RL-9297579b71c89d04b91f
斗埕疏解线,RL-ae61970e7a73ce793b61,12,unknown,unknown,轨道线 / 类别待核实 / 正线,track.unknown.main_line,unresolved,,,,,search_results_available,2026-10-06T15:21:59.880Z,RL-ae61970e7a73ce793b61
斗尾线,RL-37696591753ee13719a3,31,industrial,industrial,轨道线 / 工业铁路 / 工业线,track.industrial.industrial_line,osm_source_compared,,,,,search_results_available,2026-10-06T15:10:14.276Z,RL-37696591753ee13719a3
斜军线,RL-f09e61f7f6e9106cb3a1,25,unknown,unknown,轨道线 / 类别待核实 / 支线,track.unknown.branch_line,unresolved,,,,,search_results_available,2026-10-06T15:11:00.729Z,RL-f09e61f7f6e9106cb3a1
新上线,RL-1dd7dc28409126db985d,93,unknown,unknown,轨道线 / 类别待核实 / 正线,track.unknown.main_line,unresolved,,,,,search_results_available,2026-10-06T15:07:16.596Z,RL-1dd7dc28409126db985d
新丰陇海上行线,RL-dc5a2a8cc31cd7281815,5,unknown,conventional,轨道线 / 普速铁路 / 正线,track.conventional.main_line,user_verified,,,,,search_results_available,2026-10-06T15:29:23.866Z,RL-dc5a2a8cc31cd7281815
新义线,RL-50a16be746bda75e38e1,228,unknown,unknown,轨道线 / 类别待核实 / 正线,track.unknown.main_line,unresolved,,,,,search_results_available,2026-10-06T15:05:54.670Z,RL-50a16be746bda75e38e1
新乡地方铁路下河支线,RL-b024c51fb71adcd5265b,16,industrial,industrial,车站线 / 工业铁路 / 连接线,station.industrial.spur_track,osm_source_compared,,,,,search_results_available,2026-10-06T15:13:01.471Z,RL-b024c51fb71adcd5265b
新乡西联络线,RL-697cf3d508df3f37e13d,13,unknown,unknown,轨道线 / 类别待核实 / 正线,track.unknown.main_line,unresolved,,,,,search_results_available,2026-10-06T15:21:31.165Z,RL-697cf3d508df3f37e13d
新井线,RL-ea745660ac723fd46371,17,unknown,unknown,轨道线 / 类别待核实 / 支线,track.unknown.branch_line,unresolved,,,,,search_results_available,2026-10-06T15:12:38.230Z,RL-ea745660ac723fd46371
新亨联络线,RL-50971dcbb3b52d7d057d,3,unknown,unknown,在建 / 轨道线 / 类别待核实 / 支线,track.unknown.branch_line,unresolved,,,,,search_results_available,2026-10-06T15:44:18.414Z,RL-50971dcbb3b52d7d057d
新兖线,RL-0e360064bd9cf9942c9b,567,unknown,unknown,轨道线 / 类别待核实 / 正线,track.unknown.main_line,unresolved,,railway_class,,,search_results_available,2026-10-06T15:04:08.664Z,RL-0e360064bd9cf9942c9b
新塘动车所动走线,RL-9912f12faf75c787e91f,26,unknown,unknown,车站线 / 类别待核实 / 站场轨道线,station.unknown.unknown,unresolved,,,,,search_results_available,2026-10-06T15:10:48.802Z,ST-4ac18992389f5799bc11|ST-6d8f4efbe7fd94cdfd7a
新塘联络线,RL-9108038884fe86324dd0,9,unknown,unknown,轨道线 / 类别待核实 / 正线,track.unknown.main_line,unresolved,,,,https://china-emu.cn/RailRoads/Line/?LineName=新塘联络线,search_results_available,2026-10-06T15:24:07.758Z,RL-9108038884fe86324dd0
新密线,RL-eb64889971f08a02201c,37,unknown,unknown,轨道线 / 类别待核实 / 支线,track.unknown.branch_line,unresolved,,,,,search_results_available,2026-10-06T15:09:41.361Z,RL-eb64889971f08a02201c
新峰线,RL-0feb03e1efe35be91286,3,unknown,unknown,轨道线 / 类别待核实 / 支线,track.unknown.branch_line,unresolved,,,,,search_results_available,2026-10-06T15:44:16.205Z,RL-0feb03e1efe35be91286
新拜线,RL-aef44f85e439aa66677a,1,unknown,unknown,在建 / 轨道线 / 类别待核实 / 支线,track.unknown.branch_line,unresolved,,,,,search_results_available,2026-10-06T15:48:30.924Z,RL-aef44f85e439aa66677a
新日联络线,RL-e4070fb8d9b368a4a763,9,unknown,unknown,轨道线 / 类别待核实 / 支线,track.unknown.branch_line,unresolved,,,,,search_results_available,2026-10-06T15:24:07.758Z,RL-e4070fb8d9b368a4a763
新月线,RL-721774115f132b905df9,154,unknown,unknown,轨道线 / 类别待核实 / 正线,track.unknown.main_line,unresolved,,,,,search_results_available,2026-10-06T15:06:27.261Z,RL-721774115f132b905df9
新木材线,RL-22c7fd269f4b0f6a3613,1,unknown,unknown,车站线 / 类别待核实 / 连接线,station.unknown.spur_track,unresolved,,,,,search_results_available,2026-10-06T15:48:29.320Z,RL-22c7fd269f4b0f6a3613
新沟北联络线,RL-393fe03319b669c9abb2,7,unknown,unknown,轨道线 / 类别待核实 / 支线,track.unknown.branch_line,unresolved,,,,https://china-emu.cn/RailRoads/Line/?LineName=新沟北联络线,search_results_available,2026-10-06T15:26:25.967Z,RL-393fe03319b669c9abb2
新港线,RL-6c2ff93bd36946be321a,10,unknown,unknown,轨道线 / 类别待核实 / 正线,track.unknown.main_line,unresolved,,,,,search_results_available,2026-10-06T15:54:25.786Z,RL-6c2ff93bd36946be321a
新生机械厂线,RL-e0965fdfa32e4e7de1b9,2,unknown,unknown,车站线 / 类别待核实 / 连接线,station.unknown.spur_track,unresolved,,,,,search_results_available,2026-10-06T15:46:00.241Z,RL-e0965fdfa32e4e7de1b9
新田港铁路,RL-0a0135105d0c5f8674b9,17,unknown,unknown,轨道线 / 类别待核实 / 支线,track.unknown.branch_line,unresolved,,,,,search_results_available,2026-10-06T15:12:38.230Z,RL-0a0135105d0c5f8674b9
新电一线,RL-4c4601e1468f2f73a184,2,unknown,unknown,车站线 / 类别待核实 / 连接线,station.unknown.spur_track,unresolved,,,,,search_results_available,2026-10-06T15:46:00.241Z,RL-4c4601e1468f2f73a184
新疆大陆桥集团有限公司专用线,RL-826f2611fcffa44f3467,4,unknown,unknown,车站线 / 类别待核实 / 连接线,station.unknown.spur_track,unresolved,,,,,search_results_available,2026-10-06T15:42:50.003Z,RL-826f2611fcffa44f3467
新立屯联络线,RL-e16844e1a560c621e301,21,unknown,unknown,轨道线 / 类别待核实 / 正线,track.unknown.main_line,unresolved,,,,,search_results_available,2026-10-06T15:11:39.699Z,RL-e16844e1a560c621e301
新货场走行线,RL-86433e4837609a0fb5af,1,unknown,unknown,车站线 / 类别待核实 / 连接线,station.unknown.spur_track,unresolved,,,,,search_results_available,2026-10-06T15:48:29.320Z,RL-86433e4837609a0fb5af
新通客专线,RL-8b96e3df37824c3f2d16,159,high_speed,high_speed,轨道线 / 高速铁路 / 正线 / 速度范围待核实,track.high_speed.main_line.unknown,osm_source_compared,,,,,search_results_available,2026-10-06T15:06:28.691Z,RL-8b96e3df37824c3f2d16
新长-沪宁铁路联结线,RL-b4b6ba09fd0cd2c33a27,1,unknown,conventional,轨道线 / 普速铁路 / 联络线,track.conventional.connecting_line,user_verified,line_role,,,,search_results_available,2026-10-06T15:48:29.320Z,RL-b4b6ba09fd0cd2c33a27
新长线,RL-dda33f20f739af9f00e0,775,unknown,conventional,轨道线 / 普速铁路 / 正线,track.conventional.main_line,user_verified,,,,,search_results_available,2026-10-06T15:03:43.383Z,RL-dda33f20f739af9f00e0
新长联络线,RL-e459f6884f3a51431f03,30,unknown,unknown,轨道线 / 类别待核实 / 支线,track.unknown.branch_line,unresolved,,,,,search_results_available,2026-10-06T15:10:14.206Z,RL-e459f6884f3a51431f03
新长铁路,RL-21f8a4b4905c9a253e8b,4,unknown,unknown,车站线 / 类别待核实 / 站场轨道线,station.unknown.unknown,unresolved,,,,,search_results_available,2026-10-06T15:42:50.003Z,ST-df4a5b1bbef842fe34e4
新闵线,RL-615a57f9066465a6109c,7,unknown,unknown,轨道线 / 类别待核实 / 正线,track.unknown.main_line,unresolved,,,,,search_results_available,2026-10-06T15:26:25.967Z,RL-615a57f9066465a6109c
新阜联络线,RL-60579e93e6845cd836b4,30,unknown,unknown,轨道线 / 类别待核实 / 支线,track.unknown.branch_line,unresolved,,,,,search_results_available,2026-10-06T15:10:24.070Z,RL-60579e93e6845cd836b4
新龙华联络线,RL-3fe223875b25d6cf5d94,5,unknown,unknown,轨道线 / 类别待核实 / 支线,track.unknown.branch_line,unresolved,,,,,search_results_available,2026-10-06T15:29:23.866Z,RL-3fe223875b25d6cf5d94
旅顺线,RL-3dfc2056ae99326764a6,61,unknown,unknown,轨道线 / 类别待核实 / 正线,track.unknown.main_line,unresolved,,,,,search_results_available,2026-10-06T15:08:17.326Z,RL-3dfc2056ae99326764a6
日兰潍宿东南联络线,RL-b87648e78ea5542aff38,3,unknown,unknown,在建 / 轨道线 / 类别待核实 / 支线,track.unknown.branch_line,unresolved,,,,https://china-emu.cn/RailRoads/Line/?LineName=日兰潍宿东南联络线,search_results_available,2026-10-06T15:44:16.205Z,RL-b87648e78ea5542aff38
日兰高速线,RL-0988ab221eeeabaa178c,572,high_speed,high_speed,轨道线 / 高速铁路 / 正线 / 速度范围待核实,track.high_speed.main_line.unknown,osm_source_compared,,,,https://china-emu.cn/RailRoads/Line/?LineName=日兰高速铁路,search_results_available,2026-10-06T15:04:07.956Z,RL-0988ab221eeeabaa178c
日化厂支线,RL-a9434172eed67698fed6,1,unknown,unknown,车站线 / 类别待核实 / 连接线,station.unknown.spur_track,unresolved,,,,,search_results_available,2026-10-06T15:48:29.320Z,RL-a9434172eed67698fed6
日照港联络线,RL-913d6be0b55a1110f5bf,6,industrial,industrial,轨道线 / 工业铁路 / 工业线,track.industrial.industrial_line,osm_source_compared,,,,,search_results_available,2026-10-06T15:27:46.581Z,RL-913d6be0b55a1110f5bf
旧金城江机务段专用线,RL-e3c8b2c00d65066238bc,3,unknown,unknown,轨道线 / 类别待核实 / 线路功能待核实,track.unknown.unknown,unresolved,,,,,search_results_available,2026-10-06T15:44:16.205Z,RL-e3c8b2c00d65066238bc
旬阳联络线,RL-c299baa59e48034e273a,9,unknown,unknown,轨道线 / 类别待核实 / 正线,track.unknown.main_line,unresolved,,,,,search_results_available,2026-10-06T15:24:07.758Z,RL-c299baa59e48034e273a
昂峰（疏解）线,RL-9a81b9bca144ab9f942f,13,unknown,unknown,轨道线 / 类别待核实 / 支线,track.unknown.branch_line,unresolved,,,,,search_results_available,2026-10-06T15:21:31.165Z,RL-9a81b9bca144ab9f942f
昆开北联络线,RL-49f4ec63ec3087a39e4c,3,high_speed,high_speed,轨道线 / 高速铁路 / 正线 / 速度范围待核实,track.high_speed.main_line.unknown,osm_source_compared,,,,,search_results_available,2026-10-06T15:44:16.205Z,RL-49f4ec63ec3087a39e4c
昆开南联络线,RL-9e7efbb5e15ecfda2ef8,2,unknown,unknown,轨道线 / 类别待核实 / 正线,track.unknown.main_line,unresolved,,,,,search_results_available,2026-10-06T15:46:00.241Z,RL-9e7efbb5e15ecfda2ef8
昆玉-南昆渡线,RL-764435ca0820299d33fe,13,high_speed,high_speed,轨道线 / 高速铁路 / 线路功能待核实 / 速度范围待核实,track.high_speed.unknown.unknown,osm_source_compared,,,,,search_results_available,2026-10-06T15:21:31.165Z,RL-764435ca0820299d33fe
昆玉线,RL-da443f1c10eb0f8bacc3,110,unknown,unknown,轨道线 / 类别待核实 / 支线,track.unknown.branch_line,unresolved,,,,,search_results_available,2026-10-06T15:54:15.153Z,RL-da443f1c10eb0f8bacc3
昆阳线,RL-242310eb5978f74dc81f,127,unknown,unknown,轨道线 / 类别待核实 / 支线,track.unknown.branch_line,unresolved,,,,https://china-emu.cn/RailRoads/Line/?LineName=昆阳铁路,search_results_available,2026-10-06T15:06:45.113Z,RL-242310eb5978f74dc81f
昆阳铁路,RL-525772d08241f0167c65,1,unknown,unknown,轨道线 / 类别待核实 / 支线,track.unknown.branch_line,unresolved,,,,https://china-emu.cn/RailRoads/Line/?LineName=昆阳铁路,search_results_available,2026-10-06T15:48:36.892Z,RL-525772d08241f0167c65
昌九城际线,RL-cf79ec6ea41804246e41,293,high_speed,high_speed,轨道线 / 高速铁路 / 正线 / 速度范围待核实,track.high_speed.main_line.unknown,osm_source_compared,,,,https://china-emu.cn/RailRoads/Line/?LineName=昌九城际铁路,search_results_available,2026-10-06T15:04:41.474Z,RL-cf79ec6ea41804246e41
昌八支线,RL-30a2f1d7c88daf52eec8,15,unknown,unknown,轨道线 / 类别待核实 / 支线,track.unknown.branch_line,unresolved,,,,,search_results_available,2026-10-06T15:20:33.672Z,RL-30a2f1d7c88daf52eec8
昌北联络线,RL-1788eb39121e52a8568c,10,unknown,unknown,轨道线 / 类别待核实 / 正线,track.unknown.main_line,unresolved,,,,https://china-emu.cn/RailRoads/Line/?LineName=京九铁路（南昌段及联络线）,search_results_available,2026-10-06T15:54:20.196Z,RL-1788eb39121e52a8568c
昌北货场联络线,RL-56d5b96500a320990d86,9,unknown,unknown,车站线 / 类别待核实 / 连接线,station.unknown.spur_track,unresolved,,,,,search_results_available,2026-10-06T15:24:07.758Z,RL-56d5b96500a320990d86
昌福线,RL-75ffd4223d1fc25ff9dc,1198,high_speed,high_speed,轨道线 / 高速铁路 / 正线 / 200–250 km/h,track.high_speed.main_line.200-250,osm_source_compared,,,,https://china-emu.cn/RailRoads/Line/?LineName=昌福铁路,search_results_available,2026-10-06T15:03:30.600Z,RL-75ffd4223d1fc25ff9dc
昔阳县金禾源粮油购销有限责任公司专用线,RL-01c011da548f37195cd1,1,unknown,unknown,车站线 / 类别待核实 / 站场轨道线,station.unknown.unknown,unresolved,,,,,search_results_available,2026-10-06T15:48:36.892Z,ST-c7f176580c9a5be0a9e2
星南线,RL-41cd2ac5688b0d709719,1,unknown,unknown,轨道线 / 类别待核实 / 支线,track.unknown.branch_line,unresolved,,,,,search_results_available,2026-10-06T15:48:36.892Z,RL-41cd2ac5688b0d709719
星双线,RL-e9fbe638c353a2115bdc,32,unknown,unknown,轨道线 / 类别待核实 / 支线,track.unknown.branch_line,unresolved,,railway_class,,,search_results_available,2026-10-06T15:10:06.462Z,RL-e9fbe638c353a2115bdc
春罗线,RL-e8baf7926a7924022b85,4,unknown,unknown,轨道线 / 类别待核实 / 支线,track.unknown.branch_line,unresolved,,,,,search_results_available,2026-10-06T15:42:48.977Z,RL-e8baf7926a7924022b85
晋普山煤业专用线,RL-90d949fb825043ae03bb,15,industrial,industrial,轨道线 / 工业铁路 / 工业线,track.industrial.industrial_line,osm_source_compared,,,,,search_results_available,2026-10-06T15:20:33.672Z,RL-90d949fb825043ae03bb
晋煤物流铁路专用线,RL-fa91cb2765d8f3378ddc,7,unknown,unknown,轨道线 / 类别待核实 / 支线,track.unknown.branch_line,unresolved,,,,,search_results_available,2026-10-06T15:26:34.698Z,RL-fa91cb2765d8f3378ddc
晋煤集团专用线,RL-1a119e32c536ca9eef55,4,industrial,industrial,轨道线 / 工业铁路 / 工业线,track.industrial.industrial_line,osm_source_compared,,,,,search_results_available,2026-10-06T15:42:48.977Z,RL-1a119e32c536ca9eef55
晋能赵庄煤业专用线,RL-553c171d8bca5687c8e0,11,industrial,industrial,轨道线 / 工业铁路 / 工业线,track.industrial.industrial_line,osm_source_compared,,,,,search_results_available,2026-10-06T15:22:37.254Z,RL-553c171d8bca5687c8e0
晨鸣纸业专用线,RL-86fad8935ab9faa31e7d,1,unknown,unknown,车站线 / 类别待核实 / 连接线,station.unknown.spur_track,unresolved,,,,,search_results_available,2026-10-06T15:48:36.892Z,RL-86fad8935ab9faa31e7d
普家村联络线,RL-6657e8b51d1b7b7d4c87,18,unknown,unknown,轨道线 / 类别待核实 / 支线,track.unknown.branch_line,unresolved,,,,https://china-emu.cn/RailRoads/Line/?LineName=普家村联络线,search_results_available,2026-10-06T15:12:27.112Z,RL-6657e8b51d1b7b7d4c87
普清联络线,RL-f214c2a45948678df1c8,8,unknown,unknown,轨道线 / 类别待核实 / 正线,track.unknown.main_line,unresolved,,,,https://china-emu.cn/RailRoads/Line/?LineName=普清联络线,search_results_available,2026-10-06T15:25:07.218Z,RL-f214c2a45948678df1c8
普达疏解线,RL-cb9d2c47507114a43ee2,3,unknown,unknown,轨道线 / 类别待核实 / 正线,track.unknown.main_line,unresolved,,,,,search_results_available,2026-10-06T15:44:15.937Z,RL-cb9d2c47507114a43ee2
普达联络线,RL-978715026a6e16dd1a4b,12,unknown,conventional,轨道线 / 普速铁路 / 联络线,track.conventional.connecting_line,user_verified,line_role,,,,search_results_available,2026-10-06T15:21:59.880Z,RL-978715026a6e16dd1a4b
普速至高速联络线,RL-2336eff81fa611c95d75,9,unknown,unknown,轨道线 / 类别待核实 / 支线,track.unknown.branch_line,unresolved,,,,,search_results_available,2026-10-06T15:24:09.708Z,RL-2336eff81fa611c95d75
景德镇东南联络线,RL-2d1faa404a4a3110390f,7,unknown,unknown,轨道线 / 类别待核实 / 支线,track.unknown.branch_line,unresolved,,,,,search_results_available,2026-10-06T15:26:34.698Z,RL-2d1faa404a4a3110390f
景德镇北动车存车场动车走行线,RL-72eeef4ca7a249ea9e5a,3,unknown,unknown,车站线 / 类别待核实 / 站场轨道线,station.unknown.unknown,unresolved,,,,,search_results_available,2026-10-06T15:44:15.937Z,ST-3e0ae01ce0b4fcf65501
景德镇北站立折线,RL-2ce233a101f7d1467a0e|RL-7dfc78baaef361129820|RL-af2c6a13987142381876,6,high_speed|unknown,high_speed|unknown,车站线 / 类别待核实 / 站场轨道线|车站线 / 高速铁路 / 渡线 / 速度范围待核实|车站线 / 高速铁路 / 站场轨道线 / 速度范围待核实,station.high_speed.crossover.unknown|station.high_speed.unknown.unknown|station.unknown.unknown,osm_source_compared|unresolved,,,,,search_results_available,2026-10-06T15:27:46.581Z,RL-af2c6a13987142381876|ST-1ef4400529a2ad53989f|ST-a314afb2286bd2a2a79d
景德镇西南联络线,RL-ba52f1ed3e8006bd228f,9,unknown,unknown,轨道线 / 类别待核实 / 支线,track.unknown.branch_line,unresolved,,,,,search_results_available,2026-10-06T15:24:09.708Z,RL-ba52f1ed3e8006bd228f
曹坊联络线,RL-a18f53438a74b82c75dd,7,high_speed,high_speed,轨道线 / 高速铁路 / 支线 / 速度范围待核实,track.high_speed.branch_line.unknown,osm_source_compared,,,,https://china-emu.cn/RailRoads/Line/?LineName=曹坊联络线,search_results_available,2026-10-06T15:26:34.698Z,RL-a18f53438a74b82c75dd
曹妃甸港线,RL-3a0c8dc259f75fd2c1d1,60,unknown,unknown,轨道线 / 类别待核实 / 正线,track.unknown.main_line,unresolved,,,,,search_results_available,2026-10-06T15:08:24.246Z,RL-3a0c8dc259f75fd2c1d1
曹家堡联络线,RL-3fb1f64498d005bb49cc,6,unknown,unknown,在建 / 轨道线 / 类别待核实 / 支线,track.unknown.branch_line,unresolved,,,,,search_results_available,2026-10-06T15:27:50.792Z,RL-3fb1f64498d005bb49cc
曹寿线,RL-5e9ad0c7536a90467d68,68,unknown,unknown,轨道线 / 类别待核实 / 支线,track.unknown.branch_line,unresolved,,,,,search_results_available,2026-10-06T15:07:51.620Z,RL-5e9ad0c7536a90467d68
曹港线,RL-0741c7a1a1a9f334856a,8,unknown,unknown,轨道线 / 类别待核实 / 线路功能待核实,track.unknown.unknown,unresolved,,line_role|track_role,,,search_results_available,2026-10-06T15:25:07.218Z,RL-0741c7a1a1a9f334856a
曹西线,RL-91afad80b92046743787,61,unknown,unknown,轨道线 / 类别待核实 / 支线,track.unknown.branch_line,unresolved,,,,,search_results_available,2026-10-06T15:08:17.326Z,RL-91afad80b92046743787
朔山联络线,RL-435eadccd6c1dfb574f2,50,unknown,unknown,轨道线 / 类别待核实 / 支线,track.unknown.branch_line,unresolved,,,,,search_results_available,2026-10-06T15:08:41.442Z,RL-435eadccd6c1dfb574f2
朔黄线,RL-16e81e2813c76bc27364,1137,freight,freight,轨道线 / 货运铁路 / 正线,track.freight.main_line,user_verified,,line_role|track_role,https://www.nra.gov.cn/xwzx/tpsp/tpxx/202404/t20240422_345112.shtml,,search_results_available,2026-10-06T15:03:28.991Z,RL-16e81e2813c76bc27364
望和线,RL-fae6f9649289573de78e,5,unknown,unknown,轨道线 / 类别待核实 / 支线,track.unknown.branch_line,unresolved,,,,,search_results_available,2026-10-06T15:29:23.866Z,RL-fae6f9649289573de78e
朝乌线,RL-4d01e23ccba31ef2a611,28,unknown,unknown,轨道线 / 类别待核实 / 正线,track.unknown.main_line,unresolved,,,,,search_results_available,2026-10-06T15:10:37.789Z,RL-4d01e23ccba31ef2a611
朝凌高速线,RL-b6d88e3e17dd30beb895,236,high_speed,high_speed,轨道线 / 高速铁路 / 正线 / 300–350 km/h,track.high_speed.main_line.300-350,osm_source_compared,,,,https://china-emu.cn/RailRoads/Line/?LineName=朝凌高速铁路,search_results_available,2026-10-06T15:54:41.521Z,RL-b6d88e3e17dd30beb895
朝凌高铁疏解线,RL-c359d541de35176364b7,5,unknown,unknown,轨道线 / 类别待核实 / 支线,track.unknown.branch_line,unresolved,,,,,search_results_available,2026-10-06T15:29:23.269Z,RL-c359d541de35176364b7
朝开线,RL-6056246ad3fa4bc390f1|RL-d22686cf367b9c481943,48,unknown,unknown,车站线 / 类别待核实 / 站场轨道线|轨道线 / 类别待核实 / 支线,station.unknown.unknown|track.unknown.branch_line,unresolved,,,,,search_results_available,2026-10-06T15:08:58.215Z,RL-6056246ad3fa4bc390f1|ST-3847ce25c6ab88537df2
朝杞铁路,RL-e8413a02c3a667b09761,18,unknown,unknown,轨道线 / 类别待核实 / 线路功能待核实,track.unknown.unknown,unresolved,,,,,search_results_available,2026-10-06T15:12:24.614Z,RL-e8413a02c3a667b09761
朝马线,RL-1567a7f6fa26f1819685,13,unknown,unknown,轨道线 / 类别待核实 / 正线,track.unknown.main_line,unresolved,,,,,search_results_available,2026-10-06T15:21:31.165Z,RL-1567a7f6fa26f1819685
木专线,RL-73ab26939a177f9d864b,1,unknown,unknown,车站线 / 类别待核实 / 连接线,station.unknown.spur_track,unresolved,,,,,search_results_available,2026-10-06T15:48:36.602Z,RL-73ab26939a177f9d864b
木材加工厂线,RL-cb5348cba4ab26ba9cc7,1,unknown,unknown,车站线 / 类别待核实 / 连接线,station.unknown.spur_track,unresolved,,,,,search_results_available,2026-10-06T15:48:36.602Z,RL-cb5348cba4ab26ba9cc7
木材线,RL-508505767ab63e1bbce6,12,unknown,unknown,车站线 / 类别待核实 / 连接线,station.unknown.spur_track,unresolved,,,,,search_results_available,2026-10-06T15:21:59.880Z,RL-508505767ab63e1bbce6
本桓线,RL-f012c40601e0368fa7bc,116,unknown,unknown,轨道线 / 类别待核实 / 正线,track.unknown.main_line,unresolved,,,,,search_results_available,2026-10-06T15:06:52.614Z,RL-f012c40601e0368fa7bc
朱中铁路,RL-95a1f7e0ce7fbd60f9b2,54,unknown,unknown,轨道线 / 类别待核实 / 正线,track.unknown.main_line,unresolved,,,,,search_results_available,2026-10-06T15:08:34.566Z,RL-95a1f7e0ce7fbd60f9b2
朱保疏解线,RL-dd1bdd4e3e78508432b0,12,unknown,unknown,轨道线 / 类别待核实 / 支线,track.unknown.branch_line,unresolved,,,,,search_results_available,2026-10-06T15:22:00.810Z,RL-dd1bdd4e3e78508432b0
朱家桥外贸码头支线,RL-266ee2f4bba755481141,4,unknown,unknown,车站线 / 类别待核实 / 连接线,station.unknown.spur_track,unresolved,,,,,search_results_available,2026-10-06T15:42:48.977Z,RL-266ee2f4bba755481141
朱锡北联络线,RL-c2ffbcfa45acc403a380,7,unknown,unknown,轨道线 / 类别待核实 / 支线,track.unknown.branch_line,unresolved,,,,,search_results_available,2026-10-06T15:26:34.698Z,RL-c2ffbcfa45acc403a380
朴树联络线,RL-4e6d6e46ca35c403cca0,12,high_speed,high_speed,轨道线 / 高速铁路 / 正线 / 速度范围待核实,track.high_speed.main_line.unknown,osm_source_compared,,,,https://china-emu.cn/RailRoads/Line/?LineName=朴树联络线,search_results_available,2026-10-06T15:22:00.810Z,RL-4e6d6e46ca35c403cca0
机10,RL-29f47a13dda28acdfeaa,6,unknown,unknown,车站线 / 类别待核实 / 站场轨道线,station.unknown.unknown,unresolved,,,,,search_results_available,2026-10-06T15:27:50.792Z,ST-cc2e3713f34a580fef38
机14线,RL-fbe60e3951c4cf40ee19,1,unknown,unknown,车站线 / 类别待核实 / 站场轨道线,station.unknown.unknown,unresolved,,,,,search_results_available,2026-10-06T15:48:36.602Z,ST-70592964278048877cfb
机21,RL-7e16d829519d23cfa733,4,unknown,unknown,车站线 / 类别待核实 / 站场轨道线,station.unknown.unknown,unresolved,,,,,search_results_available,2026-10-06T15:42:48.977Z,ST-cc2e3713f34a580fef38
机22,RL-580ecce1fbda8bb12b25,1,unknown,unknown,车站线 / 类别待核实 / 站场轨道线,station.unknown.unknown,unresolved,,,,,search_results_available,2026-10-06T15:48:36.602Z,ST-cc2e3713f34a580fef38
机23,RL-8d14f042b8c99eb0201e,3,unknown,unknown,车站线 / 类别待核实 / 站场轨道线,station.unknown.unknown,unresolved,,,,,search_results_available,2026-10-06T15:44:15.937Z,ST-cc2e3713f34a580fef38
机9,RL-21b29d8e5254a21ad95a,4,unknown,unknown,车站线 / 类别待核实 / 站场轨道线,station.unknown.unknown,unresolved,,,,,search_results_available,2026-10-06T15:42:49.538Z,ST-cc2e3713f34a580fef38
机务安全线,RL-9adfa83ce44c6a811a02,1,unknown,unknown,车站线 / 类别待核实 / 站场轨道线,station.unknown.unknown,unresolved,,,,,search_results_available,2026-10-06T15:48:36.330Z,ST-2d806e607909c8a2ee77
机务折返段,RL-00ea707384b2aff6e1a8|RL-6ade66ed14123f0c24a1,3,unknown,unknown,车站线 / 类别待核实 / 站场轨道线,station.unknown.unknown,unresolved,,,,,search_results_available,2026-10-06T15:44:15.937Z,ST-985504978b7294c8792f
机场线,RL-d1dffc8bc9e41ddd56dd,1,unknown,unknown,车站线 / 类别待核实 / 连接线,station.unknown.spur_track,unresolved,,,,,search_results_available,2026-10-06T15:48:36.330Z,RL-d1dffc8bc9e41ddd56dd
机工线,RL-ddb6c86de1ace86a0871,3,unknown,unknown,车站线 / 类别待核实 / 连接线,station.unknown.spur_track,unresolved,,,,,search_results_available,2026-10-06T15:44:18.632Z,RL-ddb6c86de1ace86a0871
机待14道,RL-408f3d7dd94abc22950b,3,unknown,unknown,车站线 / 类别待核实 / 站场轨道线,station.unknown.unknown,unresolved,,,,,search_results_available,2026-10-06T15:44:18.632Z,ST-7cdf06fcfaba35a6df1f
机待2,RL-a3df1945b1bf6fdda496,1,unknown,unknown,车站线 / 类别待核实 / 站场轨道线,station.unknown.unknown,unresolved,,,,,search_results_available,2026-10-06T15:48:36.330Z,ST-a1c448a980d0fef16d41
机待线,RL-038950cd61434b1e34a8|RL-202618b9f8e8129b07b2,4,unknown,unknown,车站线 / 类别待核实 / 站场轨道线|车站线 / 类别待核实 / 连接线,station.unknown.spur_track|station.unknown.unknown,unresolved,,,,,search_results_available,2026-10-06T15:42:49.538Z,RL-202618b9f8e8129b07b2|ST-46fb7141ef10c5d24f1b|ST-597a1df05f25ac67e326
机械局线,RL-dd31da0beabff22917bc,1,unknown,unknown,车站线 / 类别待核实 / 连接线,station.unknown.spur_track,unresolved,,,,,search_results_available,2026-10-06T15:48:36.330Z,RL-dd31da0beabff22917bc
机走1,RL-24c1fb537edb92735ef9,4,unknown,unknown,车站线 / 类别待核实 / 站场轨道线,station.unknown.unknown,unresolved,,,,,search_results_available,2026-10-06T15:42:49.538Z,ST-0facf7fc682e7e366592
机走2,RL-7d7779eed15f967b61bb,5,unknown,unknown,车站线 / 类别待核实 / 站场轨道线,station.unknown.unknown,unresolved,,,,,search_results_available,2026-10-06T15:29:23.269Z,ST-0facf7fc682e7e366592
机走4,RL-96a8757d5efbf82dbed4,1,unknown,unknown,车站线 / 类别待核实 / 站场轨道线,station.unknown.unknown,unresolved,,line_role,,,search_results_available,2026-10-06T15:48:38.779Z,ST-dff3d2f7768df41f2ae5
机走6,RL-f0f86ab7e34ce7553c28,6,unknown,unknown,车站线 / 类别待核实 / 站场轨道线,station.unknown.unknown,unresolved,,line_role,,,search_results_available,2026-10-06T15:27:50.792Z,ST-dff3d2f7768df41f2ae5
机走7,RL-24322ea4021d6eb97a31,7,unknown,unknown,车站线 / 类别待核实 / 站场轨道线,station.unknown.unknown,unresolved,,line_role,,,search_results_available,2026-10-06T15:26:30.444Z,ST-dff3d2f7768df41f2ae5
机走8,RL-e7b0d245b77b8c398167,5,unknown,unknown,车站线 / 类别待核实 / 站场轨道线,station.unknown.unknown,unresolved,,line_role,,,search_results_available,2026-10-06T15:29:23.269Z,ST-dff3d2f7768df41f2ae5
机走线,RL-ca4b42fd04d6a47c4933,9,unknown,unknown,车站线 / 类别待核实 / 站场轨道线,station.unknown.unknown,unresolved,,,,,search_results_available,2026-10-06T15:24:09.708Z,ST-0015325292e8c976d3b3|ST-0facf7fc682e7e366592|ST-c7f9e1026a1c81882070
机车出入库线,RL-3df127f092ccc68337da,29,unknown,unknown,轨道线 / 类别待核实 / 支线,track.unknown.branch_line,unresolved,,,,,search_results_available,2026-10-06T15:10:32.589Z,RL-3df127f092ccc68337da
杉木专用线,RL-b5b151b2fb993814857a,4,industrial,industrial,车站线 / 工业铁路 / 连接线,station.industrial.spur_track,osm_source_compared,,,,,search_results_available,2026-10-06T15:42:49.538Z,RL-b5b151b2fb993814857a
李小庄联络线,RL-402acf104f78d44304b0,15,unknown,unknown,轨道线 / 类别待核实 / 支线,track.unknown.branch_line,unresolved,,,,,search_results_available,2026-10-06T15:20:33.672Z,RL-402acf104f78d44304b0
李莘联络线,RL-9604af050afb930bb26f,10,unknown,unknown,轨道线 / 类别待核实 / 支线,track.unknown.branch_line,unresolved,,,,https://china-emu.cn/RailRoads/Line/?LineName=李莘联络线,search_results_available,2026-10-06T15:54:05.860Z,RL-9604af050afb930bb26f
材料线,RL-16ffab512f47070ac1d2,1,unknown,unknown,车站线 / 类别待核实 / 站场轨道线,station.unknown.unknown,unresolved,,,,,search_results_available,2026-10-06T15:48:38.779Z,ST-8509318c40e1a528e150
杜岳联络线,RL-ebf922cddacd563f6599,5,unknown,unknown,轨道线 / 类别待核实 / 联络线,track.unknown.connecting_line,unresolved,line_role,,,https://china-emu.cn/RailRoads/Line/?LineName=杜岳联络线,search_results_available,2026-10-06T15:29:23.269Z,RL-ebf922cddacd563f6599
来合铁路,RL-a4644f437b60f2bab50d,21,unknown,unknown,轨道线 / 类别待核实 / 支线,track.unknown.branch_line,unresolved,,,,,search_results_available,2026-10-06T15:11:39.699Z,RL-a4644f437b60f2bab50d
来外Ⅱ线,RL-47124f41f6bc2f2b5760,11,unknown,unknown,轨道线 / 类别待核实 / 支线,track.unknown.branch_line,unresolved,,,,,search_results_available,2026-10-06T15:22:37.254Z,RL-47124f41f6bc2f2b5760
杨万线,RL-45cec247b07872010d53,3,unknown,unknown,轨道线 / 类别待核实 / 支线,track.unknown.branch_line,unresolved,,,,,search_results_available,2026-10-06T15:44:18.632Z,RL-45cec247b07872010d53
杨铜联络线,RL-19b909ddd00a06726781,5,unknown,unknown,轨道线 / 类别待核实 / 正线,track.unknown.main_line,unresolved,,,,,search_results_available,2026-10-06T15:29:42.179Z,RL-19b909ddd00a06726781
杨闵联络线,RL-52c93496ec5ea2e18ca1,40,high_speed,high_speed,轨道线 / 高速铁路 / 正线 / 150–200 km/h,track.high_speed.main_line.150-200,osm_source_compared,,,,https://china-emu.cn/RailRoads/Line/?LineName=杨闵联络线,search_results_available,2026-10-06T15:09:21.244Z,RL-52c93496ec5ea2e18ca1
杨陆联络线,RL-0da86b84b14993c189ac,4,unknown,unknown,在建 / 轨道线 / 类别待核实 / 支线,track.unknown.branch_line,unresolved,,,,,search_results_available,2026-10-06T15:42:54.163Z,RL-0da86b84b14993c189ac
杭临绩高速铁路,RL-51732c01132b8ab32e31,14,high_speed,high_speed,在建 / 轨道线 / 高速铁路 / 正线 / 速度范围待核实,track.high_speed.main_line.unknown,osm_source_compared,,,,,search_results_available,2026-10-06T15:54:51.323Z,RL-51732c01132b8ab32e31
杭北联络线,RL-b6df267eae71d98ab386,14,unknown,unknown,轨道线 / 类别待核实 / 支线,track.unknown.branch_line,unresolved,,,,,search_results_available,2026-10-06T15:54:20.196Z,RL-b6df267eae71d98ab386
杭台高速线,RL-293dde8a5581ef03e491|RL-7ae241d6e23efb9f73c1,541,high_speed,high_speed,在建 / 轨道线 / 高速铁路 / 正线 / 速度范围待核实|轨道线 / 高速铁路 / 正线 / 速度范围待核实,track.high_speed.main_line.unknown,osm_source_compared,,,,https://china-emu.cn/RailRoads/Line/?LineName=杭台高速铁路,search_results_available,2026-10-06T15:04:08.666Z,RL-293dde8a5581ef03e491|RL-7ae241d6e23efb9f73c1
杭州东站10道,RL-c6ad5716aab7fd0a4a0f,3,unknown,unknown,车站线 / 类别待核实 / 站场轨道线,station.unknown.unknown,unresolved,,,,,search_results_available,2026-10-06T15:44:18.632Z,ST-9ff13a036e8e84eae576
杭州东站11道,RL-3ad92bd2754ab7fab9bb,2,unknown,unknown,车站线 / 类别待核实 / 站场轨道线,station.unknown.unknown,unresolved,,,,,search_results_available,2026-10-06T15:46:00.241Z,ST-9ff13a036e8e84eae576
杭州东站12道,RL-1f1cae857dedf51be399,2,unknown,unknown,车站线 / 类别待核实 / 站场轨道线,station.unknown.unknown,unresolved,,,,,search_results_available,2026-10-06T15:46:09.725Z,ST-9ff13a036e8e84eae576
杭州东站13道,RL-697570c63d630ab68f71,3,unknown,unknown,车站线 / 类别待核实 / 站场轨道线,station.unknown.unknown,unresolved,,,,,search_results_available,2026-10-06T15:44:22.806Z,ST-9ff13a036e8e84eae576
杭州东站14道,RL-bd6e1173625f0c0f6555,2,unknown,unknown,车站线 / 类别待核实 / 站场轨道线,station.unknown.unknown,unresolved,,,,,search_results_available,2026-10-06T15:46:09.725Z,ST-9ff13a036e8e84eae576
杭州东站15道,RL-eab490edf310abbd868d,3,unknown,unknown,车站线 / 类别待核实 / 站场轨道线,station.unknown.unknown,unresolved,,,,,search_results_available,2026-10-06T15:44:22.806Z,ST-9ff13a036e8e84eae576
杭州东站16道,RL-2b1f7f7f056863a2f6fd,2,unknown,unknown,车站线 / 类别待核实 / 站场轨道线,station.unknown.unknown,unresolved,,,,,search_results_available,2026-10-06T15:46:09.725Z,ST-9ff13a036e8e84eae576
杭州东站17道,RL-e4e32dc146bfa3d1beb8,3,unknown,unknown,车站线 / 类别待核实 / 站场轨道线,station.unknown.unknown,unresolved,,,,,search_results_available,2026-10-06T15:44:22.806Z,ST-9ff13a036e8e84eae576
杭州东站18道,RL-a4c649f493ca7955a55d,2,unknown,unknown,车站线 / 类别待核实 / 站场轨道线,station.unknown.unknown,unresolved,,,,,search_results_available,2026-10-06T15:46:09.725Z,ST-9ff13a036e8e84eae576
杭州东站1道,RL-1c8a67385f238a12be9a,3,unknown,unknown,车站线 / 类别待核实 / 站场轨道线,station.unknown.unknown,unresolved,,,,,search_results_available,2026-10-06T15:44:22.806Z,ST-9ff13a036e8e84eae576
杭州东站21道,RL-c6651897577e1b5e8fd3,3,unknown,unknown,车站线 / 类别待核实 / 站场轨道线,station.unknown.unknown,unresolved,,,,,search_results_available,2026-10-06T15:44:22.381Z,ST-9ff13a036e8e84eae576
杭州东站22道,RL-ea794b43c4f07d79890b,3,unknown,unknown,车站线 / 类别待核实 / 站场轨道线,station.unknown.unknown,unresolved,,,,,search_results_available,2026-10-06T15:44:22.381Z,ST-9ff13a036e8e84eae576
杭州东站23道,RL-b90c7de63c6f03276ce2,3,unknown,unknown,车站线 / 类别待核实 / 站场轨道线,station.unknown.unknown,unresolved,,,,,search_results_available,2026-10-06T15:44:22.381Z,ST-9ff13a036e8e84eae576
杭州东站24道,RL-9d8e5dca1afe1bb53cfa,3,unknown,unknown,车站线 / 类别待核实 / 站场轨道线,station.unknown.unknown,unresolved,,,,,search_results_available,2026-10-06T15:44:22.381Z,ST-9ff13a036e8e84eae576
杭州东站25道,RL-ec4425cf9e334fbd738a,3,unknown,unknown,车站线 / 类别待核实 / 站场轨道线,station.unknown.unknown,unresolved,,,,,search_results_available,2026-10-06T15:44:23.105Z,ST-9ff13a036e8e84eae576
杭州东站26道,RL-7b9923bdeda38c2850da,3,unknown,unknown,车站线 / 类别待核实 / 站场轨道线,station.unknown.unknown,unresolved,,,,,search_results_available,2026-10-06T15:44:23.105Z,ST-9ff13a036e8e84eae576
杭州东站27道,RL-5b1785a376f3b3cab66d,3,unknown,unknown,车站线 / 类别待核实 / 站场轨道线,station.unknown.unknown,unresolved,,,,,search_results_available,2026-10-06T15:44:23.105Z,ST-9ff13a036e8e84eae576
杭州东站2道,RL-6af3e547371ea9c428d9,3,unknown,unknown,车站线 / 类别待核实 / 站场轨道线,station.unknown.unknown,unresolved,,,,,search_results_available,2026-10-06T15:44:23.105Z,ST-9ff13a036e8e84eae576
杭州东站30道,RL-1f5a2f8d2878dddbefcf,2,unknown,unknown,车站线 / 类别待核实 / 站场轨道线,station.unknown.unknown,unresolved,,,,,search_results_available,2026-10-06T15:46:09.033Z,ST-9ff13a036e8e84eae576
杭州东站3道,RL-a9ab35f3c45508cd054d,3,unknown,unknown,车站线 / 类别待核实 / 站场轨道线,station.unknown.unknown,unresolved,,,,,search_results_available,2026-10-06T15:44:22.270Z,ST-9ff13a036e8e84eae576
杭州东站4道,RL-543a2c5c1d421a9c1a56,3,unknown,unknown,车站线 / 类别待核实 / 站场轨道线,station.unknown.unknown,unresolved,,,,,search_results_available,2026-10-06T15:44:22.270Z,ST-9ff13a036e8e84eae576
杭州东站5道,RL-8ee275a3132ebf587b1e,3,unknown,unknown,车站线 / 类别待核实 / 站场轨道线,station.unknown.unknown,unresolved,,,,,search_results_available,2026-10-06T15:44:22.270Z,ST-9ff13a036e8e84eae576
杭州东站6道,RL-d1f18a9de11a31d1e2b5,3,unknown,unknown,车站线 / 类别待核实 / 站场轨道线,station.unknown.unknown,unresolved,,,,,search_results_available,2026-10-06T15:44:22.270Z,ST-9ff13a036e8e84eae576
杭州东站9道,RL-c43683a1a82f5502b8ed,3,unknown,unknown,车站线 / 类别待核实 / 站场轨道线,station.unknown.unknown,unresolved,,,,,search_results_available,2026-10-06T15:44:26.520Z,ST-9ff13a036e8e84eae576
杭州动车A线,RL-6da792c1387cdac0410e,10,unknown,unknown,车站线 / 类别待核实 / 站场轨道线,station.unknown.unknown,unresolved,,,,,search_results_available,2026-10-06T15:54:10.231Z,ST-97aa08851f2c6f30a1c4|ST-ccc1a71e5df28311dfa0|ST-d69dff303441d6982fbc
杭州动车B线,RL-197734cc89d73f2d241a|RL-c5f3cbba80afb761fced,10,unknown,unknown,车站线 / 类别待核实 / 站场轨道线,station.unknown.unknown,unresolved,,,,,search_results_available,2026-10-06T15:54:15.153Z,ST-aacb4e1c9718747b0c2f|ST-ccc1a71e5df28311dfa0|ST-d69dff303441d6982fbc
杭州动车C线,RL-6ebc84806aecf50e7180|RL-cfe331fd96577c7cae26,2,unknown,unknown,车站线 / 类别待核实 / 站场轨道线,station.unknown.unknown,unresolved,,,,,search_results_available,2026-10-06T15:46:09.033Z,ST-aacb4e1c9718747b0c2f
杭州动车D线,RL-29d571d8803c3d11a8e7,4,unknown,unknown,车站线 / 类别待核实 / 站场轨道线,station.unknown.unknown,unresolved,,,,,search_results_available,2026-10-06T15:42:54.163Z,ST-d69dff303441d6982fbc
杭州动车所存车线,RL-61a73359d28d8674d023,1,unknown,unknown,车站线 / 类别待核实 / 站场轨道线,station.unknown.unknown,unresolved,,,,,search_results_available,2026-10-06T15:48:38.779Z,ST-f9cadbb4cb684dde832e
杭州南站10道,RL-e2496914678ca99d18d1,4,unknown,unknown,车站线 / 类别待核实 / 站场轨道线,station.unknown.unknown,unresolved,,,,,search_results_available,2026-10-06T15:42:54.163Z,ST-24f31fdf94f4148ba307
杭州南站11道,RL-91a321b12ddef79a7b67,3,unknown,unknown,车站线 / 类别待核实 / 站场轨道线,station.unknown.unknown,unresolved,,,,,search_results_available,2026-10-06T15:44:26.520Z,ST-24f31fdf94f4148ba307
杭州南站13道,RL-7e36f611d19d1c6d93fb,4,unknown,unknown,车站线 / 类别待核实 / 站场轨道线,station.unknown.unknown,unresolved,,,,,search_results_available,2026-10-06T15:42:54.163Z,ST-24f31fdf94f4148ba307|ST-e0d2fd5e54173a003c81
杭州南站14道,RL-c2fe61ef4b8bd1d721a5,3,unknown,unknown,车站线 / 类别待核实 / 站场轨道线,station.unknown.unknown,unresolved,,,,,search_results_available,2026-10-06T15:44:26.520Z,ST-24f31fdf94f4148ba307
杭州南站17道,RL-40e4f386fddab5441dd0,3,unknown,unknown,车站线 / 类别待核实 / 站场轨道线,station.unknown.unknown,unresolved,,,,,search_results_available,2026-10-06T15:44:26.520Z,ST-e0d2fd5e54173a003c81
杭州南站18道,RL-96e775f9980bcbf41b55,4,unknown,unknown,车站线 / 类别待核实 / 站场轨道线,station.unknown.unknown,unresolved,,,,,search_results_available,2026-10-06T15:42:53.808Z,ST-24f31fdf94f4148ba307|ST-e0d2fd5e54173a003c81
杭州南站19道,RL-c29a150e68eb9390cb2f,3,unknown,unknown,车站线 / 类别待核实 / 站场轨道线,station.unknown.unknown,unresolved,,,,,search_results_available,2026-10-06T15:44:26.665Z,ST-e0d2fd5e54173a003c81
杭州南站1道,RL-86d3a857ce915d44b819,2,unknown,unknown,车站线 / 类别待核实 / 站场轨道线,station.unknown.unknown,unresolved,,,,,search_results_available,2026-10-06T15:46:09.033Z,ST-24f31fdf94f4148ba307
杭州南站21道,RL-1760bfea34b97112b01d,4,unknown,unknown,车站线 / 类别待核实 / 站场轨道线,station.unknown.unknown,unresolved,,,,,search_results_available,2026-10-06T15:42:53.808Z,ST-24f31fdf94f4148ba307
杭州南站4道,RL-b55fb283557fcc0d6517,2,unknown,unknown,车站线 / 类别待核实 / 站场轨道线,station.unknown.unknown,unresolved,,,,,search_results_available,2026-10-06T15:46:09.033Z,ST-24f31fdf94f4148ba307
杭州南站5道,RL-941d556d3c63dcaddd29,3,unknown,unknown,车站线 / 类别待核实 / 站场轨道线,station.unknown.unknown,unresolved,,,,,search_results_available,2026-10-06T15:44:26.665Z,ST-24f31fdf94f4148ba307
杭州南站6道,RL-f6edb9d7a889ddb4c579,3,unknown,unknown,车站线 / 类别待核实 / 站场轨道线,station.unknown.unknown,unresolved,,,,,search_results_available,2026-10-06T15:44:26.665Z,ST-24f31fdf94f4148ba307
杭州南站7道,RL-468bf08a34b0a0594f73,4,unknown,unknown,车站线 / 类别待核实 / 站场轨道线,station.unknown.unknown,unresolved,,,,,search_results_available,2026-10-06T15:42:53.808Z,ST-24f31fdf94f4148ba307
杭州南绍兴北联络线,RL-95a8efd2ab362d998996,4,unknown,unknown,在建 / 轨道线 / 类别待核实 / 支线,track.unknown.branch_line,unresolved,,,,,search_results_available,2026-10-06T15:42:53.808Z,RL-95a8efd2ab362d998996
杭州南萧山机场连接线,RL-551e44788d5bece5fc9b,4,high_speed,high_speed,在建 / 轨道线 / 高速铁路 / 正线 / 速度范围待核实,track.high_speed.main_line.unknown,osm_source_compared,,,,,search_results_available,2026-10-06T15:42:54.696Z,RL-551e44788d5bece5fc9b
杭州机辆段加油线,RL-ed580057d13175140499,5,unknown,unknown,车站线 / 类别待核实 / 站场轨道线,station.unknown.unknown,unresolved,,,,,search_results_available,2026-10-06T15:29:42.179Z,ST-04ac8e08d6d4c1917b39|ST-9cdbdce5019640adfd20
杭州站10道,RL-cd91105d9a9306e8c487,5,unknown,unknown,车站线 / 类别待核实 / 站场轨道线,station.unknown.unknown,unresolved,,,,,search_results_available,2026-10-06T15:29:42.179Z,ST-02f125ed5782884cd1c5|ST-9cdbdce5019640adfd20
杭州站1道,RL-1451781de86ea4b8017f,4,unknown,unknown,车站线 / 类别待核实 / 站场轨道线,station.unknown.unknown,unresolved,,,,,search_results_available,2026-10-06T15:42:54.696Z,ST-9cdbdce5019640adfd20|ST-d4ed9456e9848db7bee6
杭州站2道,RL-8d549d8356419562aab2,1,unknown,unknown,车站线 / 类别待核实 / 站场轨道线,station.unknown.unknown,unresolved,,,,,search_results_available,2026-10-06T15:48:38.779Z,ST-9cdbdce5019640adfd20
杭州站3道,RL-bea46376af54d9d3218d,1,unknown,unknown,车站线 / 类别待核实 / 站场轨道线,station.unknown.unknown,unresolved,,,,,search_results_available,2026-10-06T15:48:42.536Z,ST-9cdbdce5019640adfd20
杭州站5道,RL-f33cfc37dde8c7437b51,1,unknown,unknown,车站线 / 类别待核实 / 站场轨道线,station.unknown.unknown,unresolved,,,,,search_results_available,2026-10-06T15:48:42.536Z,ST-9cdbdce5019640adfd20
杭州站6道,RL-a83a232bc9ba24e30a46,5,unknown,unknown,车站线 / 类别待核实 / 站场轨道线,station.unknown.unknown,unresolved,,,,,search_results_available,2026-10-06T15:29:42.179Z,ST-9cdbdce5019640adfd20|ST-d4ed9456e9848db7bee6
杭州站7道,RL-df61fda7fb1aa1401644,10,unknown,unknown,车站线 / 类别待核实 / 站场轨道线,station.unknown.unknown,unresolved,,,,,search_results_available,2026-10-06T15:54:36.526Z,ST-02f125ed5782884cd1c5|ST-9cdbdce5019640adfd20|ST-d4ed9456e9848db7bee6
杭州站8道,RL-f1ebdeda2f5ca93c71ef,5,unknown,unknown,车站线 / 类别待核实 / 站场轨道线,station.unknown.unknown,unresolved,,,,,search_results_available,2026-10-06T15:29:34.027Z,ST-02f125ed5782884cd1c5|ST-9cdbdce5019640adfd20|ST-d4ed9456e9848db7bee6
杭州站9道,RL-da9bd90480d233214f06,2,unknown,unknown,车站线 / 类别待核实 / 站场轨道线,station.unknown.unknown,unresolved,,,,,search_results_available,2026-10-06T15:46:10.842Z,ST-02f125ed5782884cd1c5|ST-9cdbdce5019640adfd20
杭州粮库专用线,RL-a79c8ddc3189a488ef9a,1,unknown,unknown,车站线 / 类别待核实 / 连接线,station.unknown.spur_track,unresolved,,,,,search_results_available,2026-10-06T15:48:42.536Z,RL-a79c8ddc3189a488ef9a
杭州西动车所出入场线,RL-bffe75f2e301936be05d,10,high_speed,high_speed,车站线 / 高速铁路 / 站场轨道线 / 速度范围待核实,station.high_speed.unknown.unknown,osm_source_compared,,construction_status,,,search_results_available,2026-10-06T15:54:41.521Z,ST-4efbf8644f2d13d4a901|ST-94f955086ace8a3b2a31
杭州西动车所场内线路,RL-cc4afdbff0ac2b399bcf,40,unknown,unknown,车站线 / 类别待核实 / 站场轨道线,station.unknown.unknown,unresolved,,,,,search_results_available,2026-10-06T15:09:21.244Z,ST-6d7e705802e4c4bdb12c|ST-b8312ad76bbd7fc8d5d6|ST-c9a11db0d9095a424795|ST-ff7ddd33ee351fe056b9
杭德城际,RL-109790b98658750b27b3,13,unknown,unknown,在建 / 轨道线 / 类别待核实 / 正线,track.unknown.main_line,unresolved,,,,,search_results_available,2026-10-06T15:21:31.111Z,RL-109790b98658750b27b3
杭昌高速线,RL-3f0cc1ee935d39c29fa9,1068,high_speed,high_speed,轨道线 / 高速铁路 / 正线 / 速度范围待核实,track.high_speed.main_line.unknown,osm_source_compared,,,,https://china-emu.cn/RailRoads/Line/?LineName=杭昌高速铁路,search_results_available,2026-10-06T15:03:29.616Z,RL-3f0cc1ee935d39c29fa9
杭深平南货联线,RL-005ad0487aa15484d13c,17,unknown,unknown,轨道线 / 类别待核实 / 支线,track.unknown.branch_line,unresolved,,,,,search_results_available,2026-10-06T15:12:38.230Z,RL-005ad0487aa15484d13c
杭深深北联络线,RL-12134b3daf4f8542fedb,7,high_speed,high_speed,轨道线 / 高速铁路 / 正线 / 速度范围待核实,track.high_speed.main_line.unknown,osm_source_compared,,,,,search_results_available,2026-10-06T15:26:30.444Z,RL-12134b3daf4f8542fedb
杭深线,RL-6cd8cb188463895ccedc,3562,high_speed,high_speed,轨道线 / 高速铁路 / 正线 / 速度范围待核实,track.high_speed.main_line.unknown,osm_source_compared,,,,https://china-emu.cn/RailRoads/Line/?LineName=杭深铁路,search_results_available,2026-10-06T15:03:02.376Z,RL-6cd8cb188463895ccedc
杭温高速线,RL-2bed4feb70dfe42165cd,451,high_speed,high_speed,轨道线 / 高速铁路 / 正线 / 300–350 km/h,track.high_speed.main_line.300-350,osm_source_compared,,,,https://china-emu.cn/RailRoads/Line/?LineName=杭温高速铁路,search_results_available,2026-10-06T15:04:24.190Z,RL-2bed4feb70dfe42165cd
杭温高铁温州东联络线,RL-754cf12e21bfb132cda6,14,high_speed,high_speed,在建 / 轨道线 / 高速铁路 / 正线 / 速度范围待核实,track.high_speed.main_line.unknown,osm_source_compared,,,,,search_results_available,2026-10-06T15:54:51.323Z,RL-754cf12e21bfb132cda6
杭甬联络线,RL-bcee2468937c26e221ef,5,high_speed,high_speed,轨道线 / 高速铁路 / 正线 / 速度范围待核实,track.high_speed.main_line.unknown,osm_source_compared,,,,https://china-emu.cn/RailRoads/Line/?LineName=杭甬联络线,search_results_available,2026-10-06T15:29:34.027Z,RL-bcee2468937c26e221ef
杭福联络线,RL-35fe677dd04a8f66c7c1,6,unknown,unknown,轨道线 / 类别待核实 / 支线,track.unknown.branch_line,unresolved,,,,,search_results_available,2026-10-06T15:27:50.792Z,RL-35fe677dd04a8f66c7c1
杭衢高速线,RL-39636d80503612286580,307,high_speed,high_speed,轨道线 / 高速铁路 / 正线 / 300–350 km/h,track.high_speed.main_line.300-350,osm_source_compared,,construction_status,,https://china-emu.cn/RailRoads/Line/?LineName=杭衢高速铁路,search_results_available,2026-10-06T15:04:41.211Z,RL-39636d80503612286580
杭衢高铁杭州方向联络线,RL-2c680fc849b9105e94cd,8,unknown,unknown,在建 / 轨道线 / 类别待核实 / 支线,track.unknown.branch_line,unresolved,,,,,search_results_available,2026-10-06T15:25:07.218Z,RL-2c680fc849b9105e94cd
杭钢专用线,RL-eabfc0570598f1c34da7,1,unknown,unknown,轨道线 / 类别待核实 / 线路功能待核实,track.unknown.unknown,unresolved,,,,,search_results_available,2026-10-06T15:48:42.536Z,RL-eabfc0570598f1c34da7
松团线,RL-1715c1829d499a3eff80,38,unknown,unknown,轨道线 / 类别待核实 / 正线,track.unknown.main_line,unresolved,,,,,search_results_available,2026-10-06T15:09:33.197Z,RL-1715c1829d499a3eff80
松嫩油脂线,RL-2aafd13ba7c79d296fb6,3,unknown,unknown,车站线 / 类别待核实 / 连接线,station.unknown.spur_track,unresolved,,,,,search_results_available,2026-10-06T15:44:26.665Z,RL-2aafd13ba7c79d296fb6
松宜线,RL-c9e5bae7c9d5718d076e,50,unknown,unknown,轨道线 / 类别待核实 / 线路功能待核实,track.unknown.unknown,unresolved,,line_role,,,search_results_available,2026-10-06T15:08:49.830Z,RL-c9e5bae7c9d5718d076e
松滋车阳河港区铁路专用线,RL-61703fdd315b55b04294,9,unknown,unknown,在建 / 轨道线 / 类别待核实 / 线路功能待核实,track.unknown.unknown,unresolved,,,,,search_results_available,2026-10-06T15:24:09.708Z,RL-61703fdd315b55b04294
板西疏解线,RL-66d683c7870b9144c724|RL-e8aa9592e66e1c704c05,12,high_speed|unknown,high_speed|unknown,轨道线 / 类别待核实 / 正线|轨道线 / 高速铁路 / 正线 / 速度范围待核实,track.high_speed.main_line.unknown|track.unknown.main_line,osm_source_compared|unresolved,,,,,search_results_available,2026-10-06T15:22:00.810Z,RL-66d683c7870b9144c724|RL-e8aa9592e66e1c704c05
林专线,RL-a2050b9315dcccd9d6f6,51,unknown,unknown,车站线 / 类别待核实 / 连接线,station.unknown.spur_track,unresolved,,,,,search_results_available,2026-10-06T15:08:43.007Z,RL-a2050b9315dcccd9d6f6
林业油库线,RL-f1437dde317c932e44f7,1,unknown,unknown,车站线 / 类别待核实 / 连接线,station.unknown.spur_track,unresolved,,,,,search_results_available,2026-10-06T15:48:43.968Z,RL-f1437dde317c932e44f7
林业物资线,RL-e9588ffc08cfb69fe998,2,unknown,unknown,车站线 / 类别待核实 / 连接线,station.unknown.spur_track,unresolved,,,,,search_results_available,2026-10-06T15:46:10.842Z,RL-e9588ffc08cfb69fe998
林业线,RL-9a0a4ecda285cb94a7ec,1,unknown,unknown,车站线 / 类别待核实 / 连接线,station.unknown.spur_track,unresolved,,,,,search_results_available,2026-10-06T15:48:43.968Z,RL-9a0a4ecda285cb94a7ec
林场线,RL-a63fd6e9171ff951165b,1,unknown,unknown,车站线 / 类别待核实 / 连接线,station.unknown.spur_track,unresolved,,,,,search_results_available,2026-10-06T15:48:43.968Z,RL-a63fd6e9171ff951165b
林密线,RL-ad9b8cabfe78ee3bc53f,253,conventional,conventional,轨道线 / 普速铁路 / 正线,track.conventional.main_line,source_checked,,,https://www.nra.gov.cn/zzjg/jgj/syjd/sgsgg/201911/P020220825544637781349.pdf,,search_results_available,2026-10-06T15:54:05.860Z,RL-ad9b8cabfe78ee3bc53f
林料线,RL-50f2f72e3c3cf99073d3,1,unknown,unknown,车站线 / 类别待核实 / 站场轨道线,station.unknown.unknown,unresolved,,,,,search_results_available,2026-10-06T15:48:43.968Z,ST-5c2cfd7dcb265bc661ab
林新线,RL-2eaca6d70756e275e9d5,16,unknown,unknown,轨道线 / 类别待核实 / 支线,track.unknown.branch_line,unresolved,,,,,search_results_available,2026-10-06T15:13:01.471Z,RL-2eaca6d70756e275e9d5
林机厂线,RL-20e4d38f31934be4ea38,1,unknown,unknown,车站线 / 类别待核实 / 连接线,station.unknown.spur_track,unresolved,,,,,search_results_available,2026-10-06T15:48:43.577Z,RL-20e4d38f31934be4ea38
林材线,RL-19d54b2fcbf7a4584a74,3,unknown,unknown,车站线 / 类别待核实 / 连接线,station.unknown.spur_track,unresolved,,,,,search_results_available,2026-10-06T15:44:28.917Z,RL-19d54b2fcbf7a4584a74
林歹支线,RL-7455cad4d87ae208f199,3,unknown,unknown,轨道线 / 类别待核实 / 支线,track.unknown.branch_line,unresolved,,,,,search_results_available,2026-10-06T15:44:28.917Z,RL-7455cad4d87ae208f199
林浦三线,RL-88b560c474e89d957089,15,unknown,unknown,轨道线 / 类别待核实 / 支线,track.unknown.branch_line,unresolved,,,,,search_results_available,2026-10-06T15:20:33.672Z,RL-88b560c474e89d957089
林浦线,RL-97166e11ba486083f185,39,unknown,unknown,轨道线 / 类别待核实 / 支线,track.unknown.branch_line,unresolved,,,,,search_results_available,2026-10-06T15:09:28.625Z,RL-97166e11ba486083f185
林碧线,RL-00bd0ccd6d2cb296ec2e,1,unknown,unknown,轨道线 / 类别待核实 / 支线,track.unknown.branch_line,unresolved,,,,,search_results_available,2026-10-06T15:48:43.577Z,RL-00bd0ccd6d2cb296ec2e
林范铁路,RL-4c5eccb2b2699fbafcf3,25,industrial,industrial,车站线 / 工业铁路 / 连接线,station.industrial.spur_track,osm_source_compared,,,,,search_results_available,2026-10-06T15:11:00.729Z,RL-4c5eccb2b2699fbafcf3
林高联络线,RL-8129512141f0ec474a47,6,unknown,unknown,轨道线 / 类别待核实 / 支线,track.unknown.branch_line,unresolved,,,,,search_results_available,2026-10-06T15:27:50.397Z,RL-8129512141f0ec474a47
果冷专用线,RL-787ea83118d2f1318cad,1,industrial,industrial,车站线 / 工业铁路 / 连接线,station.industrial.spur_track,osm_source_compared,,,,,search_results_available,2026-10-06T15:48:43.577Z,RL-787ea83118d2f1318cad
果品线,RL-7ace166a5baea3fba7ba,1,unknown,unknown,车站线 / 类别待核实 / 连接线,station.unknown.spur_track,unresolved,,,,,search_results_available,2026-10-06T15:48:43.577Z,RL-7ace166a5baea3fba7ba
枝云线,RL-045131102464062a6b74,36,unknown,unknown,轨道线 / 类别待核实 / 正线,track.unknown.main_line,unresolved,,,,,search_results_available,2026-10-06T15:09:39.607Z,RL-045131102464062a6b74
枝姚线,RL-0d0441a0da8aebbf4746|RL-a8572e8e18a12bf78fb4,19,unknown,unknown,车站线 / 类别待核实 / 连接线|轨道线 / 类别待核实 / 正线,station.unknown.spur_track|track.unknown.main_line,unresolved,,,,,search_results_available,2026-10-06T15:12:01.309Z,RL-0d0441a0da8aebbf4746|RL-a8572e8e18a12bf78fb4
枣临线,RL-a07ed171f75d727420eb,228,unknown,unknown,轨道线 / 类别待核实 / 正线,track.unknown.main_line,unresolved,,,,,search_results_available,2026-10-06T15:05:54.670Z,RL-a07ed171f75d727420eb
柳南南广场联络线,RL-4f16c9759261e54b444b,1,unknown,unknown,车站线 / 类别待核实 / 站场轨道线,station.unknown.unknown,unresolved,,,,,search_results_available,2026-10-06T15:48:42.929Z,ST-8676790b5ff1cde577eb
柳南场屯里动车所入库线,RL-4121000a3d90168b22bc,12,unknown,unknown,车站线 / 类别待核实 / 站场轨道线,station.unknown.unknown,unresolved,,,,,search_results_available,2026-10-06T15:22:00.810Z,ST-8676790b5ff1cde577eb|ST-baaa10e60ac446349adc
柳南客专线,RL-f871a6d4f84142f0e5f9,463,high_speed,high_speed,轨道线 / 高速铁路 / 正线 / 速度范围待核实,track.high_speed.main_line.unknown,osm_source_compared,,,,,search_results_available,2026-10-06T15:04:24.190Z,RL-f871a6d4f84142f0e5f9
柳州工务机械段轨料基地专用线,RL-73288fc4abf90788296e,4,unknown,unknown,车站线 / 类别待核实 / 站场轨道线,station.unknown.unknown,unresolved,,,,,search_results_available,2026-10-06T15:42:54.696Z,ST-46fb7141ef10c5d24f1b|ST-5f7c1e6b70423e36a71a
柳州机务段专用线,RL-540caa203bb73e818f35,15,unknown,unknown,车站线 / 类别待核实 / 站场轨道线,station.unknown.unknown,unresolved,,,,,search_results_available,2026-10-06T15:20:34.141Z,ST-597a1df05f25ac67e326|ST-96d06a854e29aadce85e
柳州机车车辆厂专用线,RL-34686d23015c122048b3,3,unknown,unknown,车站线 / 类别待核实 / 连接线,station.unknown.spur_track,unresolved,,,,,search_results_available,2026-10-06T15:44:28.917Z,RL-34686d23015c122048b3
柳州机车车辆有限公司专用线,RL-ab5b3dac1403ed7417ac|RL-facbfe73423d363fac3d,23,industrial|unknown,industrial|unknown,车站线 / 工业铁路 / 连接线|车站线 / 类别待核实 / 站场轨道线,station.industrial.spur_track|station.unknown.unknown,osm_source_compared|unresolved,,,,,search_results_available,2026-10-06T15:11:18.298Z,RL-facbfe73423d363fac3d|ST-597a1df05f25ac67e326
柳州机车车辆有限公司专用铁路,RL-1a0e66eaf43f53b88b07,2,industrial,industrial,车站线 / 工业铁路 / 连接线,station.industrial.spur_track,osm_source_compared,,,,,search_results_available,2026-10-06T15:46:10.842Z,RL-1a0e66eaf43f53b88b07
柳州至进德客车上行联络线,RL-507485cff5429301faab,8,unknown,unknown,轨道线 / 类别待核实 / 正线,track.unknown.main_line,unresolved,,,,,search_results_available,2026-10-06T15:25:07.218Z,RL-507485cff5429301faab
柳州至进德客车下行联络线,RL-c61215abcdefb71beab2,6,unknown,unknown,轨道线 / 类别待核实 / 正线,track.unknown.main_line,unresolved,,,,,search_results_available,2026-10-06T15:27:50.397Z,RL-c61215abcdefb71beab2
柳广线,RL-ee67edc688ab85b1bd48,12,unknown,unknown,轨道线 / 类别待核实 / 正线,track.unknown.main_line,unresolved,,,,https://china-emu.cn/RailRoads/Line/?LineName=柳广铁路,search_results_available,2026-10-06T15:21:59.340Z,RL-ee67edc688ab85b1bd48
柳广联络线,RL-8d4cefef1b24bdf24a47,13,high_speed,high_speed,轨道线 / 高速铁路 / 正线 / 速度范围待核实,track.high_speed.main_line.unknown,osm_source_compared,,,,https://china-emu.cn/RailRoads/Line/?LineName=柳广联络线,search_results_available,2026-10-06T15:21:31.111Z,RL-8d4cefef1b24bdf24a47
柳广铁路,RL-2bd5f359e9da566a6c97,128,unknown,unknown,在建 / 轨道线 / 类别待核实 / 正线,track.unknown.main_line,unresolved,,,,https://china-emu.cn/RailRoads/Line/?LineName=柳广铁路,search_results_available,2026-10-06T15:06:40.810Z,RL-2bd5f359e9da566a6c97
柳敦联络线,RL-0840a056316cbfaf3fd4,12,unknown,unknown,轨道线 / 类别待核实 / 正线,track.unknown.main_line,unresolved,,,,,search_results_available,2026-10-06T15:21:59.340Z,RL-0840a056316cbfaf3fd4
柳江进德联络线,RL-c2910401a8f2bcaeefd6,6,unknown,unknown,轨道线 / 类别待核实 / 正线,track.unknown.main_line,unresolved,,,,,search_results_available,2026-10-06T15:27:50.397Z,RL-c2910401a8f2bcaeefd6
柳沟南联络线,RL-ba97482e92d8cf50cd15,13,unknown,unknown,轨道线 / 类别待核实 / 支线,track.unknown.branch_line,unresolved,,,,https://china-emu.cn/RailRoads/Line/?LineName=柳沟南联络线,search_results_available,2026-10-06T15:21:31.111Z,RL-ba97482e92d8cf50cd15
柳红专用线,RL-0314a89492b6bd7385ed|RL-b7b932bf5d73413c9027,40,industrial|unknown,industrial|unknown,车站线 / 类别待核实 / 连接线|轨道线 / 工业铁路 / 工业线,station.unknown.spur_track|track.industrial.industrial_line,osm_source_compared|unresolved,,,,,search_results_available,2026-10-06T15:09:21.244Z,RL-0314a89492b6bd7385ed|RL-b7b932bf5d73413c9027
柳钢专用线,RL-08e8559d5eac1998380a,5,industrial,industrial,车站线 / 工业铁路 / 连接线,station.industrial.spur_track,osm_source_compared,,,,,search_results_available,2026-10-06T15:29:34.027Z,RL-08e8559d5eac1998380a
柳钢防城港专用线,RL-f984d92de8e74801786b,14,industrial,industrial,车站线 / 工业铁路 / 连接线,station.industrial.spur_track,osm_source_compared,,,,,search_results_available,2026-10-06T15:54:36.526Z,RL-f984d92de8e74801786b
柴木线,RL-b1022ff4ecfb84d463a8,99,unknown,unknown,轨道线 / 类别待核实 / 支线,track.unknown.branch_line,unresolved,,,,,search_results_available,2026-10-06T15:07:11.735Z,RL-b1022ff4ecfb84d463a8
柴达尔线,RL-7aff9dbfb2a888d1a62e,16,unknown,unknown,轨道线 / 类别待核实 / 支线,track.unknown.branch_line,unresolved,,,,,search_results_available,2026-10-06T15:13:01.471Z,RL-7aff9dbfb2a888d1a62e
栗浆铁路,RL-aa7d0ead151bf6e037d1,3,unknown,unknown,轨道线 / 类别待核实 / 支线,track.unknown.branch_line,unresolved,,,,,search_results_available,2026-10-06T15:44:28.917Z,RL-aa7d0ead151bf6e037d1
株洲北上行直通线,RL-0a7b99afc63b9b99f458,15,unknown,unknown,轨道线 / 类别待核实 / 支线,track.unknown.branch_line,unresolved,,,,,search_results_available,2026-10-06T15:20:34.141Z,RL-0a7b99afc63b9b99f458
株洲北东到达线,RL-501e731cd2c208eea8ae,5,unknown,unknown,轨道线 / 类别待核实 / 支线,track.unknown.branch_line,unresolved,,,,,search_results_available,2026-10-06T15:29:34.027Z,RL-501e731cd2c208eea8ae
株洲北出发北线,RL-956e86dcbf6e58c30311,4,unknown,unknown,轨道线 / 类别待核实 / 支线,track.unknown.branch_line,unresolved,,,,,search_results_available,2026-10-06T15:42:54.696Z,RL-956e86dcbf6e58c30311
株洲北出发西线,RL-1c4501f2249c84c19d33,8,unknown,unknown,轨道线 / 类别待核实 / 支线,track.unknown.branch_line,unresolved,,,,,search_results_available,2026-10-06T15:25:12.256Z,RL-1c4501f2249c84c19d33
株洲北北西联络线,RL-91ac2b760462e322036f,3,unknown,unknown,轨道线 / 类别待核实 / 支线,track.unknown.branch_line,unresolved,,,,,search_results_available,2026-10-06T15:44:27.090Z,RL-91ac2b760462e322036f
株洲北南到达线,RL-3f806db8e21f35e19216,7,unknown,unknown,轨道线 / 类别待核实 / 支线,track.unknown.branch_line,unresolved,,,,,search_results_available,2026-10-06T15:26:30.444Z,RL-3f806db8e21f35e19216
株洲北南环线,RL-97a346c382477d31ef98,3,unknown,unknown,轨道线 / 类别待核实 / 支线,track.unknown.branch_line,unresolved,,,,,search_results_available,2026-10-06T15:44:27.090Z,RL-97a346c382477d31ef98
株洲北客专上行联络线,RL-170fefdf60ade937c508,9,unknown,unknown,轨道线 / 类别待核实 / 支线,track.unknown.branch_line,unresolved,,,,,search_results_available,2026-10-06T15:24:07.910Z,RL-170fefdf60ade937c508
株洲北客专下行联络线,RL-5bdad782c59506d4987c,12,unknown,unknown,轨道线 / 类别待核实 / 支线,track.unknown.branch_line,unresolved,,,,,search_results_available,2026-10-06T15:21:59.340Z,RL-5bdad782c59506d4987c
株洲北小运转联络线,RL-f3fca97cc9cc3d5424f0,3,unknown,unknown,轨道线 / 类别待核实 / 支线,track.unknown.branch_line,unresolved,,,,,search_results_available,2026-10-06T15:44:27.090Z,RL-f3fca97cc9cc3d5424f0
株洲北株出联络线,RL-bbc435b492598a37a6af,6,unknown,unknown,轨道线 / 类别待核实 / 支线,track.unknown.branch_line,unresolved,,,,,search_results_available,2026-10-06T15:27:50.397Z,RL-bbc435b492598a37a6af
株洲南客专上行联络线,RL-cf73eac8a2921d8b5fbc,13,unknown,unknown,轨道线 / 类别待核实 / 支线,track.unknown.branch_line,unresolved,,,,,search_results_available,2026-10-06T15:21:31.111Z,RL-cf73eac8a2921d8b5fbc
株洲南客专下行联络线,RL-8e3e77c1b5d95b3d06e0,12,unknown,unknown,轨道线 / 类别待核实 / 支线,track.unknown.branch_line,unresolved,,,,,search_results_available,2026-10-06T15:21:59.340Z,RL-8e3e77c1b5d95b3d06e0
株洲四三〇厂专用铁路线,RL-3a599558c74099f6264c,14,unknown,unknown,车站线 / 类别待核实 / 连接线,station.unknown.spur_track,unresolved,,railway_class|line_role,,,search_results_available,2026-10-06T15:54:31.871Z,RL-3a599558c74099f6264c
株洲西北联络线,RL-847cead163a23741ff4c,4,unknown,unknown,轨道线 / 类别待核实 / 线路功能待核实,track.unknown.unknown,unresolved,,,,,search_results_available,2026-10-06T15:42:56.635Z,RL-847cead163a23741ff4c
格南联络线,RL-b5cb6e5f56163bf5d768,4,unknown,unknown,轨道线 / 类别待核实 / 支线,track.unknown.branch_line,unresolved,,,,,search_results_available,2026-10-06T15:42:56.635Z,RL-b5cb6e5f56163bf5d768
格库线,RL-35d3881a3e2f3eb84217,833,unknown,unknown,轨道线 / 类别待核实 / 正线,track.unknown.main_line,unresolved,,,,,search_results_available,2026-10-06T15:03:34.701Z,RL-35d3881a3e2f3eb84217
桂储支线,RL-dbb52dec74675c0d5724,7,unknown,unknown,车站线 / 类别待核实 / 连接线,station.unknown.spur_track,unresolved,,,,,search_results_available,2026-10-06T15:26:30.444Z,RL-dbb52dec74675c0d5724
桂北定江联络线,RL-fbe60f5cea68a5885030,19,high_speed,high_speed,轨道线 / 高速铁路 / 正线 / 速度范围待核实,track.high_speed.main_line.unknown,osm_source_compared,,,,https://china-emu.cn/RailRoads/Line/?LineName=桂北定江联络线,search_results_available,2026-10-06T15:54:20.196Z,RL-fbe60f5cea68a5885030
桂海铁路,RL-4f767bc13c2f94a1ef2f,14,unknown,unknown,轨道线 / 类别待核实 / 支线,track.unknown.branch_line,unresolved,,,,,search_results_available,2026-10-06T15:54:15.153Z,RL-4f767bc13c2f94a1ef2f
桂西桂北联络线,RL-fed934fab61368ea57da,14,high_speed,high_speed,轨道线 / 高速铁路 / 正线 / 速度范围待核实,track.high_speed.main_line.unknown,osm_source_compared,,,,https://china-emu.cn/RailRoads/Line/?LineName=桂西桂北联络线,search_results_available,2026-10-06T15:54:15.153Z,RL-fed934fab61368ea57da
桃东线,RL-9f7aac1e1e68f70e5e81,18,unknown,unknown,轨道线 / 类别待核实 / 支线,track.unknown.branch_line,unresolved,,,,,search_results_available,2026-10-06T15:12:24.614Z,RL-9f7aac1e1e68f70e5e81
桃威线,RL-5cd69e446c16359df21f,131,unknown,conventional,轨道线 / 普速铁路 / 正线,track.conventional.main_line,user_verified,,,,,search_results_available,2026-10-06T15:06:38.748Z,RL-5cd69e446c16359df21f
桃山矿线,RL-481c5f08bf8f2f23e5ed,4,industrial,industrial,轨道线 / 工业铁路 / 工业线,track.industrial.industrial_line,osm_source_compared,,,,,search_results_available,2026-10-06T15:42:56.635Z,RL-481c5f08bf8f2f23e5ed
桃河矿正线,RL-aa1cb246ef7af5cf5394,15,unknown,unknown,车站线 / 类别待核实 / 站场轨道线,station.unknown.unknown,unresolved,,,,,search_results_available,2026-10-06T15:20:34.141Z,ST-12d65eb50ce18f6043ba
桃浦专四条 大场机场专用线,RL-a9b3ab8aba587515f0e1,2,unknown,unknown,车站线 / 类别待核实 / 连接线,station.unknown.spur_track,unresolved,,,,,search_results_available,2026-10-06T15:46:10.842Z,RL-a9b3ab8aba587515f0e1
桐乡站1道,RL-c138d85b50cd52f8a019,1,unknown,unknown,车站线 / 类别待核实 / 站场轨道线,station.unknown.unknown,unresolved,,,,,search_results_available,2026-10-06T15:48:42.929Z,ST-aa8338ebb778da3cc0f6
桐乡站4道,RL-468b7af0a6dd11258008,1,unknown,unknown,车站线 / 类别待核实 / 站场轨道线,station.unknown.unknown,unresolved,,,,,search_results_available,2026-10-06T15:48:42.929Z,ST-aa8338ebb778da3cc0f6
桐庐站1道,RL-9da6643235132bb4bc53,2,unknown,unknown,车站线 / 类别待核实 / 站场轨道线,station.unknown.unknown,unresolved,,,,,search_results_available,2026-10-06T15:46:09.390Z,ST-db185041f9bbdc78f440
桐庐站4道,RL-a2f9137072e077afbf73,4,unknown,unknown,车站线 / 类别待核实 / 站场轨道线,station.unknown.unknown,unresolved,,,,,search_results_available,2026-10-06T15:42:56.635Z,ST-db185041f9bbdc78f440
桐庐联络线,RL-6a8ce4a09c751624b211|RL-ef9abeb596410eb423c7,27,high_speed,high_speed,在建 / 轨道线 / 高速铁路 / 正线 / 150–200 km/h|轨道线 / 高速铁路 / 正线 / 150–200 km/h,track.high_speed.main_line.150-200,osm_source_compared,,,,https://china-emu.cn/RailRoads/Line/?LineName=桐庐联络线,search_results_available,2026-10-06T15:10:42.772Z,RL-6a8ce4a09c751624b211|RL-ef9abeb596410eb423c7
桑东联络线,RL-abf9c5f79e2d44e0ec6d,4,unknown,unknown,轨道线 / 类别待核实 / 支线,track.unknown.branch_line,unresolved,,,,,search_results_available,2026-10-06T15:43:00.256Z,RL-abf9c5f79e2d44e0ec6d
桑北联络线,RL-1cd20a157854b599d960,3,unknown,unknown,轨道线 / 类别待核实 / 支线,track.unknown.branch_line,unresolved,,,,,search_results_available,2026-10-06T15:44:27.090Z,RL-1cd20a157854b599d960
桥头驿3股道,RL-977aae8584f05a249831,1,unknown,unknown,车站线 / 类别待核实 / 站场轨道线,station.unknown.unknown,unresolved,,,,,search_results_available,2026-10-06T15:48:42.929Z,ST-0ba245748a2b8b5ab40e
桥头驿4股道,RL-de8fb8c2476644f28184,2,unknown,unknown,车站线 / 类别待核实 / 站场轨道线,station.unknown.unknown,unresolved,,,,,search_results_available,2026-10-06T15:46:09.390Z,ST-0ba245748a2b8b5ab40e
桥头驿货物线,RL-a736e0e7db80e004c40e,1,unknown,unknown,车站线 / 类别待核实 / 站场轨道线,station.unknown.unknown,unresolved,,,,,search_results_available,2026-10-06T15:48:53.459Z,ST-0ba245748a2b8b5ab40e
桥张联络线,RL-2560383e9c3caf41f679,17,unknown,unknown,轨道线 / 类别待核实 / 正线,track.unknown.main_line,unresolved,,construction_status,,,search_results_available,2026-10-06T15:12:37.881Z,RL-2560383e9c3caf41f679
桥隧线,RL-9b003d3a4e681baa0f7b,3,unknown,unknown,车站线 / 类别待核实 / 站场轨道线,station.unknown.unknown,unresolved,,,,,search_results_available,2026-10-06T15:44:32.516Z,ST-7e43f2447b0c5f74c7c2|ST-8a7631e9111cbb75749c
桦南线,RL-c543914e1c02f5cbfdad,12,unknown,unknown,轨道线 / 类别待核实 / 支线,track.unknown.branch_line,unresolved,,,,,search_results_available,2026-10-06T15:22:05.462Z,RL-c543914e1c02f5cbfdad
梅七线,RL-867a34ad0ea60b4502fe,154,unknown,unknown,轨道线 / 类别待核实 / 支线,track.unknown.branch_line,unresolved,,,,,search_results_available,2026-10-06T15:06:27.261Z,RL-867a34ad0ea60b4502fe
梅七铁路,RL-129fc352aa65adbc2a8d,1,unknown,unknown,轨道线 / 类别待核实 / 支线,track.unknown.branch_line,unresolved,,,,,search_results_available,2026-10-06T15:48:53.459Z,RL-129fc352aa65adbc2a8d
梅余铁路,RL-1a6b21b15fbb1a0438df|RL-641191b5dcb7b978f886,3,unknown,unknown,车站线 / 类别待核实 / 连接线|轨道线 / 类别待核实 / 支线,station.unknown.spur_track|track.unknown.branch_line,unresolved,,,,,search_results_available,2026-10-06T15:44:32.516Z,RL-1a6b21b15fbb1a0438df|RL-641191b5dcb7b978f886
梅汕线,RL-54df392e5bdc8d55fa0e|RL-d746639a27421484367d,486,high_speed|unknown,high_speed|unknown,轨道线 / 类别待核实 / 正线|轨道线 / 高速铁路 / 正线 / 速度范围待核实,track.high_speed.main_line.unknown|track.unknown.main_line,osm_source_compared|unresolved,,,,,search_results_available,2026-10-06T15:04:17.179Z,RL-54df392e5bdc8d55fa0e|RL-d746639a27421484367d
梅河口市阜康热电有限责任公司专用线,RL-110b54f4bf58ce12d036,2,industrial,industrial,车站线 / 工业铁路 / 连接线,station.industrial.spur_track,osm_source_compared,,,,,search_results_available,2026-10-06T15:46:09.390Z,RL-110b54f4bf58ce12d036
梅集线,RL-72e5b2b39713c19d2c09,185,unknown,unknown,轨道线 / 类别待核实 / 正线,track.unknown.main_line,unresolved,,,,,search_results_available,2026-10-06T15:06:12.317Z,RL-72e5b2b39713c19d2c09
梓权线,RL-a4618303a4c8815e4805,105,unknown,unknown,轨道线 / 类别待核实 / 联络线,track.unknown.connecting_line,unresolved,line_role,railway_class,,,search_results_available,2026-10-06T15:07:04.275Z,RL-a4618303a4c8815e4805
梨树矿线,RL-b74b9b6035ccfec408e9,14,industrial,industrial,轨道线 / 工业铁路 / 工业线,track.industrial.industrial_line,osm_source_compared,,,,,search_results_available,2026-10-06T15:54:10.231Z,RL-b74b9b6035ccfec408e9
梨菜线,RL-545cb3eb29d09675c95c,2,unknown,unknown,轨道线 / 类别待核实 / 线路功能待核实,track.unknown.unknown,unresolved,,,,,search_results_available,2026-10-06T15:46:09.390Z,RL-545cb3eb29d09675c95c
梨走II线,RL-dc72b78f99167bb66b46,2,unknown,unknown,在建 / 轨道线 / 类别待核实 / 线路功能待核实,track.unknown.unknown,unresolved,,,,,search_results_available,2026-10-06T15:46:15.661Z,RL-dc72b78f99167bb66b46
梨走I线,RL-dccaada3c26c03d0184d,13,unknown,unknown,轨道线 / 类别待核实 / 支线,track.unknown.branch_line,unresolved,,,,,search_results_available,2026-10-06T15:21:33.535Z,RL-dccaada3c26c03d0184d
棋盘联络线,RL-95a6c4641ae1992109d7,3,unknown,unknown,轨道线 / 类别待核实 / 支线,track.unknown.branch_line,unresolved,,,,,search_results_available,2026-10-06T15:44:32.516Z,RL-95a6c4641ae1992109d7
森林小火车,RL-6a158f8ba15f8b39ceed,17,unknown,unknown,轨道线 / 类别待核实 / 线路功能待核实,track.unknown.unknown,unresolved,,,,,search_results_available,2026-10-06T15:12:37.881Z,RL-6a158f8ba15f8b39ceed
楚大线,RL-0714a873621ca5cc44b0|RL-bfdf9efd0745a7180201,362,high_speed,high_speed,在建 / 轨道线 / 高速铁路 / 正线 / 速度范围待核实|轨道线 / 高速铁路 / 正线 / 速度范围待核实,track.high_speed.main_line.unknown,osm_source_compared,,,,,search_results_available,2026-10-06T15:04:30.990Z,RL-0714a873621ca5cc44b0|RL-bfdf9efd0745a7180201
榆峰线,RL-82762d4293a283739eb8,6,conventional,conventional,轨道线 / 普速铁路 / 正线,track.conventional.main_line,source_checked,,,https://www.nra.gov.cn/zzjg/jgj/syjd/sgsgg/201911/P020220825544637781349.pdf,,search_results_available,2026-10-06T15:27:51.144Z,RL-82762d4293a283739eb8
榆树屯阜丰线,RL-8044beb8807aa6ab270d,5,unknown,unknown,轨道线 / 类别待核实 / 支线,track.unknown.branch_line,unresolved,,,,,search_results_available,2026-10-06T15:29:36.839Z,RL-8044beb8807aa6ab270d
榆树线,RL-a464870d16c6663b6ff6,7,conventional,conventional,轨道线 / 普速铁路 / 正线,track.conventional.main_line,source_checked,,,https://www.nra.gov.cn/zzjg/jgj/syjd/sgsgg/201911/P020220825544637781349.pdf,,search_results_available,2026-10-06T15:26:32.224Z,RL-a464870d16c6663b6ff6
榆红线,RL-ee7d425714168f1b3b01,25,conventional,conventional,轨道线 / 普速铁路 / 正线,track.conventional.main_line,source_checked,,,https://www.nra.gov.cn/zzjg/jgj/syjd/sgsgg/201911/P020220825544637781349.pdf,,search_results_available,2026-10-06T15:11:00.729Z,RL-ee7d425714168f1b3b01
榆联II线,RL-575a644db925c658a607,7,unknown,unknown,轨道线 / 类别待核实 / 支线,track.unknown.branch_line,unresolved,,,,,search_results_available,2026-10-06T15:26:32.224Z,RL-575a644db925c658a607
榆联I线,RL-9c699c7d1c16251698a4,7,unknown,unknown,轨道线 / 类别待核实 / 支线,track.unknown.branch_line,unresolved,,,,,search_results_available,2026-10-06T15:26:32.224Z,RL-9c699c7d1c16251698a4
榆联线,RL-d06a79533d108c5b4533,14,unknown,unknown,轨道线 / 类别待核实 / 正线,track.unknown.main_line,unresolved,,,,,search_results_available,2026-10-06T15:54:20.196Z,RL-d06a79533d108c5b4533
横南联络线,RL-2004a587949c30c44731,4,unknown,unknown,轨道线 / 类别待核实 / 支线,track.unknown.branch_line,unresolved,,,,,search_results_available,2026-10-06T15:43:00.256Z,RL-2004a587949c30c44731
横塘支线,RL-573ed8b404d7f30fcaa8,5,industrial,industrial,车站线 / 工业铁路 / 连接线,station.industrial.spur_track,osm_source_compared,,,,,search_results_available,2026-10-06T15:29:36.839Z,RL-573ed8b404d7f30fcaa8
横岗联络线,RL-4ec0907af44a73e4d9f8,13,unknown,unknown,轨道线 / 类别待核实 / 联络线,track.unknown.connecting_line,unresolved,line_role,,,https://china-emu.cn/RailRoads/Line/?LineName=横岗联络线,search_results_available,2026-10-06T15:21:33.535Z,RL-4ec0907af44a73e4d9f8
横峰疏解线,RL-0bd9dec7a622195cfe31,7,unknown,unknown,轨道线 / 类别待核实 / 支线,track.unknown.branch_line,unresolved,,,,,search_results_available,2026-10-06T15:26:32.224Z,RL-0bd9dec7a622195cfe31
横店东上行联络线,RL-8739bd134e265cc34c4d,2,unknown,unknown,在建 / 轨道线 / 类别待核实 / 支线,track.unknown.branch_line,unresolved,,,,,search_results_available,2026-10-06T15:46:15.661Z,RL-8739bd134e265cc34c4d
横店东下行联络线,RL-61518d457237338e379f,3,unknown,unknown,在建 / 轨道线 / 类别待核实 / 支线,track.unknown.branch_line,unresolved,,,,,search_results_available,2026-10-06T15:44:32.516Z,RL-61518d457237338e379f
横榆铁路,RL-02a0d9f8b5860cb4bbf2|RL-32a9f56335fd7296a14b|RL-fbabb8fe7067982ef659,48,industrial|unknown,industrial|unknown,在建 / 轨道线 / 工业铁路 / 工业线|车站线 / 工业铁路 / 站场轨道线|轨道线 / 类别待核实 / 支线,station.industrial.unknown|track.industrial.industrial_line|track.unknown.branch_line,osm_source_compared|unresolved,,construction_status,,,search_results_available,2026-10-06T15:08:58.628Z,RL-32a9f56335fd7296a14b|RL-fbabb8fe7067982ef659|ST-5de7e4449783c1cae653
横江联络线,RL-c47c5e56fceda7436e2f,10,unknown,unknown,轨道线 / 类别待核实 / 正线,track.unknown.main_line,unresolved,,,,,search_results_available,2026-10-06T15:54:20.196Z,RL-c47c5e56fceda7436e2f
樵冯外绕线,RL-187a02e52d8251d4b664,8,unknown,unknown,轨道线 / 类别待核实 / 正线,track.unknown.main_line,unresolved,,,,https://china-emu.cn/RailRoads/Line/?LineName=樵冯外绕线,search_results_available,2026-10-06T15:25:12.256Z,RL-187a02e52d8251d4b664
橡胶厂线,RL-0c5b015e4783e2dab5a4,1,unknown,unknown,车站线 / 类别待核实 / 连接线,station.unknown.spur_track,unresolved,,,,,search_results_available,2026-10-06T15:48:53.459Z,RL-0c5b015e4783e2dab5a4
欢吉联络线,RL-d5417d7efa51d338fe34,3,unknown,unknown,轨道线 / 类别待核实 / 支线,track.unknown.branch_line,unresolved,,,,,search_results_available,2026-10-06T15:44:33.321Z,RL-d5417d7efa51d338fe34
武九客专线,RL-16ef002e54781e41c43b,648,high_speed,high_speed,轨道线 / 高速铁路 / 正线 / 速度范围待核实,track.high_speed.main_line.unknown,osm_source_compared,,,,,search_results_available,2026-10-06T15:03:52.165Z,RL-16ef002e54781e41c43b
武九线,RL-c90e618325d1834ecd0d,602,unknown,unknown,轨道线 / 类别待核实 / 正线,track.unknown.main_line,unresolved,,,,https://china-emu.cn/RailRoads/Line/?LineName=武九铁路（及联络线）,search_results_available,2026-10-06T15:03:56.107Z,RL-c90e618325d1834ecd0d
武九联络线,RL-c9f891fb78078e808956,2,high_speed,high_speed,在建 / 轨道线 / 高速铁路 / 正线 / 速度范围待核实,track.high_speed.main_line.unknown,osm_source_compared,,,,,search_results_available,2026-10-06T15:46:15.661Z,RL-c9f891fb78078e808956
武九西南联络线,RL-9dc25ee676aad31fd9fb,22,unknown,unknown,轨道线 / 类别待核实 / 支线,track.unknown.branch_line,unresolved,,,,https://china-emu.cn/RailRoads/Line/?LineName=武九铁路（及联络线）,search_results_available,2026-10-06T15:11:26.615Z,RL-9dc25ee676aad31fd9fb
武余联络线,RL-fd8878a6b57448ce43f0,26,unknown,unknown,轨道线 / 类别待核实 / 正线,track.unknown.main_line,unresolved,,,,,search_results_available,2026-10-06T15:10:47.615Z,RL-fd8878a6b57448ce43f0
武冈城际线,RL-3fb33dbcdae5f95c00fc,77,high_speed,high_speed,轨道线 / 高速铁路 / 正线 / 速度范围待核实,track.high_speed.main_line.unknown,osm_source_compared,,,,https://china-emu.cn/RailRoads/Line/?LineName=武冈城际铁路,search_results_available,2026-10-06T15:07:37.354Z,RL-3fb33dbcdae5f95c00fc
武北上行环发线,RL-c21569bd3b8b067f006b,4,unknown,unknown,轨道线 / 类别待核实 / 正线,track.unknown.main_line,unresolved,,,,,search_results_available,2026-10-06T15:43:00.256Z,RL-c21569bd3b8b067f006b
武北下行发车线,RL-bef2c14e26581b3d551d,8,unknown,unknown,轨道线 / 类别待核实 / 正线,track.unknown.main_line,unresolved,,,,,search_results_available,2026-10-06T15:25:12.256Z,RL-bef2c14e26581b3d551d
武北下行环发线,RL-5ce79aaf9eeddafa0ac1,9,unknown,unknown,轨道线 / 类别待核实 / 线路功能待核实,track.unknown.unknown,unresolved,,line_role|track_role,,,search_results_available,2026-10-06T15:24:07.910Z,RL-5ce79aaf9eeddafa0ac1
武北下行货车联络线,RL-58bdcef82682f1879987,1,unknown,unknown,轨道线 / 类别待核实 / 正线,track.unknown.main_line,unresolved,,,,,search_results_available,2026-10-06T15:48:53.459Z,RL-58bdcef82682f1879987
武北汉丹出发线,RL-97c90ff5f927d07def53,6,unknown,unknown,轨道线 / 类别待核实 / 线路功能待核实,track.unknown.unknown,unresolved,,line_role|track_role,,,search_results_available,2026-10-06T15:27:51.144Z,RL-97c90ff5f927d07def53
武北汉丹到达线,RL-ff5c7d664855179abf70,10,unknown,unknown,轨道线 / 类别待核实 / 正线,track.unknown.main_line,unresolved,,,,,search_results_available,2026-10-06T15:54:25.786Z,RL-ff5c7d664855179abf70
武咸城际线,RL-090085eb69725456c269,182,high_speed,high_speed,轨道线 / 高速铁路 / 正线 / 250–300 km/h,track.high_speed.main_line.250-300,osm_source_compared,,,,https://china-emu.cn/RailRoads/Line/?LineName=武咸城际铁路,search_results_available,2026-10-06T15:06:12.311Z,RL-090085eb69725456c269
武威南西联络线,RL-9da3a284bb48183cdf88,13,unknown,unknown,轨道线 / 类别待核实 / 支线,track.unknown.branch_line,unresolved,,,,,search_results_available,2026-10-06T15:21:33.535Z,RL-9da3a284bb48183cdf88
武孝京广外绕线,RL-d31bbac9e29d8f273ad6,6,unknown,conventional,轨道线 / 普速铁路 / 正线,track.conventional.main_line,user_verified,,,,https://china-emu.cn/RailRoads/Line/?LineName=武孝城际铁路（及联络线）,search_results_available,2026-10-06T15:27:51.144Z,RL-d31bbac9e29d8f273ad6
武孝京广联络线,RL-2919b2af0f4d5d42cf15,5,unknown,unknown,轨道线 / 类别待核实 / 支线,track.unknown.branch_line,unresolved,,,,,search_results_available,2026-10-06T15:29:36.839Z,RL-2919b2af0f4d5d42cf15
武孝城际线,RL-b408898c8495eb2812cd,95,high_speed,high_speed,轨道线 / 高速铁路 / 正线 / 250–300 km/h,track.high_speed.main_line.250-300,osm_source_compared,,,,https://china-emu.cn/RailRoads/Line/?LineName=武孝城际铁路（及联络线）,search_results_available,2026-10-06T15:07:16.596Z,RL-b408898c8495eb2812cd
武客技入库线,RL-61c60978d508d63d34e5,10,unknown,unknown,车站线 / 类别待核实 / 站场轨道线,station.unknown.unknown,unresolved,,line_role,,,search_results_available,2026-10-06T15:54:00.530Z,ST-747e218fd368af809fae|ST-8ea26ee8cb17e7338b1b|ST-9d2027c9c8368aca28d4|ST-d380d5e4d164a6163895
武客技（武昌折返段）入库线,RL-bbe8b40d4990a198ca83,19,unknown,unknown,车站线 / 类别待核实 / 站场轨道线,station.unknown.unknown,unresolved,,line_role,,,search_results_available,2026-10-06T15:54:00.530Z,ST-8ea26ee8cb17e7338b1b|ST-9d2027c9c8368aca28d4|ST-d380d5e4d164a6163895
武左线,RL-b983b1d423532caacd64,101,unknown,unknown,轨道线 / 类别待核实 / 支线,track.unknown.branch_line,unresolved,,,,,search_results_available,2026-10-06T15:07:01.541Z,RL-b983b1d423532caacd64
武昌南环线,RL-b4b38cf3157bfa2a0c3b,118,unknown,unknown,轨道线 / 类别待核实 / 正线,track.unknown.main_line,unresolved,,,,https://china-emu.cn/RailRoads/Line/?LineName=武九铁路（及联络线）,search_results_available,2026-10-06T15:06:52.090Z,RL-b4b38cf3157bfa2a0c3b
武昌生态文化长廊观光列车线（武九铁路废弃段）,RL-6840b17e94f6286b91ec,3,unknown,unknown,停用 / 轨道线 / 类别待核实 / 线路功能待核实,track.unknown.unknown,unresolved,,,,,search_results_available,2026-10-06T15:44:33.321Z,RL-6840b17e94f6286b91ec
武汉新港江北铁路,RL-e70c6e78a6ca5cb03209,8,unknown,unknown,轨道线 / 类别待核实 / 支线,track.unknown.branch_line,unresolved,,,,,search_results_available,2026-10-06T15:25:12.256Z,RL-e70c6e78a6ca5cb03209
武汉晨鸣汉阳纸业股份有限公司专用线,RL-735f48fc130e6d7f667d,1,unknown,unknown,车站线 / 类别待核实 / 连接线,station.unknown.spur_track,unresolved,,,,,search_results_available,2026-10-06T15:48:51.718Z,RL-735f48fc130e6d7f667d
武汉站普客联络线,RL-a762823fb03bc041a918|RL-de6489089be6b7df4ff6,9,unknown,unknown,轨道线 / 类别待核实 / 正线|轨道线 / 类别待核实 / 线路功能待核实,track.unknown.main_line|track.unknown.unknown,unresolved,,,,https://china-emu.cn/RailRoads/Line/?LineName=武汉站普客联络线,search_results_available,2026-10-06T15:24:07.910Z,RL-a762823fb03bc041a918|RL-de6489089be6b7df4ff6
武汉站货车外绕线,RL-42f37d0a5a95714f2c9b,20,unknown,unknown,轨道线 / 类别待核实 / 正线,track.unknown.main_line,unresolved,,,,,search_results_available,2026-10-06T15:11:51.251Z,RL-42f37d0a5a95714f2c9b
武西高速线,RL-385816d78067e10f76a6|RL-5175c857a1b9ae9bd47c|RL-f614237408e94b83c543,881,conventional|high_speed,conventional|high_speed,在建 / 轨道线 / 高速铁路 / 正线 / 速度范围待核实|轨道线 / 普速铁路 / 正线|轨道线 / 高速铁路 / 正线 / 速度范围待核实,track.conventional.main_line|track.high_speed.main_line.unknown,osm_source_compared,,,,,search_results_available,2026-10-06T15:03:36.373Z,RL-385816d78067e10f76a6|RL-5175c857a1b9ae9bd47c|RL-f614237408e94b83c543
武钢线,RL-02686330b962e532d660,28,unknown,unknown,车站线 / 类别待核实 / 站场轨道线,station.unknown.unknown,unresolved,,,,,search_results_available,2026-10-06T15:10:37.789Z,ST-38b33f87bd33fcd20cd3|ST-6a65af1c69e7ec11bc93|ST-7d7cce8d4e1c12c6adb7
武黄线,RL-48399df06648e6c7aca3|RL-6f2d254b3818ba9b6680|RL-e209278744babdceec84,122,unknown,unknown,在建 / 轨道线 / 类别待核实 / 支线|轨道线 / 类别待核实 / 线路功能待核实,track.unknown.branch_line|track.unknown.unknown,unresolved,,line_role,,,search_results_available,2026-10-06T15:06:46.433Z,RL-48399df06648e6c7aca3|RL-6f2d254b3818ba9b6680|RL-e209278744babdceec84
毕织线,RL-524f7efabe4446e552ea,99,unknown,unknown,轨道线 / 类别待核实 / 正线,track.unknown.main_line,unresolved,,,,,search_results_available,2026-10-06T15:07:11.735Z,RL-524f7efabe4446e552ea
民和支线,RL-d2cc4c259498cac04ff3,9,unknown,unknown,轨道线 / 类别待核实 / 支线,track.unknown.branch_line,unresolved,,,,,search_results_available,2026-10-06T15:24:07.910Z,RL-d2cc4c259498cac04ff3
民航线,RL-bb623bb8d0ff139c3086,11,unknown,unknown,车站线 / 类别待核实 / 连接线,station.unknown.spur_track,unresolved,,,,,search_results_available,2026-10-06T15:22:33.552Z,RL-bb623bb8d0ff139c3086
气象局·线,RL-cefe4727fa9ccb98e5c8,2,unknown,unknown,车站线 / 类别待核实 / 连接线,station.unknown.spur_track,unresolved,,,,,search_results_available,2026-10-06T15:46:15.661Z,RL-cefe4727fa9ccb98e5c8
氯碱专用线,RL-c3ebb8a0e617ac98980d,2,unknown,unknown,车站线 / 类别待核实 / 连接线,station.unknown.spur_track,unresolved,,,,,search_results_available,2026-10-06T15:46:14.007Z,RL-c3ebb8a0e617ac98980d
水乡旅游线城际铁路,RL-99740b3afdf0f4e20937,4,unknown,unknown,在建 / 轨道线 / 类别待核实 / 正线,track.unknown.main_line,unresolved,,,,,search_results_available,2026-10-06T15:43:00.256Z,RL-99740b3afdf0f4e20937
水坡村疏解线,RL-a2ea6ef792b5d89fab53,16,high_speed,high_speed,轨道线 / 高速铁路 / 支线 / 速度范围待核实,track.high_speed.branch_line.unknown,osm_source_compared,,,,https://china-emu.cn/RailRoads/Line/?LineName=水坡村疏解线,search_results_available,2026-10-06T15:13:02.666Z,RL-a2ea6ef792b5d89fab53
水大联络线,RL-16735c55198eed78cf72,28,unknown,unknown,轨道线 / 类别待核实 / 线路功能待核实,track.unknown.unknown,unresolved,,line_role|track_role,,,search_results_available,2026-10-06T15:10:36.217Z,RL-16735c55198eed78cf72
水大铁路,RL-0ec368881e34192c09e2,93,unknown,unknown,轨道线 / 类别待核实 / 支线,track.unknown.branch_line,unresolved,,,,,search_results_available,2026-10-06T15:07:17.351Z,RL-0ec368881e34192c09e2
水曹线,RL-10a7fa781bfbb3936b75,151,unknown,unknown,轨道线 / 类别待核实 / 支线,track.unknown.branch_line,unresolved,,,,,search_results_available,2026-10-06T15:06:33.531Z,RL-10a7fa781bfbb3936b75
水泥线,RL-0bf492802fa1645935cd,12,unknown,unknown,车站线 / 类别待核实 / 连接线,station.unknown.spur_track,unresolved,,,,,search_results_available,2026-10-06T15:22:05.462Z,RL-0bf492802fa1645935cd
水淮疏解线,RL-2cb3773ed23a1ecf71e3,6,unknown,unknown,轨道线 / 类别待核实 / 正线,track.unknown.main_line,unresolved,,,,,search_results_available,2026-10-06T15:27:51.144Z,RL-2cb3773ed23a1ecf71e3
水淮联络线,RL-ae3b0a1229e6152a1223,11,unknown,unknown,轨道线 / 类别待核实 / 正线,track.unknown.main_line,unresolved,,,,,search_results_available,2026-10-06T15:22:33.552Z,RL-ae3b0a1229e6152a1223
水白线,RL-db1a7b6fd4c1f57baa51,44,unknown,unknown,轨道线 / 类别待核实 / 正线,track.unknown.main_line,unresolved,,,,,search_results_available,2026-10-06T15:09:11.570Z,RL-db1a7b6fd4c1f57baa51
水红线,RL-854fbcdd3e7d5e01a6f8,373,unknown,unknown,轨道线 / 类别待核实 / 支线,track.unknown.branch_line,unresolved,,,,,search_results_available,2026-10-06T15:04:29.373Z,RL-854fbcdd3e7d5e01a6f8
水蚌线,RL-12791890f9c6312f6418,56,unknown,unknown,轨道线 / 类别待核实 / 正线,track.unknown.main_line,unresolved,,,,,search_results_available,2026-10-06T15:08:27.959Z,RL-12791890f9c6312f6418
水阻试验线,RL-8ea9b4be0aa7cbc084f7,2,unknown,unknown,车站线 / 类别待核实 / 站场轨道线,station.unknown.unknown,unresolved,,,,,search_results_available,2026-10-06T15:46:14.007Z,ST-2ef03400652da33218e5
永丰线,RL-003763f8c776e2dfa17a,46,unknown,unknown,轨道线 / 类别待核实 / 正线,track.unknown.main_line,unresolved,,,,https://china-emu.cn/RailRoads/Line/?LineName=京广铁路京武段,search_results_available,2026-10-06T15:09:05.072Z,RL-003763f8c776e2dfa17a
永全线,RL-1bdd2c67d75b827f07cc,35,high_speed,high_speed,轨道线 / 高速铁路 / 正线 / 速度范围待核实,track.high_speed.main_line.unknown,osm_source_compared,,,,,search_results_available,2026-10-06T15:09:48.063Z,RL-1bdd2c67d75b827f07cc
永利线,RL-bec5111ea0b40d246ab7,1,industrial,industrial,车站线 / 工业铁路 / 连接线,station.industrial.spur_track,osm_source_compared,,,,,search_results_available,2026-10-06T15:48:51.718Z,RL-bec5111ea0b40d246ab7
永嘉线,RL-aaba2e4159dd2c26a3a1,33,unknown,unknown,轨道线 / 类别待核实 / 支线,track.unknown.branch_line,unresolved,,,,,search_results_available,2026-10-06T15:09:59.737Z,RL-aaba2e4159dd2c26a3a1
永嘉联络线,RL-bda202a38e96fee27eb9,6,high_speed,high_speed,轨道线 / 高速铁路 / 正线 / 速度范围待核实,track.high_speed.main_line.unknown,osm_source_compared,,,,https://china-emu.cn/RailRoads/Line/?LineName=永嘉联络线,search_results_available,2026-10-06T15:27:52.776Z,RL-bda202a38e96fee27eb9
永大线,RL-4449753c45ce30905ed0,3,unknown,unknown,车站线 / 类别待核实 / 连接线,station.unknown.spur_track,unresolved,,,,,search_results_available,2026-10-06T15:44:33.321Z,RL-4449753c45ce30905ed0
永州电厂铁路专用线,RL-b703be609df7e8ac6516,13,industrial,industrial,车站线 / 工业铁路 / 连接线,station.industrial.spur_track,osm_source_compared,,,,,search_results_available,2026-10-06T15:21:33.535Z,RL-b703be609df7e8ac6516
永康南疏解线,RL-371dc92733096d2dfc8a,8,unknown,unknown,轨道线 / 类别待核实 / 正线,track.unknown.main_line,unresolved,,,,,search_results_available,2026-10-06T15:25:11.009Z,RL-371dc92733096d2dfc8a
永森号小火车,RL-4e4fdac77f49f68a2ae3,5,unknown,unknown,轨道线 / 类别待核实 / 线路功能待核实,track.unknown.unknown,unresolved,,,,,search_results_available,2026-10-06T15:29:36.839Z,RL-4e4fdac77f49f68a2ae3
永清广高速铁路,RL-eba69d8ef1f5faf45e08,10,high_speed,high_speed,在建 / 轨道线 / 高速铁路 / 正线 / 速度范围待核实,track.high_speed.main_line.unknown,osm_source_compared,,,,,search_results_available,2026-10-06T15:54:51.323Z,RL-eba69d8ef1f5faf45e08
永玉铁路,RL-a32a4cf6396f77527d6d,2,unknown,unknown,轨道线 / 类别待核实 / 正线,track.unknown.main_line,unresolved,,,,,search_results_available,2026-10-06T15:46:14.007Z,RL-a32a4cf6396f77527d6d
永莆线,RL-a09438174f0ebd36f59f,48,high_speed,high_speed,轨道线 / 高速铁路 / 正线 / 200–250 km/h,track.high_speed.main_line.200-250,osm_source_compared,,,,https://china-emu.cn/RailRoads/Line/?LineName=永莆铁路,search_results_available,2026-10-06T15:08:58.628Z,RL-a09438174f0ebd36f59f
汇流河电厂线,RL-7d83c5825b6dbb063378,5,unknown,unknown,车站线 / 类别待核实 / 连接线,station.unknown.spur_track,unresolved,,,,,search_results_available,2026-10-06T15:29:33.730Z,RL-7d83c5825b6dbb063378
汉丹线,RL-7d47370d8a922d3b9d20,633,unknown,unknown,轨道线 / 类别待核实 / 正线,track.unknown.main_line,unresolved,,,,https://china-emu.cn/RailRoads/Line/?LineName=汉丹铁路,search_results_available,2026-10-06T15:03:57.078Z,RL-7d47370d8a922d3b9d20
汉丹货线,RL-0e767c1b81414cd34f4d,27,unknown,unknown,轨道线 / 类别待核实 / 支线,track.unknown.branch_line,unresolved,,,,,search_results_available,2026-10-06T15:10:41.776Z,RL-0e767c1b81414cd34f4d
汉口汉西联络线,RL-fa4f07c467bd553cbf0c,14,unknown,unknown,轨道线 / 类别待核实 / 支线,track.unknown.branch_line,unresolved,,,,https://china-emu.cn/RailRoads/Line/?LineName=汉口汉西联络线,search_results_available,2026-10-06T15:54:25.786Z,RL-fa4f07c467bd553cbf0c
汉巴南联络线,RL-625b030dbcb982ec4017,4,unknown,unknown,在建 / 轨道线 / 类别待核实 / 支线,track.unknown.branch_line,unresolved,,,,,search_results_available,2026-10-06T15:43:01.323Z,RL-625b030dbcb982ec4017
汉枫化肥厂线,RL-3eff5b8198db9cd552a4,5,unknown,unknown,车站线 / 类别待核实 / 连接线,station.unknown.spur_track,unresolved,,,,,search_results_available,2026-10-06T15:29:33.730Z,RL-3eff5b8198db9cd552a4
汉江沙洋港疏港铁路,RL-189ff5d60fe60fe5ea54,2,unknown,unknown,在建 / 轨道线 / 类别待核实 / 支线,track.unknown.branch_line,unresolved,,,,,search_results_available,2026-10-06T15:46:14.007Z,RL-189ff5d60fe60fe5ea54
汉西联络线,RL-ad66131cba814315eb3b,36,unknown,unknown,轨道线 / 类别待核实 / 支线,track.unknown.branch_line,unresolved,,,,https://china-emu.cn/RailRoads/Line/?LineName=汉西联络线,search_results_available,2026-10-06T15:09:39.607Z,RL-ad66131cba814315eb3b
汉阳港埠专用线,RL-67d1b896bc263cfac141,2,industrial,industrial,车站线 / 工业铁路 / 连接线,station.industrial.spur_track,osm_source_compared,,,,,search_results_available,2026-10-06T15:46:23.679Z,RL-67d1b896bc263cfac141
汉阳煤场专用线,RL-9eaffa6f33111a0c0854,4,industrial,industrial,车站线 / 工业铁路 / 连接线,station.industrial.spur_track,osm_source_compared,,,,,search_results_available,2026-10-06T15:43:01.323Z,RL-9eaffa6f33111a0c0854
汕头存车场走行线,RL-67c553589d0a87b63045,11,unknown,unknown,车站线 / 类别待核实 / 站场轨道线,station.unknown.unknown,unresolved,,,,,search_results_available,2026-10-06T15:22:33.552Z,ST-55cd97fb2eb51eef2621
汕尾西联络线,RL-564da589a5ba1f92ffa6|RL-634a58dc9b4945afdb99|RL-730ce0d7fda3991e1630|RL-f6636fd18e578acbdf20,5,high_speed|unknown,high_speed|unknown,轨道线 / 类别待核实 / 正线|轨道线 / 高速铁路 / 正线 / 速度范围待核实,track.high_speed.main_line.unknown|track.unknown.main_line,osm_source_compared|unresolved,,,,https://china-emu.cn/RailRoads/Line/?LineName=汕尾西联络线,search_results_available,2026-10-06T15:29:33.730Z,RL-564da589a5ba1f92ffa6|RL-634a58dc9b4945afdb99|RL-730ce0d7fda3991e1630|RL-f6636fd18e578acbdf20
江北联络线,RL-b0947a2a687f7afd032a,21,conventional,conventional,轨道线 / 普速铁路 / 联络线,track.conventional.connecting_line,source_checked,,,https://www.nra.gov.cn/zzjg/jgj/syjd/sgsgg/201911/P020220825544637781349.pdf,,search_results_available,2026-10-06T15:11:41.466Z,RL-b0947a2a687f7afd032a
江南联络线,RL-f034917dd084dee906e1,11,conventional,conventional,轨道线 / 普速铁路 / 支线,track.conventional.branch_line,osm_source_compared,,,,,search_results_available,2026-10-06T15:22:33.552Z,RL-f034917dd084dee906e1
江大联络线,RL-728a940038343fe7bea4,5,unknown,unknown,轨道线 / 类别待核实 / 支线,track.unknown.branch_line,unresolved,,,,,search_results_available,2026-10-06T15:29:33.730Z,RL-728a940038343fe7bea4
江宁联络线,RL-0774a71fd6b8067b93c1,8,high_speed,high_speed,轨道线 / 高速铁路 / 支线 / 速度范围待核实,track.high_speed.branch_line.unknown,osm_source_compared,,,,https://china-emu.cn/RailRoads/Line/?LineName=江宁联络线,search_results_available,2026-10-06T15:25:11.009Z,RL-0774a71fd6b8067b93c1
江山联络线,RL-cbb073cfc9d6f539ed52,7,high_speed,high_speed,轨道线 / 高速铁路 / 支线 / 速度范围待核实,track.high_speed.branch_line.unknown,osm_source_compared,,,,https://china-emu.cn/RailRoads/Line/?LineName=江山联络线,search_results_available,2026-10-06T15:26:30.652Z,RL-cbb073cfc9d6f539ed52
江苏国信仪征热电有限责任公司专用线,RL-d96fb402670359eaea7d,2,unknown,unknown,车站线 / 类别待核实 / 连接线,station.unknown.spur_track,unresolved,,,,,search_results_available,2026-10-06T15:46:23.679Z,RL-d96fb402670359eaea7d
江苏新海发电有限公司专用铁路,RL-60b58d0463b4bd8e006e|RL-8fb32a18f06817755aa1,23,industrial,industrial,车站线 / 工业铁路 / 站场轨道线|轨道线 / 工业铁路 / 工业线,station.industrial.unknown|track.industrial.industrial_line,osm_source_compared,,,,,search_results_available,2026-10-06T15:11:18.298Z,RL-8fb32a18f06817755aa1|ST-06a813889c73154295a3
江荔联络线,RL-82a43d6dbfeb35fbfa97,53,high_speed,high_speed,轨道线 / 高速铁路 / 支线 / 速度范围待核实,track.high_speed.branch_line.unknown,osm_source_compared,,,,https://china-emu.cn/RailRoads/Line/?LineName=江荔联络线,search_results_available,2026-10-06T15:08:37.514Z,RL-82a43d6dbfeb35fbfa97
江西世龙实业股份有限公司热电厂专用线,RL-7ab6468045d1571d3a7a,1,unknown,unknown,车站线 / 类别待核实 / 连接线,station.unknown.spur_track,unresolved,,,,,search_results_available,2026-10-06T15:48:51.718Z,RL-7ab6468045d1571d3a7a
江西丰城南方水泥集团有限公司专用线,RL-d36f99eeacc6998d3e44,3,industrial,industrial,车站线 / 工业铁路 / 连接线,station.industrial.spur_track,osm_source_compared,,,,,search_results_available,2026-10-06T15:44:33.321Z,RL-d36f99eeacc6998d3e44
江西众一铜业有限公司专用线,RL-aa469fdceb6a364ea4d3,4,unknown,unknown,车站线 / 类别待核实 / 连接线,station.unknown.spur_track,unresolved,,,,,search_results_available,2026-10-06T15:43:01.323Z,RL-aa469fdceb6a364ea4d3
江西变压器科技股份有限公司专用线,RL-4879f29578792e87405a,3,unknown,unknown,车站线 / 类别待核实 / 连接线,station.unknown.spur_track,unresolved,,,,,search_results_available,2026-10-06T15:44:34.659Z,RL-4879f29578792e87405a
江西大唐国际抚州发电有限责任公司专用线,RL-b8c21e6209220c41fb30,9,unknown,unknown,车站线 / 类别待核实 / 连接线,station.unknown.spur_track,unresolved,,,,,search_results_available,2026-10-06T15:24:13.535Z,RL-b8c21e6209220c41fb30
江西新茂实业发展有限公司专用线,RL-3d5045d601621bd29121,2,industrial,industrial,车站线 / 工业铁路 / 连接线,station.industrial.spur_track,osm_source_compared,,,,,search_results_available,2026-10-06T15:46:23.679Z,RL-3d5045d601621bd29121
江西煤业集团有限责任公司坪湖煤矿专用线,RL-4ec91085447385856ab4,2,industrial,industrial,车站线 / 工业铁路 / 连接线,station.industrial.spur_track,osm_source_compared,,,,,search_results_available,2026-10-06T15:46:23.679Z,RL-4ec91085447385856ab4
江西煤业集团有限责任公司尚庄煤矿专用线,RL-26c506886b061796d0c3,3,industrial,industrial,车站线 / 工业铁路 / 连接线,station.industrial.spur_track,osm_source_compared,,,,,search_results_available,2026-10-06T15:44:34.659Z,RL-26c506886b061796d0c3
江西煤业集团有限责任公司建新煤矿专用线,RL-08a379f6ed97042837b9,1,industrial,industrial,车站线 / 工业铁路 / 连接线,station.industrial.spur_track,osm_source_compared,,,,,search_results_available,2026-10-06T15:48:51.718Z,RL-08a379f6ed97042837b9
江西煤业集团有限责任公司英岗岭煤矿东村专用线,RL-58a0896c84ab46e4d5a7,3,industrial,industrial,车站线 / 工业铁路 / 连接线,station.industrial.spur_track,osm_source_compared,,,,,search_results_available,2026-10-06T15:44:34.659Z,RL-58a0896c84ab46e4d5a7
江西煤业集团有限责任公司英岗岭煤矿桥二专用线,RL-e5e8c2d275a8fba0a8cd,3,industrial,industrial,车站线 / 工业铁路 / 连接线,station.industrial.spur_track,osm_source_compared,,,,,search_results_available,2026-10-06T15:44:34.659Z,RL-e5e8c2d275a8fba0a8cd
江西煤业集团有限责任公司销售运输分公司专用线,RL-26993f5fca77119039b7,2,industrial,industrial,车站线 / 工业铁路 / 连接线,station.industrial.spur_track,osm_source_compared,,,,,search_results_available,2026-10-06T15:46:15.628Z,RL-26993f5fca77119039b7
江西瑞景铁路发展股份有限公司专用线,RL-eafe59e07990a8d0ef14,2,industrial,industrial,车站线 / 工业铁路 / 连接线,station.industrial.spur_track,osm_source_compared,,,,,search_results_available,2026-10-06T15:46:15.628Z,RL-eafe59e07990a8d0ef14
江西省新建县水泥厂专用线,RL-6051afc62e7dd93d85b6,1,unknown,unknown,车站线 / 类别待核实 / 站场轨道线,station.unknown.unknown,unresolved,,,,,search_results_available,2026-10-06T15:48:52.393Z,ST-00bf4c965a0c766e0d5d
江西省樟树粮油公司专用线,RL-376ecc4cc544df3e9120,1,industrial,industrial,车站线 / 工业铁路 / 连接线,station.industrial.spur_track,osm_source_compared,,,,,search_results_available,2026-10-06T15:48:52.393Z,RL-376ecc4cc544df3e9120
江西省高速公路物资有限公司专用线,RL-e2ec45851ffaeea292e3,3,unknown,unknown,车站线 / 类别待核实 / 站场轨道线,station.unknown.unknown,unresolved,,,,,search_results_available,2026-10-06T15:44:32.702Z,ST-f93d2a9844b648924a25
江西赣能股份有限公司丰城二期发电厂专用铁路,RL-0781688b6a9b720a5d35,2,industrial,industrial,车站线 / 工业铁路 / 连接线,station.industrial.spur_track,osm_source_compared,,,,,search_results_available,2026-10-06T15:46:15.628Z,RL-0781688b6a9b720a5d35
江都联络线,RL-d0d2c1dffda507b73d03,9,unknown,unknown,轨道线 / 类别待核实 / 正线,track.unknown.main_line,unresolved,,,,https://china-emu.cn/RailRoads/Line/?LineName=江都联络线,search_results_available,2026-10-06T15:24:13.535Z,RL-d0d2c1dffda507b73d03
江门疏解线,RL-e761e833dfda8d355c68,6,high_speed,high_speed,在建 / 轨道线 / 高速铁路 / 正线 / 速度范围待核实,track.high_speed.main_line.unknown,osm_source_compared,,,,,search_results_available,2026-10-06T15:27:52.776Z,RL-e761e833dfda8d355c68
江门线,RL-808c8d872e67fd55d134,47,high_speed,high_speed,轨道线 / 高速铁路 / 正线 / 速度范围待核实,track.high_speed.main_line.unknown,osm_source_compared,,,,,search_results_available,2026-10-06T15:08:59.380Z,RL-808c8d872e67fd55d134
江阴港支线,RL-79951dbe5d67b60813d4,21,unknown,unknown,轨道线 / 类别待核实 / 支线,track.unknown.branch_line,unresolved,,,,,search_results_available,2026-10-06T15:11:41.466Z,RL-79951dbe5d67b60813d4
池州联络1线,RL-a11546680574656ab7c9,2,unknown,unknown,轨道线 / 类别待核实 / 支线,track.unknown.branch_line,unresolved,,,,,search_results_available,2026-10-06T15:46:15.628Z,RL-a11546680574656ab7c9
池州联络2线,RL-520d9e3b3352a887f055,5,unknown,unknown,轨道线 / 类别待核实 / 支线,track.unknown.branch_line,unresolved,,,,,search_results_available,2026-10-06T15:29:49.101Z,RL-520d9e3b3352a887f055
池黄高速线,RL-32ae44a3c654a7fb465b|RL-35174f04ae9036dde492|RL-55f2523304c63040dedc,165,high_speed,high_speed|unknown,车站线 / 类别待核实 / 站场轨道线|车站线 / 高速铁路 / 渡线 / 300–350 km/h|轨道线 / 高速铁路 / 正线 / 300–350 km/h,station.high_speed.crossover.300-350|station.unknown.unknown|track.high_speed.main_line.300-350,osm_source_compared|unresolved,,,,https://china-emu.cn/RailRoads/Line/?LineName=池黄高速铁路,search_results_available,2026-10-06T15:06:23.518Z,RL-35174f04ae9036dde492|RL-55f2523304c63040dedc|ST-1246f008d2abc8e988b8
汤林线,RL-ee3f318952333f968bf5,197,conventional,conventional,轨道线 / 普速铁路 / 正线,track.conventional.main_line,source_checked,,,https://www.nra.gov.cn/zzjg/jgj/syjd/sgsgg/201911/P020220825544637781349.pdf,,search_results_available,2026-10-06T15:06:04.418Z,RL-ee3f318952333f968bf5
汤阴东联络线,RL-894595014e8c2b9d8d5f,14,unknown,unknown,轨道线 / 类别待核实 / 支线,track.unknown.branch_line,unresolved,,,,,search_results_available,2026-10-06T15:54:20.196Z,RL-894595014e8c2b9d8d5f
汤鹤上行疏解线,RL-0baf35338e6b1e9ed70d,14,unknown,unknown,轨道线 / 类别待核实 / 支线,track.unknown.branch_line,unresolved,,,,,search_results_available,2026-10-06T15:21:09.405Z,RL-0baf35338e6b1e9ed70d
汤鹤线,RL-0040ea0cafd6cdf69ede,31,unknown,unknown,轨道线 / 类别待核实 / 支线,track.unknown.branch_line,unresolved,,,,,search_results_available,2026-10-06T15:10:14.276Z,RL-0040ea0cafd6cdf69ede
汪兰联络线,RL-38d1ee28f7d04bbb95b4,24,unknown,unknown,轨道线 / 类别待核实 / 支线,track.unknown.branch_line,unresolved,,,,https://china-emu.cn/RailRoads/Line/?LineName=汪兰联络线,search_results_available,2026-10-06T15:11:05.972Z,RL-38d1ee28f7d04bbb95b4
汾太联络线,RL-d8e466ad2f53d79e8e29,6,unknown,unknown,轨道线 / 类别待核实 / 支线,track.unknown.branch_line,unresolved,,,,,search_results_available,2026-10-06T15:27:52.776Z,RL-d8e466ad2f53d79e8e29
汾皇联络线,RL-aec2389c2aff121cea9e,10,unknown,unknown,轨道线 / 类别待核实 / 支线,track.unknown.branch_line,unresolved,,,,,search_results_available,2026-10-06T15:54:25.785Z,RL-aec2389c2aff121cea9e
沁沁线,RL-fe5520301b0386a3ecbc,36,unknown,unknown,轨道线 / 类别待核实 / 支线,track.unknown.branch_line,unresolved,,,,,search_results_available,2026-10-06T15:09:39.607Z,RL-fe5520301b0386a3ecbc
沂沭线,RL-dbc7f310d55fc75bcaaf,67,unknown,unknown,轨道线 / 类别待核实 / 支线,track.unknown.branch_line,unresolved,,,,,search_results_available,2026-10-06T15:07:57.931Z,RL-dbc7f310d55fc75bcaaf
沈丹客专疏解线,RL-2d5d92f833c7a9c8f647,7,high_speed,high_speed,轨道线 / 高速铁路 / 支线 / 速度范围待核实,track.high_speed.branch_line.unknown,osm_source_compared,,,,,search_results_available,2026-10-06T15:26:30.652Z,RL-2d5d92f833c7a9c8f647
沈丹客专线,RL-22c230771d129d80b05f,542,high_speed,high_speed,轨道线 / 高速铁路 / 正线 / 速度范围待核实,track.high_speed.main_line.unknown,osm_source_compared,,,,,search_results_available,2026-10-06T15:04:08.666Z,RL-22c230771d129d80b05f
沈丹线,RL-bc389340c4eee9899ecf,613,unknown,unknown,轨道线 / 类别待核实 / 正线,track.unknown.main_line,unresolved,,,,,search_results_available,2026-10-06T15:03:57.533Z,RL-bc389340c4eee9899ecf
沈于线,RL-62741cab51dca7acd33c,16,unknown,unknown,轨道线 / 类别待核实 / 正线,track.unknown.main_line,unresolved,,,,,search_results_available,2026-10-06T15:13:02.666Z,RL-62741cab51dca7acd33c
沈佳高速线,RL-78d14cc7f03e7518b7c5,1719,high_speed,high_speed,轨道线 / 高速铁路 / 正线 / 速度范围待核实,track.high_speed.main_line.unknown,osm_source_compared,,,,,search_results_available,2026-10-06T15:03:15.118Z,RL-78d14cc7f03e7518b7c5
沈吉延长线,RL-50d15982acd742d2a5c9,4,unknown,unknown,轨道线 / 类别待核实 / 正线,track.unknown.main_line,unresolved,,,,,search_results_available,2026-10-06T15:43:01.323Z,RL-50d15982acd742d2a5c9
沈吉线,RL-76afde420054f51bdf00,383,unknown,unknown,轨道线 / 类别待核实 / 正线,track.unknown.main_line,unresolved,,,,,search_results_available,2026-10-06T15:04:29.373Z,RL-76afde420054f51bdf00
沈大线,RL-df23bdb8f8cd82060976,599,unknown,conventional,轨道线 / 普速铁路 / 正线,track.conventional.main_line,user_verified,,,,,search_results_available,2026-10-06T15:03:56.107Z,RL-df23bdb8f8cd82060976
沈大高速线,RL-29a54fbebff8a166fce8,403,high_speed,high_speed,轨道线 / 高速铁路 / 正线 / 速度范围待核实,track.high_speed.main_line.unknown,osm_source_compared,,,,https://china-emu.cn/RailRoads/Line/?LineName=沈大高速铁路,search_results_available,2026-10-06T15:04:21.939Z,RL-29a54fbebff8a166fce8
沈山B线,RL-fe74a86d84fe27732aae,43,unknown,conventional,轨道线 / 普速铁路 / 正线,track.conventional.main_line,user_verified,line_role,,,,search_results_available,2026-10-06T15:09:15.461Z,RL-fe74a86d84fe27732aae
沈山北道线,RL-10a0394989e3443079ec,49,unknown,conventional,轨道线 / 普速铁路 / 正线,track.conventional.main_line,user_verified,,,,,search_results_available,2026-10-06T15:08:48.424Z,RL-10a0394989e3443079ec
沈山沟海联络线,RL-4a21bd2a17d2944fde01,3,unknown,unknown,轨道线 / 类别待核实 / 支线,track.unknown.branch_line,unresolved,,,,,search_results_available,2026-10-06T15:44:32.702Z,RL-4a21bd2a17d2944fde01
沈山线,RL-dbcfba120363df61d09e,1057,unknown,conventional,轨道线 / 普速铁路 / 正线,track.conventional.main_line,user_verified,,line_role|track_role,,,search_results_available,2026-10-06T15:03:29.616Z,RL-dbcfba120363df61d09e
沈山联络线,RL-b8f4b8003aae07f6636a,3,unknown,unknown,轨道线 / 类别待核实 / 支线,track.unknown.branch_line,unresolved,,,,,search_results_available,2026-10-06T15:44:32.702Z,RL-b8f4b8003aae07f6636a
沈皇客专联络线,RL-18f362dd3b2da2e8b9b1|RL-47fbccfd6214646ba46c,19,high_speed|unknown,high_speed|unknown,轨道线 / 类别待核实 / 联络线|轨道线 / 高速铁路 / 支线 / 速度范围待核实,track.high_speed.branch_line.unknown|track.unknown.connecting_line,osm_source_compared|unresolved,line_role,,,,search_results_available,2026-10-06T15:54:25.786Z,RL-18f362dd3b2da2e8b9b1|RL-47fbccfd6214646ba46c
沈盘铁路,RL-a9b83e7515794e58bc41,8,unknown,unknown,轨道线 / 类别待核实 / 正线,track.unknown.main_line,unresolved,,,,,search_results_available,2026-10-06T15:25:11.009Z,RL-a9b83e7515794e58bc41
沈金线,RL-0d08773569bf68931edd,232,unknown,unknown,轨道线 / 类别待核实 / 正线,track.unknown.main_line,unresolved,,,,,search_results_available,2026-10-06T15:05:53.618Z,RL-0d08773569bf68931edd
沈阳北动车入库线,RL-f89d75bbcb6104b6d801,6,unknown,unknown,轨道线 / 类别待核实 / 支线,track.unknown.branch_line,unresolved,,,,,search_results_available,2026-10-06T15:27:52.776Z,RL-f89d75bbcb6104b6d801
沈阳北动车出库线,RL-401aa11abfc6d89baaed,4,unknown,unknown,轨道线 / 类别待核实 / 支线,track.unknown.branch_line,unresolved,,,,,search_results_available,2026-10-06T15:43:01.301Z,RL-401aa11abfc6d89baaed
沈阳国新环保新能源有限公司专用线,RL-367aaf2eccbc24666011,1,unknown,unknown,车站线 / 类别待核实 / 站场轨道线,station.unknown.unknown,unresolved,,,,,search_results_available,2026-10-06T15:48:52.393Z,ST-f25f9d9bb6364dc29509
沌口铁路专用线,RL-0f1369f9c372fe965438,8,unknown,unknown,车站线 / 类别待核实 / 连接线,station.unknown.spur_track,unresolved,,,,,search_results_available,2026-10-06T15:25:11.009Z,RL-0f1369f9c372fe965438
沙专线,RL-de40e4d67da10974cbbe,5,unknown,unknown,车站线 / 类别待核实 / 连接线,station.unknown.spur_track,unresolved,,,,,search_results_available,2026-10-06T15:29:49.101Z,RL-de40e4d67da10974cbbe
沙午线,RL-6a2ef69f3c4b2a403d6a|RL-bff9155e2d782bc1672b,71,unknown,unknown,轨道线 / 类别待核实 / 支线,track.unknown.branch_line,unresolved,,construction_status,,,search_results_available,2026-10-06T15:07:53.939Z,RL-6a2ef69f3c4b2a403d6a|RL-bff9155e2d782bc1672b
沙县铁路公园,RL-8144135bb10867d7ea88,1,unknown,unknown,轨道线 / 类别待核实 / 线路功能待核实,track.unknown.unknown,unresolved,,,,,search_results_available,2026-10-06T15:48:52.393Z,RL-8144135bb10867d7ea88
沙城-沙城西线,RL-c5630ad6d68575aaeab8,11,unknown,unknown,轨道线 / 类别待核实 / 支线,track.unknown.branch_line,unresolved,,,,,search_results_available,2026-10-06T15:22:36.504Z,RL-c5630ad6d68575aaeab8
沙孔联络线,RL-ba9cc84489ad497e7638,20,unknown,unknown,轨道线 / 类别待核实 / 支线,track.unknown.branch_line,unresolved,,,,,search_results_available,2026-10-06T15:11:51.251Z,RL-ba9cc84489ad497e7638
沙岭子联络线,RL-d4bcec11f6cbcb77fd0f,22,unknown,unknown,轨道线 / 类别待核实 / 支线,track.unknown.branch_line,unresolved,,,,,search_results_available,2026-10-06T15:11:26.615Z,RL-d4bcec11f6cbcb77fd0f
沙张联络线,RL-e41daf8275bfd8ed4a41,11,unknown,unknown,轨道线 / 类别待核实 / 支线,track.unknown.branch_line,unresolved,,,,,search_results_available,2026-10-06T15:22:36.504Z,RL-e41daf8275bfd8ed4a41
沙沛线,RL-9ed8a496b583c0581554,3,unknown,unknown,车站线 / 类别待核实 / 连接线,station.unknown.spur_track,unresolved,,,,,search_results_available,2026-10-06T15:44:32.702Z,RL-9ed8a496b583c0581554
沙河焊轨联络线,RL-5f225e1955177be2aca0,12,unknown,unknown,轨道线 / 类别待核实 / 支线,track.unknown.branch_line,unresolved,,,,,search_results_available,2026-10-06T15:22:05.462Z,RL-5f225e1955177be2aca0
沙河驿北线,RL-e2115de5bbc4f9009257,9,unknown,unknown,轨道线 / 类别待核实 / 支线,track.unknown.branch_line,unresolved,,,,,search_results_available,2026-10-06T15:24:13.535Z,RL-e2115de5bbc4f9009257
沙河驿南线,RL-a2d2c34a19f8525e07cf,11,unknown,unknown,轨道线 / 类别待核实 / 支线,track.unknown.branch_line,unresolved,,,,,search_results_available,2026-10-06T15:22:36.504Z,RL-a2d2c34a19f8525e07cf
沙浔线,RL-a3f33fd2862ad28a2b58,14,unknown,unknown,轨道线 / 类别待核实 / 正线,track.unknown.main_line,unresolved,,,,,search_results_available,2026-10-06T15:21:09.405Z,RL-a3f33fd2862ad28a2b58
沙狮联络线,RL-51a91af54085e8fd0720,14,unknown,unknown,轨道线 / 类别待核实 / 正线,track.unknown.main_line,unresolved,,,,,search_results_available,2026-10-06T15:21:09.405Z,RL-51a91af54085e8fd0720
沙联线,RL-093fdf88fbd8401dd6ae,5,unknown,unknown,轨道线 / 类别待核实 / 支线,track.unknown.branch_line,unresolved,,,,,search_results_available,2026-10-06T15:29:49.101Z,RL-093fdf88fbd8401dd6ae
沙蔚线,RL-112b7906606542cc463c|RL-955a7eebc2f90437a8ee,196,unknown,unknown,轨道线 / 类别待核实 / 正线,track.unknown.main_line,unresolved,,,,,search_results_available,2026-10-06T15:06:02.800Z,RL-112b7906606542cc463c|RL-955a7eebc2f90437a8ee
沙西线,RL-7f6ae468343bc5593648,1,unknown,unknown,在建 / 轨道线 / 类别待核实 / 线路功能待核实,track.unknown.unknown,unresolved,,,,,search_results_available,2026-10-06T15:48:52.196Z,RL-7f6ae468343bc5593648
沙鲅线,RL-68b8f0d497aa2d9338e6|RL-726de77bf6b3d52e11ba,36,unknown,unknown,轨道线 / 类别待核实 / 支线,track.unknown.branch_line,unresolved,,,,,search_results_available,2026-10-06T15:09:40.178Z,RL-68b8f0d497aa2d9338e6|RL-726de77bf6b3d52e11ba
沟海线,RL-0eafd50ce3aa59c5d3bc,72,unknown,unknown,轨道线 / 类别待核实 / 正线,track.unknown.main_line,unresolved,,,,,search_results_available,2026-10-06T15:07:45.192Z,RL-0eafd50ce3aa59c5d3bc
沧州西动车走行线,RL-702d85faa43e55c9cbb5,14,unknown,unknown,轨道线 / 类别待核实 / 支线,track.unknown.branch_line,unresolved,,,,,search_results_available,2026-10-06T15:21:09.405Z,RL-702d85faa43e55c9cbb5
沧港朔黄联络线,RL-986adb0a5f12668a4c21,16,unknown,unknown,轨道线 / 类别待核实 / 支线,track.unknown.branch_line,unresolved,,,,,search_results_available,2026-10-06T15:13:02.666Z,RL-986adb0a5f12668a4c21
沧港线,RL-3983ddaab41205e1f17e,100,unknown,unknown,轨道线 / 类别待核实 / 正线,track.unknown.main_line,unresolved,,,,,search_results_available,2026-10-06T15:07:05.212Z,RL-3983ddaab41205e1f17e
沧港邯黄联络线,RL-216d163565a2f02aca1a,13,unknown,unknown,轨道线 / 类别待核实 / 支线,track.unknown.branch_line,unresolved,,,,,search_results_available,2026-10-06T15:21:31.225Z,RL-216d163565a2f02aca1a
沪宁城际南京联络线,RL-203651309f164e602f51,10,unknown,unknown,轨道线 / 类别待核实 / 联络线,track.unknown.connecting_line,unresolved,line_role,,,,search_results_available,2026-10-06T15:23:30.561Z,RL-203651309f164e602f51
沪宁城际线,RL-1daf53efe43a9ce674f5,737,high_speed,high_speed,轨道线 / 高速铁路 / 线路功能待核实 / 速度范围待核实,track.high_speed.unknown.unknown,osm_source_compared,,line_role|track_role,,https://china-emu.cn/RailRoads/Line/?LineName=沪宁城际铁路,search_results_available,2026-10-06T15:03:42.243Z,RL-1daf53efe43a9ce674f5
沪宁城际虹桥联络线,RL-1057208e445315983b0b,38,high_speed,high_speed,轨道线 / 高速铁路 / 正线 / 速度范围待核实,track.high_speed.main_line.unknown,osm_source_compared,,,,,search_results_available,2026-10-06T15:09:33.197Z,RL-1057208e445315983b0b
沪宁沿江高速线,RL-c8571845ec3c691fb169,181,high_speed,high_speed,轨道线 / 高速铁路 / 正线 / 300–350 km/h,track.high_speed.main_line.300-350,osm_source_compared,,,,https://china-emu.cn/RailRoads/Line/?LineName=沪宁沿江高速铁路,search_results_available,2026-10-06T15:06:17.600Z,RL-c8571845ec3c691fb169
沪昆-昆玉渡线,RL-83af68a6f5891b5fb1cb,1,high_speed,high_speed,轨道线 / 高速铁路 / 线路功能待核实 / 速度范围待核实,track.high_speed.unknown.unknown,osm_source_compared,,,,,search_results_available,2026-10-06T15:48:52.196Z,RL-83af68a6f5891b5fb1cb
沪昆上行客线,RL-6cdafc0bed8cd27a44c0,4,unknown,conventional,轨道线 / 普速铁路 / 正线,track.conventional.main_line,user_verified,,,,,search_results_available,2026-10-06T15:43:01.301Z,RL-6cdafc0bed8cd27a44c0
沪昆上行货车线,RL-2a69a3032abcdf297ea9,3,unknown,freight,轨道线 / 货运铁路 / 正线,track.freight.main_line,user_verified,,,,,search_results_available,2026-10-06T15:44:38.569Z,RL-2a69a3032abcdf297ea9
沪昆下行客线,RL-f992ffecbc53e36904ad,8,unknown,conventional,轨道线 / 普速铁路 / 正线,track.conventional.main_line,user_verified,,,,,search_results_available,2026-10-06T15:25:12.620Z,RL-f992ffecbc53e36904ad
沪昆到达线,RL-6ba0524b151e7be1ce03,10,unknown,conventional,车站线 / 普速铁路 / 到发线,station.conventional.arrival_departure_track,user_verified,,,,,search_results_available,2026-10-06T15:23:30.561Z,RL-6ba0524b151e7be1ce03
沪昆客线,RL-38fd473831bc282a39ee,37,unknown,unknown,轨道线 / 类别待核实 / 正线,track.unknown.main_line,unresolved,,,,,search_results_available,2026-10-06T15:09:41.361Z,RL-38fd473831bc282a39ee
沪昆怀化西联络线,RL-5342a37de55543f43df1,23,unknown,unknown,轨道线 / 类别待核实 / 支线,track.unknown.branch_line,unresolved,,,,,search_results_available,2026-10-06T15:11:17.512Z,RL-5342a37de55543f43df1
沪昆线,RL-9b2604a83e85fb3d9ffc|RL-f39400dbb2f495b930b5,7057,unknown,conventional|unknown,在建 / 轨道线 / 类别待核实 / 正线|轨道线 / 普速铁路 / 正线,track.conventional.main_line|track.unknown.main_line,unresolved|user_verified,,line_role|track_role,,,search_results_available,2026-10-06T15:03:03.251Z,RL-9b2604a83e85fb3d9ffc|RL-f39400dbb2f495b930b5
沪昆绕行线,RL-bb8bc0fa3561778fcd3b,179,unknown,conventional,轨道线 / 普速铁路 / 正线,track.conventional.main_line,user_verified,line_role,,,,search_results_available,2026-10-06T15:06:16.531Z,RL-bb8bc0fa3561778fcd3b
沪昆高速线,RL-5a98cedd9f866196b17d,5875,high_speed,high_speed,轨道线 / 高速铁路 / 正线 / 速度范围待核实,track.high_speed.main_line.unknown,osm_source_compared,,,,https://china-emu.cn/RailRoads/Line/?LineName=沪昆高速铁路,search_results_available,2026-10-06T15:03:03.251Z,RL-5a98cedd9f866196b17d
沪春线,RL-23a4448a3a307d23f4f9,81,unknown,unknown,轨道线 / 类别待核实 / 正线,track.unknown.main_line,unresolved,,,,https://china-emu.cn/RailRoads/Line/?LineName=沪春线,search_results_available,2026-10-06T15:54:05.860Z,RL-23a4448a3a307d23f4f9
沪杭城际铁路,RL-6044670b71cb19688fc4,20,high_speed,high_speed,在建 / 轨道线 / 高速铁路 / 正线 / 速度范围待核实,track.high_speed.main_line.unknown,osm_source_compared,,,,,search_results_available,2026-10-06T15:11:51.251Z,RL-6044670b71cb19688fc4
沪杭线,RL-ca374c54a3270b083efc,1,unknown,unknown,车站线 / 类别待核实 / 渡线,station.unknown.crossover,unresolved,,,,,search_results_available,2026-10-06T15:48:52.196Z,RL-ca374c54a3270b083efc
沪杭高速线,RL-5ca7a0c64b25c1e597aa,52,high_speed,high_speed,在建 / 轨道线 / 高速铁路 / 正线 / 速度范围待核实,track.high_speed.main_line.unknown,osm_source_compared,,,,https://china-emu.cn/RailRoads/Line/?LineName=沪杭高速铁路,search_results_available,2026-10-06T15:08:34.928Z,RL-5ca7a0c64b25c1e597aa
沪杭高铁沪甬联络线,RL-a3fb46368f62b36a4a0a,6,unknown,unknown,在建 / 轨道线 / 类别待核实 / 正线,track.unknown.main_line,unresolved,,,,https://china-emu.cn/RailRoads/Line/?LineName=沪杭高铁沪甬联络线,search_results_available,2026-10-06T15:27:56.631Z,RL-a3fb46368f62b36a4a0a
沪渝蓉南沿江场联络线,RL-852552d6287e629d9ec3|RL-fec1d4e45c01fe62e632,6,high_speed,high_speed,在建 / 轨道线 / 高速铁路 / 线路功能待核实 / 速度范围待核实|轨道线 / 高速铁路 / 支线 / 速度范围待核实,track.high_speed.branch_line.unknown|track.high_speed.unknown.unknown,osm_source_compared,,,,,search_results_available,2026-10-06T15:27:56.631Z,RL-852552d6287e629d9ec3|RL-fec1d4e45c01fe62e632
沪渝蓉高速线,RL-799f807b05bf13f1261c|RL-8c13cbeabfc10bd2c689|RL-b96bb8f10de2aba8c11c,1196,high_speed,high_speed,在建 / 轨道线 / 高速铁路 / 正线 / 速度范围待核实|轨道线 / 高速铁路 / 正线 / 速度范围待核实,track.high_speed.main_line.unknown,osm_source_compared,,,,https://china-emu.cn/RailRoads/Line/?LineName=沪渝蓉高速铁路,search_results_available,2026-10-06T15:03:30.600Z,RL-799f807b05bf13f1261c|RL-8c13cbeabfc10bd2c689|RL-b96bb8f10de2aba8c11c
沪渝蓉高速铁路,RL-afd6fdcef17aacaf4157,46,high_speed,high_speed,在建 / 轨道线 / 高速铁路 / 正线 / 速度范围待核实,track.high_speed.main_line.unknown,osm_source_compared,,,,https://china-emu.cn/RailRoads/Line/?LineName=沪渝蓉高速铁路,search_results_available,2026-10-06T15:09:05.307Z,RL-afd6fdcef17aacaf4157
沪苏湖高速线,RL-0443d7b219c4906f4a16,167,high_speed,high_speed,轨道线 / 高速铁路 / 正线 / 300–350 km/h,track.high_speed.main_line.300-350,osm_source_compared,,,,https://china-emu.cn/RailRoads/Line/?LineName=沪苏湖高速铁路,search_results_available,2026-10-06T15:06:22.910Z,RL-0443d7b219c4906f4a16
沪苏通线,RL-4ce5f39762363183bb4a|RL-b05ac13d385fb8e2066e,264,high_speed,high_speed,在建 / 轨道线 / 高速铁路 / 正线 / 速度范围待核实|轨道线 / 高速铁路 / 正线 / 速度范围待核实,track.high_speed.main_line.unknown,osm_source_compared,,,,,search_results_available,2026-10-06T15:04:46.090Z,RL-4ce5f39762363183bb4a|RL-b05ac13d385fb8e2066e
沪苏锡常城际铁路太仓先导段,RL-5bbc1f5936881784cacb,2,unknown,unknown,在建 / 轨道线 / 类别待核实 / 正线,track.unknown.main_line,unresolved,,,,,search_results_available,2026-10-06T15:46:27.374Z,RL-5bbc1f5936881784cacb
沪蓉上行转京广上行联络线,RL-0e016e9388ca78a43228,1,high_speed,high_speed,车站线 / 高速铁路 / 渡线 / 速度范围待核实,station.high_speed.crossover.unknown,osm_source_compared,,,,,search_results_available,2026-10-06T15:48:52.196Z,RL-0e016e9388ca78a43228
沪蓉下行转京广下行联络线,RL-24638a318068ad345d30,1,high_speed,high_speed,车站线 / 高速铁路 / 渡线 / 速度范围待核实,station.high_speed.crossover.unknown,osm_source_compared,,,,,search_results_available,2026-10-06T15:48:57.747Z,RL-24638a318068ad345d30
沪蓉线,RL-c1d200afa7ea365ecd1c,4303,high_speed,high_speed,轨道线 / 高速铁路 / 正线 / 250–300 km/h,track.high_speed.main_line.250-300,osm_source_compared,,,,,search_results_available,2026-10-06T15:03:05.672Z,RL-c1d200afa7ea365ecd1c
沪蓉线（改线）,RL-8fe4adb9e983b3696866,11,unknown,unknown,在建 / 轨道线 / 类别待核实 / 正线,track.unknown.main_line,unresolved,,,,,search_results_available,2026-10-06T15:22:36.504Z,RL-8fe4adb9e983b3696866
河下联络线,RL-540e91e1592e743d15cc,24,unknown,unknown,轨道线 / 类别待核实 / 支线,track.unknown.branch_line,unresolved,,,,,search_results_available,2026-10-06T15:11:05.972Z,RL-540e91e1592e743d15cc
河北润华铁路专用线,RL-aeffc46218e8906a33bb,3,unknown,unknown,车站线 / 类别待核实 / 连接线,station.unknown.spur_track,unresolved,,,,,search_results_available,2026-10-06T15:44:38.569Z,RL-aeffc46218e8906a33bb
河北线,RL-0b409cec29e237aef6d8,7,unknown,unknown,车站线 / 类别待核实 / 连接线,station.unknown.spur_track,unresolved,,,,,search_results_available,2026-10-06T15:26:30.652Z,RL-0b409cec29e237aef6d8
河南中储粮卫辉直属库专用线,RL-870f2a20d273f0c14d89,4,industrial,industrial,车站线 / 工业铁路 / 连接线,station.industrial.spur_track,osm_source_compared,,,,,search_results_available,2026-10-06T15:43:01.301Z,RL-870f2a20d273f0c14d89
河涝湾岔线,RL-26c12100015b780c361f,1,unknown,unknown,车站线 / 类别待核实 / 连接线,station.unknown.spur_track,unresolved,,,,,search_results_available,2026-10-06T15:48:57.747Z,RL-26c12100015b780c361f
河源站3道,RL-0c5369e4bb5e267be0b9,2,unknown,unknown,车站线 / 类别待核实 / 站场轨道线,station.unknown.unknown,unresolved,,,,,search_results_available,2026-10-06T15:46:27.374Z,ST-fc0858a3a79ecd0c6056
河源站4道,RL-6f1e82425c30c7296e2d,1,unknown,unknown,车站线 / 类别待核实 / 站场轨道线,station.unknown.unknown,unresolved,,,,,search_results_available,2026-10-06T15:48:57.747Z,ST-fc0858a3a79ecd0c6056
河源站5道,RL-7d1be3951c132ade0549,5,unknown,unknown,车站线 / 类别待核实 / 站场轨道线,station.unknown.unknown,unresolved,,,,,search_results_available,2026-10-06T15:29:49.101Z,ST-fc0858a3a79ecd0c6056
河源站6道,RL-f310fc1ef0e01130ec7e,1,unknown,unknown,车站线 / 类别待核实 / 站场轨道线,station.unknown.unknown,unresolved,,,,,search_results_available,2026-10-06T15:48:57.747Z,ST-fc0858a3a79ecd0c6056
河茂线,RL-16539f27d4d156e711a4,30,unknown,unknown,轨道线 / 类别待核实 / 支线,track.unknown.branch_line,unresolved,,,,,search_results_available,2026-10-06T15:10:24.070Z,RL-16539f27d4d156e711a4
河边至东冶联络线,RL-bf8e7016cfa93366bd58,11,unknown,unknown,轨道线 / 类别待核实 / 正线,track.unknown.main_line,unresolved,,,,,search_results_available,2026-10-06T15:22:36.100Z,RL-bf8e7016cfa93366bd58
油专线,RL-72fa203616c73202976f|RL-dd7234d01ad4bcfe78ed,17,unknown,unknown,车站线 / 类别待核实 / 站场轨道线|车站线 / 类别待核实 / 连接线,station.unknown.spur_track|station.unknown.unknown,unresolved,,,,,search_results_available,2026-10-06T15:12:37.881Z,RL-dd7234d01ad4bcfe78ed|ST-15b92ccf2082384d8f90
油厂线,RL-edeb3907678360b7d7da,2,unknown,unknown,车站线 / 类别待核实 / 连接线,station.unknown.spur_track,unresolved,,,,,search_results_available,2026-10-06T15:46:27.374Z,RL-edeb3907678360b7d7da
油库专用线,RL-46f33bc03a89e7197972,4,unknown,unknown,车站线 / 类别待核实 / 连接线,station.unknown.spur_track,unresolved,,,,,search_results_available,2026-10-06T15:43:01.301Z,RL-46f33bc03a89e7197972
油库线,RL-a51d75596237ba04ffad|RL-a7a793a346b1b917af7f|RL-bcebfb242c1aea722a2e,26,unknown,unknown,车站线 / 类别待核实 / 站场轨道线|车站线 / 类别待核实 / 连接线,station.unknown.spur_track|station.unknown.unknown,unresolved,,,,,search_results_available,2026-10-06T15:10:47.615Z,RL-a51d75596237ba04ffad|ST-0c50f74d16ae96a2a4e4|ST-277ca9269e9800a2657e
油库走行线,RL-1f5e9107b413971025db|RL-d58c13bde1b3568192e6,3,unknown,unknown,车站线 / 类别待核实 / 站场轨道线,station.unknown.unknown,unresolved,,,,,search_results_available,2026-10-06T15:44:38.569Z,ST-85f62828da742e5c6ada
油脂厂专用线,RL-257b0ff9d36d32241ce8,2,unknown,unknown,车站线 / 类别待核实 / 连接线,station.unknown.spur_track,unresolved,,,,,search_results_available,2026-10-06T15:46:27.374Z,RL-257b0ff9d36d32241ce8
泉州市泉港金泉福建材有限公司专用线,RL-8a9f5aebdf024d4df9fc,3,unknown,unknown,车站线 / 类别待核实 / 连接线,station.unknown.spur_track,unresolved,,,,,search_results_available,2026-10-06T15:44:38.569Z,RL-8a9f5aebdf024d4df9fc
泉高线,RL-d5c94e99a26b658b5255,4,unknown,unknown,轨道线 / 类别待核实 / 支线,track.unknown.branch_line,unresolved,,,,,search_results_available,2026-10-06T15:43:03.134Z,RL-d5c94e99a26b658b5255
泊港线,RL-a81b47292ddfb38e4b8e,66,unknown,unknown,轨道线 / 类别待核实 / 支线,track.unknown.branch_line,unresolved,,,,,search_results_available,2026-10-06T15:07:59.159Z,RL-a81b47292ddfb38e4b8e
波密东联络线,RL-b378b96688cfa033831b,6,unknown,unknown,在建 / 轨道线 / 类别待核实 / 支线,track.unknown.branch_line,unresolved,,,,,search_results_available,2026-10-06T15:27:56.631Z,RL-b378b96688cfa033831b
泰安镇联络线,RL-dd6bd03de9059bb5d792,13,unknown,unknown,轨道线 / 类别待核实 / 正线,track.unknown.main_line,unresolved,,,,https://china-emu.cn/RailRoads/Line/?LineName=泰安镇联络线,search_results_available,2026-10-06T15:21:31.225Z,RL-dd6bd03de9059bb5d792
泰津联线,RL-8d74c3d47e513d8c5bd6,3,unknown,unknown,轨道线 / 类别待核实 / 支线,track.unknown.branch_line,unresolved,,,,,search_results_available,2026-10-06T15:44:38.471Z,RL-8d74c3d47e513d8c5bd6
泰肥线,RL-5e74e57a2d6fa0953422,93,unknown,unknown,轨道线 / 类别待核实 / 正线,track.unknown.main_line,unresolved,,,,,search_results_available,2026-10-06T15:07:17.351Z,RL-5e74e57a2d6fa0953422
泰达线,RL-5e422594259804866c83,3,unknown,unknown,轨道线 / 类别待核实 / 支线,track.unknown.branch_line,unresolved,,,,,search_results_available,2026-10-06T15:44:38.471Z,RL-5e422594259804866c83
泸州港中心港区专用线,RL-65dbc12c704f56a01a53,39,unknown,unknown,车站线 / 类别待核实 / 连接线,station.unknown.spur_track,unresolved,,,,,search_results_available,2026-10-06T15:09:28.625Z,RL-65dbc12c704f56a01a53
洋吕线,RL-eb75f53d6a5185e315b5,22,unknown,unknown,轨道线 / 类别待核实 / 线路功能待核实,track.unknown.unknown,unresolved,,line_role,,,search_results_available,2026-10-06T15:11:30.853Z,RL-eb75f53d6a5185e315b5
洋吕铁路吕四港支线,RL-5714d6ed77eab12193b2,9,unknown,unknown,轨道线 / 类别待核实 / 线路功能待核实,track.unknown.unknown,unresolved,,,,,search_results_available,2026-10-06T15:24:13.535Z,RL-5714d6ed77eab12193b2
洋坊线,RL-4598c4687bba99686071,9,unknown,unknown,轨道线 / 类别待核实 / 支线,track.unknown.branch_line,unresolved,,,,,search_results_available,2026-10-06T15:24:13.144Z,RL-4598c4687bba99686071
洗刷1,RL-f6a5fc3854ced4badc28,1,unknown,unknown,车站线 / 类别待核实 / 连接线,station.unknown.spur_track,unresolved,,,,,search_results_available,2026-10-06T15:49:01.005Z,RL-f6a5fc3854ced4badc28
洗刷2,RL-9ea522a639177a3f2188,1,unknown,unknown,车站线 / 类别待核实 / 站场轨道线,station.unknown.unknown,unresolved,,,,,search_results_available,2026-10-06T15:49:01.005Z,ST-e5a3f97e3fe19d9c0e5f
洗刷线,RL-c573b608c4abaafcee6e,4,unknown,unknown,车站线 / 类别待核实 / 连接线,station.unknown.spur_track,unresolved,,,,,search_results_available,2026-10-06T15:43:03.134Z,RL-c573b608c4abaafcee6e
洗煤厂线,RL-286bb6f904e465eb4226,2,unknown,unknown,车站线 / 类别待核实 / 连接线,station.unknown.spur_track,unresolved,,railway_class|line_role,,,search_results_available,2026-10-06T15:46:27.233Z,RL-286bb6f904e465eb4226
洗车线,RL-3f59081d99a99c1f65ed,1,unknown,unknown,车站线 / 类别待核实 / 站场轨道线,station.unknown.unknown,unresolved,,,,,search_results_available,2026-10-06T15:49:01.005Z,ST-8509318c40e1a528e150
洛宜线,RL-aea63676033ae4e2c1f1,36,unknown,unknown,轨道线 / 类别待核实 / 支线,track.unknown.branch_line,unresolved,,,,,search_results_available,2026-10-06T15:09:40.178Z,RL-aea63676033ae4e2c1f1
洛阳东东南联络线,RL-26d2f0f3cf5f6be711cc,9,unknown,unknown,轨道线 / 类别待核实 / 支线,track.unknown.branch_line,unresolved,,,,,search_results_available,2026-10-06T15:24:13.144Z,RL-26d2f0f3cf5f6be711cc
洛阳东北直通线,RL-4cd5cfb1207c64eb72cf,5,unknown,unknown,轨道线 / 类别待核实 / 支线,track.unknown.branch_line,unresolved,,,,,search_results_available,2026-10-06T15:29:49.533Z,RL-4cd5cfb1207c64eb72cf
洛阳东南东联络线,RL-f353209b21d3eb6d7e86,6,unknown,unknown,轨道线 / 类别待核实 / 支线,track.unknown.branch_line,unresolved,,,,,search_results_available,2026-10-06T15:27:56.631Z,RL-f353209b21d3eb6d7e86
洛阳东南环线,RL-e486f18f77a8e0806221,7,unknown,unknown,轨道线 / 类别待核实 / 支线,track.unknown.branch_line,unresolved,,,,,search_results_available,2026-10-06T15:26:30.652Z,RL-e486f18f77a8e0806221
洛阳东南西联络线,RL-3b5c02d372f5461608dd,8,unknown,unknown,轨道线 / 类别待核实 / 支线,track.unknown.branch_line,unresolved,,,,,search_results_available,2026-10-06T15:25:12.620Z,RL-3b5c02d372f5461608dd
洛阳东站运转场牵出线,RL-90d7b13c63f164779d10,5,unknown,unknown,车站线 / 类别待核实 / 站场轨道线,station.unknown.unknown,unresolved,,,,,search_results_available,2026-10-06T15:29:49.533Z,ST-6e819c8ef56995081075
洛阳东西北联络线,RL-7d3098a1b8facc3e7104,10,unknown,unknown,轨道线 / 类别待核实 / 支线,track.unknown.branch_line,unresolved,,,,,search_results_available,2026-10-06T15:23:30.561Z,RL-7d3098a1b8facc3e7104
洛阳东西南联络线,RL-974d079e469076e35a99,3,unknown,unknown,轨道线 / 类别待核实 / 支线,track.unknown.branch_line,unresolved,,,,,search_results_available,2026-10-06T15:44:38.471Z,RL-974d079e469076e35a99
洛阳北东直通线,RL-400a21d083817a648d1d,6,unknown,unknown,轨道线 / 类别待核实 / 支线,track.unknown.branch_line,unresolved,,,,,search_results_available,2026-10-06T15:27:56.412Z,RL-400a21d083817a648d1d
洛阳站牵出线,RL-3b325f7e89db43502b70,2,unknown,unknown,车站线 / 类别待核实 / 站场轨道线,station.unknown.unknown,unresolved,,,,,search_results_available,2026-10-06T15:46:27.233Z,ST-6e819c8ef56995081075
津兴城际线,RL-7b6e12e0bfa39f6d3655|RL-f8c91c7c50ef03f1b443,61,high_speed,high_speed,轨道线 / 高速铁路 / 正线 / 速度范围待核实,track.high_speed.main_line.unknown,osm_source_compared,,,,https://china-emu.cn/RailRoads/Line/?LineName=津兴城际铁路,search_results_available,2026-10-06T15:08:17.326Z,RL-7b6e12e0bfa39f6d3655|RL-f8c91c7c50ef03f1b443
津山上行进站线,RL-01bf3bd9691d727630be,4,unknown,unknown,轨道线 / 类别待核实 / 支线,track.unknown.branch_line,unresolved,,,,,search_results_available,2026-10-06T15:43:03.134Z,RL-01bf3bd9691d727630be
津山天津三线,RL-a36cfc2ebae44d52b302,10,unknown,unknown,轨道线 / 类别待核实 / 支线,track.unknown.branch_line,unresolved,,,,,search_results_available,2026-10-06T15:23:30.561Z,RL-a36cfc2ebae44d52b302
津山线,RL-b39ed6d5021ab618fb65,1178,unknown,unknown,轨道线 / 类别待核实 / 正线,track.unknown.main_line,unresolved,,,,,search_results_available,2026-10-06T15:03:28.991Z,RL-b39ed6d5021ab618fb65
津山联络线,RL-2d65b76419bf9e7c24c0,13,unknown,unknown,轨道线 / 类别待核实 / 支线,track.unknown.branch_line,unresolved,,,,,search_results_available,2026-10-06T15:21:31.225Z,RL-2d65b76419bf9e7c24c0
津承城际线,RL-9d5e1c8735c5a88e5ce4,9,high_speed,high_speed,轨道线 / 高速铁路 / 正线 / 速度范围待核实,track.high_speed.main_line.unknown,osm_source_compared,,,,,search_results_available,2026-10-06T15:24:13.144Z,RL-9d5e1c8735c5a88e5ce4
津潍-济青联络线,RL-13763431691ed62291fc|RL-3769d5deb65be188cea4,8,unknown,unknown,在建 / 轨道线 / 类别待核实 / 支线|轨道线 / 类别待核实 / 支线,track.unknown.branch_line,unresolved,,,,,search_results_available,2026-10-06T15:25:12.620Z,RL-13763431691ed62291fc|RL-3769d5deb65be188cea4
津潍高速线,RL-823621ae08dd9a5a299d,5,high_speed,high_speed,在建 / 轨道线 / 高速铁路 / 正线 / 300–350 km/h,track.high_speed.main_line.300-350,osm_source_compared,,,,https://china-emu.cn/RailRoads/Line/?LineName=津潍高速铁路,search_results_available,2026-10-06T15:29:49.533Z,RL-823621ae08dd9a5a299d
津秦-津潍联络线,RL-1c212bdefbb42bf89829,8,unknown,unknown,在建 / 轨道线 / 类别待核实 / 支线,track.unknown.branch_line,unresolved,,,,,search_results_available,2026-10-06T15:25:12.620Z,RL-1c212bdefbb42bf89829
津秦城际联络线,RL-b0c136c944dc3c68eee1,7,unknown,unknown,轨道线 / 类别待核实 / 支线,track.unknown.branch_line,unresolved,,,,,search_results_available,2026-10-06T15:26:41.782Z,RL-b0c136c944dc3c68eee1
津秦高速线,RL-a17cb7eb6cc4bbc0341c,576,high_speed,high_speed,轨道线 / 高速铁路 / 正线 / 速度范围待核实,track.high_speed.main_line.unknown,osm_source_compared,,,,https://china-emu.cn/RailRoads/Line/?LineName=津秦高速铁路,search_results_available,2026-10-06T15:04:02.965Z,RL-a17cb7eb6cc4bbc0341c
津维高速线,RL-480b6173fdcffc893946,21,high_speed,high_speed,在建 / 轨道线 / 高速铁路 / 正线 / 速度范围待核实,track.high_speed.main_line.unknown,osm_source_compared,,,,,search_results_available,2026-10-06T15:11:41.466Z,RL-480b6173fdcffc893946
津蓟线,RL-4af67db9e772fd9550d5,116,unknown,unknown,轨道线 / 类别待核实 / 正线,track.unknown.main_line,unresolved,,,,,search_results_available,2026-10-06T15:06:52.614Z,RL-4af67db9e772fd9550d5
津霸上行疏解线,RL-793d95c0db507d4bdaf5,3,unknown,unknown,轨道线 / 类别待核实 / 正线,track.unknown.main_line,unresolved,,,,,search_results_available,2026-10-06T15:44:38.471Z,RL-793d95c0db507d4bdaf5
津霸客专线,RL-a91a4bc008e318772be8,148,high_speed,high_speed,轨道线 / 高速铁路 / 正线 / 速度范围待核实,track.high_speed.main_line.unknown,osm_source_compared,,,,,search_results_available,2026-10-06T15:06:34.565Z,RL-a91a4bc008e318772be8
津霸线,RL-024a0b22c25660b4c39a,273,unknown,unknown,轨道线 / 类别待核实 / 正线,track.unknown.main_line,unresolved,,,,,search_results_available,2026-10-06T15:04:46.090Z,RL-024a0b22c25660b4c39a
洪塘乡疏解线,RL-06912db0767bf3e00aa2,23,unknown,unknown,轨道线 / 类别待核实 / 支线,track.unknown.branch_line,unresolved,,,,,search_results_available,2026-10-06T15:11:17.512Z,RL-06912db0767bf3e00aa2
洪庄联络线,RL-e9ae6db382d972b6842a,11,unknown,unknown,轨道线 / 类别待核实 / 支线,track.unknown.branch_line,unresolved,,,,,search_results_available,2026-10-06T15:22:36.100Z,RL-e9ae6db382d972b6842a
洪河农场线,RL-796696a274213551f0d3,4,unknown,unknown,车站线 / 类别待核实 / 连接线,station.unknown.spur_track,unresolved,,,,,search_results_available,2026-10-06T15:43:03.134Z,RL-796696a274213551f0d3
洪都机械厂线,RL-9aebbc8a29a8842d44ff,2,unknown,unknown,车站线 / 类别待核实 / 连接线,station.unknown.spur_track,unresolved,,,,,search_results_available,2026-10-06T15:46:27.233Z,RL-9aebbc8a29a8842d44ff
洪镇支线,RL-e202d3b4101ba09af3e9,15,industrial,industrial,轨道线 / 工业铁路 / 工业线,track.industrial.industrial_line,osm_source_compared,,,,,search_results_available,2026-10-06T15:20:34.141Z,RL-e202d3b4101ba09af3e9
派河港专用线,RL-e01bdae753381f33a48b,9,unknown,unknown,轨道线 / 类别待核实 / 线路功能待核实,track.unknown.unknown,unresolved,,,,,search_results_available,2026-10-06T15:24:13.144Z,RL-e01bdae753381f33a48b
济三专用线,RL-07f9e3956930547d2f8a,6,unknown,unknown,轨道线 / 类别待核实 / 支线,track.unknown.branch_line,unresolved,,,,,search_results_available,2026-10-06T15:27:56.412Z,RL-07f9e3956930547d2f8a
济二专用线,RL-b595d925e2e68334fa78,7,unknown,unknown,轨道线 / 类别待核实 / 支线,track.unknown.branch_line,unresolved,,,,,search_results_available,2026-10-06T15:26:41.782Z,RL-b595d925e2e68334fa78
济北矿区铁路专用线,RL-961727d88adc2306ae88,30,unknown,unknown,轨道线 / 类别待核实 / 支线,track.unknown.branch_line,unresolved,,,,,search_results_available,2026-10-06T15:10:24.070Z,RL-961727d88adc2306ae88
济南-枣庄高速铁路,RL-784e5c5ce980b596049e,7,unknown,unknown,在建 / 轨道线 / 类别待核实 / 正线,track.unknown.main_line,unresolved,,,,,search_results_available,2026-10-06T15:26:41.782Z,RL-784e5c5ce980b596049e
济南东动走A线,RL-cde1888f36da7fd20e72,36,unknown,unknown,轨道线 / 类别待核实 / 支线,track.unknown.branch_line,unresolved,,,,,search_results_available,2026-10-06T15:09:40.178Z,RL-cde1888f36da7fd20e72
济南东动走B线,RL-d07e3735ce04f55ded45,40,unknown,unknown,轨道线 / 类别待核实 / 支线,track.unknown.branch_line,unresolved,,,,,search_results_available,2026-10-06T15:09:28.548Z,RL-d07e3735ce04f55ded45
济南动车走行A线,RL-6030b228adce0c3a215c|RL-b930196b39b8a1c7cd52,29,high_speed|unknown,high_speed|unknown,轨道线 / 类别待核实 / 支线|轨道线 / 高速铁路 / 支线 / 速度范围待核实,track.high_speed.branch_line.unknown|track.unknown.branch_line,osm_source_compared|unresolved,,,,,search_results_available,2026-10-06T15:10:32.589Z,RL-6030b228adce0c3a215c|RL-b930196b39b8a1c7cd52
济南动车走行B线,RL-be92e745d9cc984d73cb|RL-d861fd000b09f1a502c9,30,high_speed|unknown,high_speed|unknown,轨道线 / 类别待核实 / 支线|轨道线 / 高速铁路 / 支线 / 速度范围待核实,track.high_speed.branch_line.unknown|track.unknown.branch_line,osm_source_compared|unresolved,,,,,search_results_available,2026-10-06T15:10:24.070Z,RL-be92e745d9cc984d73cb|RL-d861fd000b09f1a502c9
济南动车走行C线,RL-c142a0eea46e67a782e2,5,unknown,unknown,轨道线 / 类别待核实 / 支线,track.unknown.branch_line,unresolved,,,,,search_results_available,2026-10-06T15:29:49.533Z,RL-c142a0eea46e67a782e2
济南动车走行D线,RL-b4420030405b1db3b498,4,unknown,unknown,轨道线 / 类别待核实 / 支线,track.unknown.branch_line,unresolved,,,,,search_results_available,2026-10-06T15:43:06.919Z,RL-b4420030405b1db3b498
济南动车走行E线,RL-ce759d9a4df4f1e06e0b,3,unknown,unknown,轨道线 / 类别待核实 / 支线,track.unknown.branch_line,unresolved,,,,,search_results_available,2026-10-06T15:44:40.330Z,RL-ce759d9a4df4f1e06e0b
济南西立折线,RL-103895c11b51e02c094d,6,unknown,unknown,轨道线 / 类别待核实 / 支线,track.unknown.branch_line,unresolved,,,,,search_results_available,2026-10-06T15:27:56.412Z,RL-103895c11b51e02c094d
济枣高速线,RL-06f3cc06a33a8bb94327|RL-76e72e5591bb4f16f4ce|RL-d8f8b17369844141420c,63,high_speed,high_speed,在建 / 轨道线 / 高速铁路 / 正线 / 300–350 km/h|轨道线 / 高速铁路 / 正线 / 300–350 km/h,track.high_speed.main_line.300-350,external_reference_unverified|osm_source_compared,,,,https://china-emu.cn/RailRoads/Line/?LineName=济枣高速铁路,search_results_available,2026-10-06T15:08:08.513Z,RL-06f3cc06a33a8bb94327|RL-76e72e5591bb4f16f4ce|RL-d8f8b17369844141420c
济沪联络线,RL-48524ac5ffa6eee40646,45,high_speed,high_speed,轨道线 / 高速铁路 / 支线 / 速度范围待核实,track.high_speed.branch_line.unknown,osm_source_compared,,,,https://china-emu.cn/RailRoads/Line/?LineName=济沪联络线,search_results_available,2026-10-06T15:09:10.727Z,RL-48524ac5ffa6eee40646
济滨高速线,RL-510cf6d1821586ab3fad|RL-687833265d2673980e31,36,high_speed,high_speed,在建 / 轨道线 / 高速铁路 / 正线 / 速度范围待核实|轨道线 / 高速铁路 / 正线 / 速度范围待核实,track.high_speed.main_line.unknown,osm_source_compared,,,,https://china-emu.cn/RailRoads/Line/?LineName=济滨高速铁路,search_results_available,2026-10-06T15:09:40.178Z,RL-510cf6d1821586ab3fad|RL-687833265d2673980e31
济矿物流线,RL-86e4b3e175ef0f9704bd,8,unknown,unknown,轨道线 / 类别待核实 / 支线,track.unknown.branch_line,unresolved,,,,,search_results_available,2026-10-06T15:25:11.531Z,RL-86e4b3e175ef0f9704bd
济矿疏解线,RL-6e412b78c74833d02264,1,unknown,unknown,轨道线 / 类别待核实 / 支线,track.unknown.branch_line,unresolved,,,,,search_results_available,2026-10-06T15:49:01.005Z,RL-6e412b78c74833d02264
济莱-石济联络线,RL-1c04c8a613e014734466,5,unknown,unknown,在建 / 轨道线 / 类别待核实 / 支线,track.unknown.branch_line,unresolved,,,,,search_results_available,2026-10-06T15:29:45.659Z,RL-1c04c8a613e014734466
济莱济滨联络线,RL-9ea51c469d58158b505c,5,unknown,unknown,在建 / 轨道线 / 类别待核实 / 支线,track.unknown.branch_line,unresolved,,,,https://china-emu.cn/RailRoads/Line/?LineName=济莱济滨联络线,search_results_available,2026-10-06T15:29:45.659Z,RL-9ea51c469d58158b505c
济莱高速线,RL-4632c5a09738d58f4531,315,high_speed,high_speed,轨道线 / 高速铁路 / 正线 / 300–350 km/h,track.high_speed.main_line.300-350,osm_source_compared,,,,https://china-emu.cn/RailRoads/Line/?LineName=济莱高速铁路,search_results_available,2026-10-06T15:04:40.962Z,RL-4632c5a09738d58f4531
济西环到环发线,RL-7219693b4fd8807079ff,8,unknown,unknown,轨道线 / 类别待核实 / 支线,track.unknown.branch_line,unresolved,,,,,search_results_available,2026-10-06T15:25:11.531Z,RL-7219693b4fd8807079ff
济郑高速线,RL-794163b6a0436ed65f9f,175,high_speed,high_speed,轨道线 / 高速铁路 / 正线 / 300–350 km/h,track.high_speed.main_line.300-350,osm_source_compared,,,,https://china-emu.cn/RailRoads/Line/?LineName=济郑高速铁路,search_results_available,2026-10-06T15:06:16.399Z,RL-794163b6a0436ed65f9f
济青-潍宿西南联络线,RL-e1cadca17c999d8b42f4,4,unknown,unknown,在建 / 轨道线 / 类别待核实 / 支线,track.unknown.branch_line,unresolved,,,,,search_results_available,2026-10-06T15:43:06.919Z,RL-e1cadca17c999d8b42f4
济青高速线,RL-22b6a91dbfd06713d0c0,264,high_speed,high_speed,轨道线 / 高速铁路 / 正线 / 速度范围待核实,track.high_speed.main_line.unknown,osm_source_compared,,,,https://china-emu.cn/RailRoads/Line/?LineName=济青高速铁路,search_results_available,2026-10-06T15:04:49.541Z,RL-22b6a91dbfd06713d0c0
浑揽线,RL-2947a6f40f70979c5d42,29,unknown,unknown,轨道线 / 类别待核实 / 正线,track.unknown.main_line,unresolved,,,,,search_results_available,2026-10-06T15:10:32.589Z,RL-2947a6f40f70979c5d42
浑榆线,RL-4ce70f527f11a3dc63af,18,unknown,unknown,轨道线 / 类别待核实 / 支线,track.unknown.branch_line,unresolved,,,,,search_results_available,2026-10-06T15:12:24.614Z,RL-4ce70f527f11a3dc63af
浑白线,RL-8de08a1d428ad057116d,123,unknown,unknown,轨道线 / 类别待核实 / 正线,track.unknown.main_line,unresolved,,railway_class,,,search_results_available,2026-10-06T15:06:45.163Z,RL-8de08a1d428ad057116d
浑白铁路,RL-f7d9dba9123de0395e39,4,unknown,unknown,轨道线 / 类别待核实 / 线路功能待核实,track.unknown.unknown,unresolved,,,,,search_results_available,2026-10-06T15:43:06.919Z,RL-f7d9dba9123de0395e39
浦东线,RL-818c48c70b9e40898e81,56,unknown,unknown,轨道线 / 类别待核实 / 正线,track.unknown.main_line,unresolved,,,,https://china-emu.cn/RailRoads/Line/?LineName=浦东铁路,search_results_available,2026-10-06T15:08:28.594Z,RL-818c48c70b9e40898e81
浦口铁路轮渡桥,RL-6be1edc8098d010ce8ad,1,unknown,unknown,轨道线 / 类别待核实 / 线路功能待核实,track.unknown.unknown,unresolved,,,,,search_results_available,2026-10-06T15:48:57.265Z,RL-6be1edc8098d010ce8ad
浦梅铁路,RL-7e7672049fa8040faba1,25,industrial,industrial,车站线 / 工业铁路 / 连接线,station.industrial.spur_track,osm_source_compared,,,,,search_results_available,2026-10-06T15:11:00.729Z,RL-7e7672049fa8040faba1
浩勒报吉南联络线,RL-bca42314c1226d6e3b7c,8,unknown,unknown,轨道线 / 类别待核实 / 正线,track.unknown.main_line,unresolved,,,,,search_results_available,2026-10-06T15:25:11.531Z,RL-bca42314c1226d6e3b7c
浩吉线,RL-0400976ca93f2001a801|RL-24b0a985c1ec79733b47|RL-383e7b6012afa0bbc03c,2015,freight,freight|unknown,车站线 / 类别待核实 / 站场轨道线|轨道线 / 货运铁路 / 正线,station.unknown.unknown|track.freight.main_line,source_checked|unresolved,,,https://www.nra.gov.cn/xwzx/xwxx/xwlb/202410/t20241008_346969.shtml,,search_results_available,2026-10-06T15:03:10.338Z,RL-24b0a985c1ec79733b47|RL-383e7b6012afa0bbc03c|ST-2d07b640eeb393d4fa79
海一线,RL-8bbc37d8616cbd38157a,1,unknown,unknown,车站线 / 类别待核实 / 连接线,station.unknown.spur_track,unresolved,,,,,search_results_available,2026-10-06T15:48:57.265Z,RL-8bbc37d8616cbd38157a
海勃湾发电厂专用线,RL-6139b3758e691fd48018,2,industrial,industrial,车站线 / 工业铁路 / 连接线,station.industrial.spur_track,osm_source_compared,,,,,search_results_available,2026-10-06T15:46:27.233Z,RL-6139b3758e691fd48018
海南东环高速线,RL-20c749c86d3cd74bba87|RL-de186663889b9c33bd4e,651,high_speed|unknown,high_speed|unknown,轨道线 / 类别待核实 / 正线|轨道线 / 高速铁路 / 正线 / 速度范围待核实,track.high_speed.main_line.unknown|track.unknown.main_line,osm_source_compared|unresolved,,,,,search_results_available,2026-10-06T15:03:52.165Z,RL-20c749c86d3cd74bba87|RL-de186663889b9c33bd4e
海南环岛高铁线东段,RL-b5d99773177bc56e0c71,3,high_speed,high_speed,车站线 / 高速铁路 / 渡线 / 速度范围待核实,station.high_speed.crossover.unknown,osm_source_compared,,,,,search_results_available,2026-10-06T15:44:40.330Z,RL-b5d99773177bc56e0c71
海南环岛高铁西段與粤海铁路共线路段,RL-9d18bacede8266b8f65e,1,unknown,unknown,车站线 / 类别待核实 / 渡线,station.unknown.crossover,unresolved,,,,,search_results_available,2026-10-06T15:48:57.265Z,RL-9d18bacede8266b8f65e
海南西环线,RL-ff9c930f7935d70f4391,3,unknown,unknown,轨道线 / 类别待核实 / 正线,track.unknown.main_line,unresolved,,,,,search_results_available,2026-10-06T15:44:40.330Z,RL-ff9c930f7935d70f4391
海南西环高速线,RL-57b1e0bbbc22316b9d10,816,high_speed,high_speed,轨道线 / 高速铁路 / 正线 / 速度范围待核实,track.high_speed.main_line.unknown,osm_source_compared,,,,,search_results_available,2026-10-06T15:03:40.369Z,RL-57b1e0bbbc22316b9d10
海天支线,RL-318989ca78e1afa615ed,10,unknown,unknown,轨道线 / 类别待核实 / 支线,track.unknown.branch_line,unresolved,,,,,search_results_available,2026-10-06T15:23:36.428Z,RL-318989ca78e1afa615ed
海宁西站1道,RL-899028065f9cb5be8576,2,unknown,unknown,车站线 / 类别待核实 / 站场轨道线,station.unknown.unknown,unresolved,,,,,search_results_available,2026-10-06T15:46:28.749Z,ST-7e2a6db0df2f9586b30d
海宁西站4道,RL-1a3b35a4ac3923f49057,3,unknown,unknown,车站线 / 类别待核实 / 站场轨道线,station.unknown.unknown,unresolved,,,,,search_results_available,2026-10-06T15:44:40.330Z,ST-7e2a6db0df2f9586b30d
海安西北联络线,RL-46998990aefee20fbaf0,6,unknown,unknown,轨道线 / 类别待核实 / 支线,track.unknown.branch_line,unresolved,,,,,search_results_available,2026-10-06T15:27:56.412Z,RL-46998990aefee20fbaf0
海家屋联络线,RL-51ae436a96d20491d77f|RL-67011e6bcae0dc0372a2,19,unknown,unknown,轨道线 / 类别待核实 / 线路功能待核实,track.unknown.unknown,unresolved,,,,,search_results_available,2026-10-06T15:54:36.526Z,RL-51ae436a96d20491d77f|RL-67011e6bcae0dc0372a2
海庄线,RL-3cf67b82177ef40b5eba,119,unknown,unknown,轨道线 / 类别待核实 / 正线,track.unknown.main_line,unresolved,,,,,search_results_available,2026-10-06T15:06:45.566Z,RL-3cf67b82177ef40b5eba
海拉尔热电厂线,RL-841e586393b67a33ea63,15,industrial,industrial,轨道线 / 工业铁路 / 工业线,track.industrial.industrial_line,osm_source_compared,,,,,search_results_available,2026-10-06T15:20:34.063Z,RL-841e586393b67a33ea63
海拉线,RL-4ba8f3d9a96a32536369,50,unknown,unknown,轨道线 / 类别待核实 / 支线,track.unknown.branch_line,unresolved,,,,,search_results_available,2026-10-06T15:08:49.830Z,RL-4ba8f3d9a96a32536369
海沧支线,RL-648f14b238843833e38e,38,unknown,unknown,轨道线 / 类别待核实 / 支线,track.unknown.branch_line,unresolved,,,,,search_results_available,2026-10-06T15:09:33.197Z,RL-648f14b238843833e38e
海洋线,RL-4996c34aafc0d954fc3c|RL-b4e68efd9c68ad6ab0fd,155,unknown,unknown,车站线 / 类别待核实 / 渡线|轨道线 / 类别待核实 / 支线,station.unknown.crossover|track.unknown.branch_line,unresolved,,,,,search_results_available,2026-10-06T15:06:27.585Z,RL-4996c34aafc0d954fc3c|RL-b4e68efd9c68ad6ab0fd
海螺水泥专用线,RL-b5d7daa2d7805afb793a,5,industrial,industrial,车站线 / 工业铁路 / 连接线,station.industrial.spur_track,osm_source_compared,,,,,search_results_available,2026-10-06T15:29:45.659Z,RL-b5d7daa2d7805afb793a
海螺水泥公司专用线,RL-f7974c43cf57a3a3b649,10,industrial,industrial,车站线 / 工业铁路 / 站场轨道线,station.industrial.unknown,osm_source_compared,,,,,search_results_available,2026-10-06T15:23:36.428Z,ST-9c5f5533a3c08db594d7
海霸王(成都)冷藏物流有限公司专用线,RL-44351813477cac4cb65c,4,industrial,industrial,车站线 / 工业铁路 / 连接线,station.industrial.spur_track,osm_source_compared,,,,,search_results_available,2026-10-06T15:43:06.919Z,RL-44351813477cac4cb65c
海青疏解线,RL-eb747477dd8a7f23e7ca,8,unknown,unknown,轨道线 / 类别待核实 / 支线,track.unknown.branch_line,unresolved,,,,,search_results_available,2026-10-06T15:25:11.531Z,RL-eb747477dd8a7f23e7ca
海青线,RL-e1dd18bcc7362a09ad80,188,unknown,unknown,轨道线 / 类别待核实 / 正线,track.unknown.main_line,unresolved,,,,,search_results_available,2026-10-06T15:06:09.690Z,RL-e1dd18bcc7362a09ad80
涪三线,RL-2fb1648140aa641e2517,205,unknown,unknown,轨道线 / 类别待核实 / 支线,track.unknown.branch_line,unresolved,,,,,search_results_available,2026-10-06T15:06:03.867Z,RL-2fb1648140aa641e2517
液化码头线,RL-190a684d81b4b02508ef,5,unknown,unknown,轨道线 / 类别待核实 / 支线,track.unknown.branch_line,unresolved,,,,,search_results_available,2026-10-06T15:29:45.659Z,RL-190a684d81b4b02508ef
涿州电厂专用线,RL-8c1ad2a5048d841988a6,1,unknown,unknown,车站线 / 类别待核实 / 连接线,station.unknown.spur_track,unresolved,,,,,search_results_available,2026-10-06T15:48:57.265Z,RL-8c1ad2a5048d841988a6
淖毛湖线,RL-8093679836b6749ffff5,10,unknown,unknown,轨道线 / 类别待核实 / 支线,track.unknown.branch_line,unresolved,,,,,search_results_available,2026-10-06T15:23:36.428Z,RL-8093679836b6749ffff5
淮南线,RL-4433558094b16a320696,376,unknown,conventional,轨道线 / 普速铁路 / 正线,track.conventional.main_line,user_verified,,,,,search_results_available,2026-10-06T15:04:29.373Z,RL-4433558094b16a320696
淮南绕行线,RL-695adb8db4fcd5945ef3,43,unknown,conventional,轨道线 / 普速铁路 / 正线,track.conventional.main_line,user_verified,line_role,,,,search_results_available,2026-10-06T15:09:15.461Z,RL-695adb8db4fcd5945ef3
淮南铁路,RL-8e68e545b1ea6c01173a,7,unknown,unknown,车站线 / 类别待核实 / 站场轨道线,station.unknown.unknown,unresolved,,,,,search_results_available,2026-10-06T15:26:41.782Z,ST-737689eca11a20b72847
淮滨疏港铁路专用线,RL-e6f790e55c8c54ea34a4,3,industrial,industrial,轨道线 / 工业铁路 / 工业线,track.industrial.industrial_line,osm_source_compared,,,,,search_results_available,2026-10-06T15:44:38.025Z,RL-e6f790e55c8c54ea34a4
淮田线,RL-b19ed22e5a20e8e0c2fb,8,unknown,unknown,轨道线 / 类别待核实 / 支线,track.unknown.branch_line,unresolved,,,,,search_results_available,2026-10-06T15:25:19.294Z,RL-b19ed22e5a20e8e0c2fb
淮萧联络线,RL-a4849715a31a0153383e,60,high_speed,high_speed,轨道线 / 高速铁路 / 正线 / 250–300 km/h,track.high_speed.main_line.250-300,osm_source_compared,,,,https://china-emu.cn/RailRoads/Line/?LineName=淮萧联络线,search_results_available,2026-10-06T15:08:24.246Z,RL-a4849715a31a0153383e
淮蚌高速线,RL-fb48f0abe93ceb1982a9,41,high_speed,high_speed,轨道线 / 高速铁路 / 正线 / 300–350 km/h,track.high_speed.main_line.300-350,osm_source_compared,,,,https://china-emu.cn/RailRoads/Line/?LineName=淮蚌高速铁路,search_results_available,2026-10-06T15:09:23.539Z,RL-fb48f0abe93ceb1982a9
淮阜下行疏解线,RL-4d249316b6577ef3992c,2,unknown,unknown,在建 / 轨道线 / 类别待核实 / 支线,track.unknown.branch_line,unresolved,,,,,search_results_available,2026-10-06T15:46:28.749Z,RL-4d249316b6577ef3992c
淮阜高速线,RL-0e2346afe5aac057e9c3|RL-6f2faaa930925ecb1f57,37,high_speed,high_speed,在建 / 轨道线 / 高速铁路 / 正线 / 300–350 km/h|轨道线 / 高速铁路 / 正线 / 300–350 km/h,track.high_speed.main_line.300-350,osm_source_compared,,,,https://china-emu.cn/RailRoads/Line/?LineName=淮阜高速铁路,search_results_available,2026-10-06T15:09:41.361Z,RL-0e2346afe5aac057e9c3|RL-6f2faaa930925ecb1f57
深圳北联络线,RL-3aba2e2139c2904c1a5b|RL-92d0e0e5f881dd27a9d4,32,high_speed|unknown,high_speed|unknown,在建 / 轨道线 / 类别待核实 / 正线|在建 / 轨道线 / 高速铁路 / 正线 / 速度范围待核实,track.high_speed.main_line.unknown|track.unknown.main_line,osm_source_compared|unresolved,,,,,search_results_available,2026-10-06T15:10:06.462Z,RL-3aba2e2139c2904c1a5b|RL-92d0e0e5f881dd27a9d4
深圳机场东立折线,RL-72882b6eecbaf00d51d5,5,unknown,unknown,在建 / 轨道线 / 类别待核实 / 支线,track.unknown.branch_line,unresolved,,,,,search_results_available,2026-10-06T15:29:46.486Z,RL-72882b6eecbaf00d51d5
深大城际线,RL-18c316b2ea3a9b5a829a,12,unknown,unknown,在建 / 轨道线 / 类别待核实 / 正线,track.unknown.main_line,unresolved,,,,https://china-emu.cn/RailRoads/Line/?LineName=深大城际铁路,search_results_available,2026-10-06T15:22:05.462Z,RL-18c316b2ea3a9b5a829a
深惠城际线,RL-927db30657d9b94b27a8,1,unknown,unknown,在建 / 轨道线 / 类别待核实 / 正线,track.unknown.main_line,unresolved,,,,https://china-emu.cn/RailRoads/Line/?LineName=深惠城际铁路,search_results_available,2026-10-06T15:49:00.306Z,RL-927db30657d9b94b27a8
深惠城际铁路大鹏支线,RL-4d084a0cde7ca127f8ca,12,unknown,unknown,在建 / 轨道线 / 类别待核实 / 正线,track.unknown.main_line,unresolved,,,,,search_results_available,2026-10-06T15:22:06.795Z,RL-4d084a0cde7ca127f8ca
深汕高速线,RL-82b7077860aee7bff428,60,high_speed,high_speed,在建 / 轨道线 / 高速铁路 / 正线 / 300–350 km/h,track.high_speed.main_line.300-350,osm_source_compared,,,,https://china-emu.cn/RailRoads/Line/?LineName=深汕高速铁路,search_results_available,2026-10-06T15:08:24.246Z,RL-82b7077860aee7bff428
深湛线,RL-47d657bf39260fbcf507|RL-ef3007534daecbd9c9cc,657,high_speed,high_speed,在建 / 轨道线 / 高速铁路 / 正线 / 速度范围待核实|轨道线 / 高速铁路 / 正线 / 速度范围待核实,track.high_speed.main_line.unknown,osm_source_compared,,,,https://china-emu.cn/RailRoads/Line/?LineName=深湛铁路,search_results_available,2026-10-06T15:03:52.165Z,RL-47d657bf39260fbcf507|RL-ef3007534daecbd9c9cc
深溪沟双线桥,RL-8f9eea1c5fb278969bcb,1,unknown,unknown,车站线 / 类别待核实 / 站场轨道线,station.unknown.unknown,unresolved,,,,,search_results_available,2026-10-06T15:49:00.306Z,ST-5bfffd45d91f12c1dcc6
清冠线,RL-a7a7807d4cd52589335f,71,unknown,unknown,轨道线 / 类别待核实 / 正线,track.unknown.main_line,unresolved,,,,,search_results_available,2026-10-06T15:07:53.939Z,RL-a7a7807d4cd52589335f
清回联络线,RL-d163d37fdb32a9587719,4,unknown,unknown,轨道线 / 类别待核实 / 支线,track.unknown.branch_line,unresolved,,,,https://china-emu.cn/RailRoads/Line/?LineName=清回联络线,search_results_available,2026-10-06T15:43:07.204Z,RL-d163d37fdb32a9587719
清塘线,RL-e8ec280709bd2a77b116,1,unknown,unknown,车站线 / 类别待核实 / 连接线,station.unknown.spur_track,unresolved,,,,,search_results_available,2026-10-06T15:49:00.306Z,RL-e8ec280709bd2a77b116
清河动车走行线,RL-e50fe479bd06966c7a1d,11,unknown,unknown,轨道线 / 类别待核实 / 支线,track.unknown.branch_line,unresolved,,,,,search_results_available,2026-10-06T15:22:36.100Z,RL-e50fe479bd06966c7a1d
清绿铁路,RL-87e653f02e2957e7126c,39,unknown,industrial,轨道线 / 工业铁路 / 正线,track.industrial.main_line,user_verified,,,,,search_results_available,2026-10-06T15:09:27.860Z,RL-87e653f02e2957e7126c
清蒿线,RL-ed1db4165ca20fb4247b,5,unknown,unknown,轨道线 / 类别待核实 / 支线,track.unknown.branch_line,unresolved,,,,,search_results_available,2026-10-06T15:29:46.486Z,RL-ed1db4165ca20fb4247b
渔溪疏解线,RL-22c11f7f5dc33b5f6518,5,unknown,unknown,轨道线 / 类别待核实 / 支线,track.unknown.branch_line,unresolved,,,,,search_results_available,2026-10-06T15:29:46.486Z,RL-22c11f7f5dc33b5f6518
渝万高速线,RL-06fc3092fe55d9ebae19|RL-b16839efe578759b1c3e,389,high_speed,high_speed,在建 / 轨道线 / 高速铁路 / 正线 / 速度范围待核实|轨道线 / 高速铁路 / 正线 / 速度范围待核实,track.high_speed.main_line.unknown,osm_source_compared,,,,https://china-emu.cn/RailRoads/Line/?LineName=渝万高速铁路,search_results_available,2026-10-06T15:04:30.229Z,RL-06fc3092fe55d9ebae19|RL-b16839efe578759b1c3e
渝厦高速线,RL-177e1d89d62abb403eeb|RL-384752d6076feec4d0a9|RL-6eb06428270ed4349bab|RL-74518a94d0f484501b72,1648,high_speed|unknown,high_speed|unknown,在建 / 轨道线 / 高速铁路 / 正线 / 速度范围待核实|轨道线 / 类别待核实 / 正线|轨道线 / 高速铁路 / 正线 / 速度范围待核实,track.high_speed.main_line.unknown|track.unknown.main_line,osm_source_compared|unresolved,,,,https://china-emu.cn/RailRoads/Line/?LineName=渝厦高速铁路,search_results_available,2026-10-06T15:03:15.118Z,RL-177e1d89d62abb403eeb|RL-384752d6076feec4d0a9|RL-6eb06428270ed4349bab|RL-74518a94d0f484501b72
渝怀线,RL-e19725f870306eb93e41,1841,unknown,unknown,轨道线 / 类别待核实 / 正线,track.unknown.main_line,unresolved,,,,,search_results_available,2026-10-06T15:03:10.338Z,RL-e19725f870306eb93e41
渝怀联络线,RL-e29e87cc6f92dada65d8,25,unknown,unknown,轨道线 / 类别待核实 / 支线,track.unknown.branch_line,unresolved,,,,,search_results_available,2026-10-06T15:11:00.907Z,RL-e29e87cc6f92dada65d8
渝怀郑渝联络线,RL-5efc0b8386dd5b8ee41f,10,unknown,unknown,轨道线 / 类别待核实 / 支线,track.unknown.branch_line,unresolved,,,,,search_results_available,2026-10-06T15:23:36.428Z,RL-5efc0b8386dd5b8ee41f
渝昆联络II线,RL-3c7f17a9471ad7c5dc0c,4,high_speed,high_speed,轨道线 / 高速铁路 / 正线 / 速度范围待核实,track.high_speed.main_line.unknown,osm_source_compared,,,,,search_results_available,2026-10-06T15:43:07.204Z,RL-3c7f17a9471ad7c5dc0c
渝昆联络I线,RL-7d97e9c8b0e05fdeaa9c,8,high_speed,high_speed,轨道线 / 高速铁路 / 正线 / 速度范围待核实,track.high_speed.main_line.unknown,osm_source_compared,,,,,search_results_available,2026-10-06T15:25:19.294Z,RL-7d97e9c8b0e05fdeaa9c
渝昆高速线,RL-1d0c9a2135e43958eef3|RL-a2d2808548161efe38e0|RL-e94543e3fd9c07f1d21e,1698,high_speed|unknown,high_speed|unknown,在建 / 轨道线 / 类别待核实 / 线路功能待核实|在建 / 轨道线 / 高速铁路 / 正线 / 速度范围待核实|轨道线 / 高速铁路 / 正线 / 速度范围待核实,track.high_speed.main_line.unknown|track.unknown.unknown,osm_source_compared|unresolved,,line_role|track_role,,,search_results_available,2026-10-06T15:03:15.118Z,RL-1d0c9a2135e43958eef3|RL-a2d2808548161efe38e0|RL-e94543e3fd9c07f1d21e
渝熊线,RL-484af10c96f7042c6b70,97,unknown,unknown,轨道线 / 类别待核实 / 支线,track.unknown.branch_line,unresolved,,,,https://china-emu.cn/RailRoads/Line/?LineName=渝熊铁路,search_results_available,2026-10-06T15:07:12.175Z,RL-484af10c96f7042c6b70
渝贵线,RL-86801c7b43604937d453,1314,high_speed,high_speed,轨道线 / 高速铁路 / 正线 / 速度范围待核实,track.high_speed.main_line.unknown,osm_source_compared,,,,https://china-emu.cn/RailRoads/Line/?LineName=渝贵铁路,search_results_available,2026-10-06T15:03:21.202Z,RL-86801c7b43604937d453
渝贵贵开联络线,RL-e84134c9913b3d1cea0c,8,unknown,unknown,轨道线 / 类别待核实 / 正线,track.unknown.main_line,unresolved,,,,,search_results_available,2026-10-06T15:25:19.294Z,RL-e84134c9913b3d1cea0c
渝黔上行联络线,RL-95fb4b4bdc578df43dca,6,unknown,unknown,在建 / 轨道线 / 类别待核实 / 支线,track.unknown.branch_line,unresolved,,,,,search_results_available,2026-10-06T15:27:57.607Z,RL-95fb4b4bdc578df43dca
渝黔下行联络线,RL-6ef680ecefe297e0531e,4,unknown,unknown,在建 / 轨道线 / 类别待核实 / 支线,track.unknown.branch_line,unresolved,,,,,search_results_available,2026-10-06T15:43:07.204Z,RL-6ef680ecefe297e0531e
渠东联络线,RL-1f4da700aab891644d8b,17,unknown,unknown,轨道线 / 类别待核实 / 支线,track.unknown.branch_line,unresolved,,,,https://china-emu.cn/RailRoads/Line/?LineName=渠东联络线,search_results_available,2026-10-06T15:12:37.881Z,RL-1f4da700aab891644d8b
渡口支线,RL-360634cc7fb2fec8607b,121,unknown,unknown,轨道线 / 类别待核实 / 支线,track.unknown.branch_line,unresolved,,,,,search_results_available,2026-10-06T15:06:46.433Z,RL-360634cc7fb2fec8607b
渤海海峡跨海通道（在建）,RL-62cb377e70a6b03f9594,4,unknown,unknown,在建 / 轨道线 / 类别待核实 / 正线,track.unknown.main_line,unresolved,,,,,search_results_available,2026-10-06T15:43:07.204Z,RL-62cb377e70a6b03f9594
温岭北联络线,RL-99db1e6c933285a7f7e7,15,high_speed,high_speed,轨道线 / 高速铁路 / 支线 / 速度范围待核实,track.high_speed.branch_line.unknown,osm_source_compared,,,,https://china-emu.cn/RailRoads/Line/?LineName=温岭北联络线,search_results_available,2026-10-06T15:20:34.063Z,RL-99db1e6c933285a7f7e7
温州南疏解线,RL-5b879eba3a733f6889d8,23,high_speed,high_speed,轨道线 / 高速铁路 / 支线 / 速度范围待核实,track.high_speed.branch_line.unknown,osm_source_compared,,,,https://china-emu.cn/RailRoads/Line/?LineName=温州南疏解线,search_results_available,2026-10-06T15:11:17.512Z,RL-5b879eba3a733f6889d8
温州南站10道,RL-8287b228b0a0f15909aa,3,high_speed,high_speed,车站线 / 高速铁路 / 站场轨道线 / 速度范围待核实,station.high_speed.unknown.unknown,osm_source_compared,,,,,search_results_available,2026-10-06T15:44:38.025Z,ST-887d8bf1a8ed970763e0
温州南站14道,RL-eb661f79fce08502fe65,1,unknown,unknown,车站线 / 类别待核实 / 站场轨道线,station.unknown.unknown,unresolved,,,,,search_results_available,2026-10-06T15:49:00.306Z,ST-22f57cd1bc6b1a562075
温州南站16道,RL-da096f1781b0a8668a74,1,unknown,unknown,车站线 / 类别待核实 / 站场轨道线,station.unknown.unknown,unresolved,,,,,search_results_available,2026-10-06T15:49:05.392Z,ST-22f57cd1bc6b1a562075
温州南站18道,RL-5acb078f35ac6723b6dc,1,unknown,unknown,车站线 / 类别待核实 / 站场轨道线,station.unknown.unknown,unresolved,,,,,search_results_available,2026-10-06T15:49:05.392Z,ST-22f57cd1bc6b1a562075
温州南站20道,RL-179ee6a0a32ea833ec26,1,unknown,unknown,车站线 / 类别待核实 / 站场轨道线,station.unknown.unknown,unresolved,,,,,search_results_available,2026-10-06T15:49:05.392Z,ST-22f57cd1bc6b1a562075
温州南站3道,RL-e7de4cb0a3f8c5fc4a85,1,unknown,unknown,车站线 / 类别待核实 / 站场轨道线,station.unknown.unknown,unresolved,,,,,search_results_available,2026-10-06T15:49:05.392Z,ST-22f57cd1bc6b1a562075
温州南站4道,RL-3a2993790fa0744cce62,2,unknown,unknown,车站线 / 类别待核实 / 站场轨道线,station.unknown.unknown,unresolved,,,,,search_results_available,2026-10-06T15:46:28.749Z,ST-22f57cd1bc6b1a562075
温州南站5道,RL-8b28adf5679e956ace7d,1,unknown,unknown,车站线 / 类别待核实 / 站场轨道线,station.unknown.unknown,unresolved,,,,,search_results_available,2026-10-06T15:49:06.349Z,ST-22f57cd1bc6b1a562075
温州南站6道,RL-bd15665c40f42b0a6697,1,high_speed,high_speed,车站线 / 高速铁路 / 站场轨道线 / 速度范围待核实,station.high_speed.unknown.unknown,osm_source_compared,,,,,search_results_available,2026-10-06T15:49:06.349Z,ST-887d8bf1a8ed970763e0
温州南站7道,RL-1258bc94d238accbec31,4,unknown,unknown,车站线 / 类别待核实 / 站场轨道线,station.unknown.unknown,unresolved,,,,,search_results_available,2026-10-06T15:43:06.721Z,ST-22f57cd1bc6b1a562075
温州南站8道,RL-f7e8fafa0c185e0f158f,1,high_speed,high_speed,车站线 / 高速铁路 / 站场轨道线 / 速度范围待核实,station.high_speed.unknown.unknown,osm_source_compared,,,,,search_results_available,2026-10-06T15:49:06.349Z,ST-887d8bf1a8ed970763e0
温春水泥厂窄轨线,RL-aa86e437ec802c8bfd7a,5,industrial,industrial,轨道线 / 工业铁路 / 工业线,track.industrial.industrial_line,osm_source_compared,,,,,search_results_available,2026-10-06T15:29:46.486Z,RL-aa86e437ec802c8bfd7a
温桃联络线,RL-dcc3dc61dd2291c25586,11,unknown,unknown,轨道线 / 类别待核实 / 线路功能待核实,track.unknown.unknown,unresolved,,,,,search_results_available,2026-10-06T15:22:36.100Z,RL-dcc3dc61dd2291c25586
渭井线,RL-22074e33eab9dbf76061|RL-a2d44032a8b9836ae630,198,high_speed|unknown,high_speed|unknown,轨道线 / 类别待核实 / 正线|轨道线 / 高速铁路 / 正线 / 速度范围待核实,track.high_speed.main_line.unknown|track.unknown.main_line,osm_source_compared|unresolved,,,,https://china-emu.cn/RailRoads/Line/?LineName=渭井铁路,search_results_available,2026-10-06T15:06:04.418Z,RL-22074e33eab9dbf76061|RL-a2d44032a8b9836ae630
渭沱联络线,RL-c4ad2bc154f5f461c295,11,unknown,unknown,轨道线 / 类别待核实 / 支线,track.unknown.branch_line,unresolved,,,,,search_results_available,2026-10-06T15:22:46.107Z,RL-c4ad2bc154f5f461c295
港北联络左线,RL-62f603f69a552a8948bc,3,unknown,unknown,轨道线 / 类别待核实 / 支线,track.unknown.branch_line,unresolved,,,,,search_results_available,2026-10-06T15:44:38.025Z,RL-62f603f69a552a8948bc
港北联络线,RL-c86c304c2a1520cf36c0,6,unknown,unknown,轨道线 / 类别待核实 / 正线,track.unknown.main_line,unresolved,,,,,search_results_available,2026-10-06T15:27:57.607Z,RL-c86c304c2a1520cf36c0
港口区连接线,RL-21ebe7b6df937b5f8bc6,13,industrial,industrial,轨道线 / 工业铁路 / 工业线,track.industrial.industrial_line,osm_source_compared,,,,,search_results_available,2026-10-06T15:21:31.225Z,RL-21ebe7b6df937b5f8bc6
港口线,RL-4ac65c1873bfadf21804,4,unknown,unknown,车站线 / 类别待核实 / 连接线,station.unknown.spur_track,unresolved,,,,,search_results_available,2026-10-06T15:43:06.721Z,RL-4ac65c1873bfadf21804
港鐵屯馬綫 MTR Tuen Ma Line,RL-60d50343a8b167b0bba7|RL-706669794c74250bc085|RL-7fb4d062bbf32187b835|RL-a78e463a0f408f7824a8|RL-c070d29b6c753fbb03b1|RL-da0ac685279a8aa70640,275,unknown,unknown,在建 / 车站线 / 类别待核实 / 渡线|在建 / 车站线 / 类别待核实 / 站场轨道线|在建 / 轨道线 / 类别待核实 / 正线|车站线 / 类别待核实 / 渡线|轨道线 / 类别待核实 / 正线|轨道线 / 类别待核实 / 线路功能待核实,station.unknown.crossover|station.unknown.unknown|track.unknown.main_line|track.unknown.unknown,unresolved,,line_role|track_role,,,search_results_available,2026-10-06T15:04:47.055Z,RL-60d50343a8b167b0bba7|RL-706669794c74250bc085|RL-7fb4d062bbf32187b835|RL-a78e463a0f408f7824a8|RL-c070d29b6c753fbb03b1|RL-da0ac685279a8aa70640
港鐵屯馬綫一期 MTR Tuen Ma Line Phase 1,RL-f58351df3571c5187cc6,8,unknown,unknown,车站线 / 类别待核实 / 渡线,station.unknown.crossover,unresolved,,,,,search_results_available,2026-10-06T15:25:19.294Z,RL-f58351df3571c5187cc6
港鐵東鐵綫 MTR East Rail Line,RL-0a5f9960426c95f01617|RL-1bcf1fa1056f3622f8ee|RL-4d024ab3c48de1ed3fa2|RL-6616986b7014674b7c70|RL-7ce93a9071edf3f67fa4|RL-7d8ddee6200f6866b759|RL-b02c2a4d7e19be604c4c,348,unknown,unknown,车站线 / 类别待核实 / 渡线|车站线 / 类别待核实 / 站场轨道线|轨道线 / 类别待核实 / 正线|轨道线 / 类别待核实 / 线路功能待核实,station.unknown.crossover|station.unknown.unknown|track.unknown.main_line|track.unknown.unknown,unresolved,,construction_status|line_role|line_role|track_role,,,search_results_available,2026-10-06T15:04:36.483Z,RL-0a5f9960426c95f01617|RL-1bcf1fa1056f3622f8ee|RL-4d024ab3c48de1ed3fa2|RL-6616986b7014674b7c70|RL-7ce93a9071edf3f67fa4|RL-7d8ddee6200f6866b759|ST-2f438d6bd5f0dafbf855|ST-5b0672647603060366b1
港鐵東鐵綫馬場支綫 MTR East Rail Line (Racecourse Spur),RL-7b3c4a2357481a2264e5|RL-886b8b8eac2f28047efd,33,unknown,unknown,车站线 / 类别待核实 / 渡线|轨道线 / 类别待核实 / 支线,station.unknown.crossover|track.unknown.branch_line,unresolved,,,,,search_results_available,2026-10-06T15:09:59.737Z,RL-7b3c4a2357481a2264e5|RL-886b8b8eac2f28047efd
港鐵東鐵綫（落馬洲支綫） MTR East Rail Line (Lok Ma Chau Spur Line),RL-824d87e3d5348f818e4e,4,unknown,unknown,车站线 / 类别待核实 / 渡线,station.unknown.crossover,unresolved,,,,,search_results_available,2026-10-06T15:43:06.721Z,RL-824d87e3d5348f818e4e
湖口疏解线,RL-ee2e1b861e299431351d,6,unknown,unknown,轨道线 / 类别待核实 / 支线,track.unknown.branch_line,unresolved,,,,,search_results_available,2026-10-06T15:27:57.607Z,RL-ee2e1b861e299431351d
湖大线,RL-609535eb5594372a8b09,41,unknown,unknown,轨道线 / 类别待核实 / 正线,track.unknown.main_line,unresolved,,,,,search_results_available,2026-10-06T15:09:21.379Z,RL-609535eb5594372a8b09
湖雍线,RL-407f183c387cc2919d15,250,unknown,unknown,轨道线 / 类别待核实 / 正线,track.unknown.main_line,unresolved,,,,,search_results_available,2026-10-06T15:54:10.231Z,RL-407f183c387cc2919d15
湘桂上行货联线,RL-6bbcb7288acd6ef9b7e8,4,unknown,conventional,轨道线 / 普速铁路 / 联络线,track.conventional.connecting_line,user_verified,line_role,,,,search_results_available,2026-10-06T15:43:06.721Z,RL-6bbcb7288acd6ef9b7e8
湘桂线,RL-ed681fa48daf1d417611,1045,conventional,conventional,轨道线 / 普速铁路 / 正线,track.conventional.main_line,user_verified,,,https://jtt.hunan.gov.cn/jtt/xxgk/zwgg/202507/t20250717_33742600.html,,search_results_available,2026-10-06T15:03:29.616Z,RL-ed681fa48daf1d417611
湘桂铁路（改线）,RL-b977a6d54ead137e90d9,2,unknown,unknown,在建 / 轨道线 / 类别待核实 / 正线,track.unknown.main_line,unresolved,,,,,search_results_available,2026-10-06T15:46:28.749Z,RL-b977a6d54ead137e90d9
湘潭城际线,RL-c4356717bfa14dc4f1dc,74,unknown,unknown,轨道线 / 类别待核实 / 正线,track.unknown.main_line,unresolved,,,,,search_results_available,2026-10-06T15:07:46.219Z,RL-c4356717bfa14dc4f1dc
湛江西-湛江北联络线,RL-2bdbf6a73b711de5dc03|RL-f285d13402af95722746,19,high_speed,high_speed,在建 / 轨道线 / 高速铁路 / 正线 / 速度范围待核实|轨道线 / 高速铁路 / 正线 / 速度范围待核实,track.high_speed.main_line.unknown,osm_source_compared,,,,,search_results_available,2026-10-06T15:54:56.504Z,RL-2bdbf6a73b711de5dc03|RL-f285d13402af95722746
湛海线,RL-e60cfbfc7f61cd22dcff,80,unknown,unknown,轨道线 / 类别待核实 / 正线,track.unknown.main_line,unresolved,,,,,search_results_available,2026-10-06T15:54:00.529Z,RL-e60cfbfc7f61cd22dcff
湛海高速线,RL-8a667ee2bdfc5343c84a,2,high_speed,high_speed,在建 / 轨道线 / 高速铁路 / 正线 / 速度范围待核实,track.high_speed.main_line.unknown,osm_source_compared,,,,https://china-emu.cn/RailRoads/Line/?LineName=湛海高速铁路,search_results_available,2026-10-06T15:46:27.608Z,RL-8a667ee2bdfc5343c84a
源达线,RL-eab3880f27a4c7c70375,2,unknown,unknown,车站线 / 类别待核实 / 连接线,station.unknown.spur_track,unresolved,,,,,search_results_available,2026-10-06T15:46:27.608Z,RL-eab3880f27a4c7c70375
滇藏线,RL-79ccd0231aab0106ca00|RL-92efa0c80c607138a6d8|RL-e3ecd365471d88d82300,372,unknown,unknown,在建 / 轨道线 / 类别待核实 / 正线|轨道线 / 类别待核实 / 正线,track.unknown.main_line,unresolved,,,,https://china-emu.cn/RailRoads/Line/?LineName=滇藏铁路,search_results_available,2026-10-06T15:04:30.457Z,RL-79ccd0231aab0106ca00|RL-92efa0c80c607138a6d8|RL-e3ecd365471d88d82300
滠口北联络线,RL-12f69c20212a75fe4592,4,unknown,unknown,轨道线 / 类别待核实 / 支线,track.unknown.branch_line,unresolved,,,,,search_results_available,2026-10-06T15:43:09.076Z,RL-12f69c20212a75fe4592
滠口南联络线,RL-35b1c9bf0e9dcb42b27d,3,unknown,unknown,轨道线 / 类别待核实 / 正线,track.unknown.main_line,unresolved,,,,,search_results_available,2026-10-06T15:44:38.025Z,RL-35b1c9bf0e9dcb42b27d
滠武线,RL-312b4bcbee5123ef62a3|RL-5e4e6c3104e56d62ca84,88,high_speed|unknown,high_speed|unknown,轨道线 / 类别待核实 / 正线|轨道线 / 高速铁路 / 正线 / 速度范围待核实,track.high_speed.main_line.unknown|track.unknown.main_line,osm_source_compared|unresolved,,,,https://china-emu.cn/RailRoads/Line/?LineName=滠武线,search_results_available,2026-10-06T15:07:18.758Z,RL-312b4bcbee5123ef62a3|RL-5e4e6c3104e56d62ca84
满神线,RL-40abb70a3cae5b1f9d13,10,unknown,unknown,轨道线 / 类别待核实 / 支线,track.unknown.branch_line,unresolved,,,,,search_results_available,2026-10-06T15:23:30.325Z,RL-40abb70a3cae5b1f9d13
滦菱线,RL-e07738fcf327acbb5863,50,unknown,unknown,轨道线 / 类别待核实 / 支线,track.unknown.branch_line,unresolved,,,,,search_results_available,2026-10-06T15:08:49.830Z,RL-e07738fcf327acbb5863
滨北线,RL-74e2d5171e1b2e91fdec,323,conventional,conventional,轨道线 / 普速铁路 / 正线,track.conventional.main_line,source_checked,,railway_class,https://www.nra.gov.cn/zzjg/jgj/syjd/sgsgg/201911/P020220825544637781349.pdf,,search_results_available,2026-10-06T15:04:37.498Z,RL-74e2d5171e1b2e91fdec
滨小联络线,RL-fbb1a11ac50e7fa8af5d,10,unknown,unknown,轨道线 / 类别待核实 / 支线,track.unknown.branch_line,unresolved,,,,,search_results_available,2026-10-06T15:23:30.325Z,RL-fbb1a11ac50e7fa8af5d
滨江线,RL-7ffd1eaacc08c7998dd3,22,conventional,conventional,轨道线 / 普速铁路 / 正线,track.conventional.main_line,source_checked,,,https://www.nra.gov.cn/zzjg/jgj/syjd/sgsgg/201911/P020220825544637781349.pdf,,search_results_available,2026-10-06T15:11:30.853Z,RL-7ffd1eaacc08c7998dd3
滨沾联络线,RL-798826fa160a46ecf3ef,18,unknown,unknown,轨道线 / 类别待核实 / 支线,track.unknown.branch_line,unresolved,,,,,search_results_available,2026-10-06T15:12:24.614Z,RL-798826fa160a46ecf3ef
滨洲宽轨线,RL-00e5d35283916d776714,31,unknown,conventional,轨道线 / 普速铁路 / 正线,track.conventional.main_line,user_verified,,,,,search_results_available,2026-10-06T15:10:14.276Z,RL-00e5d35283916d776714
滨洲线,RL-494c03ebf7102dbfc633,1654,conventional,conventional,轨道线 / 普速铁路 / 正线,track.conventional.main_line,source_checked,,,https://www.nra.gov.cn/zzjg/jgj/syjd/sgsgg/201911/P020220825544637781349.pdf,,search_results_available,2026-10-06T15:03:15.118Z,RL-494c03ebf7102dbfc633
滨海快线,RL-05cceeaa51704cce32bd|RL-bf0e834f5234f5b91ee1,69,unknown,unknown,车站线 / 类别待核实 / 站场轨道线|轨道线 / 类别待核实 / 正线,station.unknown.unknown|track.unknown.main_line,unresolved,,line_role,,,search_results_available,2026-10-06T15:07:52.378Z,RL-bf0e834f5234f5b91ee1|ST-8bdc4ae10b3ff4fcd0c0|ST-a0db27e4db4941730004
滨海港专用线,RL-0ab445e67299b7c86031|RL-672a3de712c7a1f2835b,28,unknown,unknown,在建 / 轨道线 / 类别待核实 / 支线,track.unknown.branch_line,unresolved,,,,,search_results_available,2026-10-06T15:10:36.217Z,RL-0ab445e67299b7c86031|RL-672a3de712c7a1f2835b
滨绥宽轨线,RL-5089bbc101aab44795ef,16,unknown,conventional,轨道线 / 普速铁路 / 正线,track.conventional.main_line,user_verified,,,,,search_results_available,2026-10-06T15:13:02.666Z,RL-5089bbc101aab44795ef
滨绥线,RL-64e14300834a59b03864,903,conventional,conventional,轨道线 / 普速铁路 / 正线,track.conventional.main_line,user_verified,,,https://www.nra.gov.cn/zzjg/jgj/syjd/sgsgg/201911/P020220825544637781349.pdf,,search_results_available,2026-10-06T15:03:34.929Z,RL-64e14300834a59b03864
滨绥线;滨绥宽轨线,RL-9866af9bc3e9495ec4e9,3,unknown,conventional,轨道线 / 普速铁路 / 正线,track.conventional.main_line,user_verified,,,,,search_results_available,2026-10-06T15:44:46.052Z,RL-9866af9bc3e9495ec4e9
滨绥货线,RL-e9234c64956b8cfd9f5f,36,unknown,unknown,轨道线 / 类别待核实 / 正线,track.unknown.main_line,unresolved,,,,,search_results_available,2026-10-06T15:09:46.809Z,RL-e9234c64956b8cfd9f5f
滴道矿线,RL-eca02db8b2119fbd41a3,6,industrial,industrial,轨道线 / 工业铁路 / 工业线,track.industrial.industrial_line,osm_source_compared,,,,,search_results_available,2026-10-06T15:27:57.607Z,RL-eca02db8b2119fbd41a3
漓渚支线,RL-2986248e6b674e6ef441|RL-6a17eb248af45ff24b59,6,industrial,industrial,车站线 / 工业铁路 / 连接线|轨道线 / 工业铁路 / 工业线,station.industrial.spur_track|track.industrial.industrial_line,osm_source_compared,,,,,search_results_available,2026-10-06T15:28:00.787Z,RL-2986248e6b674e6ef441|RL-6a17eb248af45ff24b59
漓铁存车线,RL-57fe41d09ee09f326c26|RL-7d1011102e540ea53ff3,3,unknown,unknown,车站线 / 类别待核实 / 站场轨道线|轨道线 / 类别待核实 / 线路功能待核实,station.unknown.unknown|track.unknown.unknown,unresolved,,,,,search_results_available,2026-10-06T15:44:46.052Z,RL-7d1011102e540ea53ff3|ST-8445414bb29dccfb36be|ST-96920645a8736a3a05bd
漯舞线,RL-1072dabf4a699096bf91,48,unknown,unknown,轨道线 / 类别待核实 / 支线,track.unknown.branch_line,unresolved,,,,,search_results_available,2026-10-06T15:08:58.628Z,RL-1072dabf4a699096bf91
漯舞铁路,RL-fe81ee63dc39c5849552,1,unknown,unknown,轨道线 / 类别待核实 / 支线,track.unknown.branch_line,unresolved,,,,,search_results_available,2026-10-06T15:49:06.349Z,RL-fe81ee63dc39c5849552
漯阜线,RL-632d6e3a3e617264237b,231,unknown,unknown,轨道线 / 类别待核实 / 正线,track.unknown.main_line,unresolved,,,,,search_results_available,2026-10-06T15:05:53.618Z,RL-632d6e3a3e617264237b
漳山电厂专用线,RL-8d8015a137d62dea3b07,7,industrial,industrial,轨道线 / 工业铁路 / 工业线,track.industrial.industrial_line,osm_source_compared,,,,,search_results_available,2026-10-06T15:26:39.992Z,RL-8d8015a137d62dea3b07
漳州支线,RL-0effcbcaee0769dccb84,24,unknown,unknown,轨道线 / 类别待核实 / 支线,track.unknown.branch_line,unresolved,,,,,search_results_available,2026-10-06T15:11:05.972Z,RL-0effcbcaee0769dccb84
漳州港尾线,RL-ec74ca12331d3f8e8b64,17,unknown,unknown,在建 / 轨道线 / 类别待核实 / 支线,track.unknown.branch_line,unresolved,,,,,search_results_available,2026-10-06T15:12:45.947Z,RL-ec74ca12331d3f8e8b64
漳州联络线,RL-536a6e34c8da1fe359f0,1,high_speed,high_speed,轨道线 / 高速铁路 / 支线 / 速度范围待核实,track.high_speed.branch_line.unknown,osm_source_compared,,,,,search_results_available,2026-10-06T15:49:04.941Z,RL-536a6e34c8da1fe359f0
漳泉线,RL-344b6cab95ef870a0e07,171,unknown,unknown,轨道线 / 类别待核实 / 正线,track.unknown.main_line,unresolved,,construction_status,,,search_results_available,2026-10-06T15:06:16.399Z,RL-344b6cab95ef870a0e07
漳龙线,RL-73fa2707b07f77ae732f|RL-bf264f7b12c846730446,560,unknown,unknown,车站线 / 类别待核实 / 站场轨道线|轨道线 / 类别待核实 / 正线,station.unknown.unknown|track.unknown.main_line,unresolved,,,,,search_results_available,2026-10-06T15:04:07.143Z,RL-bf264f7b12c846730446|ST-b61c42f5484a5196b341
潍坊北立折线,RL-bdd88269de857fb398f4,2,high_speed,high_speed,轨道线 / 高速铁路 / 正线 / 速度范围待核实,track.high_speed.main_line.unknown,osm_source_compared,,,,,search_results_available,2026-10-06T15:46:27.608Z,RL-bdd88269de857fb398f4
潍坊港疏港铁路,RL-9a6549cd68a743ad585d,5,unknown,unknown,在建 / 轨道线 / 类别待核实 / 支线,track.unknown.branch_line,unresolved,,,,,search_results_available,2026-10-06T15:29:55.419Z,RL-9a6549cd68a743ad585d
潍宿日兰北西联络线,RL-cbd8739546f7849eba28,4,unknown,unknown,在建 / 轨道线 / 类别待核实 / 支线,track.unknown.branch_line,unresolved,,,,https://china-emu.cn/RailRoads/Line/?LineName=潍宿日兰北西联络线,search_results_available,2026-10-06T15:43:09.076Z,RL-cbd8739546f7849eba28
潍宿高速线,RL-f200f599c318d544cf9d,61,high_speed,high_speed,在建 / 轨道线 / 高速铁路 / 正线 / 300–350 km/h,track.high_speed.main_line.300-350,osm_source_compared,,,,https://china-emu.cn/RailRoads/Line/?LineName=潍宿高速铁路,search_results_available,2026-10-06T15:08:14.140Z,RL-f200f599c318d544cf9d
潍宿高速青岛联络线,RL-4eac9d61de0a490d5aa1|RL-97d6e2b03c12f6e361d7,106,high_speed|unknown,high_speed|unknown,在建 / 轨道线 / 类别待核实 / 正线|在建 / 轨道线 / 高速铁路 / 正线 / 速度范围待核实,track.high_speed.main_line.unknown|track.unknown.main_line,osm_source_compared|unresolved,,,,,search_results_available,2026-10-06T15:54:56.504Z,RL-4eac9d61de0a490d5aa1|RL-97d6e2b03c12f6e361d7
潍烟高速线,RL-96b70ab550cc1346254c,493,high_speed,high_speed,轨道线 / 高速铁路 / 正线 / 300–350 km/h,track.high_speed.main_line.300-350,osm_source_compared,,,,https://china-emu.cn/RailRoads/Line/?LineName=潍烟高速铁路,search_results_available,2026-10-06T15:04:15.823Z,RL-96b70ab550cc1346254c
潍荣高速线,RL-02212ad4c6967b8ad45f,419,high_speed,high_speed,轨道线 / 高速铁路 / 正线 / 300–350 km/h,track.high_speed.main_line.300-350,osm_source_compared,,,,https://china-emu.cn/RailRoads/Line/?LineName=潍荣高速铁路,search_results_available,2026-10-06T15:04:25.088Z,RL-02212ad4c6967b8ad45f
潍莱-潍宿东南联络线,RL-dfc00d7ee1ae4b111c93|RL-e6d1fe4710b1aef7e974,6,unknown,unknown,在建 / 轨道线 / 类别待核实 / 支线|轨道线 / 类别待核实 / 支线,track.unknown.branch_line,unresolved,,,,,search_results_available,2026-10-06T15:28:00.787Z,RL-dfc00d7ee1ae4b111c93|RL-e6d1fe4710b1aef7e974
潞安古城煤矿铁路专用线,RL-f65f176ee8ebeccff664,3,unknown,unknown,轨道线 / 类别待核实 / 线路功能待核实,track.unknown.unknown,unresolved,,railway_class|line_role,,,search_results_available,2026-10-06T15:44:46.052Z,RL-f65f176ee8ebeccff664
潞安王庄煤矿铁路专用线,RL-1f21592411ece9136f2c,4,unknown,unknown,轨道线 / 类别待核实 / 线路功能待核实,track.unknown.unknown,unresolved,,,,,search_results_available,2026-10-06T15:43:09.076Z,RL-1f21592411ece9136f2c
潞安石圪节煤矿铁路专用线,RL-9b4177ce950690b8547b,4,industrial,industrial,轨道线 / 工业铁路 / 工业线,track.industrial.industrial_line,osm_source_compared,,,,,search_results_available,2026-10-06T15:43:09.076Z,RL-9b4177ce950690b8547b
潞安矿区铁路专用线,RL-d49457fe1baf69e107ba,35,unknown,unknown,轨道线 / 类别待核实 / 线路功能待核实,track.unknown.unknown,unresolved,,railway_class|line_role,,,search_results_available,2026-10-06T15:09:48.063Z,RL-d49457fe1baf69e107ba
潞安矿区铁路专用线疏解线,RL-993b2ab64c0ad0ef734e,8,unknown,unknown,轨道线 / 类别待核实 / 线路功能待核实,track.unknown.unknown,unresolved,,,,,search_results_available,2026-10-06T15:25:19.873Z,RL-993b2ab64c0ad0ef734e
潞安祥瑞焦化铁路专用线,RL-c9eff83eef0001f2a867,1,industrial,industrial,轨道线 / 工业铁路 / 工业线,track.industrial.industrial_line,osm_source_compared,,,,,search_results_available,2026-10-06T15:49:04.941Z,RL-c9eff83eef0001f2a867
潞安郭庄煤矿铁路专用线,RL-53bc2a1c1bf9e78edfb2,6,unknown,unknown,轨道线 / 类别待核实 / 线路功能待核实,track.unknown.unknown,unresolved,,,,,search_results_available,2026-10-06T15:28:00.787Z,RL-53bc2a1c1bf9e78edfb2
潞安集团潞能专用线,RL-243e035412271f6d9650,39,industrial,industrial,轨道线 / 工业铁路 / 工业线,track.industrial.industrial_line,osm_source_compared,,,,,search_results_available,2026-10-06T15:09:27.860Z,RL-243e035412271f6d9650
灞桥电厂专用线,RL-ff9e7358373a9eece30d,9,industrial,industrial,车站线 / 工业铁路 / 连接线,station.industrial.spur_track,osm_source_compared,,,,,search_results_available,2026-10-06T15:24:14.261Z,RL-ff9e7358373a9eece30d
灞赵联络线,RL-4fd79835b26c1e04e75d,4,unknown,unknown,在建 / 轨道线 / 类别待核实 / 支线,track.unknown.branch_line,unresolved,,,,https://china-emu.cn/RailRoads/Line/?LineName=灞赵联络线,search_results_available,2026-10-06T15:43:15.358Z,RL-4fd79835b26c1e04e75d
火磨面粉厂线,RL-04dbff01a49f7856f764,2,unknown,unknown,车站线 / 类别待核实 / 连接线,station.unknown.spur_track,unresolved,,,,,search_results_available,2026-10-06T15:46:27.608Z,RL-04dbff01a49f7856f764
火龙沟线,RL-c6d58c9e382a307305bd,19,conventional,conventional,轨道线 / 普速铁路 / 支线,track.conventional.branch_line,source_checked,,,https://www.nra.gov.cn/zzjg/jgj/syjd/sgsgg/201911/P020220825544637781349.pdf,,search_results_available,2026-10-06T15:54:10.231Z,RL-c6d58c9e382a307305bd
点南支线,RL-f90df4a3dc1eb04b9691,20,unknown,unknown,轨道线 / 类别待核实 / 支线,track.unknown.branch_line,unresolved,,,,,search_results_available,2026-10-06T15:11:54.111Z,RL-f90df4a3dc1eb04b9691
烟白线,RL-5fb1564de90e43de838d,44,unknown,unknown,轨道线 / 类别待核实 / 支线,track.unknown.branch_line,unresolved,,,,,search_results_available,2026-10-06T15:09:11.570Z,RL-5fb1564de90e43de838d
烟荣联络线,RL-f4ca157de7ceed974cbc,20,high_speed,high_speed,轨道线 / 高速铁路 / 联络线 / 速度范围待核实,track.high_speed.connecting_line.unknown,osm_source_compared,line_role,,,https://china-emu.cn/RailRoads/Line/?LineName=烟荣联络线,search_results_available,2026-10-06T15:11:54.111Z,RL-f4ca157de7ceed974cbc
烤烟线,RL-53f1932cd914eb3054dd,11,unknown,unknown,车站线 / 类别待核实 / 连接线,station.unknown.spur_track,unresolved,,,,,search_results_available,2026-10-06T15:22:46.107Z,RL-53f1932cd914eb3054dd
热电厂线,RL-b3fb86a219a1dce459b8,2,unknown,unknown,车站线 / 类别待核实 / 连接线,station.unknown.spur_track,unresolved,,,,,search_results_available,2026-10-06T15:46:34.245Z,RL-b3fb86a219a1dce459b8
焦化厂线,RL-d0bffe6b95ffbea2d80a,9,unknown,unknown,车站线 / 类别待核实 / 连接线,station.unknown.spur_track,unresolved,,,,,search_results_available,2026-10-06T15:24:14.261Z,RL-d0bffe6b95ffbea2d80a
焦柳上行直通线,RL-96aa1bff972f31bd192c,14,unknown,conventional,轨道线 / 普速铁路 / 正线,track.conventional.main_line,user_verified,,,,,search_results_available,2026-10-06T15:21:11.958Z,RL-96aa1bff972f31bd192c
焦柳线,RL-abfa69aa83799eddaccb,3180,conventional,conventional,轨道线 / 普速铁路 / 正线,track.conventional.main_line,user_verified,,,https://jtt.hunan.gov.cn/jtt/xxgk/zwgg/202507/t20250717_33742600.html,,search_results_available,2026-10-06T15:03:02.376Z,RL-abfa69aa83799eddaccb
焦柳联络线,RL-bbb7c8811779c612fc2a,5,unknown,unknown,轨道线 / 类别待核实 / 正线,track.unknown.main_line,unresolved,,,,,search_results_available,2026-10-06T15:29:55.419Z,RL-bbb7c8811779c612fc2a
焦洛平高速线,RL-d46857852aa840d44071|RL-e2be4d44dc816cc5ffcf,10,high_speed,high_speed,在建 / 轨道线 / 高速铁路 / 正线 / 速度范围待核实|轨道线 / 高速铁路 / 正线 / 速度范围待核实,track.high_speed.main_line.unknown,osm_source_compared,,,,,search_results_available,2026-10-06T15:23:30.325Z,RL-d46857852aa840d44071|RL-e2be4d44dc816cc5ffcf
煤专线,RL-c21a8d360ecfdefd11cc,8,unknown,unknown,车站线 / 类别待核实 / 连接线,station.unknown.spur_track,unresolved,,,,,search_results_available,2026-10-06T15:25:19.873Z,RL-c21a8d360ecfdefd11cc
煤化工支线,RL-71c1ee4a5b12fdc70882,4,unknown,unknown,轨道线 / 类别待核实 / 支线,track.unknown.branch_line,unresolved,,,,,search_results_available,2026-10-06T15:43:15.358Z,RL-71c1ee4a5b12fdc70882
煤建线,RL-3e4f33424f774f386e61|RL-90aa6c0b26df2292138f|RL-a3079a8e7a74bd8b5277,7,unknown,unknown,车站线 / 类别待核实 / 站场轨道线|车站线 / 类别待核实 / 连接线,station.unknown.spur_track|station.unknown.unknown,unresolved,,,,,search_results_available,2026-10-06T15:26:39.992Z,RL-90aa6c0b26df2292138f|ST-277ca9269e9800a2657e|ST-8d2dae8ca256bb3e36f1
煤木线,RL-ca74f009f0e930c6b67d,2,unknown,unknown,车站线 / 类别待核实 / 连接线,station.unknown.spur_track,unresolved,,,,,search_results_available,2026-10-06T15:46:34.245Z,RL-ca74f009f0e930c6b67d
煤矿线,RL-69fc7206619de893a7e0,3,unknown,unknown,车站线 / 类别待核实 / 连接线,station.unknown.spur_track,unresolved,,,,,search_results_available,2026-10-06T15:44:46.052Z,RL-69fc7206619de893a7e0
燃料线,RL-ede01e6832180b9b3e9e,1,unknown,unknown,车站线 / 类别待核实 / 连接线,station.unknown.spur_track,unresolved,,,,,search_results_available,2026-10-06T15:49:04.941Z,RL-ede01e6832180b9b3e9e
燕大上行联络线,RL-819baa1219400ba1399e,12,unknown,unknown,轨道线 / 类别待核实 / 正线,track.unknown.main_line,unresolved,,,,,search_results_available,2026-10-06T15:22:06.795Z,RL-819baa1219400ba1399e
爱伊线,RL-b42ddd8c22174b19c957,40,unknown,unknown,轨道线 / 类别待核实 / 支线,track.unknown.branch_line,unresolved,,,,,search_results_available,2026-10-06T15:09:28.548Z,RL-b42ddd8c22174b19c957
牙林线,RL-bd046a0e020eacbaaa8d,237,conventional,conventional,轨道线 / 普速铁路 / 正线,track.conventional.main_line,source_checked,,,https://www.nra.gov.cn/zzjg/jgj/syjd/sgsgg/201911/P020220825544637781349.pdf,,search_results_available,2026-10-06T15:54:00.530Z,RL-bd046a0e020eacbaaa8d
牛马司货联线,RL-35a1e759b5e91d01f417|RL-3f63c4c282c9dfb4fb10,10,unknown,unknown,车站线 / 类别待核实 / 连接线|轨道线 / 类别待核实 / 支线,station.unknown.spur_track|track.unknown.branch_line,unresolved,,,,,search_results_available,2026-10-06T15:23:30.325Z,RL-35a1e759b5e91d01f417|RL-3f63c4c282c9dfb4fb10
牡丹江疏解线,RL-92fd8f49d99dc428ee3f,5,conventional,conventional,轨道线 / 普速铁路 / 联络线,track.conventional.connecting_line,source_checked,,,https://www.nra.gov.cn/zzjg/jgj/syjd/sgsgg/201911/P020220825544637781349.pdf,,search_results_available,2026-10-06T15:29:55.419Z,RL-92fd8f49d99dc428ee3f
牡佳货线,RL-f11dab53707ce31ba307,20,unknown,unknown,轨道线 / 类别待核实 / 正线,track.unknown.main_line,unresolved,,,,,search_results_available,2026-10-06T15:11:54.111Z,RL-f11dab53707ce31ba307
牡动车组走行右线,RL-9601f19b5564bf778579,12,unknown,unknown,轨道线 / 类别待核实 / 支线,track.unknown.branch_line,unresolved,,,,,search_results_available,2026-10-06T15:22:06.795Z,RL-9601f19b5564bf778579
牡动车组走行左线,RL-e72b196bb28e96641b41,12,unknown,unknown,轨道线 / 类别待核实 / 支线,track.unknown.branch_line,unresolved,,,,,search_results_available,2026-10-06T15:22:06.795Z,RL-e72b196bb28e96641b41
物专线,RL-ae1c773da0e46cccf227,7,unknown,unknown,车站线 / 类别待核实 / 连接线,station.unknown.spur_track,unresolved,,,,,search_results_available,2026-10-06T15:26:39.992Z,RL-ae1c773da0e46cccf227
物专走行线,RL-a72c0607b7af31137f5f,1,unknown,unknown,车站线 / 类别待核实 / 连接线,station.unknown.spur_track,unresolved,,,,,search_results_available,2026-10-06T15:49:04.941Z,RL-a72c0607b7af31137f5f
物流线,RL-e4dc4d669a5d7ff42670,9,unknown,unknown,车站线 / 类别待核实 / 连接线,station.unknown.spur_track,unresolved,,,,,search_results_available,2026-10-06T15:24:14.261Z,RL-e4dc4d669a5d7ff42670
物资供应处专用铁路,RL-6d0e7dfced76969ba353,2,industrial,industrial,车站线 / 工业铁路 / 连接线,station.industrial.spur_track,osm_source_compared,,,,,search_results_available,2026-10-06T15:46:34.245Z,RL-6d0e7dfced76969ba353
物资局专用线,RL-2fac58b4a4e532d79a5c,3,unknown,unknown,车站线 / 类别待核实 / 连接线,station.unknown.spur_track,unresolved,,,,,search_results_available,2026-10-06T15:44:44.564Z,RL-2fac58b4a4e532d79a5c
物资线,RL-b0eb74535a9938113289,1,unknown,unknown,车站线 / 类别待核实 / 站场轨道线,station.unknown.unknown,unresolved,,,,,search_results_available,2026-10-06T15:49:06.777Z,ST-7471d93b00ac26fa8e6f
牵1线,RL-ceb39c4460a6e7720214,3,unknown,unknown,车站线 / 类别待核实 / 站场轨道线,station.unknown.unknown,unresolved,,,,,search_results_available,2026-10-06T15:44:44.564Z,ST-3b791ac8c8d935a0bcfe
牵出线,RL-0d70d69e7df7d48cb7f6|RL-76ab3e58d2b424a9911e|RL-e18e491ac95456c147e3,140,unknown,unknown,车站线 / 类别待核实 / 站场轨道线|车站线 / 类别待核实 / 连接线,station.unknown.spur_track|station.unknown.unknown,unresolved,,railway_class|line_role,,,search_results_available,2026-10-06T15:06:33.999Z,RL-0d70d69e7df7d48cb7f6|ST-0c9e84910e4c679211e1|ST-0dc32210c433b5781a87|ST-1a7cd90dd8ab11d4f8ba|ST-206c9ae292cb3c02cb36|ST-27b758879d37fe68f53d|ST-3c1cb4c8dccc6f54c9bb|ST-4972bb6e2a0706808c0b|ST-6f2eb8431a2c2dbc1e0b|ST-7d31193d9e25bea251c6|ST-84c629a62b915173c2a3|ST-87e50380c11e166d078c|ST-963cabc09a5c00157628|ST-9a953d6e37bf16a7f752|ST-9affc6aeb5f0132ee902|ST-a0e128c68672e282f488|ST-ca81faf2d22ec2723464
牵引线,RL-b6f85b4509d1089f6162,5,unknown,unknown,车站线 / 类别待核实 / 站场轨道线,station.unknown.unknown,unresolved,,,,,search_results_available,2026-10-06T15:29:55.419Z,ST-aff2063c4c83a60e9067
特品线,RL-b9cd39434db8f64dfc0e,1,unknown,unknown,车站线 / 类别待核实 / 连接线,station.unknown.spur_track,unresolved,,,,,search_results_available,2026-10-06T15:49:06.777Z,RL-b9cd39434db8f64dfc0e
独山子线,RL-c2c346d6b9a595723b7d,31,unknown,unknown,轨道线 / 类别待核实 / 支线,track.unknown.branch_line,unresolved,,,,,search_results_available,2026-10-06T15:10:14.276Z,RL-c2c346d6b9a595723b7d
独流联络线,RL-7b67b9d625336b07a76a,29,unknown,unknown,轨道线 / 类别待核实 / 正线,track.unknown.main_line,unresolved,,,,,search_results_available,2026-10-06T15:10:29.624Z,RL-7b67b9d625336b07a76a
狮岭联络线,RL-f56208c24a0ad3c8d23d,3,unknown,unknown,车站线 / 类别待核实 / 站场轨道线,station.unknown.unknown,unresolved,,,,,search_results_available,2026-10-06T15:44:44.564Z,ST-9f3a4ffafc77048c1d95
狼窝铺东联线,RL-e584798a0d2bb4b4bca8,6,unknown,unknown,轨道线 / 类别待核实 / 支线,track.unknown.branch_line,unresolved,,,,,search_results_available,2026-10-06T15:28:00.787Z,RL-e584798a0d2bb4b4bca8
狼窝铺西联线,RL-f7c25bd91f028dc28c76,10,unknown,unknown,轨道线 / 类别待核实 / 支线,track.unknown.branch_line,unresolved,,,,,search_results_available,2026-10-06T15:23:29.014Z,RL-f7c25bd91f028dc28c76
玉河线,RL-376d0cdff75e6dc45bd9,417,unknown,unknown,轨道线 / 类别待核实 / 正线,track.unknown.main_line,unresolved,,,,https://china-emu.cn/RailRoads/Line/?LineName=玉河铁路,search_results_available,2026-10-06T15:04:25.088Z,RL-376d0cdff75e6dc45bd9
玉洞联络线,RL-afdd0efbeb374ac8fb71,13,unknown,unknown,轨道线 / 类别待核实 / 支线,track.unknown.branch_line,unresolved,,,,,search_results_available,2026-10-06T15:21:36.956Z,RL-afdd0efbeb374ac8fb71
玉铁线,RL-dee3ae6b93b8b2bc6ede,100,unknown,unknown,轨道线 / 类别待核实 / 正线,track.unknown.main_line,unresolved,,railway_class,,,search_results_available,2026-10-06T15:07:05.212Z,RL-dee3ae6b93b8b2bc6ede
玉门南线,RL-695c28bd38551f5acfa9,85,unknown,unknown,轨道线 / 类别待核实 / 支线,track.unknown.branch_line,unresolved,,,,,search_results_available,2026-10-06T15:07:25.558Z,RL-695c28bd38551f5acfa9
玉门沟线,RL-0641a58600ab88ca155a|RL-15aa74f65179b9c14aa2,13,unknown,unknown,车站线 / 类别待核实 / 站场轨道线|轨道线 / 类别待核实 / 支线,station.unknown.unknown|track.unknown.branch_line,unresolved,,,,,search_results_available,2026-10-06T15:21:36.956Z,RL-15aa74f65179b9c14aa2|ST-8c1caafccae492bd8fd3
王万联络线,RL-44bdf4eb576dff0916c4,85,conventional,conventional,轨道线 / 普速铁路 / 联络线,track.conventional.connecting_line,source_checked,,,https://www.nra.gov.cn/zzjg/jgj/syjd/sgsgg/201911/P020220825544637781349.pdf,,search_results_available,2026-10-06T15:07:25.558Z,RL-44bdf4eb576dff0916c4
王佐上联线,RL-97b7d86e897f29c4a7a7,6,unknown,unknown,轨道线 / 类别待核实 / 支线,track.unknown.branch_line,unresolved,,,,,search_results_available,2026-10-06T15:28:14.680Z,RL-97b7d86e897f29c4a7a7
王佐下联线,RL-368411d4c7337af6acbf,6,unknown,unknown,轨道线 / 类别待核实 / 支线,track.unknown.branch_line,unresolved,,,,,search_results_available,2026-10-06T15:28:14.680Z,RL-368411d4c7337af6acbf
王北联络线,RL-0f754519c50ed77bb3df,19,unknown,unknown,轨道线 / 类别待核实 / 支线,track.unknown.branch_line,unresolved,,,,,search_results_available,2026-10-06T15:54:20.196Z,RL-0f754519c50ed77bb3df
王孙线,RL-e9ec7934876864703373,56,conventional,conventional,轨道线 / 普速铁路 / 正线,track.conventional.main_line,source_checked,,,https://www.nra.gov.cn/zzjg/jgj/syjd/sgsgg/201911/P020220825544637781349.pdf,,search_results_available,2026-10-06T15:08:28.594Z,RL-e9ec7934876864703373
王岗疏解线,RL-dc7717d762d8b6a6384d,15,conventional,conventional,轨道线 / 普速铁路 / 联络线,track.conventional.connecting_line,source_checked,,,https://www.nra.gov.cn/zzjg/jgj/syjd/sgsgg/201911/P020220825544637781349.pdf,,search_results_available,2026-10-06T15:20:34.063Z,RL-dc7717d762d8b6a6384d
王曲电厂专用线,RL-4ad6f8c1f4ccabebc526,13,industrial,industrial,轨道线 / 工业铁路 / 工业线,track.industrial.industrial_line,osm_source_compared,,,,,search_results_available,2026-10-06T15:21:36.956Z,RL-4ad6f8c1f4ccabebc526
王滩电厂线,RL-09d07062d791a2a1b71b,7,unknown,unknown,轨道线 / 类别待核实 / 支线,track.unknown.branch_line,unresolved,,,,,search_results_available,2026-10-06T15:26:39.992Z,RL-09d07062d791a2a1b71b
环形装车线,RL-6ccb80778851a95cca70,6,unknown,unknown,车站线 / 类别待核实 / 连接线,station.unknown.spur_track,unresolved,,,,,search_results_available,2026-10-06T15:28:14.680Z,RL-6ccb80778851a95cca70
环状装车线,RL-ee6cb3081dd0aff89347,4,unknown,unknown,轨道线 / 类别待核实 / 支线,track.unknown.branch_line,unresolved,,,,,search_results_available,2026-10-06T15:43:15.358Z,RL-ee6cb3081dd0aff89347
玻璃厂专用线,RL-b5a6a8855a6c649a5242,10,unknown,unknown,车站线 / 类别待核实 / 连接线,station.unknown.spur_track,unresolved,,,,,search_results_available,2026-10-06T15:23:29.014Z,RL-b5a6a8855a6c649a5242
珞璜南联络线,RL-5c8a034590c8e1331088,17,unknown,unknown,轨道线 / 类别待核实 / 支线,track.unknown.branch_line,unresolved,,,,,search_results_available,2026-10-06T15:12:45.947Z,RL-5c8a034590c8e1331088
珠机城际线,RL-271eda522ee0bb6f80a0,42,unknown,unknown,轨道线 / 类别待核实 / 正线,track.unknown.main_line,unresolved,,,,https://china-emu.cn/RailRoads/Line/?LineName=珠机城际铁路,search_results_available,2026-10-06T15:09:22.892Z,RL-271eda522ee0bb6f80a0
珠海联络线,RL-c063905e4a60e474f092,5,unknown,unknown,轨道线 / 类别待核实 / 正线,track.unknown.main_line,unresolved,,,,,search_results_available,2026-10-06T15:29:55.106Z,RL-c063905e4a60e474f092
珠烟线,RL-db949584585eb74c9248,27,unknown,unknown,轨道线 / 类别待核实 / 正线,track.unknown.main_line,unresolved,,,,,search_results_available,2026-10-06T15:10:41.776Z,RL-db949584585eb74c9248
珠珠线,RL-6a0598146e47decc8428|RL-e1e21f06cc4859ed52ba,109,unknown,unknown,轨道线 / 类别待核实 / 正线|轨道线 / 类别待核实 / 线路功能待核实,track.unknown.main_line|track.unknown.unknown,unresolved,,line_role,,,search_results_available,2026-10-06T15:54:15.153Z,RL-6a0598146e47decc8428|RL-e1e21f06cc4859ed52ba
珠肇高速线,RL-a87f3ee087aca29d21a1,25,high_speed,high_speed,在建 / 轨道线 / 高速铁路 / 正线 / 速度范围待核实,track.high_speed.main_line.unknown,osm_source_compared,,,,,search_results_available,2026-10-06T15:11:00.907Z,RL-a87f3ee087aca29d21a1
珠龙线,RL-77c2ea801d4cf932e1a2,15,unknown,unknown,轨道线 / 类别待核实 / 支线,track.unknown.branch_line,unresolved,,,,,search_results_available,2026-10-06T15:20:34.063Z,RL-77c2ea801d4cf932e1a2
琶莲城际线,RL-b9153e6bea2380ef40b7,36,unknown,unknown,轨道线 / 类别待核实 / 正线,track.unknown.main_line,unresolved,,,,,search_results_available,2026-10-06T15:09:46.809Z,RL-b9153e6bea2380ef40b7
瑞梅铁路,RL-7f75db231cf77be23f5c,207,unknown,unknown,在建 / 轨道线 / 类别待核实 / 正线,track.unknown.main_line,unresolved,,,,https://china-emu.cn/RailRoads/Line/?LineName=瑞梅铁路,search_results_available,2026-10-06T15:06:02.472Z,RL-7f75db231cf77be23f5c
瓜房子联络线,RL-b170860db2585ba53d8a|RL-ff17745ab238b127fe29,14,conventional,conventional,车站线 / 普速铁路 / 站场轨道线|轨道线 / 普速铁路 / 线路功能待核实,station.conventional.unknown|track.conventional.unknown,osm_source_compared,,,,,search_results_available,2026-10-06T15:21:11.958Z,RL-ff17745ab238b127fe29|ST-49fc7981f9dbfb811237
瓦日线,RL-cb4aaaa4fd4bbf7f2527,2089,freight,freight,轨道线 / 货运铁路 / 正线,track.freight.main_line,source_checked,,,https://www.nra.gov.cn/xwzx/xwxx/xwlb/202410/t20241008_346969.shtml,,search_results_available,2026-10-06T15:03:10.704Z,RL-cb4aaaa4fd4bbf7f2527
瓦日铁路,RL-8c04be64f854cb4b7f5e,7,freight,freight,轨道线 / 货运铁路 / 正线,track.freight.main_line,source_checked,,,https://www.nra.gov.cn/xwzx/xwxx/xwlb/202410/t20241008_346969.shtml,,search_results_available,2026-10-06T15:26:39.972Z,RL-8c04be64f854cb4b7f5e
瓦松线,RL-2c0c0a718383f7349b1b,12,unknown,unknown,轨道线 / 类别待核实 / 支线,track.unknown.branch_line,unresolved,,,,,search_results_available,2026-10-06T15:22:06.108Z,RL-2c0c0a718383f7349b1b
瓦长线,RL-170cd2e00656531667e1,84,unknown,unknown,轨道线 / 类别待核实 / 支线,track.unknown.branch_line,unresolved,,,,,search_results_available,2026-10-06T15:07:23.380Z,RL-170cd2e00656531667e1
瓮马铁路,RL-2b9bbfdb2ab20acf2b27|RL-825d8725d4f7e57694ce,183,unknown,unknown,在建 / 轨道线 / 类别待核实 / 支线|轨道线 / 类别待核实 / 支线,track.unknown.branch_line,unresolved,,,,,search_results_available,2026-10-06T15:06:12.311Z,RL-2b9bbfdb2ab20acf2b27|RL-825d8725d4f7e57694ce
瓮马铁路北延线,RL-1b24c8b688d75c263830,128,unknown,unknown,在建 / 轨道线 / 类别待核实 / 支线,track.unknown.branch_line,unresolved,,,,,search_results_available,2026-10-06T15:06:40.810Z,RL-1b24c8b688d75c263830
瓯海联络线,RL-9415b3ddd47edfbac550,25,unknown,unknown,轨道线 / 类别待核实 / 支线,track.unknown.branch_line,unresolved,,,,,search_results_available,2026-10-06T15:11:00.907Z,RL-9415b3ddd47edfbac550
甘库线,RL-7afb7231735e77d07d3f,24,unknown,unknown,轨道线 / 类别待核实 / 支线,track.unknown.branch_line,unresolved,,,,,search_results_available,2026-10-06T15:11:13.967Z,RL-7afb7231735e77d07d3f
甘泉线,RL-26b4dd8c7d04857a5065|RL-b2288419c8a21fa2da37|RL-bc082662e83687d44eb7,364,unknown,unknown,车站线 / 类别待核实 / 站场轨道线|轨道线 / 类别待核实 / 线路功能待核实,station.unknown.unknown|track.unknown.unknown,unresolved,,line_role|track_role,,,search_results_available,2026-10-06T15:04:30.990Z,RL-bc082662e83687d44eb7|ST-0374fc37129f4a7172b6
甘肃海涛集团酒泉地方铁路管理有限公司专用铁路,RL-40604ae8f42ad26f6049,8,industrial,industrial,车站线 / 工业铁路 / 连接线,station.industrial.spur_track,osm_source_compared,,,,,search_results_available,2026-10-06T15:25:19.873Z,RL-40604ae8f42ad26f6049
甘肃省酒泉粮油储备库有限公司专用线,RL-35bef283f89ebf496ac8,2,industrial,industrial,车站线 / 工业铁路 / 连接线,station.industrial.spur_track,osm_source_compared,,,,,search_results_available,2026-10-06T15:46:34.245Z,RL-35bef283f89ebf496ac8
甘钟线,RL-b361cf6ca026234d8419|RL-cdc3d3c2a5e417428409,450,conventional|unknown,conventional|unknown,轨道线 / 普速铁路 / 正线|轨道线 / 类别待核实 / 正线,track.conventional.main_line|track.unknown.main_line,osm_source_compared|unresolved,,,,,search_results_available,2026-10-06T15:04:22.350Z,RL-b361cf6ca026234d8419|RL-cdc3d3c2a5e417428409
甜菜线,RL-68228b77c773d9b8a147,3,unknown,unknown,车站线 / 类别待核实 / 连接线,station.unknown.spur_track,unresolved,,,,,search_results_available,2026-10-06T15:44:44.564Z,RL-68228b77c773d9b8a147
甫草联络线,RL-1ffe677a589beb4ed4d2,5,high_speed,high_speed,在建 / 轨道线 / 高速铁路 / 正线 / 速度范围待核实,track.high_speed.main_line.unknown,osm_source_compared,,,,https://china-emu.cn/RailRoads/Line/?LineName=甫草联络线,search_results_available,2026-10-06T15:29:55.106Z,RL-1ffe677a589beb4ed4d2
甬广高速线,RL-32f706bc5e5798bd445b|RL-6c61fa0636b9a873c887|RL-ae63b793e3f47bbb7a62|RL-b5904f693b6c0ad2ed65|RL-cb246bda239904142fb7|RL-e15817285969862897ca|RL-fee40475280abcc424ec,1043,high_speed,high_speed,在建 / 轨道线 / 高速铁路 / 正线 / 速度范围待核实|轨道线 / 高速铁路 / 正线 / 速度范围待核实,track.high_speed.main_line.unknown,osm_source_compared,,,,https://china-emu.cn/RailRoads/Line/?LineName=甬广高速铁路,search_results_available,2026-10-06T15:03:36.077Z,RL-32f706bc5e5798bd445b|RL-6c61fa0636b9a873c887|RL-ae63b793e3f47bbb7a62|RL-b5904f693b6c0ad2ed65|RL-cb246bda239904142fb7|RL-e15817285969862897ca|RL-fee40475280abcc424ec
甬舟铁路,RL-026169eda75fa3f4dbf9|RL-a5cc96116faf484e5132,8,high_speed,high_speed,在建 / 轨道线 / 高速铁路 / 正线 / 速度范围待核实|轨道线 / 高速铁路 / 正线 / 速度范围待核实,track.high_speed.main_line.unknown,osm_source_compared,,,,,search_results_available,2026-10-06T15:25:19.873Z,RL-026169eda75fa3f4dbf9|RL-a5cc96116faf484e5132
甬金线,RL-0659ee8415d6e240825b,365,unknown,unknown,轨道线 / 类别待核实 / 正线,track.unknown.main_line,unresolved,,,,https://china-emu.cn/RailRoads/Line/?LineName=甬金铁路（及联络线）,search_results_available,2026-10-06T15:04:30.990Z,RL-0659ee8415d6e240825b
田东线,RL-1ce853b48e4487c2b4e6,76,unknown,unknown,轨道线 / 类别待核实 / 正线,track.unknown.main_line,unresolved,,,,,search_results_available,2026-10-06T15:07:39.563Z,RL-1ce853b48e4487c2b4e6
田南线,RL-b04895412d233cec9764,9,unknown,unknown,轨道线 / 类别待核实 / 线路功能待核实,track.unknown.unknown,unresolved,,,,,search_results_available,2026-10-06T15:24:14.261Z,RL-b04895412d233cec9764
田寿支线,RL-92fa75fc1fe18190e62b,13,unknown,unknown,轨道线 / 类别待核实 / 支线,track.unknown.branch_line,unresolved,,,,,search_results_available,2026-10-06T15:21:36.956Z,RL-92fa75fc1fe18190e62b
田灞联络线,RL-3bb6fd5546b31a78cf95,36,unknown,unknown,轨道线 / 类别待核实 / 正线,track.unknown.main_line,unresolved,,,,https://china-emu.cn/RailRoads/Line/?LineName=田灞联络线,search_results_available,2026-10-06T15:09:46.809Z,RL-3bb6fd5546b31a78cf95
田靖线,RL-6bca230ee6343657722f,182,unknown,unknown,轨道线 / 类别待核实 / 正线,track.unknown.main_line,unresolved,,,,,search_results_available,2026-10-06T15:06:12.311Z,RL-6bca230ee6343657722f
申家庄煤矿支线,RL-c0b0382656ac1bebdf7e,4,unknown,unknown,车站线 / 类别待核实 / 连接线,station.unknown.spur_track,unresolved,,,,,search_results_available,2026-10-06T15:43:15.358Z,RL-c0b0382656ac1bebdf7e
申昆路A入场线,RL-b5ffacc71179e3de7ccc,2,unknown,unknown,车站线 / 类别待核实 / 站场轨道线,station.unknown.unknown,unresolved,,,,,search_results_available,2026-10-06T15:46:33.031Z,ST-6e63250c58b039773e09
申昆路B出场线,RL-37faa2f0923d96a46c7c,2,unknown,unknown,车站线 / 类别待核实 / 站场轨道线,station.unknown.unknown,unresolved,,,,,search_results_available,2026-10-06T15:46:33.031Z,ST-6e63250c58b039773e09
申楼线,RL-f2c53fb6b686c9a7be1a,23,industrial,industrial,轨道线 / 工业铁路 / 工业线,track.industrial.industrial_line,osm_source_compared,,,,,search_results_available,2026-10-06T15:11:17.512Z,RL-f2c53fb6b686c9a7be1a
申楼西线,RL-f3cee436adc9f98c3dce,96,unknown,unknown,轨道线 / 类别待核实 / 线路功能待核实,track.unknown.unknown,unresolved,,railway_class|line_role|track_role,,,search_results_available,2026-10-06T15:07:09.460Z,RL-f3cee436adc9f98c3dce
电专线,RL-5c48784c34c00d965167,5,unknown,unknown,车站线 / 类别待核实 / 连接线,station.unknown.spur_track,unresolved,,,,,search_results_available,2026-10-06T15:29:55.106Z,RL-5c48784c34c00d965167
电厂专用线,RL-71c21d221dd2a3716c34,7,industrial,industrial,车站线 / 工业铁路 / 站场轨道线,station.industrial.unknown,osm_source_compared,,,,,search_results_available,2026-10-06T15:26:39.972Z,ST-800c7d5494b44d1e5379
电厂线,RL-96a7b1fe05707ef648fb,12,unknown,unknown,车站线 / 类别待核实 / 连接线,station.unknown.spur_track,unresolved,,,,,search_results_available,2026-10-06T15:22:06.108Z,RL-96a7b1fe05707ef648fb
电石专用线,RL-ba0dabe523f69027bceb,1,unknown,unknown,车站线 / 类别待核实 / 连接线,station.unknown.spur_track,unresolved,,,,,search_results_available,2026-10-06T15:49:06.777Z,RL-ba0dabe523f69027bceb
电碳厂专用线,RL-bf1a6feae29a1436a26e,6,unknown,unknown,车站线 / 类别待核实 / 连接线,station.unknown.spur_track,unresolved,,,,,search_results_available,2026-10-06T15:28:14.680Z,RL-bf1a6feae29a1436a26e
电站线,RL-d108f1ebcb1e3e882f8b,1,unknown,unknown,车站线 / 类别待核实 / 连接线,station.unknown.spur_track,unresolved,,,,,search_results_available,2026-10-06T15:49:06.777Z,RL-d108f1ebcb1e3e882f8b
电车线,RL-8e8bf58c6292c6ef0add,2,unknown,unknown,车站线 / 类别待核实 / 站场轨道线,station.unknown.unknown,unresolved,,,,,search_results_available,2026-10-06T15:46:33.031Z,ST-f378bfad50d6620ba725
畲江联络线,RL-8793a14c0faa6741043c,1,unknown,unknown,轨道线 / 类别待核实 / 支线,track.unknown.branch_line,unresolved,,,,,search_results_available,2026-10-06T15:49:17.966Z,RL-8793a14c0faa6741043c
畲龙线,RL-1ecc0b66bc76b9a7ef8a|RL-db415a1b3daa45e3aa61,177,unknown,unknown,轨道线 / 类别待核实 / 正线,track.unknown.main_line,unresolved,,,,,search_results_available,2026-10-06T15:06:16.268Z,RL-1ecc0b66bc76b9a7ef8a|RL-db415a1b3daa45e3aa61
疃村联络线,RL-58e0e8c313ab65c491f2,12,high_speed,high_speed,轨道线 / 高速铁路 / 支线 / 速度范围待核实,track.high_speed.branch_line.unknown,osm_source_compared,,,,https://china-emu.cn/RailRoads/Line/?LineName=疃村联络线,search_results_available,2026-10-06T15:22:06.108Z,RL-58e0e8c313ab65c491f2
登禹铁路,RL-9fcda03d29395737712d,63,unknown,unknown,轨道线 / 类别待核实 / 支线,track.unknown.branch_line,unresolved,,,,,search_results_available,2026-10-06T15:08:12.463Z,RL-9fcda03d29395737712d
白云军用线,RL-4408d461c4ac5a244f80,6,unknown,unknown,车站线 / 类别待核实 / 连接线,station.unknown.spur_track,unresolved,,,,,search_results_available,2026-10-06T15:28:10.205Z,RL-4408d461c4ac5a244f80
白兖联络线,RL-50d4595c403ef8e7a822,38,unknown,unknown,轨道线 / 类别待核实 / 支线,track.unknown.branch_line,unresolved,,,,,search_results_available,2026-10-06T15:09:33.197Z,RL-50d4595c403ef8e7a822
白南线,RL-efdf6551da094323bf4a,4,unknown,unknown,轨道线 / 类别待核实 / 支线,track.unknown.branch_line,unresolved,,,,,search_results_available,2026-10-06T15:43:13.331Z,RL-efdf6551da094323bf4a
白告联络线,RL-66c23a78fe7773894155,10,unknown,unknown,轨道线 / 类别待核实 / 支线,track.unknown.branch_line,unresolved,,,,,search_results_available,2026-10-06T15:23:29.014Z,RL-66c23a78fe7773894155
白和线,RL-f3d69963ef8c7cfb9983,93,unknown,unknown,轨道线 / 类别待核实 / 正线,track.unknown.main_line,unresolved,,railway_class,,,search_results_available,2026-10-06T15:07:17.351Z,RL-f3d69963ef8c7cfb9983
白和铁路,RL-193f303dfc9d446d076e,1,unknown,unknown,车站线 / 类别待核实 / 站场轨道线,station.unknown.unknown,unresolved,,,,,search_results_available,2026-10-06T15:49:17.966Z,ST-bd0d536f42ecc9ec44e3
白城市新生砂石有限责任公司专用线,RL-794c4b704b70e69e7b4c,1,unknown,unknown,车站线 / 类别待核实 / 连接线,station.unknown.spur_track,unresolved,,,,,search_results_available,2026-10-06T15:49:17.966Z,RL-794c4b704b70e69e7b4c
白彪疏解线,RL-11df99ee47391bfd5698,11,unknown,unknown,轨道线 / 类别待核实 / 正线,track.unknown.main_line,unresolved,,,,,search_results_available,2026-10-06T15:22:46.107Z,RL-11df99ee47391bfd5698
白敦联络线,RL-798d976e0a7138049b54,14,high_speed,high_speed,轨道线 / 高速铁路 / 正线 / 速度范围待核实,track.high_speed.main_line.unknown,osm_source_compared,,,,https://china-emu.cn/RailRoads/Line/?LineName=白敦联络线,search_results_available,2026-10-06T15:21:11.958Z,RL-798d976e0a7138049b54
白杨线,RL-5c46e13390c00bb56036,3,unknown,unknown,轨道线 / 类别待核实 / 线路功能待核实,track.unknown.unknown,unresolved,,line_role,,,search_results_available,2026-10-06T15:44:43.781Z,RL-5c46e13390c00bb56036
白沙支线,RL-25463b615fc715ff8681|RL-e4056626c9675beca966,19,unknown,unknown,停用 / 车站线 / 类别待核实 / 连接线|停用 / 轨道线 / 类别待核实 / 线路功能待核实,station.unknown.spur_track|track.unknown.unknown,unresolved,,,,,search_results_available,2026-10-06T15:54:20.196Z,RL-25463b615fc715ff8681|RL-e4056626c9675beca966
白洋港疏港线,RL-61b1d42bb31e9867f7ff,1,unknown,unknown,轨道线 / 类别待核实 / 线路功能待核实,track.unknown.unknown,unresolved,,,,,search_results_available,2026-10-06T15:49:17.966Z,RL-61b1d42bb31e9867f7ff
白浒山外贸专用线,RL-00e66d2f778ab2e6b10c,5,unknown,unknown,车站线 / 类别待核实 / 连接线,station.unknown.spur_track,unresolved,,,,,search_results_available,2026-10-06T15:29:55.106Z,RL-00e66d2f778ab2e6b10c
白浩线,RL-fcadb3ca7c19e66b1f70,16,unknown,unknown,轨道线 / 类别待核实 / 支线,track.unknown.branch_line,unresolved,,,,,search_results_available,2026-10-06T15:12:59.275Z,RL-fcadb3ca7c19e66b1f70
白灰线,RL-50155fcb50f4e7dfa6cf,1,unknown,unknown,车站线 / 类别待核实 / 连接线,station.unknown.spur_track,unresolved,,,,,search_results_available,2026-10-06T15:49:10.571Z,RL-50155fcb50f4e7dfa6cf
白环联络线,RL-8e413376fe2c097f8ca8,1,unknown,unknown,轨道线 / 类别待核实 / 支线,track.unknown.branch_line,unresolved,,,,,search_results_available,2026-10-06T15:49:10.571Z,RL-8e413376fe2c097f8ca8
白石湖支线,RL-733633f2b91a23ed0c26,10,unknown,unknown,轨道线 / 类别待核实 / 支线,track.unknown.branch_line,unresolved,,,,,search_results_available,2026-10-06T15:23:29.014Z,RL-733633f2b91a23ed0c26
白老线,RL-c8bca2f9a63b0f1a1a29,1,unknown,unknown,轨道线 / 类别待核实 / 支线,track.unknown.branch_line,unresolved,,,,,search_results_available,2026-10-06T15:49:10.571Z,RL-c8bca2f9a63b0f1a1a29
白荫线,RL-095f4fce4bb8d5d25b11|RL-80bfeb6a3884415fe239,49,unknown,unknown,轨道线 / 类别待核实 / 支线,track.unknown.branch_line,unresolved,,,,,search_results_available,2026-10-06T15:08:52.017Z,RL-095f4fce4bb8d5d25b11|RL-80bfeb6a3884415fe239
白荫阳涉联络线,RL-9aad975935031c4ced79,10,unknown,unknown,轨道线 / 类别待核实 / 线路功能待核实,track.unknown.unknown,unresolved,,line_role|construction_status,,,search_results_available,2026-10-06T15:23:40.512Z,RL-9aad975935031c4ced79
白覃联络线,RL-a7e17c4281b325bc5469,16,unknown,unknown,轨道线 / 类别待核实 / 支线,track.unknown.branch_line,unresolved,,,,,search_results_available,2026-10-06T15:12:59.275Z,RL-a7e17c4281b325bc5469
白阿上行,RL-c4e21d05a9b6c92d6a82,6,unknown,unknown,轨道线 / 类别待核实 / 正线,track.unknown.main_line,unresolved,,,,,search_results_available,2026-10-06T15:28:10.205Z,RL-c4e21d05a9b6c92d6a82
白阿线,RL-f5e8ac3baf0a85679664,217,unknown,unknown,轨道线 / 类别待核实 / 正线,track.unknown.main_line,unresolved,,,,https://china-emu.cn/RailRoads/Line/?LineName=白阿铁路,search_results_available,2026-10-06T15:05:56.841Z,RL-f5e8ac3baf0a85679664
百东线,RL-319e2a138bc6775ae2d5,25,unknown,unknown,轨道线 / 类别待核实 / 线路功能待核实,track.unknown.unknown,unresolved,,line_role|track_role,,,search_results_available,2026-10-06T15:11:00.907Z,RL-319e2a138bc6775ae2d5
百星线,RL-35fb81ea346076335cba,14,unknown,unknown,轨道线 / 类别待核实 / 支线,track.unknown.branch_line,unresolved,,,,,search_results_available,2026-10-06T15:21:11.958Z,RL-35fb81ea346076335cba
百色客车联络线,RL-35ee0a95680d2b855e2e,9,unknown,unknown,轨道线 / 类别待核实 / 正线,track.unknown.main_line,unresolved,,,,,search_results_available,2026-10-06T15:24:14.976Z,RL-35ee0a95680d2b855e2e
百色货车联络线,RL-a682d06f7ed60cadbc48,16,unknown,unknown,轨道线 / 类别待核实 / 线路功能待核实,track.unknown.unknown,unresolved,,line_role|track_role,,,search_results_available,2026-10-06T15:12:59.275Z,RL-a682d06f7ed60cadbc48
皇太联络线,RL-b69c88fe5a48db627d5f,10,unknown,unknown,轨道线 / 类别待核实 / 线路功能待核实,track.unknown.unknown,unresolved,,,,,search_results_available,2026-10-06T15:23:40.512Z,RL-b69c88fe5a48db627d5f
皖赣线,RL-36eacb4fbc34f94435f0,604,unknown,unknown,轨道线 / 类别待核实 / 正线,track.unknown.main_line,unresolved,,,,,search_results_available,2026-10-06T15:03:56.107Z,RL-36eacb4fbc34f94435f0
皖赣联络线,RL-de1c12fecab211dc4104,1,unknown,unknown,轨道线 / 类别待核实 / 支线,track.unknown.branch_line,unresolved,,,,,search_results_available,2026-10-06T15:49:10.571Z,RL-de1c12fecab211dc4104
益海嘉里专用线,RL-fdb143d232a2b6742325,4,unknown,unknown,车站线 / 类别待核实 / 连接线,station.unknown.spur_track,unresolved,,,,,search_results_available,2026-10-06T15:43:13.331Z,RL-fdb143d232a2b6742325
益海嘉里线,RL-92b2e0cc7171ff47af6c,2,unknown,unknown,车站线 / 类别待核实 / 连接线,station.unknown.spur_track,unresolved,,,,,search_results_available,2026-10-06T15:46:33.031Z,RL-92b2e0cc7171ff47af6c
益湛线,RL-7295a66cb5852e68c1d0|RL-ad038af6d70e85d7b525,1479,conventional,conventional,轨道线 / 普速铁路 / 正线,track.conventional.main_line,source_checked,,,https://jtt.hunan.gov.cn/jtt/xxgk/zwgg/202507/t20250717_33742600.html,,search_results_available,2026-10-06T15:03:24.882Z,RL-7295a66cb5852e68c1d0|RL-ad038af6d70e85d7b525
益湛铁路至博贺港区铁路联络线,RL-04a6c36716649e593e59,5,unknown,unknown,车站线 / 类别待核实 / 连接线,station.unknown.spur_track,unresolved,,,,,search_results_available,2026-10-06T15:29:55.643Z,RL-04a6c36716649e593e59
益羊线,RL-757fd4a131ae772fa73b,80,unknown,unknown,轨道线 / 类别待核实 / 支线,track.unknown.branch_line,unresolved,,,,,search_results_available,2026-10-06T15:54:20.196Z,RL-757fd4a131ae772fa73b
益阳东疏解线,RL-634a506ca5b58cd28db5,9,unknown,unknown,轨道线 / 类别待核实 / 正线,track.unknown.main_line,unresolved,,,,,search_results_available,2026-10-06T15:24:14.976Z,RL-634a506ca5b58cd28db5
盐东线,RL-35844719b978644676ff,7,unknown,unknown,轨道线 / 类别待核实 / 支线,track.unknown.branch_line,unresolved,,,,,search_results_available,2026-10-06T15:26:39.972Z,RL-35844719b978644676ff
盐五联络线,RL-923edd6ef4d8ed8f5f3c,4,unknown,unknown,轨道线 / 类别待核实 / 支线,track.unknown.branch_line,unresolved,,,,https://china-emu.cn/RailRoads/Line/?LineName=盐五联络线,search_results_available,2026-10-06T15:43:13.331Z,RL-923edd6ef4d8ed8f5f3c
盐城北联络线,RL-b9d9b0364da7c926521d,9,unknown,unknown,轨道线 / 类别待核实 / 支线,track.unknown.branch_line,unresolved,,,,,search_results_available,2026-10-06T15:24:14.976Z,RL-b9d9b0364da7c926521d
盐宜北东联络线,RL-9ceca68aab5fd482aa91,9,unknown,unknown,在建 / 轨道线 / 类别待核实 / 支线,track.unknown.branch_line,unresolved,,,,,search_results_available,2026-10-06T15:24:14.976Z,RL-9ceca68aab5fd482aa91
盐宜宁杭联络线,RL-df80b5a83784bc63e1d8,9,unknown,unknown,在建 / 轨道线 / 类别待核实 / 支线,track.unknown.branch_line,unresolved,,,,,search_results_available,2026-10-06T15:24:19.664Z,RL-df80b5a83784bc63e1d8
盐宜高速线,RL-e4aa7b07ba2bc07f5211,72,high_speed,high_speed,在建 / 轨道线 / 高速铁路 / 正线 / 速度范围待核实,track.high_speed.main_line.unknown,osm_source_compared,,,,https://china-emu.cn/RailRoads/Line/?LineName=盐宜高速铁路,search_results_available,2026-10-06T15:07:47.733Z,RL-e4aa7b07ba2bc07f5211
盐通高速线,RL-bdb634836ef8aa238f7d,112,high_speed,high_speed,轨道线 / 高速铁路 / 正线 / 300–350 km/h,track.high_speed.main_line.300-350,osm_source_compared,,,,https://china-emu.cn/RailRoads/Line/?LineName=盐通高速铁路,search_results_available,2026-10-06T15:54:31.871Z,RL-bdb634836ef8aa238f7d
盘五联络线,RL-1e461a59fd356757a764,2,unknown,unknown,轨道线 / 类别待核实 / 线路功能待核实,track.unknown.unknown,unresolved,,,,,search_results_available,2026-10-06T15:46:33.644Z,RL-1e461a59fd356757a764
盘兴高速线,RL-af2fbccc9bf54cc2a2c2,144,high_speed,high_speed,轨道线 / 高速铁路 / 正线 / 250–300 km/h,track.high_speed.main_line.250-300,osm_source_compared,,,,https://china-emu.cn/RailRoads/Line/?LineName=盘兴高速铁路,search_results_available,2026-10-06T15:06:33.999Z,RL-af2fbccc9bf54cc2a2c2
盘营高速线,RL-5dec0c1ee51998e3d27c,51,high_speed,high_speed,轨道线 / 高速铁路 / 正线 / 300–350 km/h,track.high_speed.main_line.300-350,osm_source_compared,,,,https://china-emu.cn/RailRoads/Line/?LineName=盘营高速铁路,search_results_available,2026-10-06T15:08:43.007Z,RL-5dec0c1ee51998e3d27c
盘营高铁,RL-316be9db88b1b1c5406d,1,high_speed,high_speed,轨道线 / 高速铁路 / 正线 / 300–350 km/h,track.high_speed.main_line.300-350,osm_source_compared,,,,https://china-emu.cn/RailRoads/Line/?LineName=盘营高速铁路,search_results_available,2026-10-06T15:49:12.395Z,RL-316be9db88b1b1c5406d
盘西疏解线,RL-ef81b60ee5b0f6f24408,9,unknown,unknown,轨道线 / 类别待核实 / 支线,track.unknown.branch_line,unresolved,,,,,search_results_available,2026-10-06T15:24:19.664Z,RL-ef81b60ee5b0f6f24408
盘西铁路,RL-e87d44408b439b50b566,166,unknown,unknown,轨道线 / 类别待核实 / 支线,track.unknown.branch_line,unresolved,,,,,search_results_available,2026-10-06T15:06:22.910Z,RL-e87d44408b439b50b566
盘锦港专用线,RL-680cbc7530fe4d5e72ac,6,unknown,unknown,车站线 / 类别待核实 / 连接线,station.unknown.spur_track,unresolved,,,,,search_results_available,2026-10-06T15:28:10.205Z,RL-680cbc7530fe4d5e72ac
石化专用装卸线,RL-0464ae71f13ead91e0fc|RL-3307ac77a7762257fa87,4,unknown,unknown,车站线 / 类别待核实 / 站场轨道线|车站线 / 类别待核实 / 连接线,station.unknown.spur_track|station.unknown.unknown,unresolved,,,,,search_results_available,2026-10-06T15:43:13.331Z,RL-3307ac77a7762257fa87|ST-3b791ac8c8d935a0bcfe
石化区专用线,RL-ffebc7947930fee7b5b2,15,industrial,industrial,车站线 / 工业铁路 / 连接线,station.industrial.spur_track,osm_source_compared,,,,,search_results_available,2026-10-06T15:20:44.651Z,RL-ffebc7947930fee7b5b2
石化线,RL-0cdf1f77c1e21cafde95,2,unknown,unknown,车站线 / 类别待核实 / 连接线,station.unknown.spur_track,unresolved,,,,,search_results_available,2026-10-06T15:46:33.644Z,RL-0cdf1f77c1e21cafde95
石化货物装卸专用线,RL-90f40d5300eb37784a9f,16,unknown,unknown,车站线 / 类别待核实 / 站场轨道线,station.unknown.unknown,unresolved,,,,,search_results_available,2026-10-06T15:12:59.275Z,ST-3b791ac8c8d935a0bcfe
石南线,RL-fbba8d67f988aa4a30f2,2,unknown,unknown,轨道线 / 类别待核实 / 支线,track.unknown.branch_line,unresolved,,,,,search_results_available,2026-10-06T15:46:33.644Z,RL-fbba8d67f988aa4a30f2
石吉联络线,RL-40cdf317cae0d95b6828|RL-fa663783f131a796b1a7,8,unknown,unknown,在建 / 轨道线 / 类别待核实 / 支线|轨道线 / 类别待核实 / 支线,track.unknown.branch_line,unresolved,,,,,search_results_available,2026-10-06T15:25:24.990Z,RL-40cdf317cae0d95b6828|RL-fa663783f131a796b1a7
石墨矿线,RL-40ef7878450742c70fd3,1,unknown,unknown,车站线 / 类别待核实 / 连接线,station.unknown.spur_track,unresolved,,,,,search_results_available,2026-10-06T15:49:12.395Z,RL-40ef7878450742c70fd3
石太客专线,RL-33bd407010bf9b9b2b54,638,high_speed,high_speed,轨道线 / 高速铁路 / 正线 / 速度范围待核实,track.high_speed.main_line.unknown,osm_source_compared,,,,,search_results_available,2026-10-06T15:03:57.078Z,RL-33bd407010bf9b9b2b54
石太引入线,RL-cd76e49f04d1d8da17c2,61,unknown,conventional,轨道线 / 普速铁路 / 正线,track.conventional.main_line,user_verified,,,,,search_results_available,2026-10-06T15:08:14.140Z,RL-cd76e49f04d1d8da17c2
石太线,RL-8cef5313603ddc3046ec,878,unknown,conventional,轨道线 / 普速铁路 / 正线,track.conventional.main_line,user_verified,,,,,search_results_available,2026-10-06T15:03:36.373Z,RL-8cef5313603ddc3046ec
石家庄东联络线,RL-503715d91d20c0081eb6,10,unknown,unknown,轨道线 / 类别待核实 / 正线,track.unknown.main_line,unresolved,,,,,search_results_available,2026-10-06T15:23:40.512Z,RL-503715d91d20c0081eb6
石家庄动车所A线,RL-b2379951f725a8b2f4e2,5,unknown,unknown,轨道线 / 类别待核实 / 支线,track.unknown.branch_line,unresolved,,,,,search_results_available,2026-10-06T15:29:55.643Z,RL-b2379951f725a8b2f4e2
石家庄动车所B线,RL-5960425a95273e099f40,6,unknown,unknown,轨道线 / 类别待核实 / 支线,track.unknown.branch_line,unresolved,,,,,search_results_available,2026-10-06T15:28:10.205Z,RL-5960425a95273e099f40
石家庄直通线,RL-40fd203ada90488ff6bb,36,unknown,unknown,轨道线 / 类别待核实 / 正线,track.unknown.main_line,unresolved,,,,,search_results_available,2026-10-06T15:09:46.809Z,RL-40fd203ada90488ff6bb
石家庄西北环线,RL-f41b2357147b8130c9c8,17,unknown,unknown,轨道线 / 类别待核实 / 线路功能待核实,track.unknown.unknown,unresolved,,line_role|track_role,,,search_results_available,2026-10-06T15:12:45.947Z,RL-f41b2357147b8130c9c8
石家庄西环线,RL-be207546885e861b935c,138,unknown,unknown,轨道线 / 类别待核实 / 正线,track.unknown.main_line,unresolved,,,,,search_results_available,2026-10-06T15:06:40.643Z,RL-be207546885e861b935c
石德线,RL-5bc83f40098da51d5771,497,unknown,conventional,轨道线 / 普速铁路 / 正线,track.conventional.main_line,user_verified,,,,,search_results_available,2026-10-06T15:04:15.823Z,RL-5bc83f40098da51d5771
石德货联线,RL-a9fb28ae2cbbc4f3d643,13,unknown,unknown,轨道线 / 类别待核实 / 支线,track.unknown.branch_line,unresolved,,,,,search_results_available,2026-10-06T15:21:41.380Z,RL-a9fb28ae2cbbc4f3d643
石林线,RL-3f40e09ed600bd2be83b,9,unknown,unknown,轨道线 / 类别待核实 / 支线,track.unknown.branch_line,unresolved,,,,,search_results_available,2026-10-06T15:24:19.664Z,RL-3f40e09ed600bd2be83b
石油二部专用线,RL-df26f9b9025955cb20de,1,industrial,industrial,车站线 / 工业铁路 / 连接线,station.industrial.spur_track,osm_source_compared,,,,,search_results_available,2026-10-06T15:49:12.395Z,RL-df26f9b9025955cb20de
石油公司线,RL-5e08decfc47a5f824737,1,unknown,unknown,车站线 / 类别待核实 / 连接线,station.unknown.spur_track,unresolved,,,,,search_results_available,2026-10-06T15:49:12.395Z,RL-5e08decfc47a5f824737
石油线,RL-317ab30f663c9e0fb316,2,unknown,unknown,车站线 / 类别待核实 / 连接线,station.unknown.spur_track,unresolved,,,,,search_results_available,2026-10-06T15:46:33.644Z,RL-317ab30f663c9e0fb316
石济客专线,RL-e5a3c54c13dbba1c491a,348,high_speed,high_speed,轨道线 / 高速铁路 / 正线 / 速度范围待核实,track.high_speed.main_line.unknown,osm_source_compared,,,,,search_results_available,2026-10-06T15:04:36.483Z,RL-e5a3c54c13dbba1c491a
石矿线,RL-7c2e360505abcd7cd825,2,unknown,unknown,车站线 / 类别待核实 / 连接线,station.unknown.spur_track,unresolved,,,,,search_results_available,2026-10-06T15:46:32.972Z,RL-7c2e360505abcd7cd825
石长线,RL-52c9c645387c915bb751,667,unknown,unknown,轨道线 / 类别待核实 / 正线,track.unknown.main_line,unresolved,,,,https://china-emu.cn/RailRoads/Line/?LineName=石长铁路,search_results_available,2026-10-06T15:03:47.552Z,RL-52c9c645387c915bb751
石长联络线,RL-4353e53f32c988c45aaa,13,unknown,unknown,轨道线 / 类别待核实 / 支线,track.unknown.branch_line,unresolved,,,,,search_results_available,2026-10-06T15:21:41.380Z,RL-4353e53f32c988c45aaa
石门北东南联络线,RL-1efaca6b6c1b832e4b21,6,unknown,unknown,轨道线 / 类别待核实 / 支线,track.unknown.branch_line,unresolved,,,,,search_results_available,2026-10-06T15:28:04.746Z,RL-1efaca6b6c1b832e4b21
石雄城际线,RL-8343a235a2f75cc3f0e2,20,high_speed,high_speed,在建 / 轨道线 / 高速铁路 / 正线 / 300–350 km/h,track.high_speed.main_line.300-350,osm_source_compared,,,,https://china-emu.cn/RailRoads/Line/?LineName=石雄城际铁路,search_results_available,2026-10-06T15:11:54.111Z,RL-8343a235a2f75cc3f0e2
石雄石济北西联络线,RL-418da916ca10ae84c6ec,4,unknown,unknown,在建 / 轨道线 / 类别待核实 / 正线,track.unknown.main_line,unresolved,,,,https://china-emu.cn/RailRoads/Line/?LineName=石雄石济北西联络线,search_results_available,2026-10-06T15:43:14.304Z,RL-418da916ca10ae84c6ec
矿务局老仓线,RL-e2d8a3c403bab4a19cad,2,unknown,unknown,车站线 / 类别待核实 / 连接线,station.unknown.spur_track,unresolved,,,,,search_results_available,2026-10-06T15:46:32.972Z,RL-e2d8a3c403bab4a19cad
矿线,RL-2b763ff58926b8b36a6a,10,industrial,industrial,轨道线 / 工业铁路 / 工业线,track.industrial.industrial_line,osm_source_compared,,,,,search_results_available,2026-10-06T15:23:40.512Z,RL-2b763ff58926b8b36a6a
码头线,RL-1d82ae21a3010df74950,15,unknown,unknown,轨道线 / 类别待核实 / 支线,track.unknown.branch_line,unresolved,,construction_status,,,search_results_available,2026-10-06T15:20:44.651Z,RL-1d82ae21a3010df74950
砂石线,RL-73b8d1423b2f88b05104,5,unknown,unknown,车站线 / 类别待核实 / 连接线,station.unknown.spur_track,unresolved,,,,,search_results_available,2026-10-06T15:29:55.643Z,RL-73b8d1423b2f88b05104
砖厂线,RL-c30e03c62de03c713ef7,6,unknown,unknown,车站线 / 类别待核实 / 连接线,station.unknown.spur_track,unresolved,,,,,search_results_available,2026-10-06T15:28:04.746Z,RL-c30e03c62de03c713ef7
砖瓦厂走行线,RL-9ed076aca571271290c3,2,unknown,unknown,车站线 / 类别待核实 / 连接线,station.unknown.spur_track,unresolved,,,,,search_results_available,2026-10-06T15:46:32.972Z,RL-9ed076aca571271290c3
确认车停留线,RL-5764666509da7a2e3078,3,high_speed,high_speed,车站线 / 高速铁路 / 站场轨道线 / 速度范围待核实,station.high_speed.unknown.unknown,osm_source_compared,,,,,search_results_available,2026-10-06T15:44:43.781Z,ST-07d74895c98207b45adf
碱厂线,RL-a55e24a37212fec7f016,8,unknown,unknown,轨道线 / 类别待核实 / 线路功能待核实,track.unknown.unknown,unresolved,,railway_class|line_role,,,search_results_available,2026-10-06T15:25:24.990Z,RL-a55e24a37212fec7f016
碾专线,RL-351c480d05dc6aa7b545,4,unknown,unknown,车站线 / 类别待核实 / 连接线,station.unknown.spur_track,unresolved,,,,,search_results_available,2026-10-06T15:43:14.304Z,RL-351c480d05dc6aa7b545
磁东线,RL-39d3adc74ca5368f1b13,56,unknown,unknown,轨道线 / 类别待核实 / 正线,track.unknown.main_line,unresolved,,,,,search_results_available,2026-10-06T15:08:28.594Z,RL-39d3adc74ca5368f1b13
磨窝煤矿线,RL-bd307f4f0047deaaa090,16,unknown,unknown,车站线 / 类别待核实 / 连接线,station.unknown.spur_track,unresolved,,,,,search_results_available,2026-10-06T15:20:19.065Z,RL-bd307f4f0047deaaa090
礼泉联络线,RL-78ebabe9e04ba7bb0f98,18,unknown,unknown,轨道线 / 类别待核实 / 正线,track.unknown.main_line,unresolved,,,,https://china-emu.cn/RailRoads/Line/?LineName=银西高铁普速联络线,search_results_available,2026-10-06T15:12:24.648Z,RL-78ebabe9e04ba7bb0f98
神信专用线,RL-a5f7de5206e291e6cba9,25,unknown,unknown,轨道线 / 类别待核实 / 支线,track.unknown.branch_line,unresolved,,,,,search_results_available,2026-10-06T15:10:59.553Z,RL-a5f7de5206e291e6cba9
神华进港线,RL-4554d377f5b0890ba0f2,8,unknown,unknown,轨道线 / 类别待核实 / 支线,track.unknown.branch_line,unresolved,,,,,search_results_available,2026-10-06T15:25:24.990Z,RL-4554d377f5b0890ba0f2
神大线,RL-6115336a51a0b8b7371e,127,unknown,unknown,轨道线 / 类别待核实 / 正线,track.unknown.main_line,unresolved,,,,,search_results_available,2026-10-06T15:06:45.113Z,RL-6115336a51a0b8b7371e
神朔线,RL-b4c5ddfeb45910262aa7,694,unknown,unknown,轨道线 / 类别待核实 / 正线,track.unknown.main_line,unresolved,,,,,search_results_available,2026-10-06T15:03:47.880Z,RL-b4c5ddfeb45910262aa7
神木西疏解线,RL-076ad575fcb45f0f3224,4,unknown,unknown,轨道线 / 类别待核实 / 正线,track.unknown.main_line,unresolved,,,,,search_results_available,2026-10-06T15:43:14.304Z,RL-076ad575fcb45f0f3224
神龙汽车有限公司专用线,RL-2e66cbd51698242571e9,2,unknown,unknown,车站线 / 类别待核实 / 连接线,station.unknown.spur_track,unresolved,,,,,search_results_available,2026-10-06T15:46:32.972Z,RL-2e66cbd51698242571e9
祥云财富铁路专用线,RL-07cf7679b76378a16a91|RL-edb1fba8adba04f1f403,23,industrial,industrial,车站线 / 工业铁路 / 连接线|轨道线 / 工业铁路 / 工业线,station.industrial.spur_track|track.industrial.industrial_line,osm_source_compared,,,,,search_results_available,2026-10-06T15:11:18.317Z,RL-07cf7679b76378a16a91|RL-edb1fba8adba04f1f403
禁溜线,RL-6134b391004d06b572cc|RL-fc60e3d50b7a1f5fa505,3,unknown,unknown,车站线 / 类别待核实 / 站场轨道线|车站线 / 类别待核实 / 连接线,station.unknown.spur_track|station.unknown.unknown,unresolved,,,,,search_results_available,2026-10-06T15:44:43.781Z,RL-6134b391004d06b572cc|ST-6b0258e90de12b230711
福前线,RL-75e74b38d41cb8c89faf|RL-c9e98a42fcdcf9a1ab3f,163,conventional,conventional,轨道线 / 普速铁路 / 正线,track.conventional.main_line,source_checked,,,https://www.nra.gov.cn/zzjg/jgj/syjd/sgsgg/201911/P020220825544637781349.pdf,,search_results_available,2026-10-06T15:06:23.518Z,RL-75e74b38d41cb8c89faf|RL-c9e98a42fcdcf9a1ab3f
福州南第二动车所走行线,RL-5b85d6e1d861f04f0d28|RL-6b2c22f055cda9df6337|RL-b20af3ce9fe61854e2b2,121,high_speed|unknown,high_speed|unknown,车站线 / 类别待核实 / 站场轨道线|车站线 / 高速铁路 / 站场轨道线 / 速度范围待核实|轨道线 / 类别待核实 / 线路功能待核实,station.high_speed.unknown.unknown|station.unknown.unknown|track.unknown.unknown,osm_source_compared|unresolved,,,,,search_results_available,2026-10-06T15:06:45.566Z,RL-6b2c22f055cda9df6337|RL-b20af3ce9fe61854e2b2|ST-24f32a76752ec7985042|ST-aad5f22507034707f226
福州港口后方铁路,RL-fdbe6a73dc52b447122b,42,unknown,unknown,在建 / 轨道线 / 类别待核实 / 线路功能待核实,track.unknown.unknown,unresolved,,line_role|track_role,,,search_results_available,2026-10-06T15:09:22.892Z,RL-fdbe6a73dc52b447122b
福州联络线,RL-6d9a6374c029f4e25ca5,46,unknown,unknown,轨道线 / 类别待核实 / 支线,track.unknown.branch_line,unresolved,,,,,search_results_available,2026-10-06T15:09:05.307Z,RL-6d9a6374c029f4e25ca5
福平线,RL-82d0adafbb9953444fe7,261,high_speed,high_speed,轨道线 / 高速铁路 / 正线 / 速度范围待核实,track.high_speed.main_line.unknown,osm_source_compared,,,,https://china-emu.cn/RailRoads/Line/?LineName=福平铁路,search_results_available,2026-10-06T15:04:47.119Z,RL-82d0adafbb9953444fe7
福平铁路高速联络线,RL-532fbe0b174e246576c3,38,high_speed,high_speed,轨道线 / 高速铁路 / 线路功能待核实 / 速度范围待核实,track.high_speed.unknown.unknown,osm_source_compared,,line_role,,,search_results_available,2026-10-06T15:09:35.524Z,RL-532fbe0b174e246576c3
福建外运河西储运有限公司专用线,RL-4cae14f07be21aff1939,1,industrial,industrial,车站线 / 工业铁路 / 连接线,station.industrial.spur_track,osm_source_compared,,,,,search_results_available,2026-10-06T15:49:11.675Z,RL-4cae14f07be21aff1939
福建省漳州市金属材料公司专用线,RL-cabacd375a6e43d6da14,3,industrial,industrial,车站线 / 工业铁路 / 连接线,station.industrial.spur_track,osm_source_compared,,,,,search_results_available,2026-10-06T15:44:43.781Z,RL-cabacd375a6e43d6da14
福粮线,RL-778adb7736b071a3fb62,1,unknown,unknown,车站线 / 类别待核实 / 连接线,station.unknown.spur_track,unresolved,,,,,search_results_available,2026-10-06T15:49:11.675Z,RL-778adb7736b071a3fb62
福马线,RL-685922df8690e633879b,57,unknown,unknown,轨道线 / 类别待核实 / 线路功能待核实,track.unknown.unknown,unresolved,,line_role|track_role,,,search_results_available,2026-10-06T15:08:28.518Z,RL-685922df8690e633879b
禹亳铁路,RL-578e58f1066ddc27983c|RL-66b03df756fecf8e1e92,79,unknown,unknown,在建 / 轨道线 / 类别待核实 / 正线|轨道线 / 类别待核实 / 正线,track.unknown.main_line,unresolved,,,,,search_results_available,2026-10-06T15:07:37.368Z,RL-578e58f1066ddc27983c|RL-66b03df756fecf8e1e92
禹亳铁路联络线,RL-59655f745d9908aacdf0,3,unknown,unknown,在建 / 轨道线 / 类别待核实 / 线路功能待核实,track.unknown.unknown,unresolved,,,,,search_results_available,2026-10-06T15:44:44.313Z,RL-59655f745d9908aacdf0
禹郏铁路,RL-44b3e2d4631ab568f6d7|RL-e3ea9bbda043b1e44f85,27,unknown,unknown,车站线 / 类别待核实 / 渡线|轨道线 / 类别待核实 / 支线,station.unknown.crossover|track.unknown.branch_line,unresolved,,,,,search_results_available,2026-10-06T15:10:41.776Z,RL-44b3e2d4631ab568f6d7|RL-e3ea9bbda043b1e44f85
禹郑铁路,RL-632b56b3a6ba98e301c4,2,unknown,unknown,轨道线 / 类别待核实 / 支线,track.unknown.branch_line,unresolved,,,,,search_results_available,2026-10-06T15:46:38.674Z,RL-632b56b3a6ba98e301c4
离堆公园线,RL-f1c32cac26a7a3a4ec7d,11,high_speed,high_speed,轨道线 / 高速铁路 / 支线 / 速度范围待核实,track.high_speed.branch_line.unknown,osm_source_compared,,,,,search_results_available,2026-10-06T15:22:46.107Z,RL-f1c32cac26a7a3a4ec7d
秋冷线,RL-19751856747a3ab5e466,8,conventional,conventional,轨道线 / 普速铁路 / 支线,track.conventional.branch_line,source_checked,,,https://www.nra.gov.cn/zzjg/jgj/syjd/sgsgg/201911/P020220825544637781349.pdf,,search_results_available,2026-10-06T15:25:24.990Z,RL-19751856747a3ab5e466
科环线,RL-11525c3521bfb021d202,13,unknown,unknown,轨道线 / 类别待核实 / 支线,track.unknown.branch_line,unresolved,,,,,search_results_available,2026-10-06T15:21:41.380Z,RL-11525c3521bfb021d202
秦东联络线,RL-53888ace2b064020e438,72,unknown,unknown,轨道线 / 类别待核实 / 正线,track.unknown.main_line,unresolved,,,,,search_results_available,2026-10-06T15:07:47.733Z,RL-53888ace2b064020e438
秦双联络线,RL-777b50b7af5c6efab74a,10,unknown,unknown,轨道线 / 类别待核实 / 支线,track.unknown.branch_line,unresolved,,,,https://china-emu.cn/RailRoads/Line/?LineName=秦双联络线,search_results_available,2026-10-06T15:23:43.302Z,RL-777b50b7af5c6efab74a
秦商联络线,RL-2c5908160042a2c124ad,8,high_speed,high_speed,轨道线 / 高速铁路 / 支线 / 速度范围待核实,track.high_speed.branch_line.unknown,osm_source_compared,,,,https://china-emu.cn/RailRoads/Line/?LineName=秦商联络线,search_results_available,2026-10-06T15:25:16.790Z,RL-2c5908160042a2c124ad
秦山线,RL-721a66c46fa68eb237d8,57,unknown,unknown,轨道线 / 类别待核实 / 支线,track.unknown.branch_line,unresolved,,,,,search_results_available,2026-10-06T15:08:28.518Z,RL-721a66c46fa68eb237d8
秦皇岛进出港线,RL-2c107e052a72fd32fb8d,58,unknown,unknown,轨道线 / 类别待核实 / 正线,track.unknown.main_line,unresolved,,,,,search_results_available,2026-10-06T15:08:21.877Z,RL-2c107e052a72fd32fb8d
秧田冲岔线,RL-1488a71b47e9cddbdfb2,7,unknown,unknown,轨道线 / 类别待核实 / 支线,track.unknown.branch_line,unresolved,,,,,search_results_available,2026-10-06T15:26:39.972Z,RL-1488a71b47e9cddbdfb2
程潮铁矿专用线,RL-53b489509cb9d6029d89,5,industrial,industrial,车站线 / 工业铁路 / 连接线,station.industrial.spur_track,osm_source_compared,,,,,search_results_available,2026-10-06T15:29:55.643Z,RL-53b489509cb9d6029d89
穆城联络线,RL-946d89bead8dc2ed9223,17,conventional,conventional,轨道线 / 普速铁路 / 联络线,track.conventional.connecting_line,source_checked,,,https://www.nra.gov.cn/zzjg/jgj/syjd/sgsgg/201911/P020220825544637781349.pdf,,search_results_available,2026-10-06T15:12:45.947Z,RL-946d89bead8dc2ed9223
穆棱摆渡线,RL-99634d9872fab8d18b97,13,unknown,unknown,轨道线 / 类别待核实 / 支线,track.unknown.branch_line,unresolved,,,,,search_results_available,2026-10-06T15:21:41.380Z,RL-99634d9872fab8d18b97
穆白联络线,RL-a562cd5b9431e10a281b,10,unknown,unknown,轨道线 / 类别待核实 / 支线,track.unknown.branch_line,unresolved,,,,,search_results_available,2026-10-06T15:23:43.302Z,RL-a562cd5b9431e10a281b
穗深城际线,RL-d6f5501818a563f3348d|RL-e5cbfe9a59c7c880df48,149,unknown,unknown,在建 / 轨道线 / 类别待核实 / 正线|轨道线 / 类别待核实 / 正线,track.unknown.main_line,unresolved,,,,,search_results_available,2026-10-06T15:06:34.565Z,RL-d6f5501818a563f3348d|RL-e5cbfe9a59c7c880df48
穗深城际铁路南延段,RL-b52a31d0ba6452bcb645,6,unknown,unknown,在建 / 车站线 / 类别待核实 / 站场轨道线|车站线 / 类别待核实 / 站场轨道线,station.unknown.unknown,unresolved,,construction_status,,,search_results_available,2026-10-06T15:28:04.746Z,ST-211f8e1481af2afc68fc|ST-34fadd462dbd79c52d0e|ST-a9b48a6c64bd9df13d80
空车线,RL-992c457446c35c6709c1|RL-9a232b4652e90eefeeaf,3,unknown,unknown,车站线 / 类别待核实 / 站场轨道线|车站线 / 类别待核实 / 连接线,station.unknown.spur_track|station.unknown.unknown,unresolved,,,,,search_results_available,2026-10-06T15:44:44.313Z,RL-9a232b4652e90eefeeaf|ST-72411c99c079b6bc4cc1
空车走行线,RL-1126dcfb810deaef253f,1,unknown,unknown,车站线 / 类别待核实 / 站场轨道线,station.unknown.unknown,unresolved,,,,,search_results_available,2026-10-06T15:49:11.675Z,ST-4972bb6e2a0706808c0b
穿山港线,RL-66ad340b7a14b73ee1f3,51,unknown,unknown,轨道线 / 类别待核实 / 支线,track.unknown.branch_line,unresolved,,,,,search_results_available,2026-10-06T15:08:43.007Z,RL-66ad340b7a14b73ee1f3
窑业线,RL-c9fd84888ebd957c4343,6,unknown,unknown,车站线 / 类别待核实 / 站场轨道线,station.unknown.unknown,unresolved,,,,,search_results_available,2026-10-06T15:28:04.746Z,ST-7e43f2447b0c5f74c7c2
窑街煤电铁运专用线,RL-3daa640bccb60f532f16,71,industrial,industrial,轨道线 / 工业铁路 / 工业线,track.industrial.industrial_line,osm_source_compared,,,,,search_results_available,2026-10-06T15:07:53.939Z,RL-3daa640bccb60f532f16
窑赵联络线,RL-3bca51b4cb579e829f2d,3,unknown,unknown,在建 / 轨道线 / 类别待核实 / 支线,track.unknown.branch_line,unresolved,,,,https://china-emu.cn/RailRoads/Line/?LineName=窑赵联络线,search_results_available,2026-10-06T15:44:44.313Z,RL-3bca51b4cb579e829f2d
立新矿线,RL-ac1a6c378d6d2a1592c4,6,industrial,industrial,车站线 / 工业铁路 / 连接线,station.industrial.spur_track,osm_source_compared,,,,,search_results_available,2026-10-06T15:28:04.510Z,RL-ac1a6c378d6d2a1592c4
站修线,RL-35a18b17c063ae866b11,2,unknown,unknown,车站线 / 类别待核实 / 站场轨道线,station.unknown.unknown,unresolved,,,,,search_results_available,2026-10-06T15:46:38.674Z,ST-6cd95f12135f30f61733
童家溪联络线,RL-c7b28a052560780eb8d0,38,unknown,unknown,在建 / 轨道线 / 类别待核实 / 支线,track.unknown.branch_line,unresolved,,,,,search_results_available,2026-10-06T15:09:35.524Z,RL-c7b28a052560780eb8d0
竹料存车场,RL-6576ef3a1cbce3a4458e,1,unknown,unknown,轨道线 / 类别待核实 / 线路功能待核实,track.unknown.unknown,unresolved,,,,,search_results_available,2026-10-06T15:49:11.675Z,RL-6576ef3a1cbce3a4458e
笕杭线,RL-4476a765b5069f3274fe,65,unknown,unknown,轨道线 / 类别待核实 / 正线,track.unknown.main_line,unresolved,,,,,search_results_available,2026-10-06T15:08:07.520Z,RL-4476a765b5069f3274fe
笕桥机场专用线,RL-6065c357c46cb4b2511e,3,unknown,unknown,车站线 / 类别待核实 / 连接线,station.unknown.spur_track,unresolved,,,,,search_results_available,2026-10-06T15:44:44.313Z,RL-6065c357c46cb4b2511e
笕桥机场侧线,RL-9ef432751ee63ca7cc86,2,unknown,unknown,车站线 / 类别待核实 / 站场轨道线,station.unknown.unknown,unresolved,,,,,search_results_available,2026-10-06T15:46:38.674Z,ST-18dc0b580779f9fe27d5|ST-272716fb9483e419bd0b
笕桥线,RL-a7f563ce802980222846,22,unknown,unknown,轨道线 / 类别待核实 / 正线,track.unknown.main_line,unresolved,,,,https://china-emu.cn/RailRoads/Line/?LineName=笕桥-杭州线,search_results_available,2026-10-06T15:11:30.853Z,RL-a7f563ce802980222846
符夹线,RL-3ebd52c8cc0e6187206c,352,unknown,conventional,轨道线 / 普速铁路 / 正线,track.conventional.main_line,user_verified,,,,https://china-emu.cn/RailRoads/Line/?LineName=符夹铁路,search_results_available,2026-10-06T15:04:36.483Z,RL-3ebd52c8cc0e6187206c
第一牵出线,RL-7e3b82c7db56cb106509,6,unknown,unknown,车站线 / 类别待核实 / 站场轨道线,station.unknown.unknown,unresolved,,,,,search_results_available,2026-10-06T15:28:04.510Z,ST-15b92ccf2082384d8f90
米易东联络线,RL-dc3cef3925be779cbfcb,20,unknown,unknown,轨道线 / 类别待核实 / 支线,track.unknown.branch_line,unresolved,,,,,search_results_available,2026-10-06T15:11:53.303Z,RL-dc3cef3925be779cbfcb
米雄联络线,RL-2683dd295e8b402779a9,12,unknown,high_speed,轨道线 / 高速铁路 / 联络线 / 速度范围待核实,track.high_speed.connecting_line.unknown,user_verified,line_role,,,https://china-emu.cn/RailRoads/Line/?LineName=米雄联络线,search_results_available,2026-10-06T15:22:06.108Z,RL-2683dd295e8b402779a9
粉厂线,RL-b79ffb78e6220205cc9f,4,unknown,unknown,车站线 / 类别待核实 / 连接线,station.unknown.spur_track,unresolved,,,,,search_results_available,2026-10-06T15:43:14.304Z,RL-b79ffb78e6220205cc9f
粉煤线,RL-a6f1c3b7460aeb0aa267,1,unknown,unknown,车站线 / 类别待核实 / 站场轨道线,station.unknown.unknown,unresolved,,,,,search_results_available,2026-10-06T15:54:44.678Z,ST-2ef03400652da33218e5
粗杂品线,RL-7166ee3ab44267845012,1,unknown,unknown,车站线 / 类别待核实 / 连接线,station.unknown.spur_track,unresolved,,,,,search_results_available,2026-10-06T15:54:44.678Z,RL-7166ee3ab44267845012
粤东城际线,RL-71301f60e3222108783b,66,unknown,unknown,在建 / 轨道线 / 类别待核实 / 正线,track.unknown.main_line,unresolved,,,,https://china-emu.cn/RailRoads/Line/?LineName=粤东城际铁路,search_results_available,2026-10-06T15:07:59.159Z,RL-71301f60e3222108783b
粮一线,RL-5cbb3f7ba614d298eabb,1,unknown,unknown,车站线 / 类别待核实 / 连接线,station.unknown.spur_track,unresolved,,,,,search_results_available,2026-10-06T15:54:36.526Z,RL-5cbb3f7ba614d298eabb
粮三线,RL-96ef1f4459d6b7d5f59b,1,unknown,unknown,车站线 / 类别待核实 / 连接线,station.unknown.spur_track,unresolved,,,,,search_results_available,2026-10-06T15:54:36.526Z,RL-96ef1f4459d6b7d5f59b
粮专线,RL-4988ba0bacb073ad5009|RL-5b95605c73559ad99d51,59,unknown,unknown,车站线 / 类别待核实 / 站场轨道线|车站线 / 类别待核实 / 连接线,station.unknown.spur_track|station.unknown.unknown,unresolved,,,,,search_results_available,2026-10-06T15:08:21.419Z,RL-4988ba0bacb073ad5009|ST-1ef664c0c0a798b0b34a|ST-32aac8db1db414c7f04d|ST-dcc7658bf5e023911ab7
粮北线,RL-75ddba674404eb02a3b0,2,unknown,unknown,车站线 / 类别待核实 / 连接线,station.unknown.spur_track,unresolved,,,,,search_results_available,2026-10-06T15:46:38.674Z,RL-75ddba674404eb02a3b0
粮库专用线,RL-15be261ced61aa770bd4,1,unknown,unknown,车站线 / 类别待核实 / 连接线,station.unknown.spur_track,unresolved,,,,,search_results_available,2026-10-06T15:54:10.231Z,RL-15be261ced61aa770bd4
粮库线,RL-076634444d465e5920fc|RL-c28e5b1fb8ed89d30f4e,31,unknown,unknown,车站线 / 类别待核实 / 站场轨道线|车站线 / 类别待核实 / 连接线,station.unknown.spur_track|station.unknown.unknown,unresolved,,,,,search_results_available,2026-10-06T15:10:16.551Z,RL-c28e5b1fb8ed89d30f4e|ST-330d333437ac4787bb36
粮油线,RL-34f7ffefa640b4e191c7,5,unknown,unknown,车站线 / 类别待核实 / 连接线,station.unknown.spur_track,unresolved,,,,,search_results_available,2026-10-06T15:29:53.175Z,RL-34f7ffefa640b4e191c7
粮贸线,RL-ac7a1ba9b9bfb0f09d7c,3,unknown,unknown,车站线 / 类别待核实 / 连接线,station.unknown.spur_track,unresolved,,,,,search_results_available,2026-10-06T15:44:49.492Z,RL-ac7a1ba9b9bfb0f09d7c
粮食四库专用线,RL-cfdb6cf6ddb32a76f237,8,unknown,unknown,车站线 / 类别待核实 / 连接线,station.unknown.spur_track,unresolved,,,,,search_results_available,2026-10-06T15:25:16.790Z,RL-cfdb6cf6ddb32a76f237
粮食线,RL-f698254b10ec8b6c37ab,4,unknown,unknown,车站线 / 类别待核实 / 连接线,station.unknown.spur_track,unresolved,,,,,search_results_available,2026-10-06T15:43:16.662Z,RL-f698254b10ec8b6c37ab
精霍线,RL-e206ffb777c5de4067c7,575,unknown,unknown,轨道线 / 类别待核实 / 正线,track.unknown.main_line,unresolved,,,,https://china-emu.cn/RailRoads/Line/?LineName=精霍铁路,search_results_available,2026-10-06T15:04:07.956Z,RL-e206ffb777c5de4067c7
糖专线,RL-51ebea55c0d8c9d2ec54,2,unknown,unknown,车站线 / 类别待核实 / 连接线,station.unknown.spur_track,unresolved,,,,,search_results_available,2026-10-06T15:46:40.095Z,RL-51ebea55c0d8c9d2ec54
紫云线,RL-adf26bd06ff8496d947c,1,unknown,unknown,轨道线 / 类别待核实 / 正线,track.unknown.main_line,unresolved,,,,,search_results_available,2026-10-06T15:54:25.785Z,RL-adf26bd06ff8496d947c
紫姚线,RL-0ac850fce80f6b7c566a,1,unknown,unknown,轨道线 / 类别待核实 / 线路功能待核实,track.unknown.unknown,unresolved,,,,,search_results_available,2026-10-06T15:54:36.526Z,RL-0ac850fce80f6b7c566a
綦江铁矿专用线,RL-0323d224036c8d45c43d,3,industrial,industrial,车站线 / 工业铁路 / 连接线,station.industrial.spur_track,osm_source_compared,,,,,search_results_available,2026-10-06T15:44:49.492Z,RL-0323d224036c8d45c43d
红一线,RL-d71a630ebc86714d0ac7,44,unknown,unknown,轨道线 / 类别待核实 / 支线,track.unknown.branch_line,unresolved,,,,,search_results_available,2026-10-06T15:09:11.570Z,RL-d71a630ebc86714d0ac7
红会线,RL-816ee801654735c1eef9,48,unknown,unknown,轨道线 / 类别待核实 / 支线,track.unknown.branch_line,unresolved,,,,,search_results_available,2026-10-06T15:08:58.628Z,RL-816ee801654735c1eef9
红会铁路,RL-aaadc73f1b201385225a,132,unknown,unknown,轨道线 / 类别待核实 / 支线,track.unknown.branch_line,unresolved,,,,,search_results_available,2026-10-06T15:06:38.748Z,RL-aaadc73f1b201385225a
红光线,RL-0a70820523ec29d2498a,13,unknown,unknown,轨道线 / 类别待核实 / 支线,track.unknown.branch_line,unresolved,,,,,search_results_available,2026-10-06T15:21:39.434Z,RL-0a70820523ec29d2498a
红卫专用线,RL-031cfa4a1e37a0552fe8,4,unknown,unknown,车站线 / 类别待核实 / 连接线,station.unknown.spur_track,unresolved,,,,,search_results_available,2026-10-06T15:43:16.662Z,RL-031cfa4a1e37a0552fe8
红安联络线,RL-36d56dc8a7f98b2bcb25,4,unknown,unknown,轨道线 / 类别待核实 / 线路功能待核实,track.unknown.unknown,unresolved,,,,,search_results_available,2026-10-06T15:43:16.662Z,RL-36d56dc8a7f98b2bcb25
红岛动走A,RL-d1df3a3cc0586558dc5d,16,unknown,unknown,轨道线 / 类别待核实 / 支线,track.unknown.branch_line,unresolved,,,,,search_results_available,2026-10-06T15:20:19.065Z,RL-d1df3a3cc0586558dc5d
红岛动走B,RL-e39b692c2c02b9d38680,15,unknown,unknown,轨道线 / 类别待核实 / 支线,track.unknown.branch_line,unresolved,,,,,search_results_available,2026-10-06T15:20:44.651Z,RL-e39b692c2c02b9d38680
红岛发车线,RL-048788fc083c9955c40c|RL-e62ebd2df9e1a9888db0,12,high_speed|unknown,high_speed|unknown,轨道线 / 类别待核实 / 支线|轨道线 / 高速铁路 / 支线 / 速度范围待核实,track.high_speed.branch_line.unknown|track.unknown.branch_line,osm_source_compared|unresolved,,,,,search_results_available,2026-10-06T15:22:04.954Z,RL-048788fc083c9955c40c|RL-e62ebd2df9e1a9888db0
红岭专用线,RL-6f0ddcc2ddbaf1680aa4,6,unknown,unknown,车站线 / 类别待核实 / 连接线,station.unknown.spur_track,unresolved,,,,,search_results_available,2026-10-06T15:28:04.510Z,RL-6f0ddcc2ddbaf1680aa4
红岭线,RL-b56f764c90c710bce4ac,19,unknown,unknown,轨道线 / 类别待核实 / 支线,track.unknown.branch_line,unresolved,,,,,search_results_available,2026-10-06T15:54:00.530Z,RL-b56f764c90c710bce4ac
红峰疏解线,RL-7dc25e1072d3daf78ce8,7,conventional,conventional,轨道线 / 普速铁路 / 联络线,track.conventional.connecting_line,source_checked,,,https://www.nra.gov.cn/zzjg/jgj/syjd/sgsgg/201911/P020220825544637781349.pdf,,search_results_available,2026-10-06T15:26:40.472Z,RL-7dc25e1072d3daf78ce8
红峰线,RL-4662bce6825d559eba34,14,conventional,conventional,轨道线 / 普速铁路 / 正线,track.conventional.main_line,source_checked,,,https://www.nra.gov.cn/zzjg/jgj/syjd/sgsgg/201911/P020220825544637781349.pdf,,search_results_available,2026-10-06T15:21:12.154Z,RL-4662bce6825d559eba34
红柠铁路,RL-f556879cd5beb62ae28a,58,unknown,unknown,轨道线 / 类别待核实 / 线路功能待核实,track.unknown.unknown,unresolved,,line_role|track_role,,,search_results_available,2026-10-06T15:08:21.877Z,RL-f556879cd5beb62ae28a
红淖线,RL-0da6a977c38221c48737,112,unknown,unknown,轨道线 / 类别待核实 / 正线,track.unknown.main_line,unresolved,,,,,search_results_available,2026-10-06T15:54:15.153Z,RL-0da6a977c38221c48737
纯洲岛支线,RL-d74fd0c71da9894aa736,2,industrial,industrial,车站线 / 工业铁路 / 连接线,station.industrial.spur_track,osm_source_compared,,,,,search_results_available,2026-10-06T15:46:40.095Z,RL-d74fd0c71da9894aa736
绥东线,RL-87a3822e8e5434dc6aaf,52,unknown,unknown,轨道线 / 类别待核实 / 正线,track.unknown.main_line,unresolved,,,,,search_results_available,2026-10-06T15:08:34.928Z,RL-87a3822e8e5434dc6aaf
绥佳线,RL-dc7dd549703c9a2d6bdc,550,conventional,conventional,轨道线 / 普速铁路 / 正线,track.conventional.main_line,source_checked,,,https://www.nra.gov.cn/zzjg/jgj/syjd/sgsgg/201911/P020220825544637781349.pdf,,search_results_available,2026-10-06T15:04:07.143Z,RL-dc7dd549703c9a2d6bdc
绥化线,RL-87d05f33325f2488d711,1,unknown,unknown,车站线 / 类别待核实 / 站场轨道线,station.unknown.unknown,unresolved,,,,,search_results_available,2026-10-06T15:54:31.871Z,ST-e8f9f69b27a4fdeb719a
绥化经济技术开发区铁路专用线,RL-3fa20b8b7b5c86eb1b80,21,industrial,industrial,车站线 / 工业铁路 / 连接线,station.industrial.spur_track,osm_source_compared,,,,,search_results_available,2026-10-06T15:11:41.466Z,RL-3fa20b8b7b5c86eb1b80
绥鑫专用线,RL-73c0217e21fde3ee2b8f,2,unknown,unknown,车站线 / 类别待核实 / 连接线,station.unknown.spur_track,unresolved,,,,,search_results_available,2026-10-06T15:46:40.095Z,RL-73c0217e21fde3ee2b8f
绥阳南联络线,RL-0bb2a9fee2a1708c4910,8,conventional,conventional,轨道线 / 普速铁路 / 联络线,track.conventional.connecting_line,source_checked,,,https://www.nra.gov.cn/zzjg/jgj/syjd/sgsgg/201911/P020220825544637781349.pdf,,search_results_available,2026-10-06T15:25:16.790Z,RL-0bb2a9fee2a1708c4910
绵泸/渝昆连接线,RL-84d29482a88d0743f11a,5,high_speed,high_speed,轨道线 / 高速铁路 / 支线 / 速度范围待核实,track.high_speed.branch_line.unknown,osm_source_compared,,,,,search_results_available,2026-10-06T15:29:53.175Z,RL-84d29482a88d0743f11a
绵泸高速线,RL-bc5f29d20db287803fa6|RL-dbd13ba2063abba98032,606,high_speed,high_speed,在建 / 轨道线 / 高速铁路 / 正线 / 250–300 km/h|轨道线 / 高速铁路 / 正线 / 250–300 km/h,track.high_speed.main_line.250-300,osm_source_compared,,,,https://china-emu.cn/RailRoads/Line/?LineName=绵泸高速铁路,search_results_available,2026-10-06T15:03:56.107Z,RL-bc5f29d20db287803fa6|RL-dbd13ba2063abba98032
罗定铁路,RL-2c049d36fd4c3ec825f2,57,unknown,unknown,轨道线 / 类别待核实 / 线路功能待核实,track.unknown.unknown,unresolved,,railway_class|line_role,,,search_results_available,2026-10-06T15:08:28.518Z,RL-2c049d36fd4c3ec825f2
罗屿支线,RL-bbd2fb4687b46f0a2dea,4,unknown,unknown,轨道线 / 类别待核实 / 支线,track.unknown.branch_line,unresolved,,,,,search_results_available,2026-10-06T15:43:16.662Z,RL-bbd2fb4687b46f0a2dea
罗若线,RL-300f2119aff5ad6f9b7c,3,unknown,unknown,轨道线 / 类别待核实 / 正线,track.unknown.main_line,unresolved,,,,,search_results_available,2026-10-06T15:44:49.492Z,RL-300f2119aff5ad6f9b7c
罗荣庄联络线,RL-c618edd6b1500cf2993d,6,unknown,unknown,在建 / 轨道线 / 类别待核实 / 线路功能待核实,track.unknown.unknown,unresolved,,,,,search_results_available,2026-10-06T15:28:04.510Z,RL-c618edd6b1500cf2993d
羊场铁路,RL-c78c11970432f8d608d0,58,unknown,unknown,轨道线 / 类别待核实 / 支线,track.unknown.branch_line,unresolved,,,,,search_results_available,2026-10-06T15:08:21.877Z,RL-c78c11970432f8d608d0
美华线,RL-ec291ef21176fe878cf9,3,unknown,unknown,车站线 / 类别待核实 / 连接线,station.unknown.spur_track,unresolved,,,,,search_results_available,2026-10-06T15:44:49.492Z,RL-ec291ef21176fe878cf9
翔南环到线,RL-76aca82f95340d6a0617,4,unknown,unknown,轨道线 / 类别待核实 / 支线,track.unknown.branch_line,unresolved,,,,,search_results_available,2026-10-06T15:43:21.496Z,RL-76aca82f95340d6a0617
翔南联络A线,RL-5f0491483ef079de0aaf,14,unknown,unknown,轨道线 / 类别待核实 / 支线,track.unknown.branch_line,unresolved,,,,,search_results_available,2026-10-06T15:21:12.154Z,RL-5f0491483ef079de0aaf
翔西联络线,RL-bcd74acce301c703297c,2,unknown,unknown,轨道线 / 类别待核实 / 支线,track.unknown.branch_line,unresolved,,,,,search_results_available,2026-10-06T15:46:40.095Z,RL-bcd74acce301c703297c
老幸联络线,RL-523a6d9d85b60e9e0a98,18,unknown,unknown,轨道线 / 类别待核实 / 支线,track.unknown.branch_line,unresolved,,,,https://china-emu.cn/RailRoads/Line/?LineName=老幸联络线,search_results_available,2026-10-06T15:12:24.648Z,RL-523a6d9d85b60e9e0a98
老成昆铁路,RL-67a931b1d27441a55b1d,4,unknown,unknown,车站线 / 类别待核实 / 站场轨道线,station.unknown.unknown,unresolved,,,,,search_results_available,2026-10-06T15:43:21.496Z,ST-2a91430e9f2e69a7c1bf
老滨绥铁路,RL-d55fb0bca1c9842d3df2,8,unknown,conventional,轨道线 / 普速铁路 / 正线,track.conventional.main_line,user_verified,line_role,,,,search_results_available,2026-10-06T15:25:16.790Z,RL-d55fb0bca1c9842d3df2
老辽溪线,RL-ed6d77ff7e55bb2ee5d5,1,unknown,unknown,轨道线 / 类别待核实 / 线路功能待核实,track.unknown.unknown,unresolved,,,,,search_results_available,2026-10-06T15:54:31.871Z,RL-ed6d77ff7e55bb2ee5d5
耒新线,RL-a378f4d9db7b2df43738,23,unknown,unknown,轨道线 / 类别待核实 / 支线,track.unknown.branch_line,unresolved,,,,,search_results_available,2026-10-06T15:11:18.317Z,RL-a378f4d9db7b2df43738
耿义联络线,RL-b672c68d1325064595fe,7,unknown,unknown,轨道线 / 类别待核实 / 正线,track.unknown.main_line,unresolved,,,,https://china-emu.cn/RailRoads/Line/?LineName=耿义联络线,search_results_available,2026-10-06T15:26:40.472Z,RL-b672c68d1325064595fe
聊城西动走A线,RL-0f2a9f949558ef21511d,2,unknown,unknown,轨道线 / 类别待核实 / 支线,track.unknown.branch_line,unresolved,,,,,search_results_available,2026-10-06T15:46:38.426Z,RL-0f2a9f949558ef21511d
聊城西动走B线,RL-ecd742c16ce807c80c1c,2,unknown,unknown,轨道线 / 类别待核实 / 支线,track.unknown.branch_line,unresolved,,,,,search_results_available,2026-10-06T15:46:38.426Z,RL-ecd742c16ce807c80c1c
联12线,RL-eedbe14a7f6ea0a4b632,6,unknown,unknown,车站线 / 类别待核实 / 站场轨道线,station.unknown.unknown,unresolved,,line_role,,,search_results_available,2026-10-06T15:28:19.573Z,ST-dff3d2f7768df41f2ae5
联2线,RL-c180bb8a334a375508c9,5,unknown,unknown,车站线 / 类别待核实 / 站场轨道线,station.unknown.unknown,unresolved,,line_role,,,search_results_available,2026-10-06T15:29:53.175Z,ST-0facf7fc682e7e366592|ST-dff3d2f7768df41f2ae5
联3线,RL-a68e94803d09f7de5bec|RL-b3b2a6247c52b50d116b,9,unknown,unknown,车站线 / 类别待核实 / 站场轨道线,station.unknown.unknown,unresolved,,line_role,,,search_results_available,2026-10-06T15:24:19.664Z,ST-0facf7fc682e7e366592|ST-70592964278048877cfb|ST-dff3d2f7768df41f2ae5
联4线,RL-86c2278876e8d4decacf,2,unknown,unknown,车站线 / 类别待核实 / 站场轨道线,station.unknown.unknown,unresolved,,line_role,,,search_results_available,2026-10-06T15:46:38.426Z,ST-0facf7fc682e7e366592|ST-dff3d2f7768df41f2ae5
联6线,RL-e9bd0eeacb68d086ed75,5,unknown,unknown,车站线 / 类别待核实 / 站场轨道线,station.unknown.unknown,unresolved,,line_role,,,search_results_available,2026-10-06T15:29:53.175Z,ST-0facf7fc682e7e366592|ST-dff3d2f7768df41f2ae5
联7线,RL-65d8ebe9ed490c43d9ba,3,unknown,unknown,车站线 / 类别待核实 / 站场轨道线,station.unknown.unknown,unresolved,,line_role,,,search_results_available,2026-10-06T15:44:50.138Z,ST-dff3d2f7768df41f2ae5
联8线,RL-0106f825ff6b8913e04c,3,unknown,unknown,车站线 / 类别待核实 / 站场轨道线,station.unknown.unknown,unresolved,,line_role,,,search_results_available,2026-10-06T15:44:50.138Z,ST-0facf7fc682e7e366592|ST-dff3d2f7768df41f2ae5
联营线,RL-ac5814468b43c001c5f0|RL-d3185717792ee45f8ec7,8,unknown,unknown,车站线 / 类别待核实 / 站场轨道线|车站线 / 类别待核实 / 连接线,station.unknown.spur_track|station.unknown.unknown,unresolved,,,,,search_results_available,2026-10-06T15:25:31.193Z,RL-ac5814468b43c001c5f0|ST-3e42b4b566f6cab9f46b
肃宁上联线,RL-783c6bd91cde5bbb1085,29,unknown,unknown,轨道线 / 类别待核实 / 支线,track.unknown.branch_line,unresolved,,,,,search_results_available,2026-10-06T15:10:29.624Z,RL-783c6bd91cde5bbb1085
肃宁下联线,RL-b8fb51e7023d07327f2c,15,unknown,unknown,轨道线 / 类别待核实 / 支线,track.unknown.branch_line,unresolved,,,,,search_results_available,2026-10-06T15:20:44.651Z,RL-b8fb51e7023d07327f2c
肉联厂专用线,RL-401a35ac47b6e2ceaf46,1,unknown,unknown,车站线 / 类别待核实 / 连接线,station.unknown.spur_track,unresolved,,,,,search_results_available,2026-10-06T15:54:44.678Z,RL-401a35ac47b6e2ceaf46
肉联厂线,RL-82b4de5dc4e6f94b70e2,4,unknown,unknown,车站线 / 类别待核实 / 连接线,station.unknown.spur_track,unresolved,,,,,search_results_available,2026-10-06T15:43:21.496Z,RL-82b4de5dc4e6f94b70e2
肥东合肥联络线,RL-0f33eb2e67502d682ae1|RL-390d30fb74560e12b8f8,34,unknown,unknown,在建 / 轨道线 / 类别待核实 / 支线|轨道线 / 类别待核实 / 支线,track.unknown.branch_line,unresolved,,,,,search_results_available,2026-10-06T15:09:52.637Z,RL-0f33eb2e67502d682ae1|RL-390d30fb74560e12b8f8
肥皂线,RL-47ee0e3b3f229aba4500|RL-b98c85cfa2180b484771,3,unknown,unknown,车站线 / 类别待核实 / 站场轨道线|车站线 / 类别待核实 / 连接线,station.unknown.spur_track|station.unknown.unknown,unresolved,,,,,search_results_available,2026-10-06T15:44:50.138Z,RL-47ee0e3b3f229aba4500|ST-7e43f2447b0c5f74c7c2
肥西联络线,RL-9d4fa5965c51817ea444,11,high_speed,high_speed,轨道线 / 高速铁路 / 联络线 / 速度范围待核实,track.high_speed.connecting_line.unknown,osm_source_compared,line_role,,,https://china-emu.cn/RailRoads/Line/?LineName=肥西联络线,search_results_available,2026-10-06T15:22:40.823Z,RL-9d4fa5965c51817ea444
胶州北直通线,RL-94b7b98a6d131584f4e6,36,high_speed,high_speed,轨道线 / 高速铁路 / 支线 / 速度范围待核实,track.high_speed.branch_line.unknown,osm_source_compared,,,,,search_results_available,2026-10-06T15:09:48.900Z,RL-94b7b98a6d131584f4e6
胶州北联络线,RL-3ad90e394c7a0d35cc1b,2,high_speed,high_speed,轨道线 / 高速铁路 / 支线 / 速度范围待核实,track.high_speed.branch_line.unknown,osm_source_compared,,,,,search_results_available,2026-10-06T15:46:38.426Z,RL-3ad90e394c7a0d35cc1b
胶新疏解线,RL-a91c4ef874f952448764,37,unknown,unknown,轨道线 / 类别待核实 / 支线,track.unknown.branch_line,unresolved,,,,,search_results_available,2026-10-06T15:09:39.800Z,RL-a91c4ef874f952448764
胶新线,RL-48f1ccbf1f70babc0584,576,unknown,unknown,轨道线 / 类别待核实 / 正线,track.unknown.main_line,unresolved,,,,,search_results_available,2026-10-06T15:04:07.956Z,RL-48f1ccbf1f70babc0584
胶济客专线,RL-8e71a30649b3ed2f9f16,1026,high_speed,high_speed,轨道线 / 高速铁路 / 正线 / 速度范围待核实,track.high_speed.main_line.unknown,osm_source_compared,,,,,search_results_available,2026-10-06T15:03:36.077Z,RL-8e71a30649b3ed2f9f16
胶济线,RL-c728b30467a494ad2886,1330,unknown,conventional,轨道线 / 普速铁路 / 正线,track.conventional.main_line,user_verified,,,,,search_results_available,2026-10-06T15:03:21.202Z,RL-c728b30467a494ad2886
胶济联络线,RL-d18a711b61270b7799ca,1,unknown,unknown,轨道线 / 类别待核实 / 支线,track.unknown.branch_line,unresolved,,,,,search_results_available,2026-10-06T15:54:41.522Z,RL-d18a711b61270b7799ca
胶荣联络线,RL-9eb439edf70c58794067,14,unknown,unknown,轨道线 / 类别待核实 / 联络线,track.unknown.connecting_line,unresolved,line_role,,,https://china-emu.cn/RailRoads/Line/?LineName=胶荣联络线,search_results_available,2026-10-06T15:21:12.154Z,RL-9eb439edf70c58794067
胶辛联络线,RL-af5d40b41f349347dd45,19,unknown,unknown,轨道线 / 类别待核实 / 支线,track.unknown.branch_line,unresolved,,,,,search_results_available,2026-10-06T15:54:05.860Z,RL-af5d40b41f349347dd45
胶黄线,RL-232f55d74cb80ee2d6c5,231,unknown,unknown,轨道线 / 类别待核实 / 正线,track.unknown.main_line,unresolved,,,,,search_results_available,2026-10-06T15:05:54.670Z,RL-232f55d74cb80ee2d6c5
自备电厂线,RL-384923b002d91c595e1d,8,unknown,unknown,车站线 / 类别待核实 / 连接线,station.unknown.spur_track,unresolved,,,,,search_results_available,2026-10-06T15:25:31.193Z,RL-384923b002d91c595e1d
致白联络线,RL-796e8517ba8096a4f77c,8,unknown,unknown,轨道线 / 类别待核实 / 支线,track.unknown.branch_line,unresolved,,,,,search_results_available,2026-10-06T15:25:31.193Z,RL-796e8517ba8096a4f77c
航油线,RL-73bbc37e21c4113fab49,4,unknown,unknown,车站线 / 类别待核实 / 站场轨道线,station.unknown.unknown,unresolved,,line_role,,,search_results_available,2026-10-06T15:43:21.496Z,ST-0946300980c0d8c50d2d
艮东联络线,RL-dc84d6166cceb06d70cb,16,unknown,unknown,轨道线 / 类别待核实 / 线路功能待核实,track.unknown.unknown,unresolved,,line_role|track_role,,,search_results_available,2026-10-06T15:20:19.065Z,RL-dc84d6166cceb06d70cb
良陈线,RL-942663db4f192367699a,69,unknown,unknown,轨道线 / 类别待核实 / 支线,track.unknown.branch_line,unresolved,,,,,search_results_available,2026-10-06T15:07:52.378Z,RL-942663db4f192367699a
芜湖东联络A线,RL-7a9eb4061602e49df8e2,5,unknown,unknown,轨道线 / 类别待核实 / 支线,track.unknown.branch_line,unresolved,,,,,search_results_available,2026-10-06T15:29:59.339Z,RL-7a9eb4061602e49df8e2
芜湖东联络B线,RL-ef42286e94f30eaa044e,18,unknown,unknown,轨道线 / 类别待核实 / 支线,track.unknown.branch_line,unresolved,,,,,search_results_available,2026-10-06T15:12:24.648Z,RL-ef42286e94f30eaa044e
芜湖中铁科吉富轨道有限公司专用线,RL-06a952411e574dff05cc,1,industrial,industrial,车站线 / 工业铁路 / 连接线,station.industrial.spur_track,osm_source_compared,,,,,search_results_available,2026-10-06T15:54:44.678Z,RL-06a952411e574dff05cc
芜铜线,RL-330e7d82f1eb262ccc60,105,unknown,unknown,轨道线 / 类别待核实 / 正线,track.unknown.main_line,unresolved,,,,,search_results_available,2026-10-06T15:07:04.275Z,RL-330e7d82f1eb262ccc60
芦潮港线,RL-a5488ea3e48305f1c51a,37,unknown,unknown,轨道线 / 类别待核实 / 支线,track.unknown.branch_line,unresolved,,,,,search_results_available,2026-10-06T15:09:39.800Z,RL-a5488ea3e48305f1c51a
芦茅江煤矿专用线,RL-2a7aabbc408858323652,1,unknown,unknown,车站线 / 类别待核实 / 连接线,station.unknown.spur_track,unresolved,,,,,search_results_available,2026-10-06T15:54:41.521Z,RL-2a7aabbc408858323652
芦草沟线,RL-17971ebde1173ab4cb4f,64,unknown,unknown,轨道线 / 类别待核实 / 支线,track.unknown.branch_line,unresolved,,,,,search_results_available,2026-10-06T15:08:06.998Z,RL-17971ebde1173ab4cb4f
花广联络线,RL-577273fe90c4b6d81a56,46,high_speed,high_speed,轨道线 / 高速铁路 / 支线 / 150–200 km/h,track.high_speed.branch_line.150-200,osm_source_compared,,,,https://china-emu.cn/RailRoads/Line/?LineName=花广联络线,search_results_available,2026-10-06T15:09:05.307Z,RL-577273fe90c4b6d81a56
芳八线,RL-e06943ffe2bca0523c2a,5,unknown,unknown,轨道线 / 类别待核实 / 支线,track.unknown.branch_line,unresolved,,,,,search_results_available,2026-10-06T15:29:59.339Z,RL-e06943ffe2bca0523c2a
苇亚线,RL-fccb511594dda63988ae,25,conventional,conventional,轨道线 / 普速铁路 / 支线,track.conventional.branch_line,source_checked,,,https://www.nra.gov.cn/zzjg/jgj/syjd/sgsgg/201911/P020220825544637781349.pdf,,search_results_available,2026-10-06T15:10:59.553Z,RL-fccb511594dda63988ae
苏北联三线,RL-8d9ca0fe03a360732c1b,2,unknown,unknown,轨道线 / 类别待核实 / 支线,track.unknown.branch_line,unresolved,,,,,search_results_available,2026-10-06T15:46:39.469Z,RL-8d9ca0fe03a360732c1b
苏北联二线,RL-55890de0a0f50e02c558,3,unknown,unknown,轨道线 / 类别待核实 / 支线,track.unknown.branch_line,unresolved,,,,,search_results_available,2026-10-06T15:44:50.138Z,RL-55890de0a0f50e02c558
苏抚线,RL-37e24023018663f8d670,189,unknown,unknown,轨道线 / 类别待核实 / 正线,track.unknown.main_line,unresolved,,,,,search_results_available,2026-10-06T15:06:09.882Z,RL-37e24023018663f8d670
若和线,RL-a775711931cbdafc0597,546,unknown,unknown,轨道线 / 类别待核实 / 正线,track.unknown.main_line,unresolved,,,,,search_results_available,2026-10-06T15:04:07.143Z,RL-a775711931cbdafc0597
范家联络线,RL-fd28c2bf55176416176e,11,unknown,unknown,轨道线 / 类别待核实 / 支线,track.unknown.branch_line,unresolved,,,,https://china-emu.cn/RailRoads/Line/?LineName=范家联络线,search_results_available,2026-10-06T15:22:40.823Z,RL-fd28c2bf55176416176e
范辛铁路,RL-0d9f1ace4f5a3e5bfa50,64,unknown,unknown,轨道线 / 类别待核实 / 支线,track.unknown.branch_line,unresolved,,,,,search_results_available,2026-10-06T15:08:06.998Z,RL-0d9f1ace4f5a3e5bfa50
茅周联络线,RL-e0d9054df262be024fc2,8,unknown,unknown,轨道线 / 类别待核实 / 正线,track.unknown.main_line,unresolved,,,,,search_results_available,2026-10-06T15:25:31.193Z,RL-e0d9054df262be024fc2
茶卡线,RL-4d45f8349656fbc79346,37,unknown,unknown,轨道线 / 类别待核实 / 支线,track.unknown.branch_line,unresolved,,,,,search_results_available,2026-10-06T15:09:39.800Z,RL-4d45f8349656fbc79346
茶山坳联络线,RL-37eadf3a347310f85cf1,14,unknown,unknown,轨道线 / 类别待核实 / 支线,track.unknown.branch_line,unresolved,,,,,search_results_available,2026-10-06T15:21:12.154Z,RL-37eadf3a347310f85cf1
茶高线,RL-6b4ca686c91545484c54|RL-d46212a8dc84a0d7b273,7,unknown,unknown,轨道线 / 类别待核实 / 正线|轨道线 / 类别待核实 / 线路功能待核实,track.unknown.main_line|track.unknown.unknown,unresolved,,,,,search_results_available,2026-10-06T15:26:40.472Z,RL-6b4ca686c91545484c54|RL-d46212a8dc84a0d7b273
荆东支线,RL-0c0596b39ab4415f859c,22,unknown,unknown,轨道线 / 类别待核实 / 支线,track.unknown.branch_line,unresolved,,,,,search_results_available,2026-10-06T15:11:30.853Z,RL-0c0596b39ab4415f859c
荆东联络线,RL-072d1158e61094244f70,3,unknown,unknown,车站线 / 类别待核实 / 站场轨道线,station.unknown.unknown,unresolved,,,,,search_results_available,2026-10-06T15:44:51.046Z,ST-8d0026c09af7cab33d77
荆宜三四线（预留）,RL-d5e5084598c45b07a338,2,high_speed,high_speed,在建 / 轨道线 / 高速铁路 / 正线 / 速度范围待核实,track.high_speed.main_line.unknown,osm_source_compared,,,,,search_results_available,2026-10-06T15:46:39.469Z,RL-d5e5084598c45b07a338
荆州西站联络线,RL-3410cde5c06dac608e97,2,unknown,unknown,轨道线 / 类别待核实 / 支线,track.unknown.branch_line,unresolved,,,,,search_results_available,2026-10-06T15:46:39.469Z,RL-3410cde5c06dac608e97
荆沙线,RL-b4b3bf15c57d6648ecab,84,unknown,unknown,轨道线 / 类别待核实 / 支线,track.unknown.branch_line,unresolved,,,,,search_results_available,2026-10-06T15:54:05.860Z,RL-b4b3bf15c57d6648ecab
荆荆高速线,RL-7844b11db196b754ac27,75,high_speed,high_speed,轨道线 / 高速铁路 / 正线 / 300–350 km/h,track.high_speed.main_line.300-350,osm_source_compared,,,,https://china-emu.cn/RailRoads/Line/?LineName=荆荆高速铁路,search_results_available,2026-10-06T15:07:44.083Z,RL-7844b11db196b754ac27
荆荆高铁南延线（规划）,RL-0359a39a498ffb66a0ed,2,high_speed,high_speed,在建 / 轨道线 / 高速铁路 / 正线 / 速度范围待核实,track.high_speed.main_line.unknown,osm_source_compared,,,,,search_results_available,2026-10-06T15:46:39.469Z,RL-0359a39a498ffb66a0ed
草官线,RL-cc2799e6ac4849f7dcd7,3,unknown,unknown,轨道线 / 类别待核实 / 支线,track.unknown.branch_line,unresolved,,,,,search_results_available,2026-10-06T15:44:51.046Z,RL-cc2799e6ac4849f7dcd7
草店村疏解线,RL-88d16120333f68ce406f,4,high_speed,high_speed,轨道线 / 高速铁路 / 支线 / 速度范围待核实,track.high_speed.branch_line.unknown,osm_source_compared,,,,https://china-emu.cn/RailRoads/Line/?LineName=草店村疏解线,search_results_available,2026-10-06T15:43:20.870Z,RL-88d16120333f68ce406f
草桥联络线,RL-55fe09595df52c018447,15,unknown,unknown,轨道线 / 类别待核实 / 支线,track.unknown.branch_line,unresolved,,,,,search_results_available,2026-10-06T15:20:52.809Z,RL-55fe09595df52c018447
荔南联络线,RL-7d3d4334373ddfa919bd|RL-d8a6a5b13ab35672a76c,15,high_speed,high_speed,在建 / 轨道线 / 高速铁路 / 支线 / 速度范围待核实|轨道线 / 高速铁路 / 支线 / 速度范围待核实,track.high_speed.branch_line.unknown,osm_source_compared,,,,https://china-emu.cn/RailRoads/Line/?LineName=荔南联络线,search_results_available,2026-10-06T15:20:52.809Z,RL-7d3d4334373ddfa919bd|RL-d8a6a5b13ab35672a76c
荣成动走,RL-8f1a72c61691735c5ebc,3,unknown,unknown,轨道线 / 类别待核实 / 支线,track.unknown.branch_line,unresolved,,,,,search_results_available,2026-10-06T15:44:51.046Z,RL-8f1a72c61691735c5ebc
荫固线,RL-715636e817d94b35b8b5,9,industrial,industrial,轨道线 / 工业铁路 / 工业线,track.industrial.industrial_line,osm_source_compared,,,,,search_results_available,2026-10-06T15:24:30.080Z,RL-715636e817d94b35b8b5
莞塘广联络线,RL-67c7d5d29bf547d5aa5b,14,unknown,unknown,轨道线 / 类别待核实 / 正线,track.unknown.main_line,unresolved,,,,https://china-emu.cn/RailRoads/Line/?LineName=莞塘广联络线,search_results_available,2026-10-06T15:21:10.979Z,RL-67c7d5d29bf547d5aa5b
莞塘深联络线,RL-bb5a9c371c6898f46dd1,8,unknown,unknown,轨道线 / 类别待核实 / 正线,track.unknown.main_line,unresolved,,,,https://china-emu.cn/RailRoads/Line/?LineName=莞塘深联络线,search_results_available,2026-10-06T15:25:36.430Z,RL-bb5a9c371c6898f46dd1
莫力达瓦旗专用线,RL-aa97424edc9cdc3e77e3,1,unknown,unknown,车站线 / 类别待核实 / 连接线,station.unknown.spur_track,unresolved,,,,,search_results_available,2026-10-06T15:54:51.323Z,RL-aa97424edc9cdc3e77e3
莱州电厂专用线,RL-ac6d753c63282bc30ba4,1,unknown,unknown,车站线 / 类别待核实 / 连接线,station.unknown.spur_track,unresolved,,,,,search_results_available,2026-10-06T15:54:25.785Z,RL-ac6d753c63282bc30ba4
莱芜钢铁集团有限公司专用铁路,RL-11f99dd10529fb464526,2,unknown,unknown,车站线 / 类别待核实 / 连接线,station.unknown.spur_track,unresolved,,,,,search_results_available,2026-10-06T15:46:45.770Z,RL-11f99dd10529fb464526
莱西东联络线,RL-09f97d3d9774d8a0b4e9,9,high_speed,high_speed,轨道线 / 高速铁路 / 支线 / 速度范围待核实,track.high_speed.branch_line.unknown,osm_source_compared,,,,https://china-emu.cn/RailRoads/Line/?LineName=莱西东联络线,search_results_available,2026-10-06T15:24:30.080Z,RL-09f97d3d9774d8a0b4e9
莱西联络线,RL-a47d6f196739a20cc3f9,10,high_speed,high_speed,轨道线 / 高速铁路 / 支线 / 速度范围待核实,track.high_speed.branch_line.unknown,osm_source_compared,,,,,search_results_available,2026-10-06T15:23:43.302Z,RL-a47d6f196739a20cc3f9
莲花山专用线,RL-1de64e79647da57dff6b,4,industrial,industrial,车站线 / 工业铁路 / 连接线,station.industrial.spur_track,osm_source_compared,,,,,search_results_available,2026-10-06T15:43:20.870Z,RL-1de64e79647da57dff6b
菏泽东动走A线,RL-11acee7d794b248fcecb,5,unknown,unknown,轨道线 / 类别待核实 / 支线,track.unknown.branch_line,unresolved,,,,,search_results_available,2026-10-06T15:29:59.339Z,RL-11acee7d794b248fcecb
菏泽东动走B线,RL-148e20e4cc410d282766,3,unknown,unknown,轨道线 / 类别待核实 / 支线,track.unknown.branch_line,unresolved,,construction_status,,,search_results_available,2026-10-06T15:44:51.046Z,RL-148e20e4cc410d282766
萍乡机务段,RL-d9d077d42fdbdb2ae5a1,5,unknown,unknown,车站线 / 类别待核实 / 站场轨道线,station.unknown.unknown,unresolved,,,,,search_results_available,2026-10-06T15:29:59.339Z,ST-22655844cd9f7e9c3a14
萍乡联络乙线,RL-8660f5763bbfa0e25b0d,2,unknown,unknown,轨道线 / 类别待核实 / 支线,track.unknown.branch_line,unresolved,,,,,search_results_available,2026-10-06T15:46:45.770Z,RL-8660f5763bbfa0e25b0d
萍乡联络甲线,RL-38c8c0a67dd6759d6c95,17,unknown,unknown,轨道线 / 类别待核实 / 线路功能待核实,track.unknown.unknown,unresolved,,line_role,,,search_results_available,2026-10-06T15:12:44.416Z,RL-38c8c0a67dd6759d6c95
营口线,RL-e75b5e5832c333b492ce,13,unknown,unknown,轨道线 / 类别待核实 / 正线,track.unknown.main_line,unresolved,,,,,search_results_available,2026-10-06T15:21:39.434Z,RL-e75b5e5832c333b492ce
萧山西侧线,RL-27d26c8d248e02ae5edb,15,unknown,unknown,车站线 / 类别待核实 / 站场轨道线,station.unknown.unknown,unresolved,,,,,search_results_available,2026-10-06T15:20:52.809Z,ST-1925fc9fc04063a68570|ST-346df3ad9bf45a62e7d4|ST-3d21b2b37d0ffbc76c25|ST-7d872845c0a12c9cc5b5
萧浙联络线,RL-80025f1b17d69d17cc6f,8,unknown,unknown,轨道线 / 类别待核实 / 正线,track.unknown.main_line,unresolved,,,,,search_results_available,2026-10-06T15:25:36.430Z,RL-80025f1b17d69d17cc6f
萧浙联络线旧线,RL-bf395aa555f6f9421662,1,unknown,unknown,轨道线 / 类别待核实 / 线路功能待核实,track.unknown.unknown,unresolved,,,,,search_results_available,2026-10-06T15:54:56.504Z,RL-bf395aa555f6f9421662
萧甬线,RL-163b52f7244fac05f81e,568,unknown,unknown,轨道线 / 类别待核实 / 正线,track.unknown.main_line,unresolved,,,,,search_results_available,2026-10-06T15:04:08.664Z,RL-163b52f7244fac05f81e
萧萧联络线,RL-7803115cdba689f184b9|RL-bdd44870e9578f72cab8,32,unknown,unknown,车站线 / 类别待核实 / 站场轨道线|轨道线 / 类别待核实 / 线路功能待核实,station.unknown.unknown|track.unknown.unknown,unresolved,,line_role|track_role,,,search_results_available,2026-10-06T15:10:06.462Z,RL-7803115cdba689f184b9|ST-24f31fdf94f4148ba307|ST-e0d2fd5e54173a003c81
董家口线,RL-95d0f199aabad86646b0,72,unknown,unknown,轨道线 / 类别待核实 / 正线,track.unknown.main_line,unresolved,,,,,search_results_available,2026-10-06T15:07:47.733Z,RL-95d0f199aabad86646b0
董田联络线,RL-da0da596904d1f41e35d,5,unknown,unknown,轨道线 / 类别待核实 / 支线,track.unknown.branch_line,unresolved,,,,,search_results_available,2026-10-06T15:29:59.780Z,RL-da0da596904d1f41e35d
葫支线,RL-e55e80ad375e460a03c7,24,unknown,unknown,轨道线 / 类别待核实 / 支线,track.unknown.branch_line,unresolved,,,,,search_results_available,2026-10-06T15:11:13.967Z,RL-e55e80ad375e460a03c7
葫西联络线,RL-13d0a6645f591fd9ec68,5,unknown,unknown,轨道线 / 类别待核实 / 支线,track.unknown.branch_line,unresolved,,,,,search_results_available,2026-10-06T15:29:59.780Z,RL-13d0a6645f591fd9ec68
蒙元铁路专用线,RL-4953f80a313f8a034618,13,unknown,unknown,轨道线 / 类别待核实 / 支线,track.unknown.branch_line,unresolved,,,,,search_results_available,2026-10-06T15:21:39.434Z,RL-4953f80a313f8a034618
蒙华-焦柳联络线,RL-bde53ad32ce8fe9f0f46,33,unknown,unknown,轨道线 / 类别待核实 / 线路功能待核实,track.unknown.unknown,unresolved,,,,,search_results_available,2026-10-06T15:09:59.737Z,RL-bde53ad32ce8fe9f0f46
蒙宝线,RL-1c10ce9fe70b7350a9aa,5,unknown,unknown,轨道线 / 类别待核实 / 正线,track.unknown.main_line,unresolved,,,,,search_results_available,2026-10-06T15:29:59.780Z,RL-1c10ce9fe70b7350a9aa
蒙虹专用线,RL-f528f44565c11389cc7a,5,unknown,unknown,轨道线 / 类别待核实 / 支线,track.unknown.branch_line,unresolved,,,,,search_results_available,2026-10-06T15:29:59.780Z,RL-f528f44565c11389cc7a
蓝天线,RL-7024229078fccffef78e,1,unknown,unknown,车站线 / 类别待核实 / 连接线,station.unknown.spur_track,unresolved,,,,,search_results_available,2026-10-06T15:49:31.083Z,RL-7024229078fccffef78e
蓝张线,RL-5e8359a64f8791d24941,20,unknown,unknown,轨道线 / 类别待核实 / 线路功能待核实,track.unknown.unknown,unresolved,,line_role|track_role,,,search_results_available,2026-10-06T15:11:53.303Z,RL-5e8359a64f8791d24941
蓝烟疏解线,RL-ac51f8ae2a1fab596518,13,unknown,unknown,轨道线 / 类别待核实 / 支线,track.unknown.branch_line,unresolved,,,,,search_results_available,2026-10-06T15:21:39.434Z,RL-ac51f8ae2a1fab596518
蓝烟线,RL-0d7cb3fc86565dd22e8f,501,unknown,conventional,轨道线 / 普速铁路 / 正线,track.conventional.main_line,user_verified,,,,,search_results_available,2026-10-06T15:04:13.185Z,RL-0d7cb3fc86565dd22e8f
蓝烟联络线,RL-d05e7281677dd52bac51,4,unknown,unknown,轨道线 / 类别待核实 / 联络线,track.unknown.connecting_line,unresolved,line_role,,,,search_results_available,2026-10-06T15:43:20.870Z,RL-d05e7281677dd52bac51
蓝龙联络线,RL-c8f11adecf43a472d6ec,12,unknown,conventional,轨道线 / 普速铁路 / 联络线,track.conventional.connecting_line,user_verified,line_role,,,,search_results_available,2026-10-06T15:22:04.954Z,RL-c8f11adecf43a472d6ec
蓟港津山联线,RL-4f1c558d8b57807e22ed,6,unknown,unknown,轨道线 / 类别待核实 / 支线,track.unknown.branch_line,unresolved,,,,,search_results_available,2026-10-06T15:28:19.573Z,RL-4f1c558d8b57807e22ed
蓟港线,RL-425e6542dc3052cd4143,135,unknown,unknown,轨道线 / 类别待核实 / 线路功能待核实,track.unknown.unknown,unresolved,,line_role|track_role,,,search_results_available,2026-10-06T15:06:40.643Z,RL-425e6542dc3052cd4143
蔡歌联络线,RL-a992aad5caa2c8432543,70,unknown,unknown,轨道线 / 类别待核实 / 支线,track.unknown.branch_line,unresolved,,,,https://china-emu.cn/RailRoads/Line/?LineName=蔡歌联络线,search_results_available,2026-10-06T15:07:52.134Z,RL-a992aad5caa2c8432543
薛梅联络线,RL-b7c65cf5747ba2d3bb9c,10,unknown,unknown,轨道线 / 类别待核实 / 正线,track.unknown.main_line,unresolved,,,,,search_results_available,2026-10-06T15:23:43.302Z,RL-b7c65cf5747ba2d3bb9c
虎丰线,RL-f55719745e91c62d6212,46,unknown,unknown,轨道线 / 类别待核实 / 正线,track.unknown.main_line,unresolved,,,,,search_results_available,2026-10-06T15:09:05.307Z,RL-f55719745e91c62d6212
虎西线,RL-18bc19b770f1b82b8a28,9,unknown,unknown,轨道线 / 类别待核实 / 支线,track.unknown.branch_line,unresolved,,,,,search_results_available,2026-10-06T15:24:30.080Z,RL-18bc19b770f1b82b8a28
虎辉联络线,RL-de8322b4de706f375206,20,unknown,unknown,轨道线 / 类别待核实 / 支线,track.unknown.branch_line,unresolved,,,,,search_results_available,2026-10-06T15:11:53.303Z,RL-de8322b4de706f375206
虹七线,RL-fbbd24fc2d10c05b011a,16,unknown,unknown,轨道线 / 类别待核实 / 正线,track.unknown.main_line,unresolved,,,,https://china-emu.cn/RailRoads/Line/?LineName=虹七线,search_results_available,2026-10-06T15:20:19.065Z,RL-fbbd24fc2d10c05b011a
虹封线,RL-bd77d2435d62ade34d0c,18,unknown,unknown,轨道线 / 类别待核实 / 支线,track.unknown.branch_line,unresolved,,,,https://china-emu.cn/RailRoads/Line/?LineName=沪苏通铁路（及联络线）,search_results_available,2026-10-06T15:12:24.648Z,RL-bd77d2435d62ade34d0c
虹桥动车BD线,RL-3425eb0d8452a738f6da,1,unknown,unknown,车站线 / 类别待核实 / 渡线,station.unknown.crossover,unresolved,,,,,search_results_available,2026-10-06T15:49:31.083Z,RL-3425eb0d8452a738f6da
虹桥动车线,RL-b5bf067d738e8e27f843,2,unknown,unknown,车站线 / 类别待核实 / 站场轨道线,station.unknown.unknown,unresolved,,,,,search_results_available,2026-10-06T15:46:45.770Z,ST-ecb169d57da0458232b9
虹桥综高北线,RL-b139d16348e7ae497dd4,2,unknown,unknown,车站线 / 类别待核实 / 站场轨道线,station.unknown.unknown,unresolved,,,,,search_results_available,2026-10-06T15:46:45.770Z,ST-4c5f33ff9677f035e580
虹综动车A线,RL-60b266649fbf7c4e42ba|RL-7a8c3fa5f6b0bc04772d,3,unknown,unknown,车站线 / 类别待核实 / 连接线,station.unknown.spur_track,unresolved,,,,,search_results_available,2026-10-06T15:44:55.615Z,RL-60b266649fbf7c4e42ba|RL-7a8c3fa5f6b0bc04772d
虹综动车B线,RL-afe7c6620f735c8d379a,2,unknown,unknown,车站线 / 类别待核实 / 连接线,station.unknown.spur_track,unresolved,,,,,search_results_available,2026-10-06T15:46:43.640Z,RL-afe7c6620f735c8d379a
虹高动车A线,RL-22a1c8c1a91ad7a4aad0|RL-b30a3c0bc3d4a46c448a,3,unknown,unknown,车站线 / 类别待核实 / 连接线,station.unknown.spur_track,unresolved,,,,,search_results_available,2026-10-06T15:44:55.615Z,RL-22a1c8c1a91ad7a4aad0|RL-b30a3c0bc3d4a46c448a
虹高动车B线,RL-29610bcc1607a8625ff9|RL-c4a205a7c15229c72534,5,unknown,unknown,车站线 / 类别待核实 / 连接线,station.unknown.spur_track,unresolved,,,,,search_results_available,2026-10-06T15:30:01.131Z,RL-29610bcc1607a8625ff9|RL-c4a205a7c15229c72534
虹高动车C线,RL-d37c34617e7c3f097d23|RL-d50df50ff9e4ca57403b,8,unknown,unknown,车站线 / 类别待核实 / 连接线,station.unknown.spur_track,unresolved,,,,,search_results_available,2026-10-06T15:25:36.430Z,RL-d37c34617e7c3f097d23|RL-d50df50ff9e4ca57403b
虹高动车D线,RL-51f835e228bd2411c69d|RL-5a9de81b2aafbc740d55,6,unknown,unknown,车站线 / 类别待核实 / 连接线,station.unknown.spur_track,unresolved,,,,,search_results_available,2026-10-06T15:28:19.573Z,RL-51f835e228bd2411c69d|RL-5a9de81b2aafbc740d55
蚌南联络线,RL-9a75f6b3254a3d168d21,36,unknown,unknown,轨道线 / 类别待核实 / 正线,track.unknown.main_line,unresolved,,,,https://china-emu.cn/RailRoads/Line/?LineName=蚌南联络线,search_results_available,2026-10-06T15:09:48.900Z,RL-9a75f6b3254a3d168d21
蚌埠东疏解线,RL-cdd685f8e09cc80a20ab,2,unknown,unknown,轨道线 / 类别待核实 / 正线,track.unknown.main_line,unresolved,,,,,search_results_available,2026-10-06T15:46:43.640Z,RL-cdd685f8e09cc80a20ab
蚌埠东联络线,RL-b2a492ba43214eac9352,2,unknown,unknown,轨道线 / 类别待核实 / 支线,track.unknown.branch_line,unresolved,,,,,search_results_available,2026-10-06T15:46:43.640Z,RL-b2a492ba43214eac9352
蚌埠外绕线,RL-7e6be8a2baee34f15940,64,unknown,unknown,轨道线 / 类别待核实 / 线路功能待核实,track.unknown.unknown,unresolved,,line_role|track_role,,,search_results_available,2026-10-06T15:08:06.998Z,RL-7e6be8a2baee34f15940
行北联络线,RL-701bb3d61252ba6b1370,6,unknown,unknown,轨道线 / 类别待核实 / 线路功能待核实,track.unknown.unknown,unresolved,,line_role|track_role,,,search_results_available,2026-10-06T15:28:19.573Z,RL-701bb3d61252ba6b1370
衡北A线,RL-24480b87bd9c20c8585a,3,unknown,unknown,轨道线 / 类别待核实 / 支线,track.unknown.branch_line,unresolved,,,,,search_results_available,2026-10-06T15:44:55.615Z,RL-24480b87bd9c20c8585a
衡北D线,RL-79859904d6ecd9db43d5,1,unknown,unknown,轨道线 / 类别待核实 / 支线,track.unknown.branch_line,unresolved,,,,,search_results_available,2026-10-06T15:49:31.083Z,RL-79859904d6ecd9db43d5
衡北G线,RL-7ed3ef6fdb78a22ffcdc,2,unknown,unknown,轨道线 / 类别待核实 / 支线,track.unknown.branch_line,unresolved,,,,,search_results_available,2026-10-06T15:46:43.640Z,RL-7ed3ef6fdb78a22ffcdc
衡北上行出发线,RL-562f55024283a69c8f91,1,unknown,unknown,轨道线 / 类别待核实 / 支线,track.unknown.branch_line,unresolved,,,,,search_results_available,2026-10-06T15:49:31.083Z,RL-562f55024283a69c8f91
衡北上行到达线,RL-6f9de8902460c0db18d7,4,unknown,unknown,轨道线 / 类别待核实 / 支线,track.unknown.branch_line,unresolved,,,,,search_results_available,2026-10-06T15:43:20.870Z,RL-6f9de8902460c0db18d7
衡北上行进场线,RL-d19cce9787d59c9c037f,4,unknown,unknown,轨道线 / 类别待核实 / 支线,track.unknown.branch_line,unresolved,,,,,search_results_available,2026-10-06T15:43:21.692Z,RL-d19cce9787d59c9c037f
衡北京上联线,RL-477c174a30a86e1d59ea,2,unknown,unknown,轨道线 / 类别待核实 / 支线,track.unknown.branch_line,unresolved,,,,,search_results_available,2026-10-06T15:46:44.246Z,RL-477c174a30a86e1d59ea
衡北湘桂上联线,RL-f20b00df5b674dd2a2ee,3,unknown,conventional,轨道线 / 普速铁路 / 联络线,track.conventional.connecting_line,user_verified,line_role,,,,search_results_available,2026-10-06T15:44:55.615Z,RL-f20b00df5b674dd2a2ee
衡北湘桂下联线,RL-42e6fd86444f05a34a9b,16,unknown,conventional,轨道线 / 普速铁路 / 联络线,track.conventional.connecting_line,user_verified,line_role,,,,search_results_available,2026-10-06T15:20:20.362Z,RL-42e6fd86444f05a34a9b
衡北环发线,RL-21b34363cc293a646001,7,unknown,unknown,轨道线 / 类别待核实 / 支线,track.unknown.branch_line,unresolved,,,,,search_results_available,2026-10-06T15:26:40.472Z,RL-21b34363cc293a646001
衡柳线,RL-484e20b689135c8d8282,1161,high_speed,high_speed,轨道线 / 高速铁路 / 正线 / 速度范围待核实,track.high_speed.main_line.unknown,osm_source_compared,,,,https://china-emu.cn/RailRoads/Line/?LineName=衡柳铁路,search_results_available,2026-10-06T15:03:28.991Z,RL-484e20b689135c8d8282
衡柳联络线,RL-02a88504725a164f1f9e,50,unknown,unknown,轨道线 / 类别待核实 / 支线,track.unknown.branch_line,unresolved,,,,,search_results_available,2026-10-06T15:08:49.830Z,RL-02a88504725a164f1f9e
衡水衡水西联络线,RL-78ed1d04e466aba5f893,10,unknown,unknown,轨道线 / 类别待核实 / 支线,track.unknown.branch_line,unresolved,,,,,search_results_available,2026-10-06T15:23:40.231Z,RL-78ed1d04e466aba5f893
衡港高速线,RL-08617cdb2436a33e29f3,87,high_speed,high_speed,轨道线 / 高速铁路 / 正线 / 250–300 km/h,track.high_speed.main_line.250-300,osm_source_compared,,,,https://china-emu.cn/RailRoads/Line/?LineName=衡港高速铁路,search_results_available,2026-10-06T15:07:22.378Z,RL-08617cdb2436a33e29f3
衢丽铁路,RL-825e0f64cc10fbd04779,118,high_speed,high_speed,在建 / 轨道线 / 高速铁路 / 正线 / 200–250 km/h,track.high_speed.main_line.200-250,osm_source_compared,,,,https://china-emu.cn/RailRoads/Line/?LineName=衢丽铁路,search_results_available,2026-10-06T15:06:52.090Z,RL-825e0f64cc10fbd04779
衢九线,RL-1678929a98e64c52bffd|RL-f562b552b0acee13e237,995,high_speed|unknown,high_speed|unknown,轨道线 / 类别待核实 / 正线|轨道线 / 高速铁路 / 正线 / 速度范围待核实,track.high_speed.main_line.unknown|track.unknown.main_line,osm_source_compared|unresolved,,,,https://china-emu.cn/RailRoads/Line/?LineName=衢九铁路,search_results_available,2026-10-06T15:03:34.929Z,RL-1678929a98e64c52bffd|RL-f562b552b0acee13e237
衢全联络线,RL-f6bbdc68818c99e63b10,35,unknown,unknown,轨道线 / 类别待核实 / 正线,track.unknown.main_line,unresolved,,,,,search_results_available,2026-10-06T15:09:54.655Z,RL-f6bbdc68818c99e63b10
衢宁线,RL-392d719e3bfd45efd18a,361,unknown,unknown,轨道线 / 类别待核实 / 正线,track.unknown.main_line,unresolved,,,,,search_results_available,2026-10-06T15:04:36.163Z,RL-392d719e3bfd45efd18a
衢州西联络线,RL-34b886b7976d588dfc51,7,high_speed,high_speed,轨道线 / 高速铁路 / 支线 / 速度范围待核实,track.high_speed.branch_line.unknown,osm_source_compared,,,,https://china-emu.cn/RailRoads/Line/?LineName=衢州西联络线,search_results_available,2026-10-06T15:26:46.691Z,RL-34b886b7976d588dfc51
装车线,RL-a817ae3234ee40dc192e|RL-db502745751b720529bb,22,unknown,unknown,车站线 / 类别待核实 / 站场轨道线|车站线 / 类别待核实 / 连接线,station.unknown.spur_track|station.unknown.unknown,unresolved,,railway_class|line_role,,,search_results_available,2026-10-06T15:11:35.664Z,RL-db502745751b720529bb|ST-7a293e2daa0549529ba3
裕溪口联络线,RL-50c17a0857395901590d,7,unknown,unknown,轨道线 / 类别待核实 / 支线,track.unknown.branch_line,unresolved,,,,,search_results_available,2026-10-06T15:26:46.691Z,RL-50c17a0857395901590d
襄宜联络线,RL-70fa1fa422a2841ee48d,11,unknown,unknown,轨道线 / 类别待核实 / 支线,track.unknown.branch_line,unresolved,,,,,search_results_available,2026-10-06T15:22:40.823Z,RL-70fa1fa422a2841ee48d
襄渝线,RL-8f987e4ff7c9f391b917,2988,unknown,unknown,轨道线 / 类别待核实 / 正线,track.unknown.main_line,unresolved,,,,,search_results_available,2026-10-06T15:03:02.376Z,RL-8f987e4ff7c9f391b917
襄渝货车线,RL-b58d8f42e9f7b8918cd6,59,unknown,freight,轨道线 / 货运铁路 / 正线,track.freight.main_line,user_verified,,,,,search_results_available,2026-10-06T15:08:21.419Z,RL-b58d8f42e9f7b8918cd6
襄渝阳安联络线,RL-d1d8de2c4e2a4455b8b5,11,unknown,unknown,轨道线 / 类别待核实 / 正线,track.unknown.main_line,unresolved,,,,,search_results_available,2026-10-06T15:22:40.823Z,RL-d1d8de2c4e2a4455b8b5
襄矿集团专用线,RL-dea80fb804ba61f47bdd,6,industrial,industrial,轨道线 / 工业铁路 / 工业线,track.industrial.industrial_line,osm_source_compared,,,,,search_results_available,2026-10-06T15:28:22.818Z,RL-dea80fb804ba61f47bdd
襄荆联络线,RL-4a5b585c43aefcb2c86e,3,unknown,unknown,轨道线 / 类别待核实 / 支线,track.unknown.branch_line,unresolved,,,,,search_results_available,2026-10-06T15:44:59.308Z,RL-4a5b585c43aefcb2c86e
襄荆高速线,RL-2a65c0a585da76a705c6,194,high_speed,high_speed,轨道线 / 高速铁路 / 正线 / 300–350 km/h,track.high_speed.main_line.300-350,osm_source_compared,,,,https://china-emu.cn/RailRoads/Line/?LineName=襄荆高速铁路,search_results_available,2026-10-06T15:06:02.800Z,RL-2a65c0a585da76a705c6
襄遂II联络线,RL-3694bf837503f418caf0,14,unknown,unknown,轨道线 / 类别待核实 / 支线,track.unknown.branch_line,unresolved,,,,,search_results_available,2026-10-06T15:21:10.979Z,RL-3694bf837503f418caf0
襄遂I联络线,RL-b1559ca0e550a885b1dc,13,unknown,unknown,轨道线 / 类别待核实 / 支线,track.unknown.branch_line,unresolved,,,,,search_results_available,2026-10-06T15:21:38.724Z,RL-b1559ca0e550a885b1dc
襄遂货车II联络线,RL-5f04a904a055a48bc360,5,unknown,unknown,轨道线 / 类别待核实 / 支线,track.unknown.branch_line,unresolved,,,,,search_results_available,2026-10-06T15:30:01.131Z,RL-5f04a904a055a48bc360
襄遂货车I联络线,RL-c75038625bb38b345ef4,10,unknown,unknown,轨道线 / 类别待核实 / 支线,track.unknown.branch_line,unresolved,,,,,search_results_available,2026-10-06T15:23:40.231Z,RL-c75038625bb38b345ef4
襄阳动车走行线,RL-8c572c33083e58b8d77b,2,high_speed,high_speed,车站线 / 高速铁路 / 站场轨道线 / 速度范围待核实,station.high_speed.unknown.unknown,osm_source_compared,,,,,search_results_available,2026-10-06T15:46:44.246Z,ST-b557e37288c68e84a58d
襄阳北东到达线,RL-2107fc23f385044c5526,7,unknown,unknown,轨道线 / 类别待核实 / 支线,track.unknown.branch_line,unresolved,,,,,search_results_available,2026-10-06T15:26:46.691Z,RL-2107fc23f385044c5526
襄阳北东发车线,RL-2e9dcb95b981ae27a4df,14,unknown,unknown,轨道线 / 类别待核实 / 支线,track.unknown.branch_line,unresolved,,,,,search_results_available,2026-10-06T15:21:10.979Z,RL-2e9dcb95b981ae27a4df
襄阳北北到达线,RL-5a3fd39f7a7ca73426f7,1,unknown,unknown,轨道线 / 类别待核实 / 支线,track.unknown.branch_line,unresolved,,,,,search_results_available,2026-10-06T15:49:30.756Z,RL-5a3fd39f7a7ca73426f7
襄阳北北发车线,RL-ceccbc9d3b5090678b1e,2,unknown,unknown,轨道线 / 类别待核实 / 支线,track.unknown.branch_line,unresolved,,,,,search_results_available,2026-10-06T15:46:44.246Z,RL-ceccbc9d3b5090678b1e
襄阳北南到达线,RL-d51f6d4bcc4843eab367,7,unknown,unknown,轨道线 / 类别待核实 / 支线,track.unknown.branch_line,unresolved,,,,,search_results_available,2026-10-06T15:26:46.691Z,RL-d51f6d4bcc4843eab367
襄阳北南发车线,RL-6be62e8322f009fa6af3,10,unknown,unknown,轨道线 / 类别待核实 / 支线,track.unknown.branch_line,unresolved,,,,,search_results_available,2026-10-06T15:23:40.231Z,RL-6be62e8322f009fa6af3
襄阳北环到线,RL-df9159b432e3ac2cc769,9,unknown,unknown,轨道线 / 类别待核实 / 支线,track.unknown.branch_line,unresolved,,,,,search_results_available,2026-10-06T15:24:30.080Z,RL-df9159b432e3ac2cc769
襄阳北环发线,RL-f506773ee3f97334638a,7,unknown,unknown,轨道线 / 类别待核实 / 支线,track.unknown.branch_line,unresolved,,,,,search_results_available,2026-10-06T15:26:58.521Z,RL-f506773ee3f97334638a
襄阳北西到达线,RL-cf56f08ec84acc3f2385,9,unknown,unknown,轨道线 / 类别待核实 / 支线,track.unknown.branch_line,unresolved,,,,,search_results_available,2026-10-06T15:24:20.538Z,RL-cf56f08ec84acc3f2385
襄阳北西发车线,RL-599c5b52b1c9c47386fd,4,unknown,unknown,轨道线 / 类别待核实 / 支线,track.unknown.branch_line,unresolved,,,,,search_results_available,2026-10-06T15:43:21.692Z,RL-599c5b52b1c9c47386fd
襄阳汉丹客车联络线,RL-7764c7b8774b3eb9d67b,27,unknown,unknown,轨道线 / 类别待核实 / 线路功能待核实,track.unknown.unknown,unresolved,,line_role|track_role,,,search_results_available,2026-10-06T15:10:41.776Z,RL-7764c7b8774b3eb9d67b
西BK线,RL-5d1a633f348be28dedfe,2,unknown,unknown,车站线 / 类别待核实 / 站场轨道线,station.unknown.unknown,unresolved,,,,,search_results_available,2026-10-06T15:46:44.246Z,ST-593d375b3b1888cd06a5
西三联络线,RL-4775653d3c9e6b0b02b4,25,unknown,unknown,轨道线 / 类别待核实 / 线路功能待核实,track.unknown.unknown,unresolved,,,,,search_results_available,2026-10-06T15:10:59.553Z,RL-4775653d3c9e6b0b02b4
西专线,RL-f4b7625479d5347e7d4e,3,unknown,unknown,车站线 / 类别待核实 / 连接线,station.unknown.spur_track,unresolved,,,,,search_results_available,2026-10-06T15:44:59.308Z,RL-f4b7625479d5347e7d4e
西到线,RL-2ccbfadc32b40a336e7a,10,unknown,unknown,轨道线 / 类别待核实 / 正线,track.unknown.main_line,unresolved,,,,,search_results_available,2026-10-06T15:23:40.231Z,RL-2ccbfadc32b40a336e7a
西北环线,RL-f3d115c3dc8269b9dad5,85,unknown,unknown,轨道线 / 类别待核实 / 正线,track.unknown.main_line,unresolved,,,,,search_results_available,2026-10-06T15:07:23.380Z,RL-f3d115c3dc8269b9dad5
西南交通大学专用线,RL-8642848de3b6e89074fd,5,unknown,unknown,车站线 / 类别待核实 / 站场轨道线,station.unknown.unknown,unresolved,,,,,search_results_available,2026-10-06T15:30:01.131Z,ST-10447b207c611ade2165
西南环进港线,RL-a3f6d05b0259efc84d8e|RL-fd9ca4b40a93574dd447,87,unknown,unknown,轨道线 / 类别待核实 / 正线,track.unknown.main_line,unresolved,,,,,search_results_available,2026-10-06T15:07:28.108Z,RL-a3f6d05b0259efc84d8e|RL-fd9ca4b40a93574dd447
西哈联络线,RL-205ed22940a4abe235b1,6,unknown,unknown,轨道线 / 类别待核实 / 正线,track.unknown.main_line,unresolved,,,,,search_results_available,2026-10-06T15:28:22.818Z,RL-205ed22940a4abe235b1
西坝港区铁路专用线,RL-2ddb725f54c8f3019c42,28,unknown,unknown,轨道线 / 类别待核实 / 支线,track.unknown.branch_line,unresolved,,,,,search_results_available,2026-10-06T15:10:36.217Z,RL-2ddb725f54c8f3019c42
西城公司专用线,RL-5e239fe5d29798b92a63,4,unknown,unknown,车站线 / 类别待核实 / 连接线,station.unknown.spur_track,unresolved,,,,,search_results_available,2026-10-06T15:43:21.692Z,RL-5e239fe5d29798b92a63
西城走行线,RL-9d8cccdda762f32f59c0,9,unknown,unknown,轨道线 / 类别待核实 / 支线,track.unknown.branch_line,unresolved,,,,,search_results_available,2026-10-06T15:24:20.538Z,RL-9d8cccdda762f32f59c0
西塞山电厂专用线,RL-0563dcfb73ba4d608dcb|RL-880865d291582f3e2169,7,industrial|unknown,industrial|unknown,车站线 / 工业铁路 / 连接线|车站线 / 类别待核实 / 站场轨道线,station.industrial.spur_track|station.unknown.unknown,osm_source_compared|unresolved,,,,,search_results_available,2026-10-06T15:26:58.521Z,RL-880865d291582f3e2169|ST-c2cbed5126bac94b856e
西安东动车走行1线,RL-106e0a5d980059cb87f2,3,unknown,unknown,轨道线 / 类别待核实 / 支线,track.unknown.branch_line,unresolved,,,,,search_results_available,2026-10-06T15:44:59.308Z,RL-106e0a5d980059cb87f2
西安东动车走行2线,RL-73b2d9ca6e44353c402a,4,unknown,unknown,轨道线 / 类别待核实 / 支线,track.unknown.branch_line,unresolved,,,,,search_results_available,2026-10-06T15:43:21.692Z,RL-73b2d9ca6e44353c402a
西安东动车走行3线,RL-91909285878b9f1b3e17,3,unknown,unknown,轨道线 / 类别待核实 / 支线,track.unknown.branch_line,unresolved,,,,,search_results_available,2026-10-06T15:44:59.308Z,RL-91909285878b9f1b3e17
西安东联络1线,RL-ad9b863a1fd11d305609,3,unknown,unknown,轨道线 / 类别待核实 / 支线,track.unknown.branch_line,unresolved,,,,,search_results_available,2026-10-06T15:45:01.227Z,RL-ad9b863a1fd11d305609
西安东联络2线,RL-88b7431ed5e48d7197a8,1,unknown,unknown,轨道线 / 类别待核实 / 支线,track.unknown.branch_line,unresolved,,,,,search_results_available,2026-10-06T15:49:30.756Z,RL-88b7431ed5e48d7197a8
西安北环线,RL-1fc80903473d0e9d652d,206,conventional,conventional,轨道线 / 普速铁路 / 正线,track.conventional.main_line,osm_source_compared,,,,,search_results_available,2026-10-06T15:06:03.867Z,RL-1fc80903473d0e9d652d
西安北疏解1线,RL-5b182476b48da5a4c72f,4,high_speed,high_speed,轨道线 / 高速铁路 / 正线 / 速度范围待核实,track.high_speed.main_line.unknown,osm_source_compared,,,,https://china-emu.cn/RailRoads/Line/?LineName=西安北疏解1线,search_results_available,2026-10-06T15:43:20.404Z,RL-5b182476b48da5a4c72f
西安北疏解2线,RL-9508417839dc2af0d7bc,4,high_speed,high_speed,轨道线 / 高速铁路 / 正线 / 速度范围待核实,track.high_speed.main_line.unknown,osm_source_compared,,,,https://china-emu.cn/RailRoads/Line/?LineName=西安北疏解2线,search_results_available,2026-10-06T15:43:20.404Z,RL-9508417839dc2af0d7bc
西安里铁路专用线,RL-6392e2c022fb7c44e043,64,industrial,industrial,轨道线 / 工业铁路 / 工业线,track.industrial.industrial_line,osm_source_compared,,,,,search_results_available,2026-10-06T15:08:06.998Z,RL-6392e2c022fb7c44e043
西峰尾主牵出线,RL-2ee0b22d1107a7a630c8,1,unknown,unknown,车站线 / 类别待核实 / 站场轨道线,station.unknown.unknown,unresolved,,,,,search_results_available,2026-10-06T15:49:30.756Z,ST-48df5804663b7146c7ad
西峰尾辅牵出线,RL-99ac5703c2a64054beb3,1,unknown,unknown,车站线 / 类别待核实 / 站场轨道线,station.unknown.unknown,unresolved,,,,,search_results_available,2026-10-06T15:49:30.756Z,ST-48df5804663b7146c7ad
西峰线,RL-d4b27a5ff5bad651e913,5,conventional,conventional,轨道线 / 普速铁路 / 正线,track.conventional.main_line,source_checked,,,https://www.nra.gov.cn/zzjg/jgj/syjd/sgsgg/201911/P020220825544637781349.pdf,,search_results_available,2026-10-06T15:30:01.131Z,RL-d4b27a5ff5bad651e913
西平线,RL-9891815f6f1def43b587|RL-fd3bdb9e15c3a1d58cfc,396,conventional,conventional,在建 / 轨道线 / 普速铁路 / 线路功能待核实|轨道线 / 普速铁路 / 正线,track.conventional.main_line|track.conventional.unknown,source_checked,,,https://fgw.pingliang.gov.cn/zcwjgzzd/art/2026/art_1101fe20d8ca4368a736dd1281021a81.html,,search_results_available,2026-10-06T15:04:30.229Z,RL-9891815f6f1def43b587|RL-fd3bdb9e15c3a1d58cfc
西平铁路,RL-4522fa285ed97612be23,2,conventional,conventional,轨道线 / 普速铁路 / 正线,track.conventional.main_line,source_checked,,,https://fgw.pingliang.gov.cn/zcwjgzzd/art/2026/art_1101fe20d8ca4368a736dd1281021a81.html,,search_results_available,2026-10-06T15:46:43.599Z,RL-4522fa285ed97612be23
西康直通联络线,RL-435f64c86aa2dd42a6df,5,unknown,unknown,轨道线 / 类别待核实 / 正线,track.unknown.main_line,unresolved,,,,,search_results_available,2026-10-06T15:30:01.396Z,RL-435f64c86aa2dd42a6df
西康线,RL-5afdba6ff289d61cbb3f,680,unknown,conventional,轨道线 / 普速铁路 / 正线,track.conventional.main_line,user_verified,,,,,search_results_available,2026-10-06T15:03:47.552Z,RL-5afdba6ff289d61cbb3f
西康陇海联络线,RL-e6232cae41035a72299b,4,unknown,conventional,轨道线 / 普速铁路 / 联络线,track.conventional.connecting_line,user_verified,line_role,,,,search_results_available,2026-10-06T15:43:20.404Z,RL-e6232cae41035a72299b
西张线,RL-f989d98cf787a0fdb9b0,16,unknown,unknown,轨道线 / 类别待核实 / 支线,track.unknown.branch_line,unresolved,,,,,search_results_available,2026-10-06T15:20:20.362Z,RL-f989d98cf787a0fdb9b0
西成客专线,RL-00c5b73824b2e80d9816|RL-d41f41af134f964bbcb4,705,high_speed,high_speed,车站线 / 高速铁路 / 站场轨道线 / 速度范围待核实|轨道线 / 高速铁路 / 正线 / 速度范围待核实,station.high_speed.unknown.unknown|track.high_speed.main_line.unknown,osm_source_compared,,,,,search_results_available,2026-10-06T15:03:48.592Z,RL-00c5b73824b2e80d9816|ST-5721b8ba7af39ad7a94d
西成徐兰疏解线,RL-4f0da126e5d2d65981d5,6,high_speed,high_speed,轨道线 / 高速铁路 / 正线 / 速度范围待核实,track.high_speed.main_line.unknown,osm_source_compared,,,,https://china-emu.cn/RailRoads/Line/?LineName=西成徐兰疏解线,search_results_available,2026-10-06T15:28:22.818Z,RL-4f0da126e5d2d65981d5
西成立折疏解线,RL-409a2ab39f09bebbff71,3,high_speed,high_speed,轨道线 / 高速铁路 / 正线 / 速度范围待核实,track.high_speed.main_line.unknown,osm_source_compared,,,,,search_results_available,2026-10-06T15:45:01.227Z,RL-409a2ab39f09bebbff71
西成高速铁路,RL-305266b140d2c88f3543,9,high_speed,high_speed,车站线 / 高速铁路 / 站场轨道线 / 250–300 km/h,station.high_speed.unknown.250-300,external_reference_unverified,,,,https://china-emu.cn/RailRoads/Line/?LineName=西成高速铁路,search_results_available,2026-10-06T15:24:20.538Z,ST-da3c3757185bd12428d3
西户线,RL-5fc5160f152e74db06ce,53,unknown,unknown,轨道线 / 类别待核实 / 支线,track.unknown.branch_line,unresolved,,railway_class,,https://china-emu.cn/RailRoads/Line/?LineName=西户线,search_results_available,2026-10-06T15:08:37.514Z,RL-5fc5160f152e74db06ce
西昂线,RL-b83d6c99475e85067376,18,conventional,conventional,轨道线 / 普速铁路 / 正线,track.conventional.main_line,source_checked,,,https://www.nra.gov.cn/zzjg/jgj/syjd/sgsgg/201911/P020220825544637781349.pdf,,search_results_available,2026-10-06T15:12:25.396Z,RL-b83d6c99475e85067376
西昌卫星发射中心专用线,RL-2dfb037bc18be305a7a9,27,unknown,unknown,轨道线 / 类别待核实 / 支线,track.unknown.branch_line,unresolved,,,,,search_results_available,2026-10-06T15:10:42.261Z,RL-2dfb037bc18be305a7a9
西林钢厂专用线,RL-d5da616076e5fd9eaead,17,unknown,unknown,车站线 / 类别待核实 / 连接线,station.unknown.spur_track,unresolved,,,,,search_results_available,2026-10-06T15:12:44.416Z,RL-d5da616076e5fd9eaead
西柏坡线,RL-7faec69b8d0145e7a35d,9,industrial,industrial,轨道线 / 工业铁路 / 工业线,track.industrial.industrial_line,osm_source_compared,,,,,search_results_available,2026-10-06T15:24:20.538Z,RL-7faec69b8d0145e7a35d
西永出发线,RL-d433f553a32710eb1cf9,3,unknown,unknown,轨道线 / 类别待核实 / 支线,track.unknown.branch_line,unresolved,,,,,search_results_available,2026-10-06T15:45:01.227Z,RL-d433f553a32710eb1cf9
西洋支线,RL-6289333a9d38bce8fc6c,6,industrial,industrial,轨道线 / 工业铁路 / 工业线,track.industrial.industrial_line,osm_source_compared,,,,,search_results_available,2026-10-06T15:28:22.818Z,RL-6289333a9d38bce8fc6c
西渝高速线,RL-25997be3e3afd10c7826|RL-549646fc09de689364da,163,high_speed,high_speed,在建 / 轨道线 / 高速铁路 / 正线 / 300–350 km/h|轨道线 / 高速铁路 / 正线 / 300–350 km/h,track.high_speed.main_line.300-350,osm_source_compared,,,,https://china-emu.cn/RailRoads/Line/?LineName=西渝高速铁路,search_results_available,2026-10-06T15:06:21.640Z,RL-25997be3e3afd10c7826|RL-549646fc09de689364da
西渝高铁,RL-296a852c7a2c58e17a34|RL-667ba58c0e5b075d6200,261,high_speed,high_speed,在建 / 轨道线 / 高速铁路 / 正线 / 300–350 km/h|在建 / 轨道线 / 高速铁路 / 线路功能待核实 / 300–350 km/h,track.high_speed.main_line.300-350|track.high_speed.unknown.300-350,external_reference_unverified|osm_source_compared,,,,https://china-emu.cn/RailRoads/Line/?LineName=西渝高速铁路,search_results_available,2026-10-06T15:04:47.119Z,RL-296a852c7a2c58e17a34|RL-667ba58c0e5b075d6200
西牵出线,RL-6979a589ec53cbdc79e0,2,unknown,unknown,车站线 / 类别待核实 / 站场轨道线,station.unknown.unknown,unresolved,,,,,search_results_available,2026-10-06T15:46:43.599Z,ST-823779885573c94c6180|ST-d46ef55e1183ba9ce362
西环成昆联络线,RL-83e7885c51963cb7e0b9,11,unknown,unknown,轨道线 / 类别待核实 / 正线,track.unknown.main_line,unresolved,,,,,search_results_available,2026-10-06T15:22:43.413Z,RL-83e7885c51963cb7e0b9
西环成雅联络线,RL-f3d414114cd0261d68a7,9,unknown,unknown,轨道线 / 类别待核实 / 正线,track.unknown.main_line,unresolved,,,,https://china-emu.cn/RailRoads/Line/?LineName=西环成雅联络线,search_results_available,2026-10-06T15:24:20.835Z,RL-f3d414114cd0261d68a7
西环柳辛庄联络线,RL-6935a014fea7062d16ad,3,unknown,unknown,轨道线 / 类别待核实 / 支线,track.unknown.branch_line,unresolved,,,,,search_results_available,2026-10-06T15:45:01.227Z,RL-6935a014fea7062d16ad
西环货线,RL-4f0d8fa6aa67de10c356,245,unknown,unknown,轨道线 / 类别待核实 / 正线,track.unknown.main_line,unresolved,,,,,search_results_available,2026-10-06T15:54:00.529Z,RL-4f0d8fa6aa67de10c356
西甘联络线,RL-e4b09574146b24176267,8,unknown,unknown,轨道线 / 类别待核实 / 正线,track.unknown.main_line,unresolved,,,,,search_results_available,2026-10-06T15:25:36.430Z,RL-e4b09574146b24176267
西矿线,RL-4a1cf8a60f9d0f6a15d6|RL-870a83a9a8618d63c615,8,unknown,unknown,车站线 / 类别待核实 / 站场轨道线|轨道线 / 类别待核实 / 支线,station.unknown.unknown|track.unknown.branch_line,unresolved,,,,,search_results_available,2026-10-06T15:25:33.879Z,RL-870a83a9a8618d63c615|ST-dbca453304a758a9544e
西蓁联络线,RL-d4335d8bc8192f838c6b,8,unknown,unknown,轨道线 / 类别待核实 / 联络线,track.unknown.connecting_line,unresolved,line_role,,,https://china-emu.cn/RailRoads/Line/?LineName=西蓁联络线,search_results_available,2026-10-06T15:25:33.879Z,RL-d4335d8bc8192f838c6b
西西谷火车环湖线,RL-652cb5b091e249a295d8,1,unknown,unknown,轨道线 / 类别待核实 / 线路功能待核实,track.unknown.unknown,unresolved,,,,,search_results_available,2026-10-06T15:49:27.321Z,RL-652cb5b091e249a295d8
西转出发线,RL-1a0c8494f21fa206f85a,4,unknown,unknown,轨道线 / 类别待核实 / 支线,track.unknown.branch_line,unresolved,,,,,search_results_available,2026-10-06T15:43:20.404Z,RL-1a0c8494f21fa206f85a
西部沿海高速铁路江门方向,RL-b27cb42caa9c91dfb5fd,1,unknown,unknown,轨道线 / 类别待核实 / 线路功能待核实,track.unknown.unknown,unresolved,,,,,search_results_available,2026-10-06T15:49:27.321Z,RL-b27cb42caa9c91dfb5fd
西金线,RL-3cd12154d70330d80d5d,57,unknown,unknown,轨道线 / 类别待核实 / 支线,track.unknown.branch_line,unresolved,,,,,search_results_available,2026-10-06T15:08:31.130Z,RL-3cd12154d70330d80d5d
西长线,RL-71281d1694e008828bc1,172,unknown,unknown,轨道线 / 类别待核实 / 正线,track.unknown.main_line,unresolved,,,,,search_results_available,2026-10-06T15:06:16.399Z,RL-71281d1694e008828bc1
西陂货场线,RL-be93d53d002a764e7326,2,unknown,unknown,车站线 / 类别待核实 / 站场轨道线,station.unknown.unknown,unresolved,,,,,search_results_available,2026-10-06T15:46:43.599Z,ST-d83221c29de69ecda0dc
西马出发二延长线,RL-a37645bbdc22f10ac16b,5,unknown,unknown,轨道线 / 类别待核实 / 支线,track.unknown.branch_line,unresolved,,,,,search_results_available,2026-10-06T15:30:01.396Z,RL-a37645bbdc22f10ac16b
西马出发二线,RL-613fe7fee7b936e8e04f,4,unknown,unknown,轨道线 / 类别待核实 / 支线,track.unknown.branch_line,unresolved,,,,,search_results_available,2026-10-06T15:43:26.366Z,RL-613fe7fee7b936e8e04f
西马出发延长线,RL-5bbb42ea4c2b52c608ce,8,unknown,unknown,轨道线 / 类别待核实 / 支线,track.unknown.branch_line,unresolved,,,,,search_results_available,2026-10-06T15:25:33.879Z,RL-5bbb42ea4c2b52c608ce
西马出发线,RL-f11adba99e037279e2db,3,unknown,unknown,轨道线 / 类别待核实 / 支线,track.unknown.branch_line,unresolved,,,,,search_results_available,2026-10-06T15:45:00.115Z,RL-f11adba99e037279e2db
西马联络线,RL-bb9c6c511c896d499478,6,unknown,unknown,轨道线 / 类别待核实 / 支线,track.unknown.branch_line,unresolved,,,,,search_results_available,2026-10-06T15:28:22.063Z,RL-bb9c6c511c896d499478
观光小火车,RL-eab2ca012db7cf21da05,1,unknown,unknown,轨道线 / 类别待核实 / 线路功能待核实,track.unknown.unknown,unresolved,,,,,search_results_available,2026-10-06T15:49:27.321Z,RL-eab2ca012db7cf21da05
观广联络线,RL-4e58f52f09788a6c6307,9,unknown,unknown,轨道线 / 类别待核实 / 支线,track.unknown.branch_line,unresolved,,,,,search_results_available,2026-10-06T15:24:20.835Z,RL-4e58f52f09788a6c6307
解港线,RL-7f2dd960569dfc4e77da,21,unknown,unknown,轨道线 / 类别待核实 / 正线,track.unknown.main_line,unresolved,,,,,search_results_available,2026-10-06T15:11:46.042Z,RL-7f2dd960569dfc4e77da
试车线,RL-1f260d515d5e281a2bd3|RL-54de83ce7ce71d5151a7,6,unknown,unknown,车站线 / 类别待核实 / 站场轨道线|车站线 / 类别待核实 / 连接线,station.unknown.spur_track|station.unknown.unknown,unresolved,,construction_status,,,search_results_available,2026-10-06T15:28:22.063Z,RL-1f260d515d5e281a2bd3|ST-55cb58e6fdde4ef76355|ST-e01509d4efcae10d43d6
诸暨站10道,RL-6141b38c1c44fcfcfbb0,2,unknown,unknown,车站线 / 类别待核实 / 站场轨道线,station.unknown.unknown,unresolved,,,,,search_results_available,2026-10-06T15:46:43.599Z,ST-ed8e6c8a703dfe9dbd80
诸暨站1道,RL-29050b624cfe21decfa3,2,unknown,unknown,车站线 / 类别待核实 / 站场轨道线,station.unknown.unknown,unresolved,,,,,search_results_available,2026-10-06T15:54:41.521Z,ST-ed8e6c8a703dfe9dbd80
诸暨站4道,RL-93df847541b8a9701123,1,unknown,unknown,车站线 / 类别待核实 / 站场轨道线,station.unknown.unknown,unresolved,,,,,search_results_available,2026-10-06T15:49:27.321Z,ST-ed8e6c8a703dfe9dbd80
诸暨站5道,RL-e2d1adb18bb4a86e1bb8,1,unknown,unknown,车站线 / 类别待核实 / 站场轨道线,station.unknown.unknown,unresolved,,,,,search_results_available,2026-10-06T15:49:30.117Z,ST-ed8e6c8a703dfe9dbd80
诸暨站6道,RL-ffb73eb07befe0361687,1,unknown,unknown,车站线 / 类别待核实 / 站场轨道线,station.unknown.unknown,unresolved,,,,,search_results_available,2026-10-06T15:49:30.117Z,ST-ed8e6c8a703dfe9dbd80
诸暨站7道,RL-6f02c8e583b5677bbc16,1,unknown,unknown,车站线 / 类别待核实 / 站场轨道线,station.unknown.unknown,unresolved,,,,,search_results_available,2026-10-06T15:49:30.117Z,ST-ed8e6c8a703dfe9dbd80
调车专用线,RL-9b734eb3a0b54c964b18,3,unknown,unknown,车站线 / 类别待核实 / 站场轨道线,station.unknown.unknown,unresolved,,,,,search_results_available,2026-10-06T15:45:00.115Z,ST-b959debfffbecce83bd3
谷丰油脂线,RL-556563d5fb2657fab98b,3,unknown,unknown,车站线 / 类别待核实 / 连接线,station.unknown.spur_track,unresolved,,,,,search_results_available,2026-10-06T15:45:00.115Z,RL-556563d5fb2657fab98b
贡兴联络线,RL-bb06754df0bd09e776cd,9,high_speed,high_speed,轨道线 / 高速铁路 / 联络线 / 速度范围待核实,track.high_speed.connecting_line.unknown,osm_source_compared,line_role,,,https://china-emu.cn/RailRoads/Line/?LineName=贡兴联络线,search_results_available,2026-10-06T15:24:20.835Z,RL-bb06754df0bd09e776cd
货1,RL-a173dacbd659b9eec411,2,unknown,unknown,车站线 / 类别待核实 / 站场轨道线,station.unknown.unknown,unresolved,,,,,search_results_available,2026-10-06T15:54:41.521Z,ST-3b791ac8c8d935a0bcfe
货2,RL-bc78d288d0fba97e698b,1,unknown,unknown,车站线 / 类别待核实 / 站场轨道线,station.unknown.unknown,unresolved,,,,,search_results_available,2026-10-06T15:49:30.117Z,ST-3b791ac8c8d935a0bcfe
货2线,RL-3e68558b03ea73c0b805,2,unknown,unknown,车站线 / 类别待核实 / 连接线,station.unknown.spur_track,unresolved,,,,,search_results_available,2026-10-06T15:54:36.526Z,RL-3e68558b03ea73c0b805
货3,RL-9a0256d41bef75ef0e12,2,unknown,unknown,车站线 / 类别待核实 / 站场轨道线,station.unknown.unknown,unresolved,,,,,search_results_available,2026-10-06T15:54:41.521Z,ST-3b791ac8c8d935a0bcfe
货物线,RL-e6365ad21749cc3e1806,21,unknown,unknown,车站线 / 类别待核实 / 站场轨道线,station.unknown.unknown,unresolved,,,,,search_results_available,2026-10-06T15:11:46.042Z,ST-45fe292a5afaf903cb6f|ST-48df5804663b7146c7ad|ST-6f2eb8431a2c2dbc1e0b|ST-867b79dd1cf15c35116b
货线,RL-0fcfa1e4b8bcff081c9b,1,unknown,unknown,车站线 / 类别待核实 / 连接线,station.unknown.spur_track,unresolved,,,,,search_results_available,2026-10-06T15:49:34.976Z,RL-0fcfa1e4b8bcff081c9b
货联线,RL-9f1bf98d4e2eaadf2a82,45,unknown,unknown,轨道线 / 类别待核实 / 正线,track.unknown.main_line,unresolved,,,,,search_results_available,2026-10-06T15:09:10.996Z,RL-9f1bf98d4e2eaadf2a82
货车外绕线,RL-a8b53f62a5759827ab66,16,unknown,unknown,轨道线 / 类别待核实 / 线路功能待核实,track.unknown.unknown,unresolved,,line_role|track_role,,,search_results_available,2026-10-06T15:20:20.362Z,RL-a8b53f62a5759827ab66
货车车间线,RL-030c49ef736a2f931bb7,7,unknown,unknown,车站线 / 类别待核实 / 连接线,station.unknown.spur_track,unresolved,,,,,search_results_available,2026-10-06T15:26:58.521Z,RL-030c49ef736a2f931bb7
贮木场线,RL-97df947306d2266f9b5d|RL-cd794ce3de148b3e2dd8,5,unknown,unknown,车站线 / 类别待核实 / 站场轨道线|车站线 / 类别待核实 / 连接线,station.unknown.spur_track|station.unknown.unknown,unresolved,,,,,search_results_available,2026-10-06T15:30:01.396Z,RL-cd794ce3de148b3e2dd8|ST-bc3c5eb78e5b7a9ca18a
贮油库线,RL-5760de4118c00477090a,1,unknown,unknown,车站线 / 类别待核实 / 站场轨道线,station.unknown.unknown,unresolved,,,,,search_results_available,2026-10-06T15:49:34.976Z,ST-85f62828da742e5c6ada
贲红联络线,RL-1440fe80ebc8d613db41,5,unknown,unknown,轨道线 / 类别待核实 / 支线,track.unknown.branch_line,unresolved,,,,,search_results_available,2026-10-06T15:30:01.396Z,RL-1440fe80ebc8d613db41
贵南高速线,RL-5495bab492b2336848ef,882,high_speed,high_speed,轨道线 / 高速铁路 / 正线 / 速度范围待核实,track.high_speed.main_line.unknown,osm_source_compared,,,,,search_results_available,2026-10-06T15:03:34.929Z,RL-5495bab492b2336848ef
贵广客专线,RL-6a08fbd4c75ec5004438,2121,high_speed,high_speed,轨道线 / 高速铁路 / 正线 / 速度范围待核实,track.high_speed.main_line.unknown,osm_source_compared,,,,,search_results_available,2026-10-06T15:03:10.704Z,RL-6a08fbd4c75ec5004438
贵广高铁联络线,RL-af2b10e8d07e65ccd1d0,6,high_speed,high_speed,在建 / 轨道线 / 高速铁路 / 支线 / 速度范围待核实,track.high_speed.branch_line.unknown,osm_source_compared,,,,,search_results_available,2026-10-06T15:28:22.063Z,RL-af2b10e8d07e65ccd1d0
贵开线,RL-1ea36a12edce500e58c8,309,unknown,unknown,轨道线 / 类别待核实 / 正线,track.unknown.main_line,unresolved,,,,https://china-emu.cn/RailRoads/Line/?LineName=贵开铁路,search_results_available,2026-10-06T15:04:41.211Z,RL-1ea36a12edce500e58c8
贵昆铁路旧线,RL-4d6bcc15f49cc6a0fdd4,1,unknown,unknown,车站线 / 类别待核实 / 连接线,station.unknown.spur_track,unresolved,,,,,search_results_available,2026-10-06T15:49:34.976Z,RL-4d6bcc15f49cc6a0fdd4
贵溪疏解线,RL-6fdbe15827bb995a7c59,8,unknown,unknown,轨道线 / 类别待核实 / 支线,track.unknown.branch_line,unresolved,,,,,search_results_available,2026-10-06T15:25:33.879Z,RL-6fdbe15827bb995a7c59
贵阳南环线,RL-a5d9ad6bb6f897916657,26,unknown,unknown,轨道线 / 类别待核实 / 正线,track.unknown.main_line,unresolved,,,,,search_results_available,2026-10-06T15:10:47.615Z,RL-a5d9ad6bb6f897916657
贵阳南贵阳客联络线,RL-71c21d9d1c23942450f6,15,unknown,unknown,轨道线 / 类别待核实 / 正线,track.unknown.main_line,unresolved,,,,,search_results_available,2026-10-06T15:20:52.809Z,RL-71c21d9d1c23942450f6
贵阳客车外绕线,RL-a4179a1c83f7291de473,118,unknown,unknown,轨道线 / 类别待核实 / 正线,track.unknown.main_line,unresolved,,,,,search_results_available,2026-10-06T15:06:52.090Z,RL-a4179a1c83f7291de473
贵阳环线,RL-1e673cf40a36c445449e|RL-245197ed46f242389c0e,411,high_speed|unknown,high_speed|unknown,轨道线 / 类别待核实 / 正线|轨道线 / 高速铁路 / 正线 / 速度范围待核实,track.high_speed.main_line.unknown|track.unknown.main_line,osm_source_compared|unresolved,,,,,search_results_available,2026-10-06T15:04:21.939Z,RL-1e673cf40a36c445449e|RL-245197ed46f242389c0e
贵阳西客联络线,RL-e682dab7cdfeb1f52618,25,unknown,unknown,轨道线 / 类别待核实 / 正线,track.unknown.main_line,unresolved,,,,,search_results_available,2026-10-06T15:10:59.553Z,RL-e682dab7cdfeb1f52618
贺州电厂专用线,RL-fb9511ad27bb88da2105,5,industrial,industrial,车站线 / 工业铁路 / 连接线,station.industrial.spur_track,osm_source_compared,,,,,search_results_available,2026-10-06T15:39:16.768Z,RL-fb9511ad27bb88da2105
贾山线,RL-89e3850394c82e5414d8,1,unknown,unknown,车站线 / 类别待核实 / 站场轨道线,station.unknown.unknown,unresolved,,,,,search_results_available,2026-10-06T15:49:34.976Z,ST-b959debfffbecce83bd3
贾联线,RL-0e4dc06671cd1a257d9e,11,unknown,unknown,轨道线 / 类别待核实 / 支线,track.unknown.branch_line,unresolved,,,,,search_results_available,2026-10-06T15:22:43.413Z,RL-0e4dc06671cd1a257d9e
资威铁路,RL-ae21ec1f854d155607c0,10,unknown,unknown,轨道线 / 类别待核实 / 支线,track.unknown.branch_line,unresolved,,,,,search_results_available,2026-10-06T15:23:39.765Z,RL-ae21ec1f854d155607c0
资许线,RL-c2cb4729a153ce8e15de,43,unknown,unknown,轨道线 / 类别待核实 / 支线,track.unknown.branch_line,unresolved,,,,,search_results_available,2026-10-06T15:09:15.461Z,RL-c2cb4729a153ce8e15de
赣厦联络线,RL-db2f2f989485e57c0879|RL-f65bb43485f41937a4bb,4,unknown,unknown,在建 / 轨道线 / 类别待核实 / 支线|轨道线 / 类别待核实 / 支线,track.unknown.branch_line,unresolved,,,,https://china-emu.cn/RailRoads/Line/?LineName=赣厦联络线,search_results_available,2026-10-06T15:43:26.366Z,RL-db2f2f989485e57c0879|RL-f65bb43485f41937a4bb
赣县北联络线,RL-e9a0cb8ca37e37090612,36,high_speed,high_speed,轨道线 / 高速铁路 / 正线 / 速度范围待核实,track.high_speed.main_line.unknown,osm_source_compared,,,,https://china-emu.cn/RailRoads/Line/?LineName=赣县北联络线,search_results_available,2026-10-06T15:09:48.900Z,RL-e9a0cb8ca37e37090612
赣州西联络线,RL-f334fa4234d91209191f,2,high_speed,high_speed,在建 / 轨道线 / 高速铁路 / 正线 / 速度范围待核实,track.high_speed.main_line.unknown,osm_source_compared,,,,https://china-emu.cn/RailRoads/Line/?LineName=赣州西联络线,search_results_available,2026-10-06T15:54:56.504Z,RL-f334fa4234d91209191f
赣榆北线,RL-73e65b3b6bef15846124,34,unknown,unknown,轨道线 / 类别待核实 / 支线,track.unknown.branch_line,unresolved,,,,,search_results_available,2026-10-06T15:09:52.637Z,RL-73e65b3b6bef15846124
赣瑞龙线,RL-23e67a2ec0bbfb3c105e,796,high_speed,high_speed,轨道线 / 高速铁路 / 正线 / 200–250 km/h,track.high_speed.main_line.200-250,osm_source_compared,,,,https://china-emu.cn/RailRoads/Line/?LineName=赣瑞龙铁路,search_results_available,2026-10-06T15:03:40.369Z,RL-23e67a2ec0bbfb3c105e
赣韶线,RL-3f2bc79fdf65f81e1c9b|RL-4ea9eb88a68b115ea4a9,202,unknown,unknown,车站线 / 类别待核实 / 站场轨道线|轨道线 / 类别待核实 / 正线,station.unknown.unknown|track.unknown.main_line,unresolved,,,,,search_results_available,2026-10-06T15:06:03.867Z,RL-4ea9eb88a68b115ea4a9|ST-9f9ccb215685a2645b73
赣龙线,RL-13dece13698a009aa3dc,499,unknown,unknown,轨道线 / 类别待核实 / 正线,track.unknown.main_line,unresolved,,,,,search_results_available,2026-10-06T15:04:15.823Z,RL-13dece13698a009aa3dc
赤大白线,RL-8ed5de1d96caba06a3af,211,unknown,unknown,轨道线 / 类别待核实 / 正线,track.unknown.main_line,unresolved,,,,,search_results_available,2026-10-06T15:05:54.823Z,RL-8ed5de1d96caba06a3af
走行线,RL-58e3e3f29a1f45e0cf4c,7,unknown,unknown,车站线 / 类别待核实 / 站场轨道线,station.unknown.unknown,unresolved,,,,,search_results_available,2026-10-06T15:26:58.521Z,ST-a2d6a870800fe03f03b5
赵古铁路,RL-4d274d6838a4e6b2670c|RL-b0051d5301dc9c5b57be,6,industrial|unknown,industrial|unknown,车站线 / 工业铁路 / 连接线|车站线 / 类别待核实 / 站场轨道线,station.industrial.spur_track|station.unknown.unknown,osm_source_compared|unresolved,,,,,search_results_available,2026-10-06T15:28:22.063Z,RL-b0051d5301dc9c5b57be|ST-409064b137dae7f79f7d
赵家沟特大桥,RL-20a7b89c902974970d3d,2,unknown,unknown,车站线 / 类别待核实 / 站场轨道线,station.unknown.unknown,unresolved,,,,,search_results_available,2026-10-06T15:54:31.871Z,ST-3d0d3e9159345394293c
赵甸联络线,RL-d6ac85e0472664cff01e,17,unknown,high_speed,轨道线 / 高速铁路 / 联络线 / 速度范围待核实,track.high_speed.connecting_line.unknown,user_verified,line_role,,,https://china-emu.cn/RailRoads/Line/?LineName=赵甸联络线,search_results_available,2026-10-06T15:12:44.416Z,RL-d6ac85e0472664cff01e
赶关线,RL-85725be6a80f6b7833bb,11,industrial,industrial,车站线 / 工业铁路 / 连接线,station.industrial.spur_track,osm_source_compared,,,,,search_results_available,2026-10-06T15:22:43.413Z,RL-85725be6a80f6b7833bb
赶白线,RL-99a62903336894ba1977,33,industrial,industrial,车站线 / 工业铁路 / 连接线,station.industrial.spur_track,osm_source_compared,,,,,search_results_available,2026-10-06T15:09:59.737Z,RL-99a62903336894ba1977
路桥线,RL-1182271b1df3a6c260bc,1,unknown,unknown,车站线 / 类别待核实 / 站场轨道线,station.unknown.unknown,unresolved,,,,,search_results_available,2026-10-06T15:49:34.697Z,ST-59a7a55f46bc835cb844
车库线,RL-502e16e9e7e2775c02b1,1,unknown,unknown,车站线 / 类别待核实 / 站场轨道线,station.unknown.unknown,unresolved,,,,,search_results_available,2026-10-06T15:49:34.697Z,ST-f378bfad50d6620ba725
车底走行线,RL-882a470902fbc0a878f5,2,unknown,unknown,车站线 / 类别待核实 / 站场轨道线,station.unknown.unknown,unresolved,,,,,search_results_available,2026-10-06T15:54:15.153Z,ST-0015325292e8c976d3b3
车辆段入库线,RL-246fa35bdd7ca4b31cf0,18,unknown,unknown,车站线 / 类别待核实 / 站场轨道线,station.unknown.unknown,unresolved,,,,,search_results_available,2026-10-06T15:12:25.396Z,ST-9c28847dcffc360b9141|ST-9ef30ebc049793387e4b
轨枕厂专用线,RL-ef5ecc877306a05055af,6,unknown,unknown,车站线 / 类别待核实 / 连接线,station.unknown.spur_track,unresolved,,,,,search_results_available,2026-10-06T15:28:20.350Z,RL-ef5ecc877306a05055af
轨道车停留线,RL-00f5a8ca19bc6d7a0a14,3,unknown,unknown,车站线 / 类别待核实 / 站场轨道线,station.unknown.unknown,unresolved,,,,,search_results_available,2026-10-06T15:45:00.115Z,ST-23791a32ced0dc85df39|ST-5150dd126f27dc6393a0
转头线,RL-26cfe950a55dccbf13f2,2,unknown,unknown,车站线 / 类别待核实 / 站场轨道线,station.unknown.unknown,unresolved,,,,,search_results_available,2026-10-06T15:54:44.678Z,ST-5c2cfd7dcb265bc661ab|ST-85f62828da742e5c6ada
转西直通线,RL-0fdd741fcb5ad4275e5f,10,unknown,unknown,轨道线 / 类别待核实 / 支线,track.unknown.branch_line,unresolved,,,,,search_results_available,2026-10-06T15:23:39.765Z,RL-0fdd741fcb5ad4275e5f
转西进场线,RL-62fddc43ac72ead3ff70,1,unknown,unknown,轨道线 / 类别待核实 / 支线,track.unknown.branch_line,unresolved,,,,,search_results_available,2026-10-06T15:49:34.697Z,RL-62fddc43ac72ead3ff70
轮北线,RL-9ba3624bdbd28cdf479a,21,unknown,unknown,轨道线 / 类别待核实 / 支线,track.unknown.branch_line,unresolved,,,,,search_results_available,2026-10-06T15:11:46.042Z,RL-9ba3624bdbd28cdf479a
辛安渡联络线,RL-a5015862a60cdd962d4c,3,unknown,unknown,在建 / 轨道线 / 类别待核实 / 支线,track.unknown.branch_line,unresolved,,,,https://china-emu.cn/RailRoads/Line/?LineName=辛安渡联络线,search_results_available,2026-10-06T15:45:00.595Z,RL-a5015862a60cdd962d4c
辛泰线,RL-8a5e0dcff62de22b6279,222,unknown,unknown,轨道线 / 类别待核实 / 正线,track.unknown.main_line,unresolved,,,,,search_results_available,2026-10-06T15:05:54.670Z,RL-8a5e0dcff62de22b6279
边修线,RL-95222bb60cc3e6748f44,2,unknown,unknown,车站线 / 类别待核实 / 站场轨道线,station.unknown.unknown,unresolved,,,,,search_results_available,2026-10-06T15:54:36.526Z,ST-867b79dd1cf15c35116b
边海线,RL-37a9667b56b08da0a1bb,19,unknown,unknown,轨道线 / 类别待核实 / 支线,track.unknown.branch_line,unresolved,,,,,search_results_available,2026-10-06T15:54:10.231Z,RL-37a9667b56b08da0a1bb
辽宁大唐国际沈东热电有限责任公司专用线,RL-9ccf803ce1d133e24dc5,15,unknown,unknown,车站线 / 类别待核实 / 连接线,station.unknown.spur_track,unresolved,,,,,search_results_available,2026-10-06T15:20:40.495Z,RL-9ccf803ce1d133e24dc5
辽开线,RL-7404576b2f995bbbbbf0,62,unknown,unknown,轨道线 / 类别待核实 / 支线,track.unknown.branch_line,unresolved,,,,,search_results_available,2026-10-06T15:08:12.463Z,RL-7404576b2f995bbbbbf0
辽源矿业（集团）有限责任公司专用铁路,RL-c215ae44b295e701bd17,2,unknown,unknown,车站线 / 类别待核实 / 连接线,station.unknown.spur_track,unresolved,,,,,search_results_available,2026-10-06T15:54:56.504Z,RL-c215ae44b295e701bd17
辽源矿业（集团）有限责任公司梅河煤矿专用铁路,RL-dca9cf456aa05c2f21d6,3,industrial,industrial,车站线 / 工业铁路 / 连接线,station.industrial.spur_track,osm_source_compared,,,,,search_results_available,2026-10-06T15:45:00.595Z,RL-dca9cf456aa05c2f21d6
辽溪线,RL-0a53c522c81e003ca683,145,unknown,unknown,轨道线 / 类别待核实 / 线路功能待核实,track.unknown.unknown,unresolved,,line_role|track_role,,,search_results_available,2026-10-06T15:06:34.183Z,RL-0a53c522c81e003ca683
达万货车线,RL-dc549a5050f2d76a5242,22,unknown,unknown,轨道线 / 类别待核实 / 线路功能待核实,track.unknown.unknown,unresolved,,,,,search_results_available,2026-10-06T15:11:35.664Z,RL-dc549a5050f2d76a5242
达万铁路,RL-8852062bec1c1e6e49de,314,unknown,unknown,轨道线 / 类别待核实 / 正线,track.unknown.main_line,unresolved,,,,,search_results_available,2026-10-06T15:04:40.962Z,RL-8852062bec1c1e6e49de
达三线,RL-1c6a57aad376061c71e4,107,unknown,unknown,轨道线 / 类别待核实 / 支线,track.unknown.branch_line,unresolved,,,,,search_results_available,2026-10-06T15:54:25.785Z,RL-1c6a57aad376061c71e4
达州南北西联络线,RL-49b582dcc653e541fff1,10,unknown,unknown,在建 / 轨道线 / 类别待核实 / 支线,track.unknown.branch_line,unresolved,,,,,search_results_available,2026-10-06T15:23:39.765Z,RL-49b582dcc653e541fff1
达成东环联络线,RL-55df06d51c84b654f60d,3,unknown,unknown,轨道线 / 类别待核实 / 正线,track.unknown.main_line,unresolved,,,,,search_results_available,2026-10-06T15:45:00.595Z,RL-55df06d51c84b654f60d
达成北环联络线,RL-3295d85dd102b040cade,29,unknown,unknown,轨道线 / 类别待核实 / 支线,track.unknown.branch_line,unresolved,,,,,search_results_available,2026-10-06T15:10:29.624Z,RL-3295d85dd102b040cade
达成成都北上行出发场疏解线,RL-5ac144028eb60e0423da,3,unknown,unknown,轨道线 / 类别待核实 / 支线,track.unknown.branch_line,unresolved,,,,,search_results_available,2026-10-06T15:45:00.595Z,RL-5ac144028eb60e0423da
达成线,RL-1fd31d4a8baad8cc2ad8,787,unknown,unknown,轨道线 / 类别待核实 / 线路功能待核实,track.unknown.unknown,unresolved,,railway_class|line_role|track_role,,,search_results_available,2026-10-06T15:03:41.663Z,RL-1fd31d4a8baad8cc2ad8
迁曹线,RL-700a022ba29e11dc334f,338,unknown,unknown,轨道线 / 类别待核实 / 正线,track.unknown.main_line,unresolved,,,,,search_results_available,2026-10-06T15:04:36.047Z,RL-700a022ba29e11dc334f
迂回线,RL-1a580914f7b3d0f718e6,1,unknown,unknown,车站线 / 类别待核实 / 站场轨道线,station.unknown.unknown,unresolved,,construction_status,,,search_results_available,2026-10-06T15:49:34.697Z,ST-2517459188be41a06885
迎机线,RL-2cad75ac2a276f48c907,2,unknown,unknown,车站线 / 类别待核实 / 连接线,station.unknown.spur_track,unresolved,,,,,search_results_available,2026-10-06T15:54:51.323Z,RL-2cad75ac2a276f48c907
运输公司线,RL-c6e94bf5737173105fdf,1,unknown,unknown,车站线 / 类别待核实 / 连接线,station.unknown.spur_track,unresolved,,,,,search_results_available,2026-10-06T15:49:38.210Z,RL-c6e94bf5737173105fdf
进港二线,RL-ccc5309accb9621064dc,32,unknown,unknown,轨道线 / 类别待核实 / 支线,track.unknown.branch_line,unresolved,,,,,search_results_available,2026-10-06T15:10:06.462Z,RL-ccc5309accb9621064dc
远东气体线,RL-bfabc9d0b93d1cc4ae63,5,unknown,unknown,车站线 / 类别待核实 / 站场轨道线,station.unknown.unknown,unresolved,,construction_status,,,search_results_available,2026-10-06T15:39:16.768Z,ST-929ba32ee088070367ab
连云港市明达工贸发展有限公司专用铁路,RL-74da25f3004e081e3a4e,2,unknown,unknown,车站线 / 类别待核实 / 站场轨道线,station.unknown.unknown,unresolved,,,,,search_results_available,2026-10-06T15:54:51.323Z,ST-895d21450de042ed7ec5
连云港疏解线,RL-ec8fe90bcec307fabdad,5,unknown,unknown,轨道线 / 类别待核实 / 支线,track.unknown.branch_line,unresolved,,,,,search_results_available,2026-10-06T15:39:16.768Z,RL-ec8fe90bcec307fabdad
连云港联络线,RL-ff164be2b682ea51e052,18,high_speed,high_speed,轨道线 / 高速铁路 / 正线 / 速度范围待核实,track.high_speed.main_line.unknown,osm_source_compared,,,,https://china-emu.cn/RailRoads/Line/?LineName=徐连高速铁路（及联络线）,search_results_available,2026-10-06T15:12:25.396Z,RL-ff164be2b682ea51e052
连燕铁路,RL-67f360f4135aaf75629c,295,unknown,unknown,轨道线 / 类别待核实 / 支线,track.unknown.branch_line,unresolved,,,,,search_results_available,2026-10-06T15:04:41.474Z,RL-67f360f4135aaf75629c
连镇线,RL-4aac9dcee5fffee82c17,243,high_speed,high_speed,轨道线 / 高速铁路 / 正线 / 250–300 km/h,track.high_speed.main_line.250-300,osm_source_compared,,,,,search_results_available,2026-10-06T15:54:31.871Z,RL-4aac9dcee5fffee82c17
选煤厂线,RL-3358d6da9fbad2cdee46,1,unknown,unknown,车站线 / 类别待核实 / 连接线,station.unknown.spur_track,unresolved,,,,,search_results_available,2026-10-06T15:49:38.210Z,RL-3358d6da9fbad2cdee46
透堡疏解线,RL-9beda647d8fef2eb0835,9,unknown,unknown,轨道线 / 类别待核实 / 支线,track.unknown.branch_line,unresolved,,,,,search_results_available,2026-10-06T15:24:20.835Z,RL-9beda647d8fef2eb0835
通乔线,RL-edd836bde9f1851eba8d,6,unknown,unknown,轨道线 / 类别待核实 / 支线,track.unknown.branch_line,unresolved,,,,https://china-emu.cn/RailRoads/Line/?LineName=通乔线,search_results_available,2026-10-06T15:28:20.350Z,RL-edd836bde9f1851eba8d
通海港区铁路专用线,RL-e7ebbe71cc8e1a4c2275,13,unknown,unknown,车站线 / 类别待核实 / 连接线,station.unknown.spur_track,unresolved,,,,,search_results_available,2026-10-06T15:21:38.724Z,RL-e7ebbe71cc8e1a4c2275
通灌线,RL-6d12b3566df5236d1b9f,204,unknown,unknown,轨道线 / 类别待核实 / 正线,track.unknown.main_line,unresolved,,,,,search_results_available,2026-10-06T15:06:03.867Z,RL-6d12b3566df5236d1b9f
通燕联络线,RL-ad4f5dedee01fe19dd13,8,unknown,unknown,轨道线 / 类别待核实 / 正线,track.unknown.main_line,unresolved,,,,https://china-emu.cn/RailRoads/Line/?LineName=通燕联络线,search_results_available,2026-10-06T15:25:29.624Z,RL-ad4f5dedee01fe19dd13
通甬高铁沪甬联络线,RL-923d721224723ba5fc46,6,unknown,unknown,在建 / 轨道线 / 类别待核实 / 正线,track.unknown.main_line,unresolved,,,,,search_results_available,2026-10-06T15:28:20.350Z,RL-923d721224723ba5fc46
通甬高铁苏杭联络线,RL-311d8b8419dc521f94af,4,unknown,unknown,在建 / 轨道线 / 类别待核实 / 正线,track.unknown.main_line,unresolved,,,,,search_results_available,2026-10-06T15:43:26.366Z,RL-311d8b8419dc521f94af
通白联络线,RL-2539fce11f90b1372ea4,5,unknown,unknown,轨道线 / 类别待核实 / 支线,track.unknown.branch_line,unresolved,,,,,search_results_available,2026-10-06T15:39:16.768Z,RL-2539fce11f90b1372ea4
通苏嘉甬高速铁路,RL-4e3be0f7afdb34aabad3|RL-ce51cf431a7f594c93e1,72,high_speed,high_speed,在建 / 轨道线 / 高速铁路 / 正线 / 速度范围待核实|轨道线 / 高速铁路 / 正线 / 速度范围待核实,track.high_speed.main_line.unknown,osm_source_compared,,,,,search_results_available,2026-10-06T15:07:47.733Z,RL-4e3be0f7afdb34aabad3|RL-ce51cf431a7f594c93e1
通让线,RL-9d56da86fa2a17f21c35,238,conventional,conventional,轨道线 / 普速铁路 / 正线,track.conventional.main_line,source_checked,,,https://www.nra.gov.cn/zzjg/jgj/syjd/sgsgg/201911/P020220825544637781349.pdf,,search_results_available,2026-10-06T15:54:00.530Z,RL-9d56da86fa2a17f21c35
通辽北西联络线,RL-422c6d3c6ecf3fba6ca9,12,unknown,unknown,轨道线 / 类别待核实 / 正线,track.unknown.main_line,unresolved,,,,,search_results_available,2026-10-06T15:22:04.954Z,RL-422c6d3c6ecf3fba6ca9
通达线,RL-12a9caa533a87244fcb2,1,unknown,unknown,车站线 / 类别待核实 / 连接线,station.unknown.spur_track,unresolved,,,,,search_results_available,2026-10-06T15:49:38.210Z,RL-12a9caa533a87244fcb2
通霍线,RL-1af6defe19db2b20f9f3,394,unknown,unknown,轨道线 / 类别待核实 / 正线,track.unknown.main_line,unresolved,,,,,search_results_available,2026-10-06T15:04:30.229Z,RL-1af6defe19db2b20f9f3
遂宁动车所走行线,RL-cca9867e5c24d55d3ca6,5,unknown,unknown,车站线 / 类别待核实 / 站场轨道线,station.unknown.unknown,unresolved,,construction_status,,,search_results_available,2026-10-06T15:39:16.029Z,ST-a60a1f2292550ad214dc
遂宁南联络线,RL-e1f8407957a2c50a4741,33,unknown,unknown,轨道线 / 类别待核实 / 支线,track.unknown.branch_line,unresolved,,,,https://china-emu.cn/RailRoads/Line/?LineName=遂宁南联络线,search_results_available,2026-10-06T15:09:58.662Z,RL-e1f8407957a2c50a4741
遂成联络线,RL-a6f5e3802773f060df85,11,unknown,unknown,在建 / 轨道线 / 类别待核实 / 支线,track.unknown.branch_line,unresolved,,,,,search_results_available,2026-10-06T15:22:43.413Z,RL-a6f5e3802773f060df85
遂新联络线,RL-909849098f6aa4058743,42,unknown,unknown,轨道线 / 类别待核实 / 支线,track.unknown.branch_line,unresolved,,,,https://china-emu.cn/RailRoads/Line/?LineName=达成铁路（及联络线）,search_results_available,2026-10-06T15:09:22.892Z,RL-909849098f6aa4058743
遵小线,RL-10b5362c892ad5b60e2a|RL-20027faec4428345cc03,31,unknown,unknown,在建 / 轨道线 / 类别待核实 / 支线|轨道线 / 类别待核实 / 支线,track.unknown.branch_line,unresolved,,,,,search_results_available,2026-10-06T15:10:16.551Z,RL-10b5362c892ad5b60e2a|RL-20027faec4428345cc03
遵小铁路,RL-f42b23149589d77948c0,97,unknown,unknown,在建 / 轨道线 / 类别待核实 / 支线,track.unknown.branch_line,unresolved,,,,,search_results_available,2026-10-06T15:07:09.460Z,RL-f42b23149589d77948c0
避难线,RL-3b100bab32203e01be1d,1,unknown,unknown,车站线 / 类别待核实 / 连接线,station.unknown.spur_track,unresolved,,,,,search_results_available,2026-10-06T15:49:38.210Z,RL-3b100bab32203e01be1d
邓家铁木专用线,RL-d7a97e2a3e81eb004192,1,unknown,unknown,车站线 / 类别待核实 / 连接线,station.unknown.spur_track,unresolved,,,,,search_results_available,2026-10-06T15:49:35.455Z,RL-d7a97e2a3e81eb004192
邕北线,RL-714c852f2073bbbfa984,364,high_speed,high_speed,轨道线 / 高速铁路 / 正线 / 250–300 km/h,track.high_speed.main_line.250-300,osm_source_compared,,,,https://china-emu.cn/RailRoads/Line/?LineName=邕北铁路,search_results_available,2026-10-06T15:04:30.990Z,RL-714c852f2073bbbfa984
邕南铁路,RL-5a2e8301d64741c92f3d,100,unknown,unknown,轨道线 / 类别待核实 / 正线,track.unknown.main_line,unresolved,,,,,search_results_available,2026-10-06T15:07:05.212Z,RL-5a2e8301d64741c92f3d
邢台煤矿专用线,RL-b0804832efe7d0536048,17,industrial,industrial,轨道线 / 工业铁路 / 工业线,track.industrial.industrial_line,osm_source_compared,,,,,search_results_available,2026-10-06T15:12:44.416Z,RL-b0804832efe7d0536048
邢和线,RL-abd6fbdbc89dfad6f548,131,unknown,unknown,轨道线 / 类别待核实 / 正线,track.unknown.main_line,unresolved,,,,,search_results_available,2026-10-06T15:06:38.748Z,RL-abd6fbdbc89dfad6f548
邢和阳涉联络线,RL-e7b1017c11fca521aa5e,4,unknown,unknown,轨道线 / 类别待核实 / 线路功能待核实,track.unknown.unknown,unresolved,,line_role|track_role,,,search_results_available,2026-10-06T15:43:26.366Z,RL-e7b1017c11fca521aa5e
邢贡联络线,RL-42c4cba2ed032972cdb9,40,unknown,conventional,轨道线 / 普速铁路 / 联络线,track.conventional.connecting_line,user_verified,line_role,,,,search_results_available,2026-10-06T15:09:28.548Z,RL-42c4cba2ed032972cdb9
邢黄线,RL-38e67b763a823a59c5e3,12,unknown,conventional,轨道线 / 普速铁路 / 正线,track.conventional.main_line,user_verified,,,,,search_results_available,2026-10-06T15:22:04.954Z,RL-38e67b763a823a59c5e3
邯济线,RL-e7c78e2b749180fc9ce6,682,unknown,conventional,轨道线 / 普速铁路 / 正线,track.conventional.main_line,user_verified,,,,,search_results_available,2026-10-06T15:03:47.880Z,RL-e7c78e2b749180fc9ce6
邯济邯黄联络线,RL-87af6d9083f7ac10ce6b,65,unknown,freight,轨道线 / 货运铁路 / 正线,track.freight.main_line,user_verified,,,,,search_results_available,2026-10-06T15:08:06.907Z,RL-87af6d9083f7ac10ce6b
邯西二联线,RL-d40aaea9a56a0598190a,15,unknown,unknown,轨道线 / 类别待核实 / 正线,track.unknown.main_line,unresolved,,,,,search_results_available,2026-10-06T15:20:40.495Z,RL-d40aaea9a56a0598190a
邯西联线,RL-663febc22139e3790ab2,5,unknown,unknown,轨道线 / 类别待核实 / 支线,track.unknown.branch_line,unresolved,,,,,search_results_available,2026-10-06T15:39:16.029Z,RL-663febc22139e3790ab2
邯郸京广III线,RL-b202b53c2d066506e4f9,22,unknown,conventional,轨道线 / 普速铁路 / 正线,track.conventional.main_line,user_verified,,,,,search_results_available,2026-10-06T15:11:35.664Z,RL-b202b53c2d066506e4f9
邯长线,RL-9a2149a7d88c16608d6f,707,unknown,unknown,轨道线 / 类别待核实 / 正线,track.unknown.main_line,unresolved,,,,,search_results_available,2026-10-06T15:03:42.243Z,RL-9a2149a7d88c16608d6f
邯长线客车联络线,RL-6ff1a6ba99b53f0abc13,2,unknown,unknown,轨道线 / 类别待核实 / 正线,track.unknown.main_line,unresolved,,,,,search_results_available,2026-10-06T15:54:51.323Z,RL-6ff1a6ba99b53f0abc13
邯黄疏解线,RL-97e50e89351ff6efdf9a,10,unknown,unknown,轨道线 / 类别待核实 / 正线,track.unknown.main_line,unresolved,,,,,search_results_available,2026-10-06T15:23:39.765Z,RL-97e50e89351ff6efdf9a
邯黄石德联络线,RL-37886b30a9026607a0a2,44,unknown,unknown,轨道线 / 类别待核实 / 正线,track.unknown.main_line,unresolved,,,,,search_results_available,2026-10-06T15:09:09.883Z,RL-37886b30a9026607a0a2
邯黄线,RL-9c581bde203fd81d47c6,488,unknown,conventional,轨道线 / 普速铁路 / 正线,track.conventional.main_line,user_verified,,,,,search_results_available,2026-10-06T15:04:17.179Z,RL-9c581bde203fd81d47c6
邱家坡联络线,RL-8e90162f2734e9c7152a,12,unknown,unknown,轨道线 / 类别待核实 / 支线,track.unknown.branch_line,unresolved,,,,,search_results_available,2026-10-06T15:22:10.586Z,RL-8e90162f2734e9c7152a
邵永-衡柳联络线,RL-b3e7bd5527d134d52faf,9,unknown,unknown,在建 / 轨道线 / 类别待核实 / 支线,track.unknown.branch_line,unresolved,,,,,search_results_available,2026-10-06T15:24:34.138Z,RL-b3e7bd5527d134d52faf
邵永高速线,RL-24541719e8086e544f47,164,high_speed,high_speed,在建 / 轨道线 / 高速铁路 / 正线 / 300–350 km/h,track.high_speed.main_line.300-350,osm_source_compared,,,,https://china-emu.cn/RailRoads/Line/?LineName=邵永高速铁路,search_results_available,2026-10-06T15:06:23.518Z,RL-24541719e8086e544f47
邹南线,RL-2f703b130996bca15d96,27,unknown,unknown,轨道线 / 类别待核实 / 支线,track.unknown.branch_line,unresolved,,,,,search_results_available,2026-10-06T15:10:42.261Z,RL-2f703b130996bca15d96
邹县电厂铁路专用线,RL-c1a4a0bd7634d19ef676,27,unknown,unknown,轨道线 / 类别待核实 / 支线,track.unknown.branch_line,unresolved,,,,,search_results_available,2026-10-06T15:10:42.261Z,RL-c1a4a0bd7634d19ef676
郎家庄联络线,RL-fb8128edda138811ce31,8,high_speed,high_speed,轨道线 / 高速铁路 / 联络线 / 速度范围待核实,track.high_speed.connecting_line.unknown,osm_source_compared,line_role,,,https://china-emu.cn/RailRoads/Line/?LineName=郎家庄联络线,search_results_available,2026-10-06T15:25:29.624Z,RL-fb8128edda138811ce31
郑万高速铁路,RL-24cde801dda6ccb66ddc|RL-57819decf16238fb5d02|RL-825a8b0b60d83ee1c4fe,23,high_speed,high_speed,车站线 / 高速铁路 / 站场轨道线 / 速度范围待核实,station.high_speed.unknown.unknown,osm_source_compared,,construction_status,,,search_results_available,2026-10-06T15:11:18.317Z,ST-a1e486c37e62ff2b4280
郑太客专线,RL-b97b0d70fdf985aa0f46|RL-f9b4d126b991b4fdfcd6,849,high_speed|unknown,high_speed|unknown,轨道线 / 类别待核实 / 正线|轨道线 / 高速铁路 / 正线 / 速度范围待核实,track.high_speed.main_line.unknown|track.unknown.main_line,osm_source_compared|unresolved,,,,,search_results_available,2026-10-06T15:03:36.373Z,RL-b97b0d70fdf985aa0f46|RL-f9b4d126b991b4fdfcd6
郑州东北联络线,RL-cd60dec6932002111aa2,31,high_speed,high_speed,轨道线 / 高速铁路 / 正线 / 速度范围待核实,track.high_speed.main_line.unknown,osm_source_compared,,,,https://china-emu.cn/RailRoads/Line/?LineName=郑州东北联络线,search_results_available,2026-10-06T15:10:16.551Z,RL-cd60dec6932002111aa2
郑州东北西疏解线,RL-77e70d267b444358d139,5,high_speed,high_speed,轨道线 / 高速铁路 / 正线 / 速度范围待核实,track.high_speed.main_line.unknown,osm_source_compared,,,,,search_results_available,2026-10-06T15:39:16.029Z,RL-77e70d267b444358d139
郑州东南东联络线,RL-521851ab2f8a6c994d7f,36,high_speed,high_speed,轨道线 / 高速铁路 / 正线 / 速度范围待核实,track.high_speed.main_line.unknown,osm_source_compared,,,,https://china-emu.cn/RailRoads/Line/?LineName=郑州东南东联络线,search_results_available,2026-10-06T15:09:48.900Z,RL-521851ab2f8a6c994d7f
郑州东杨庄联络线,RL-f60e38df267f994a1f4f,6,high_speed,high_speed,轨道线 / 高速铁路 / 线路功能待核实 / 速度范围待核实,track.high_speed.unknown.unknown,osm_source_compared,,line_role,,https://china-emu.cn/RailRoads/Line/?LineName=郑州东杨庄联络线,search_results_available,2026-10-06T15:28:20.350Z,RL-f60e38df267f994a1f4f
郑州东西北疏解线,RL-42682c34b2958c2f3826,4,high_speed,high_speed,轨道线 / 高速铁路 / 正线 / 速度范围待核实,track.high_speed.main_line.unknown,osm_source_compared,,,,,search_results_available,2026-10-06T15:43:27.836Z,RL-42682c34b2958c2f3826
郑州东西南联络线,RL-1396d97d499a32d4a3ee,42,high_speed,high_speed,轨道线 / 高速铁路 / 正线 / 速度范围待核实,track.high_speed.main_line.unknown,osm_source_compared,,,,https://china-emu.cn/RailRoads/Line/?LineName=郑州东西南联络线,search_results_available,2026-10-06T15:09:22.892Z,RL-1396d97d499a32d4a3ee
郑州北环线,RL-25466f2f55a1b082ca47,7,unknown,unknown,轨道线 / 类别待核实 / 正线,track.unknown.main_line,unresolved,,,,,search_results_available,2026-10-06T15:26:45.351Z,RL-25466f2f55a1b082ca47
郑州北西出发线,RL-870e0f2aff70c534eba3,30,unknown,unknown,轨道线 / 类别待核实 / 正线,track.unknown.main_line,unresolved,,,,,search_results_available,2026-10-06T15:10:20.424Z,RL-870e0f2aff70c534eba3
郑州南环线,RL-135445930b53d2643717,11,unknown,unknown,轨道线 / 类别待核实 / 正线,track.unknown.main_line,unresolved,,,,,search_results_available,2026-10-06T15:22:42.165Z,RL-135445930b53d2643717
郑州南郑阜联络线,RL-6a5e62888a90db744a3d,9,high_speed,high_speed,轨道线 / 高速铁路 / 正线 / 速度范围待核实,track.high_speed.main_line.unknown,osm_source_compared,,,,https://china-emu.cn/RailRoads/Line/?LineName=郑州南郑阜联络线,search_results_available,2026-10-06T15:24:34.138Z,RL-6a5e62888a90db744a3d
郑州国际陆港专用铁路,RL-2797eede85009698ae89|RL-409c7c75ec3ed6c58b77,44,unknown,unknown,轨道线 / 类别待核实 / 线路功能待核实,track.unknown.unknown,unresolved,,,,,search_results_available,2026-10-06T15:09:09.883Z,RL-2797eede85009698ae89|RL-409c7c75ec3ed6c58b77
郑州西到达线,RL-46fadb5dfd5477486591,30,unknown,unknown,轨道线 / 类别待核实 / 正线,track.unknown.main_line,unresolved,,,,,search_results_available,2026-10-06T15:10:20.424Z,RL-46fadb5dfd5477486591
郑州西北环线,RL-b483dc46878b9fa6dd28,7,unknown,unknown,轨道线 / 类别待核实 / 正线,track.unknown.main_line,unresolved,,,,,search_results_available,2026-10-06T15:26:45.351Z,RL-b483dc46878b9fa6dd28
郑开上行联络线,RL-b7c652c6dcde9f6e6653,5,high_speed,high_speed,轨道线 / 高速铁路 / 正线 / 速度范围待核实,track.high_speed.main_line.unknown,osm_source_compared,,,,,search_results_available,2026-10-06T15:39:16.029Z,RL-b7c652c6dcde9f6e6653
郑开城际,RL-21375786a685ba4d5102,1,unknown,unknown,车站线 / 类别待核实 / 站场轨道线,station.unknown.unknown,unresolved,,,,,search_results_available,2026-10-06T15:49:35.455Z,ST-a53fb4433d9a8ad72de6
郑开城际线,RL-4415d841c397ebcabee9,56,unknown,high_speed,轨道线 / 高速铁路 / 正线 / 速度范围待核实,track.high_speed.main_line.unknown,user_verified,,,,,search_results_available,2026-10-06T15:08:28.594Z,RL-4415d841c397ebcabee9
郑机城际线,RL-97b34ce61542fb690b5f,100,unknown,unknown,轨道线 / 类别待核实 / 正线,track.unknown.main_line,unresolved,,,,https://china-emu.cn/RailRoads/Line/?LineName=郑机城际铁路,search_results_available,2026-10-06T15:07:09.363Z,RL-97b34ce61542fb690b5f
郑机联络线,RL-65bc2267d07d8687fa03,7,high_speed,high_speed,轨道线 / 高速铁路 / 正线 / 速度范围待核实,track.high_speed.main_line.unknown,osm_source_compared,,,,,search_results_available,2026-10-06T15:26:45.351Z,RL-65bc2267d07d8687fa03
郑渝渝怀联络线,RL-5afe1d660e5b3a84ec71,5,unknown,unknown,轨道线 / 类别待核实 / 支线,track.unknown.branch_line,unresolved,,,,,search_results_available,2026-10-06T15:39:17.471Z,RL-5afe1d660e5b3a84ec71
郑渝郑州东上联络线,RL-f8af58110fa741876062,9,high_speed,high_speed,轨道线 / 高速铁路 / 正线 / 速度范围待核实,track.high_speed.main_line.unknown,osm_source_compared,,,,,search_results_available,2026-10-06T15:24:34.138Z,RL-f8af58110fa741876062
郑渝高速线,RL-4c9da3677cb8528eac17,1787,high_speed,high_speed,轨道线 / 高速铁路 / 正线 / 速度范围待核实,track.high_speed.main_line.unknown,osm_source_compared,,,,https://china-emu.cn/RailRoads/Line/?LineName=郑渝高速铁路,search_results_available,2026-10-06T15:03:10.338Z,RL-4c9da3677cb8528eac17
郑蒲港专线,RL-ed92f921eb1feed42050,26,unknown,unknown,轨道线 / 类别待核实 / 支线,track.unknown.branch_line,unresolved,,,,,search_results_available,2026-10-06T15:10:47.615Z,RL-ed92f921eb1feed42050
郑西客专西安联络线,RL-acf8517ff4ab9df47212,35,unknown,unknown,轨道线 / 类别待核实 / 正线,track.unknown.main_line,unresolved,,,,,search_results_available,2026-10-06T15:09:54.655Z,RL-acf8517ff4ab9df47212
郑阜高速线,RL-2c0a28d56b951de4f6c4,150,high_speed,high_speed,轨道线 / 高速铁路 / 正线 / 300–350 km/h,track.high_speed.main_line.300-350,osm_source_compared,,,,https://china-emu.cn/RailRoads/Line/?LineName=郑阜高速铁路,search_results_available,2026-10-06T15:06:34.565Z,RL-2c0a28d56b951de4f6c4
郫彭线,RL-a6d27ef78b12b4d499a0,18,high_speed,high_speed,轨道线 / 高速铁路 / 正线 / 速度范围待核实,track.high_speed.main_line.unknown,osm_source_compared,,,,,search_results_available,2026-10-06T15:12:25.396Z,RL-a6d27ef78b12b4d499a0
郭北联络线,RL-7cad655cf29e88521cf6,22,high_speed,high_speed,轨道线 / 高速铁路 / 正线 / 速度范围待核实,track.high_speed.main_line.unknown,osm_source_compared,,,,,search_results_available,2026-10-06T15:11:35.664Z,RL-7cad655cf29e88521cf6
郭大疏解,RL-7c381345da2662d3c08e,4,unknown,unknown,轨道线 / 类别待核实 / 支线,track.unknown.branch_line,unresolved,,,,,search_results_available,2026-10-06T15:43:27.836Z,RL-7c381345da2662d3c08e
郭大线,RL-8e4a8c807bda85dc9240,1,unknown,unknown,轨道线 / 类别待核实 / 线路功能待核实,track.unknown.unknown,unresolved,,,,,search_results_available,2026-10-06T15:49:35.455Z,RL-8e4a8c807bda85dc9240
郭查线,RL-086b7cce1ae384f22ed8,6,unknown,unknown,轨道线 / 类别待核实 / 支线,track.unknown.branch_line,unresolved,,,,,search_results_available,2026-10-06T15:28:26.655Z,RL-086b7cce1ae384f22ed8
郭王村-西安东三四线（规划）,RL-9bbe7f54ccfb99bc4014,4,unknown,unknown,车站线 / 类别待核实 / 站场轨道线,station.unknown.unknown,unresolved,,,,,search_results_available,2026-10-06T15:43:27.836Z,ST-c14566fc6ca2f6545116|ST-c4bf4295c74a74bb0467
郭白线,RL-746a69c353dfc1fbd61f,25,unknown,unknown,轨道线 / 类别待核实 / 支线,track.unknown.branch_line,unresolved,,,,,search_results_available,2026-10-06T15:10:59.347Z,RL-746a69c353dfc1fbd61f
都四铁路,RL-e69de0e5e21fb844e731,42,unknown,unknown,在建 / 轨道线 / 类别待核实 / 正线,track.unknown.main_line,unresolved,,,,,search_results_available,2026-10-06T15:09:23.539Z,RL-e69de0e5e21fb844e731
都离联络线,RL-e7ccea2012e29db79ff5,12,unknown,unknown,轨道线 / 类别待核实 / 线路功能待核实,track.unknown.unknown,unresolved,,,,https://china-emu.cn/RailRoads/Line/?LineName=都离联络线,search_results_available,2026-10-06T15:22:10.586Z,RL-e7ccea2012e29db79ff5
鄂州北疏解线,RL-221208f086c3fa9ba7b1,11,unknown,unknown,轨道线 / 类别待核实 / 支线,track.unknown.branch_line,unresolved,,,,,search_results_available,2026-10-06T15:22:42.165Z,RL-221208f086c3fa9ba7b1
鄂州球团厂专用线,RL-32c2a8b38417655d4e9a,11,unknown,unknown,车站线 / 类别待核实 / 连接线,station.unknown.spur_track,unresolved,,railway_class|line_role,,,search_results_available,2026-10-06T15:22:42.165Z,RL-32c2a8b38417655d4e9a
鄂州电厂专用线,RL-353537ef7af25107d3a1,5,unknown,unknown,车站线 / 类别待核实 / 连接线,station.unknown.spur_track,unresolved,,railway_class|line_role,,,search_results_available,2026-10-06T15:39:17.471Z,RL-353537ef7af25107d3a1
鄂州西附属线,RL-5ceff760df06afc16659,31,unknown,unknown,轨道线 / 类别待核实 / 支线,track.unknown.branch_line,unresolved,,,,,search_results_available,2026-10-06T15:10:16.551Z,RL-5ceff760df06afc16659
配1,RL-225328e65fe4d08eaf30,2,unknown,unknown,车站线 / 类别待核实 / 连接线,station.unknown.spur_track,unresolved,,,,,search_results_available,2026-10-06T15:54:44.678Z,RL-225328e65fe4d08eaf30
酒额线,RL-842df70a675fe6e31939,91,unknown,unknown,轨道线 / 类别待核实 / 正线,track.unknown.main_line,unresolved,,,,,search_results_available,2026-10-06T15:07:17.169Z,RL-842df70a675fe6e31939
酸刺沟煤矿铁路专用线,RL-df97738dca345903d29f,50,unknown,unknown,轨道线 / 类别待核实 / 支线,track.unknown.branch_line,unresolved,,,,,search_results_available,2026-10-06T15:08:53.896Z,RL-df97738dca345903d29f
醴茶线,RL-dc0cf8a774e076406222,61,conventional,conventional,轨道线 / 普速铁路 / 正线,track.conventional.main_line,source_checked,,,https://jtt.hunan.gov.cn/jtt/xxgk/zwgg/202507/t20250717_33742600.html,,search_results_available,2026-10-06T15:08:14.140Z,RL-dc0cf8a774e076406222
采石场专用线,RL-bbde905419ad92df2b63,5,industrial,industrial,车站线 / 工业铁路 / 站场轨道线,station.industrial.unknown,osm_source_compared,,,,,search_results_available,2026-10-06T15:39:17.471Z,ST-9c5f5533a3c08db594d7
采石线,RL-4a6847ca3545e1f4fcf2,15,unknown,unknown,车站线 / 类别待核实 / 连接线,station.unknown.spur_track,unresolved,,,,,search_results_available,2026-10-06T15:20:40.495Z,RL-4a6847ca3545e1f4fcf2
重庆东动车所走行线,RL-dbd338dd430f78ffb5d3,19,unknown,unknown,车站线 / 类别待核实 / 站场轨道线,station.unknown.unknown,unresolved,,,,,search_results_available,2026-10-06T15:54:56.504Z,ST-b87bc43d70b09a01234f
重庆东客整所走行线,RL-2172ab69fe1252a2a135,6,unknown,unknown,车站线 / 类别待核实 / 站场轨道线,station.unknown.unknown,unresolved,,,,,search_results_available,2026-10-06T15:28:26.655Z,ST-b87bc43d70b09a01234f
重庆东环线,RL-9063d654ef0ec7538e1a|RL-dd20d92fca9450530685,583,unknown,unknown,在建 / 轨道线 / 类别待核实 / 正线|轨道线 / 类别待核实 / 线路功能待核实,track.unknown.main_line|track.unknown.unknown,unresolved,,line_role|track_role,,https://china-emu.cn/RailRoads/Line/?LineName=重庆东环铁路,search_results_available,2026-10-06T15:04:02.965Z,RL-9063d654ef0ec7538e1a|RL-dd20d92fca9450530685
重车线,RL-775eded823e5cb3b94ca|RL-ef0aaeb19bce37f3fc64,6,unknown,unknown,车站线 / 类别待核实 / 站场轨道线|车站线 / 类别待核实 / 连接线,station.unknown.spur_track|station.unknown.unknown,unresolved,,,,,search_results_available,2026-10-06T15:28:26.655Z,RL-775eded823e5cb3b94ca|ST-72411c99c079b6bc4cc1
金义-杭长上行联络线,RL-e63033accc87f477d4c8,5,unknown,unknown,在建 / 轨道线 / 类别待核实 / 正线,track.unknown.main_line,unresolved,,,,,search_results_available,2026-10-06T15:39:17.471Z,RL-e63033accc87f477d4c8
金义三四线,RL-235fabb5f9f9de0c2f3b|RL-5ac7621b199f38beff81,46,high_speed,high_speed,在建 / 轨道线 / 高速铁路 / 正线 / 速度范围待核实|轨道线 / 高速铁路 / 正线 / 速度范围待核实,track.high_speed.main_line.unknown,osm_source_compared,,,,,search_results_available,2026-10-06T15:09:05.741Z,RL-235fabb5f9f9de0c2f3b|RL-5ac7621b199f38beff81
金凉联络线,RL-bdc6b4d808ff5f38523b|RL-f9edad7875f4a573ca1a,17,unknown,unknown,车站线 / 类别待核实 / 站场轨道线|轨道线 / 类别待核实 / 线路功能待核实,station.unknown.unknown|track.unknown.unknown,unresolved,,,,,search_results_available,2026-10-06T15:12:46.553Z,RL-f9edad7875f4a573ca1a|ST-1cf3b7c2475518732ea6
金千线,RL-182e7652be04532a354d,118,unknown,unknown,轨道线 / 类别待核实 / 支线,track.unknown.branch_line,unresolved,,,,,search_results_available,2026-10-06T15:06:50.944Z,RL-182e7652be04532a354d
金华南联络线,RL-829c951f81bb3318613d,28,unknown,unknown,轨道线 / 类别待核实 / 支线,track.unknown.branch_line,unresolved,,,,https://china-emu.cn/RailRoads/Line/?LineName=金华南联络线,search_results_available,2026-10-06T15:10:36.217Z,RL-829c951f81bb3318613d
金华粮库线,RL-baaab1c6c59219e867a9,6,unknown,unknown,车站线 / 类别待核实 / 站场轨道线,station.unknown.unknown,unresolved,,,,,search_results_available,2026-10-06T15:28:26.655Z,ST-5d5823e0cc601fc9c4bd
金台线,RL-7a98398a0663dbe404df,198,unknown,unknown,轨道线 / 类别待核实 / 正线,track.unknown.main_line,unresolved,,,,https://china-emu.cn/RailRoads/Line/?LineName=金台铁路,search_results_available,2026-10-06T15:06:04.418Z,RL-7a98398a0663dbe404df
金台铁路头门港支线,RL-29a725d1bac1d647706b|RL-f4b414bd8d0e835986db,60,unknown,unknown,轨道线 / 类别待核实 / 支线,track.unknown.branch_line,unresolved,,construction_status,,,search_results_available,2026-10-06T15:08:22.023Z,RL-29a725d1bac1d647706b|RL-f4b414bd8d0e835986db
金坛西北联络线,RL-a990ef93adab1ad5c7d9,4,unknown,unknown,车站线 / 类别待核实 / 站场轨道线,station.unknown.unknown,unresolved,,,,,search_results_available,2026-10-06T15:43:27.836Z,ST-400fae8ea16c65560bf7
金城线,RL-73caf38a9aa4b96864e6,74,unknown,unknown,轨道线 / 类别待核实 / 正线,track.unknown.main_line,unresolved,,,,,search_results_available,2026-10-06T15:07:46.219Z,RL-73caf38a9aa4b96864e6
金山北站1道,RL-65c11f9b2c364daa08f0,1,unknown,unknown,车站线 / 类别待核实 / 站场轨道线,station.unknown.unknown,unresolved,,,,,search_results_available,2026-10-06T15:49:35.455Z,ST-c60c80019f963563b42e
金山北站4道,RL-2807d24ab134b1c266de,2,unknown,unknown,车站线 / 类别待核实 / 站场轨道线,station.unknown.unknown,unresolved,,,,,search_results_available,2026-10-06T15:54:36.526Z,ST-c60c80019f963563b42e
金山线,RL-9b179ad30673afff88fd,207,unknown,unknown,轨道线 / 类别待核实 / 线路功能待核实,track.unknown.unknown,unresolved,,line_role|track_role,,https://china-emu.cn/RailRoads/Line/?LineName=金山铁路,search_results_available,2026-10-06T15:06:02.472Z,RL-9b179ad30673afff88fd
金巴岭联络线,RL-e286f70d2603e556aac6,15,unknown,unknown,轨道线 / 类别待核实 / 正线,track.unknown.main_line,unresolved,,,,https://china-emu.cn/RailRoads/Line/?LineName=金巴岭联络线,search_results_available,2026-10-06T15:20:40.495Z,RL-e286f70d2603e556aac6
金建高速线,RL-c8eae52343ca629aac34,66,high_speed,high_speed,轨道线 / 高速铁路 / 正线 / 速度范围待核实,track.high_speed.main_line.unknown,osm_source_compared,,,,https://china-emu.cn/RailRoads/Line/?LineName=金建高速铁路,search_results_available,2026-10-06T15:08:07.520Z,RL-c8eae52343ca629aac34
金杜联络线,RL-91ecdf7d4d5fbf28352f,19,unknown,unknown,轨道线 / 类别待核实 / 支线,track.unknown.branch_line,unresolved,,,,,search_results_available,2026-10-06T15:54:25.785Z,RL-91ecdf7d4d5fbf28352f
金桥联络线,RL-45a26e1ba2eb011ea73b,15,unknown,unknown,轨道线 / 类别待核实 / 支线,track.unknown.branch_line,unresolved,,,,,search_results_available,2026-10-06T15:20:42.711Z,RL-45a26e1ba2eb011ea73b
金棋联络线,RL-68fc5aa6e14c4834131e,7,unknown,unknown,轨道线 / 类别待核实 / 支线,track.unknown.branch_line,unresolved,,,,,search_results_available,2026-10-06T15:26:45.351Z,RL-68fc5aa6e14c4834131e
金沙支线,RL-7ae7321bbd27e92357a8,19,unknown,unknown,轨道线 / 类别待核实 / 支线,track.unknown.branch_line,unresolved,,,,,search_results_available,2026-10-06T15:54:05.860Z,RL-7ae7321bbd27e92357a8
金温线,RL-22e5972442b9d9111ac6,385,high_speed,high_speed,轨道线 / 高速铁路 / 正线 / 200–250 km/h,track.high_speed.main_line.200-250,osm_source_compared,,,,https://china-emu.cn/RailRoads/Line/?LineName=金温铁路,search_results_available,2026-10-06T15:04:29.373Z,RL-22e5972442b9d9111ac6
金温联络线,RL-2b24f85eb994b2739e38,16,unknown,unknown,轨道线 / 类别待核实 / 支线,track.unknown.branch_line,unresolved,,,,,search_results_available,2026-10-06T15:20:20.362Z,RL-2b24f85eb994b2739e38
金温货线,RL-6c3630a4d2d4bbed3a99|RL-a85b058f6a5cd229fd6b,520,unknown,unknown,在建 / 轨道线 / 类别待核实 / 正线|轨道线 / 类别待核实 / 线路功能待核实,track.unknown.main_line|track.unknown.unknown,unresolved,,line_role|track_role,,,search_results_available,2026-10-06T15:04:13.634Z,RL-6c3630a4d2d4bbed3a99|RL-a85b058f6a5cd229fd6b
金源热电厂专用线,RL-e7f70bcab3486b347cc8,20,unknown,unknown,车站线 / 类别待核实 / 连接线,station.unknown.spur_track,unresolved,,,,,search_results_available,2026-10-06T15:11:53.303Z,RL-e7f70bcab3486b347cc8
金牛线,RL-e75563166bbb80db23f6,1,unknown,unknown,车站线 / 类别待核实 / 站场轨道线,station.unknown.unknown,unresolved,,,,,search_results_available,2026-10-06T15:49:42.576Z,ST-85f62828da742e5c6ada
金玉环线,RL-d37539d27e7ded81080c,1,unknown,unknown,车站线 / 类别待核实 / 连接线,station.unknown.spur_track,unresolved,,,,,search_results_available,2026-10-06T15:49:42.576Z,RL-d37539d27e7ded81080c
金窑线,RL-78bc1f772362d3c56033,34,unknown,unknown,轨道线 / 类别待核实 / 支线,track.unknown.branch_line,unresolved,,,,,search_results_available,2026-10-06T15:09:53.073Z,RL-78bc1f772362d3c56033
金筠线,RL-7ed36a67965998510616,143,unknown,unknown,轨道线 / 类别待核实 / 支线,track.unknown.branch_line,unresolved,,railway_class,,,search_results_available,2026-10-06T15:06:33.999Z,RL-7ed36a67965998510616
金红铁路,RL-3ade6a8ef8f38201f340,11,unknown,unknown,轨道线 / 类别待核实 / 支线,track.unknown.branch_line,unresolved,,,,,search_results_available,2026-10-06T15:22:42.165Z,RL-3ade6a8ef8f38201f340
金羊联络线,RL-d671c32a7a3233eee0c5,16,unknown,unknown,轨道线 / 类别待核实 / 线路功能待核实,track.unknown.unknown,unresolved,,,,,search_results_available,2026-10-06T15:20:19.510Z,RL-d671c32a7a3233eee0c5
金锣线,RL-b65842874fe4b3e6f7a3,1,unknown,unknown,车站线 / 类别待核实 / 连接线,station.unknown.spur_track,unresolved,,,,,search_results_available,2026-10-06T15:49:42.576Z,RL-b65842874fe4b3e6f7a3
金阿线,RL-559e8fa49f0765d57bd9,57,unknown,unknown,轨道线 / 类别待核实 / 线路功能待核实,track.unknown.unknown,unresolved,,line_role,,,search_results_available,2026-10-06T15:08:31.130Z,RL-559e8fa49f0765d57bd9
金鼎集团专用线,RL-12aa11f1e81258479261,12,unknown,unknown,轨道线 / 类别待核实 / 支线,track.unknown.branch_line,unresolved,,,,,search_results_available,2026-10-06T15:22:10.586Z,RL-12aa11f1e81258479261
钟鸣联络线,RL-78a14893c291c51603f1,5,unknown,unknown,轨道线 / 类别待核实 / 支线,track.unknown.branch_line,unresolved,,,,,search_results_available,2026-10-06T15:39:16.856Z,RL-78a14893c291c51603f1
钢专线,RL-905bcef300ae5f8d0350,4,unknown,unknown,车站线 / 类别待核实 / 连接线,station.unknown.spur_track,unresolved,,,,,search_results_available,2026-10-06T15:43:25.360Z,RL-905bcef300ae5f8d0350
钢厂专线,RL-1a308c85c159ddbfecba,2,unknown,unknown,轨道线 / 类别待核实 / 线路功能待核实,track.unknown.unknown,unresolved,,,,,search_results_available,2026-10-06T15:54:41.521Z,RL-1a308c85c159ddbfecba
钢厂线,RL-f841f7f3b462512b8324,4,unknown,unknown,车站线 / 类别待核实 / 连接线,station.unknown.spur_track,unresolved,,,,,search_results_available,2026-10-06T15:43:25.360Z,RL-f841f7f3b462512b8324
钢材线,RL-8ba03d44623acc72e2eb,2,unknown,unknown,车站线 / 类别待核实 / 连接线,station.unknown.spur_track,unresolved,,,,,search_results_available,2026-10-06T15:46:56.152Z,RL-8ba03d44623acc72e2eb
钦东联络线,RL-80b2b50e2517651d86cf|RL-8179605f7f47758618d3|RL-d34f04f9cc3370ef596a,13,high_speed|unknown,high_speed|unknown,在建 / 轨道线 / 类别待核实 / 支线|轨道线 / 类别待核实 / 支线|轨道线 / 高速铁路 / 支线 / 速度范围待核实,track.high_speed.branch_line.unknown|track.unknown.branch_line,osm_source_compared|unresolved,,,,https://china-emu.cn/RailRoads/Line/?LineName=钦东联络线,search_results_available,2026-10-06T15:21:38.724Z,RL-80b2b50e2517651d86cf|RL-8179605f7f47758618d3|RL-d34f04f9cc3370ef596a
钦北线,RL-3f891fb5e1d86d8e7dea,53,unknown,unknown,轨道线 / 类别待核实 / 正线,track.unknown.main_line,unresolved,,construction_status,,,search_results_available,2026-10-06T15:08:37.514Z,RL-3f891fb5e1d86d8e7dea
钦南上行客车联络线,RL-18c5a9f96552cc4fb9cf,1,unknown,unknown,车站线 / 类别待核实 / 站场轨道线,station.unknown.unknown,unresolved,,,,,search_results_available,2026-10-06T15:49:42.576Z,ST-8676790b5ff1cde577eb
钦州港东线,RL-032faade99c7d8383250,16,unknown,unknown,轨道线 / 类别待核实 / 支线,track.unknown.branch_line,unresolved,,,,,search_results_available,2026-10-06T15:20:19.510Z,RL-032faade99c7d8383250
钦港铁路,RL-f7b9ddb8a6981c8bd1dd,35,unknown,unknown,轨道线 / 类别待核实 / 支线,track.unknown.branch_line,unresolved,,,,,search_results_available,2026-10-06T15:09:54.655Z,RL-f7b9ddb8a6981c8bd1dd
钦钦铁路,RL-f248eb2106f7d3ff6728,1,industrial,industrial,轨道线 / 工业铁路 / 工业线,track.industrial.industrial_line,osm_source_compared,,,,,search_results_available,2026-10-06T15:49:44.317Z,RL-f248eb2106f7d3ff6728
钦防线,RL-2ac84aa86008a2b38744,302,high_speed,high_speed,轨道线 / 高速铁路 / 正线 / 250–300 km/h,track.high_speed.main_line.250-300,osm_source_compared,,,,https://china-emu.cn/RailRoads/Line/?LineName=钦防铁路,search_results_available,2026-10-06T15:04:42.378Z,RL-2ac84aa86008a2b38744
钱塘江货场线,RL-25a39541f5c2dcef882c,3,unknown,unknown,车站线 / 类别待核实 / 站场轨道线,station.unknown.unknown,unresolved,,,,,search_results_available,2026-10-06T15:45:05.961Z,ST-6fc51c53935d0982196d|ST-b79b9b2b201f960fa17c|ST-e165c9efb4cd5e2ce5e7
铁专线,RL-45212f2d82650017bb69,2,unknown,unknown,车站线 / 类别待核实 / 连接线,station.unknown.spur_track,unresolved,,,,,search_results_available,2026-10-06T15:46:56.152Z,RL-45212f2d82650017bb69
铁丰专用线,RL-9644a4804e975acff232,48,industrial,industrial,轨道线 / 工业铁路 / 工业线,track.industrial.industrial_line,osm_source_compared,,,,,search_results_available,2026-10-06T15:08:59.381Z,RL-9644a4804e975acff232
铁南线,RL-dcf5867de2bbab119889,7,unknown,unknown,轨道线 / 类别待核实 / 正线,track.unknown.main_line,unresolved,,,,,search_results_available,2026-10-06T15:26:45.553Z,RL-dcf5867de2bbab119889
铁山洋联络线,RL-150cc79a6e95df8e05e3,64,unknown,unknown,轨道线 / 类别待核实 / 支线,track.unknown.branch_line,unresolved,,,,,search_results_available,2026-10-06T15:08:08.513Z,RL-150cc79a6e95df8e05e3
铁法线,RL-b83023d16f155d503ef5,13,unknown,unknown,轨道线 / 类别待核实 / 支线,track.unknown.branch_line,unresolved,,,,,search_results_available,2026-10-06T15:21:38.724Z,RL-b83023d16f155d503ef5
铁灵线,RL-62a7a466274be6cc9541,26,unknown,unknown,轨道线 / 类别待核实 / 支线,track.unknown.branch_line,unresolved,,,,,search_results_available,2026-10-06T15:10:53.629Z,RL-62a7a466274be6cc9541
铁田线,RL-8e97afda04a42b362b60,10,unknown,unknown,轨道线 / 类别待核实 / 支线,track.unknown.branch_line,unresolved,,,,,search_results_available,2026-10-06T15:23:52.818Z,RL-8e97afda04a42b362b60
铁神物流园专用线,RL-e15f521b63622d0dc28e,2,unknown,unknown,车站线 / 类别待核实 / 连接线,station.unknown.spur_track,unresolved,,,,,search_results_available,2026-10-06T15:46:56.152Z,RL-e15f521b63622d0dc28e
铁西一库线,RL-6a5152f8d7d1d80f8fab,1,unknown,unknown,车站线 / 类别待核实 / 连接线,station.unknown.spur_track,unresolved,,,,,search_results_available,2026-10-06T15:49:44.317Z,RL-6a5152f8d7d1d80f8fab
铁西劳改支队线,RL-d28f7644dbd153800848,1,unknown,unknown,车站线 / 类别待核实 / 连接线,station.unknown.spur_track,unresolved,,,,,search_results_available,2026-10-06T15:49:44.317Z,RL-d28f7644dbd153800848
铁西线,RL-d91ca9c8fb298f68f48a,4,unknown,unknown,车站线 / 类别待核实 / 连接线,station.unknown.spur_track,unresolved,,,,,search_results_available,2026-10-06T15:43:25.360Z,RL-d91ca9c8fb298f68f48a
铁路,RL-f764fe59dc10c58521ab,8,unknown,unknown,轨道线 / 类别待核实 / 线路功能待核实,track.unknown.unknown,unresolved,,,,,search_results_available,2026-10-06T15:25:29.624Z,RL-f764fe59dc10c58521ab
铁路实业线,RL-f3053dbd6347bdcbb6a9,1,unknown,unknown,车站线 / 类别待核实 / 站场轨道线,station.unknown.unknown,unresolved,,,,,search_results_available,2026-10-06T15:49:44.317Z,ST-b58f8e37fd525aeb9378
铁路材料厂线,RL-8a1ca11ccc0d9de53b10,1,unknown,unknown,车站线 / 类别待核实 / 连接线,station.unknown.spur_track,unresolved,,,,,search_results_available,2026-10-06T15:49:41.982Z,RL-8a1ca11ccc0d9de53b10
铁道工程实训基地,RL-e4a3f25478be0ee3a2b3,2,unknown,unknown,轨道线 / 类别待核实 / 线路功能待核实,track.unknown.unknown,unresolved,,,,,search_results_available,2026-10-06T15:46:56.152Z,RL-e4a3f25478be0ee3a2b3
铁黄线,RL-edfd4429c18d8f1a6ae4,6,unknown,unknown,轨道线 / 类别待核实 / 支线,track.unknown.branch_line,unresolved,,,,,search_results_available,2026-10-06T15:28:27.258Z,RL-edfd4429c18d8f1a6ae4
铅矿线,RL-ec9e2df7cfddee230ac9,3,unknown,unknown,车站线 / 类别待核实 / 连接线,station.unknown.spur_track,unresolved,,,,,search_results_available,2026-10-06T15:45:05.961Z,RL-ec9e2df7cfddee230ac9
铜九线,RL-bcdb64dcaa2e8f8e20e4,171,unknown,unknown,轨道线 / 类别待核实 / 正线,track.unknown.main_line,unresolved,,,,,search_results_available,2026-10-06T15:06:22.154Z,RL-bcdb64dcaa2e8f8e20e4
铜匠川线,RL-859aaa8cca0415e0aa7c,32,unknown,unknown,轨道线 / 类别待核实 / 支线,track.unknown.branch_line,unresolved,,,,,search_results_available,2026-10-06T15:10:07.225Z,RL-859aaa8cca0415e0aa7c
铜大线,RL-8e7476fd76c226b839b5,15,unknown,unknown,轨道线 / 类别待核实 / 支线,track.unknown.branch_line,unresolved,,,,,search_results_available,2026-10-06T15:20:42.711Z,RL-8e7476fd76c226b839b5
铜山联络线,RL-c82c69cdf02209701005,12,unknown,unknown,轨道线 / 类别待核实 / 正线,track.unknown.main_line,unresolved,,,,https://china-emu.cn/RailRoads/Line/?LineName=铜山联络线,search_results_available,2026-10-06T15:22:10.586Z,RL-c82c69cdf02209701005
铜矿线,RL-6f1111829fd97657ec04,2,unknown,unknown,车站线 / 类别待核实 / 站场轨道线,station.unknown.unknown,unresolved,,,,,search_results_available,2026-10-06T15:46:54.779Z,ST-a59cd2f6c2bf6041a6be
铜罐驿疏解线,RL-cfbc118099c3a3f7e097,5,unknown,unknown,轨道线 / 类别待核实 / 支线,track.unknown.branch_line,unresolved,,,,,search_results_available,2026-10-06T15:39:16.856Z,RL-cfbc118099c3a3f7e097
铜蒲线,RL-c8188bdeb6419c9dbfd2,32,unknown,unknown,轨道线 / 类别待核实 / 支线,track.unknown.branch_line,unresolved,,,,,search_results_available,2026-10-06T15:10:07.225Z,RL-c8188bdeb6419c9dbfd2
铜陵北联络线,RL-258a17ebe1ed2760ae70,18,high_speed,high_speed,轨道线 / 高速铁路 / 支线 / 速度范围待核实,track.high_speed.branch_line.unknown,osm_source_compared,,,,https://china-emu.cn/RailRoads/Line/?LineName=铜陵北联络线,search_results_available,2026-10-06T15:12:33.934Z,RL-258a17ebe1ed2760ae70
铜陵江北港专用线,RL-d6c1872b6d73ee89b361,19,unknown,unknown,在建 / 轨道线 / 类别待核实 / 支线,track.unknown.branch_line,unresolved,,,,,search_results_available,2026-10-06T15:54:44.678Z,RL-d6c1872b6d73ee89b361
铝厂糖厂线,RL-568356e17629794bd37a,2,unknown,unknown,车站线 / 类别待核实 / 连接线,station.unknown.spur_track,unresolved,,,,,search_results_available,2026-10-06T15:46:54.779Z,RL-568356e17629794bd37a
银兰高速线,RL-010c6e31557f17ea0a64,1033,high_speed,high_speed,轨道线 / 高速铁路 / 正线 / 速度范围待核实,track.high_speed.main_line.unknown,osm_source_compared,,,,https://china-emu.cn/RailRoads/Line/?LineName=银兰高速铁路,search_results_available,2026-10-06T15:03:36.077Z,RL-010c6e31557f17ea0a64
银川动走1线,RL-619bc3485c5b97b1f2a4,8,unknown,unknown,轨道线 / 类别待核实 / 支线,track.unknown.branch_line,unresolved,,,,,search_results_available,2026-10-06T15:25:29.624Z,RL-619bc3485c5b97b1f2a4
银川动走2线,RL-85b07011b9f964de9559,8,unknown,unknown,轨道线 / 类别待核实 / 支线,track.unknown.branch_line,unresolved,,,,,search_results_available,2026-10-06T15:25:46.801Z,RL-85b07011b9f964de9559
银川北联络线,RL-f101aac699ccd1f9c568,5,unknown,unknown,轨道线 / 类别待核实 / 支线,track.unknown.branch_line,unresolved,,,,,search_results_available,2026-10-06T15:39:16.856Z,RL-f101aac699ccd1f9c568
银川普速动车走行线,RL-45f226b5c0320c827c45,1,unknown,unknown,轨道线 / 类别待核实 / 支线,track.unknown.branch_line,unresolved,,,,,search_results_available,2026-10-06T15:49:41.982Z,RL-45f226b5c0320c827c45
银巴铁路,RL-14e842f16c49dc791fb0,65,high_speed,high_speed,在建 / 轨道线 / 高速铁路 / 正线 / 200–250 km/h,track.high_speed.main_line.200-250,osm_source_compared,,,,https://china-emu.cn/RailRoads/Line/?LineName=银巴铁路,search_results_available,2026-10-06T15:08:06.907Z,RL-14e842f16c49dc791fb0
银联线,RL-a1f617f73471f880c359,15,unknown,unknown,轨道线 / 类别待核实 / 支线,track.unknown.branch_line,unresolved,,,,,search_results_available,2026-10-06T15:20:42.711Z,RL-a1f617f73471f880c359
银西高速线,RL-41bdc12359a62526fd32,999,high_speed,high_speed,轨道线 / 高速铁路 / 正线 / 速度范围待核实,track.high_speed.main_line.unknown,osm_source_compared,,,,https://china-emu.cn/RailRoads/Line/?LineName=银西高速铁路（及联络线）,search_results_available,2026-10-06T15:03:34.929Z,RL-41bdc12359a62526fd32
锡东联络线,RL-be3ba928d14f99fc18b6,17,unknown,unknown,轨道线 / 类别待核实 / 支线,track.unknown.branch_line,unresolved,,,,,search_results_available,2026-10-06T15:12:46.553Z,RL-be3ba928d14f99fc18b6
锡乌线,RL-d1fceb377d71b88742bd,215,unknown,unknown,轨道线 / 类别待核实 / 正线,track.unknown.main_line,unresolved,,,,,search_results_available,2026-10-06T15:05:56.841Z,RL-d1fceb377d71b88742bd
锡二线,RL-41f97e194ad2e0a831f4|RL-9b30daf7116c1f6c9ac0,52,unknown,unknown,轨道线 / 类别待核实 / 正线,track.unknown.main_line,unresolved,,,,,search_results_available,2026-10-06T15:08:42.333Z,RL-41f97e194ad2e0a831f4|RL-9b30daf7116c1f6c9ac0
锡北线,RL-deb57ac80ed32d8ea798,16,unknown,unknown,轨道线 / 类别待核实 / 支线,track.unknown.branch_line,unresolved,,,,,search_results_available,2026-10-06T15:20:19.510Z,RL-deb57ac80ed32d8ea798
锡白联络线,RL-9904ca802befac5ecdb7,11,unknown,unknown,轨道线 / 类别待核实 / 线路功能待核实,track.unknown.unknown,unresolved,,,,,search_results_available,2026-10-06T15:22:51.115Z,RL-9904ca802befac5ecdb7
锦承北票联络线,RL-b9ef2e46c8b74d1089af,6,unknown,unknown,轨道线 / 类别待核实 / 正线,track.unknown.main_line,unresolved,,,,,search_results_available,2026-10-06T15:28:27.258Z,RL-b9ef2e46c8b74d1089af
锦承叶赤联络线,RL-9013ec0e2290f52501d3,3,unknown,unknown,轨道线 / 类别待核实 / 正线,track.unknown.main_line,unresolved,,,,,search_results_available,2026-10-06T15:45:05.961Z,RL-9013ec0e2290f52501d3
锦承线,RL-1a5ef01498f5b1c54d21|RL-3b2c0d65853d324a5405,472,unknown,unknown,车站线 / 类别待核实 / 渡线|轨道线 / 类别待核实 / 正线,station.unknown.crossover|track.unknown.main_line,unresolved,,,,,search_results_available,2026-10-06T15:04:17.179Z,RL-1a5ef01498f5b1c54d21|RL-3b2c0d65853d324a5405
锦新联络线,RL-32c68e2ac0f8017245b6,4,unknown,unknown,轨道线 / 类别待核实 / 正线,track.unknown.main_line,unresolved,,,,,search_results_available,2026-10-06T15:43:25.360Z,RL-32c68e2ac0f8017245b6
锦赤线,RL-a693931b3f8c7d1546a9,317,unknown,unknown,轨道线 / 类别待核实 / 正线,track.unknown.main_line,unresolved,,,,,search_results_available,2026-10-06T15:04:40.962Z,RL-a693931b3f8c7d1546a9
镇江联络线,RL-f962b99a06446393589e,14,high_speed,high_speed,轨道线 / 高速铁路 / 联络线 / 速度范围待核实,track.high_speed.connecting_line.unknown,osm_source_compared,line_role,,,https://china-emu.cn/RailRoads/Line/?LineName=镇江联络线,search_results_available,2026-10-06T15:21:10.979Z,RL-f962b99a06446393589e
镇海支线,RL-95cd77cb67ccb6a475a1,17,industrial,industrial,车站线 / 工业铁路 / 连接线,station.industrial.spur_track,osm_source_compared,,,,,search_results_available,2026-10-06T15:12:46.553Z,RL-95cd77cb67ccb6a475a1
镇瑞线,RL-7158ed3d43f70702365d,32,unknown,unknown,轨道线 / 类别待核实 / 支线,track.unknown.branch_line,unresolved,,,,,search_results_available,2026-10-06T15:10:07.225Z,RL-7158ed3d43f70702365d
镜湖联络线,RL-bff3f2418c37ee83607e,5,high_speed,high_speed,轨道线 / 高速铁路 / 支线 / 速度范围待核实,track.high_speed.branch_line.unknown,osm_source_compared,,,,https://china-emu.cn/RailRoads/Line/?LineName=镜湖联络线,search_results_available,2026-10-06T15:39:16.856Z,RL-bff3f2418c37ee83607e
长东联络线,RL-682a7a09a346523a8e7d,22,high_speed,high_speed,轨道线 / 高速铁路 / 正线 / 速度范围待核实,track.high_speed.main_line.unknown,osm_source_compared,,,,https://china-emu.cn/RailRoads/Line/?LineName=长东联络线,search_results_available,2026-10-06T15:11:30.231Z,RL-682a7a09a346523a8e7d
长八线,RL-0da0935cd9a5aa5e6f3e,5,unknown,unknown,轨道线 / 类别待核实 / 正线,track.unknown.main_line,unresolved,,,,,search_results_available,2026-10-06T15:42:19.426Z,RL-0da0935cd9a5aa5e6f3e
长兴南货场线,RL-8e712d124dcf0154cbb5,11,unknown,unknown,车站线 / 类别待核实 / 站场轨道线,station.unknown.unknown,unresolved,,line_role,,,search_results_available,2026-10-06T15:22:51.115Z,ST-cc2073bb5d6b3f84ebd2
长双烟线,RL-e7142c6860857056a472,103,unknown,unknown,轨道线 / 类别待核实 / 正线,track.unknown.main_line,unresolved,,,,,search_results_available,2026-10-06T15:07:03.738Z,RL-e7142c6860857056a472
长图线,RL-ede8ff7acc8a3812a7d6,612,unknown,unknown,轨道线 / 类别待核实 / 正线,track.unknown.main_line,unresolved,,,,,search_results_available,2026-10-06T15:03:57.533Z,RL-ede8ff7acc8a3812a7d6
长塘联络线,RL-e7e27e9c1dfd42d9b6b7,10,unknown,unknown,轨道线 / 类别待核实 / 支线,track.unknown.branch_line,unresolved,,,,,search_results_available,2026-10-06T15:23:52.818Z,RL-e7e27e9c1dfd42d9b6b7
长大进场线,RL-8b463bd056fddaf7c5e4,2,unknown,unknown,轨道线 / 类别待核实 / 支线,track.unknown.branch_line,unresolved,,,,,search_results_available,2026-10-06T15:46:54.779Z,RL-8b463bd056fddaf7c5e4
长岗联络线,RL-fd16ea9ef5280a863bf7,8,unknown,unknown,轨道线 / 类别待核实 / 线路功能待核实,track.unknown.unknown,unresolved,,line_role|track_role,,,search_results_available,2026-10-06T15:25:46.801Z,RL-fd16ea9ef5280a863bf7
长征机械厂专用线,RL-3a99b0e2929fa17bf483,78,unknown,unknown,车站线 / 类别待核实 / 连接线,station.unknown.spur_track,unresolved,,,,,search_results_available,2026-10-06T15:07:38.084Z,RL-3a99b0e2929fa17bf483
长旅线,RL-ff8f36651faf9e80d004,32,unknown,unknown,轨道线 / 类别待核实 / 正线,track.unknown.main_line,unresolved,,,,,search_results_available,2026-10-06T15:10:07.225Z,RL-ff8f36651faf9e80d004
长春货场联络线,RL-4b9df7993818d0722cf6,8,unknown,unknown,轨道线 / 类别待核实 / 线路功能待核实,track.unknown.unknown,unresolved,,,,,search_results_available,2026-10-06T15:25:46.801Z,RL-4b9df7993818d0722cf6
长株城际线,RL-c0827b6bab5ddd94ade5,181,unknown,unknown,轨道线 / 类别待核实 / 正线,track.unknown.main_line,unresolved,,,,,search_results_available,2026-10-06T15:06:17.600Z,RL-c0827b6bab5ddd94ade5
长江埠附属线,RL-a34a1384741653f260fc|RL-db7ca74a340449a864a3,38,unknown,unknown,轨道线 / 类别待核实 / 支线|轨道线 / 类别待核实 / 线路功能待核实,track.unknown.branch_line|track.unknown.unknown,unresolved,,line_role|track_role,,,search_results_available,2026-10-06T15:09:35.524Z,RL-a34a1384741653f260fc|RL-db7ca74a340449a864a3
长沙南东南联络线,RL-6d72d37b140863159b8c,25,unknown,unknown,轨道线 / 类别待核实 / 正线,track.unknown.main_line,unresolved,,,,,search_results_available,2026-10-06T15:10:59.347Z,RL-6d72d37b140863159b8c
长沙南动车走行线,RL-240e862a87033aed47ec,23,unknown,unknown,车站线 / 类别待核实 / 站场轨道线,station.unknown.unknown,unresolved,,,,,search_results_available,2026-10-06T15:11:18.317Z,ST-385722570cb543badb64
长沙南南西联络线,RL-1c1af65ee210704e61ba,14,unknown,unknown,轨道线 / 类别待核实 / 正线,track.unknown.main_line,unresolved,,,,,search_results_available,2026-10-06T15:21:20.376Z,RL-1c1af65ee210704e61ba
长沙南西北联络线,RL-db0b9f4bce17e3b961c2,46,unknown,unknown,轨道线 / 类别待核实 / 正线,track.unknown.main_line,unresolved,,,,,search_results_available,2026-10-06T15:09:05.741Z,RL-db0b9f4bce17e3b961c2
长沙客车外绕线,RL-4fc801bbcf963f601f98,43,unknown,unknown,轨道线 / 类别待核实 / 正线,track.unknown.main_line,unresolved,,,,,search_results_available,2026-10-06T15:09:15.461Z,RL-4fc801bbcf963f601f98
长沙西城际线,RL-8d233a26bf590ccbc63b,30,unknown,unknown,轨道线 / 类别待核实 / 正线,track.unknown.main_line,unresolved,,,,,search_results_available,2026-10-06T15:10:20.424Z,RL-8d233a26bf590ccbc63b
长牛线,RL-b841e9a202e5503ae2cb,18,unknown,unknown,轨道线 / 类别待核实 / 支线,track.unknown.branch_line,unresolved,,,,,search_results_available,2026-10-06T15:12:33.934Z,RL-b841e9a202e5503ae2cb
长珲城际线,RL-d13e0401dfd5ecb93f0e,814,high_speed,high_speed,轨道线 / 高速铁路 / 正线 / 速度范围待核实,track.high_speed.main_line.unknown,osm_source_compared,,,,,search_results_available,2026-10-06T15:03:40.369Z,RL-d13e0401dfd5ecb93f0e
长珲城际铁路,RL-102c4224e502e4c4eb88,6,high_speed,high_speed,车站线 / 高速铁路 / 站场轨道线 / 速度范围待核实,station.high_speed.unknown.unknown,osm_source_compared,,,,,search_results_available,2026-10-06T15:28:27.258Z,ST-4b625912b7c11e52144e|ST-696e53e83852bed262bb
长白线,RL-f66fd10c0f42b698bcac,304,unknown,unknown,轨道线 / 类别待核实 / 正线,track.unknown.main_line,unresolved,,,,https://china-emu.cn/RailRoads/Line/?LineName=长白铁路,search_results_available,2026-10-06T15:04:42.378Z,RL-f66fd10c0f42b698bcac
长荆线,RL-23965c623b1b134ce447,153,unknown,unknown,轨道线 / 类别待核实 / 正线,track.unknown.main_line,unresolved,,,,,search_results_available,2026-10-06T15:06:27.261Z,RL-23965c623b1b134ce447
长西联络线,RL-c9f64edbde2ba75736f7,18,high_speed,high_speed,轨道线 / 高速铁路 / 正线 / 速度范围待核实,track.high_speed.main_line.unknown,osm_source_compared,,,,https://china-emu.cn/RailRoads/Line/?LineName=长珲城际铁路（及联络线）,search_results_available,2026-10-06T15:12:33.934Z,RL-c9f64edbde2ba75736f7
长西铁路,RL-80f89e45f19c554fceb8,29,unknown,unknown,在建 / 轨道线 / 类别待核实 / 正线,track.unknown.main_line,unresolved,,,,,search_results_available,2026-10-06T15:10:29.624Z,RL-80f89e45f19c554fceb8
长赣西南联络线,RL-38850cf53c66a3fc4795,2,unknown,unknown,在建 / 轨道线 / 类别待核实 / 支线,track.unknown.branch_line,unresolved,,,,,search_results_available,2026-10-06T15:46:54.779Z,RL-38850cf53c66a3fc4795
长辽通高速铁路（预留）,RL-c04b1aabbb957c3bbc22,2,unknown,unknown,轨道线 / 类别待核实 / 线路功能待核实,track.unknown.unknown,unresolved,,,,,search_results_available,2026-10-06T15:46:58.729Z,RL-c04b1aabbb957c3bbc22
长长联络线,RL-61efa5c0787f5697d246,39,unknown,unknown,轨道线 / 类别待核实 / 线路功能待核实,track.unknown.unknown,unresolved,,line_role|track_role,,,search_results_available,2026-10-06T15:09:27.860Z,RL-61efa5c0787f5697d246
长风港专用线,RL-46fe7c5faa9780751158,7,unknown,unknown,在建 / 轨道线 / 类别待核实 / 支线,track.unknown.branch_line,unresolved,,,,,search_results_available,2026-10-06T15:26:45.553Z,RL-46fe7c5faa9780751158
长黄联络线,RL-ba1e6da16826a315775d,9,high_speed,high_speed,在建 / 轨道线 / 高速铁路 / 线路功能待核实 / 速度范围待核实,track.high_speed.unknown.unknown,osm_source_compared,,,,https://china-emu.cn/RailRoads/Line/?LineName=长黄联络线,search_results_available,2026-10-06T15:24:34.138Z,RL-ba1e6da16826a315775d
闫玉联络线,RL-9db3428ec77a03b5953a,13,unknown,unknown,轨道线 / 类别待核实 / 支线,track.unknown.branch_line,unresolved,,,,,search_results_available,2026-10-06T15:21:45.567Z,RL-9db3428ec77a03b5953a
闫金联络线,RL-d72f4c75375b06cdfaa7,36,unknown,unknown,轨道线 / 类别待核实 / 支线,track.unknown.branch_line,unresolved,,,,,search_results_available,2026-10-06T15:09:49.056Z,RL-d72f4c75375b06cdfaa7
阎机城际铁路,RL-fbef052ad49dbdd3e583,3,high_speed,high_speed,轨道线 / 高速铁路 / 正线 / 速度范围待核实,track.high_speed.main_line.unknown,osm_source_compared,,,,,search_results_available,2026-10-06T15:45:05.961Z,RL-fbef052ad49dbdd3e583
阜六线,RL-7cf499aa13be0e707d1a,170,unknown,unknown,轨道线 / 类别待核实 / 正线,track.unknown.main_line,unresolved,,,,,search_results_available,2026-10-06T15:06:22.154Z,RL-7cf499aa13be0e707d1a
阜六铁路,RL-d4476a42a78b393d8c23,1,unknown,unknown,车站线 / 类别待核实 / 站场轨道线,station.unknown.unknown,unresolved,,,,,search_results_available,2026-10-06T15:49:41.982Z,ST-db22f36d64c1b409a3a0
阜北环到线,RL-f1ab0405543d8a76d61f,5,unknown,unknown,轨道线 / 类别待核实 / 支线,track.unknown.branch_line,unresolved,,,,,search_results_available,2026-10-06T15:42:19.426Z,RL-f1ab0405543d8a76d61f
阜淮线,RL-ff1717a6f59fcd92df24,197,unknown,unknown,轨道线 / 类别待核实 / 正线,track.unknown.main_line,unresolved,,,,,search_results_available,2026-10-06T15:06:02.800Z,RL-ff1717a6f59fcd92df24
阜金线,RL-f64f7613b64b8244fc30,45,unknown,unknown,轨道线 / 类别待核实 / 正线,track.unknown.main_line,unresolved,,,,,search_results_available,2026-10-06T15:09:10.996Z,RL-f64f7613b64b8244fc30
阜阳上行联络线,RL-702bf834356a538a340b,9,unknown,unknown,轨道线 / 类别待核实 / 正线,track.unknown.main_line,unresolved,,,,,search_results_available,2026-10-06T15:24:36.448Z,RL-702bf834356a538a340b
阜阳下行联络线,RL-d5c2810eaa80646641ab,13,unknown,unknown,轨道线 / 类别待核实 / 正线,track.unknown.main_line,unresolved,,,,,search_results_available,2026-10-06T15:21:45.567Z,RL-d5c2810eaa80646641ab
阜阳西北联络线,RL-cdf86460c68e811af8e7,4,unknown,unknown,轨道线 / 类别待核实 / 支线,track.unknown.branch_line,unresolved,,,,,search_results_available,2026-10-06T15:43:25.733Z,RL-cdf86460c68e811af8e7
阜阳西联络线,RL-399f817cbdcf6396095c,18,unknown,unknown,轨道线 / 类别待核实 / 正线,track.unknown.main_line,unresolved,,,,,search_results_available,2026-10-06T15:12:33.934Z,RL-399f817cbdcf6396095c
阜青联络线,RL-7edaad10a9ffc2256a32,3,unknown,unknown,轨道线 / 类别待核实 / 支线,track.unknown.branch_line,unresolved,,,,,search_results_available,2026-10-06T15:45:07.040Z,RL-7edaad10a9ffc2256a32
阜黄高速线,RL-52879f7a41b51b1183be|RL-5c8218133ecd5c1ba7ff,250,high_speed,high_speed,在建 / 轨道线 / 高速铁路 / 正线 / 速度范围待核实|轨道线 / 高速铁路 / 正线 / 速度范围待核实,track.high_speed.main_line.unknown,osm_source_compared,,,,https://china-emu.cn/RailRoads/Line/?LineName=阜黄高速铁路,search_results_available,2026-10-06T15:54:36.526Z,RL-52879f7a41b51b1183be|RL-5c8218133ecd5c1ba7ff
防东铁路,RL-0dd3b31a5cef7bbd3037,102,high_speed,high_speed,轨道线 / 高速铁路 / 正线 / 200–250 km/h,track.high_speed.main_line.200-250,osm_source_compared,,,,https://china-emu.cn/RailRoads/Line/?LineName=防东铁路,search_results_available,2026-10-06T15:07:01.541Z,RL-0dd3b31a5cef7bbd3037
阳城电厂专用线,RL-6ce80ba5de05d5fb37f2,30,industrial,industrial,轨道线 / 工业铁路 / 工业线,track.industrial.industrial_line,osm_source_compared,,,,,search_results_available,2026-10-06T15:10:20.424Z,RL-6ce80ba5de05d5fb37f2
阳安线,RL-4a464c71dce0533a7aa9,1127,unknown,unknown,轨道线 / 类别待核实 / 正线,track.unknown.main_line,unresolved,,,,,search_results_available,2026-10-06T15:03:30.760Z,RL-4a464c71dce0533a7aa9
阳泉东线,RL-2ca7146d7f64d187cd79,73,unknown,unknown,轨道线 / 类别待核实 / 正线,track.unknown.main_line,unresolved,,,,https://china-emu.cn/RailRoads/Line/?LineName=阳泉东线,search_results_available,2026-10-06T15:07:45.192Z,RL-2ca7146d7f64d187cd79
阳泉北场间联络线,RL-adebb04afc180dc99028,15,unknown,unknown,轨道线 / 类别待核实 / 支线,track.unknown.branch_line,unresolved,,,,,search_results_available,2026-10-06T15:20:42.711Z,RL-adebb04afc180dc99028
阳泉煤业（集团）有限责任公司五矿专用线,RL-023b50119a19efe9c938,16,unknown,unknown,车站线 / 类别待核实 / 连接线,station.unknown.spur_track,unresolved,,,,,search_results_available,2026-10-06T15:20:19.510Z,RL-023b50119a19efe9c938
阳泉矿正线,RL-591c5c3eccb64a470532,4,industrial,industrial,轨道线 / 工业铁路 / 工业线,track.industrial.industrial_line,osm_source_compared,,,,,search_results_available,2026-10-06T15:43:25.733Z,RL-591c5c3eccb64a470532
阳涉线,RL-ae4dff057b5df47856bd|RL-b53ada1bd1048d81ad07,371,unknown,unknown,轨道线 / 类别待核实 / 正线,track.unknown.main_line,unresolved,,,,,search_results_available,2026-10-06T15:04:30.457Z,RL-ae4dff057b5df47856bd|RL-b53ada1bd1048d81ad07
阳涉铁路有限责任公司平定专用线,RL-d3423678d2e54b595ab7,7,unknown,unknown,车站线 / 类别待核实 / 连接线,station.unknown.spur_track,unresolved,,,,,search_results_available,2026-10-06T15:26:45.553Z,RL-d3423678d2e54b595ab7
阳深疏解线,RL-4d05befa1a90d8af8ca8,11,high_speed,high_speed,轨道线 / 高速铁路 / 正线 / 速度范围待核实,track.high_speed.main_line.unknown,osm_source_compared,,,,https://china-emu.cn/RailRoads/Line/?LineName=阳深疏解线,search_results_available,2026-10-06T15:22:51.115Z,RL-4d05befa1a90d8af8ca8
阳深联络线,RL-e12340aae5c1aee17c90,23,high_speed,high_speed,轨道线 / 高速铁路 / 正线 / 速度范围待核实,track.high_speed.main_line.unknown,osm_source_compared,,,,https://china-emu.cn/RailRoads/Line/?LineName=阳深联络线,search_results_available,2026-10-06T15:11:24.753Z,RL-e12340aae5c1aee17c90
阳简线,RL-ea2e01236557a845a315,12,unknown,unknown,轨道线 / 类别待核实 / 支线,track.unknown.branch_line,unresolved,,,,,search_results_available,2026-10-06T15:22:10.243Z,RL-ea2e01236557a845a315
阳逻电厂专用线,RL-8b127aff2c894ad7de36,6,unknown,unknown,车站线 / 类别待核实 / 连接线,station.unknown.spur_track,unresolved,,,,,search_results_available,2026-10-06T15:28:27.258Z,RL-8b127aff2c894ad7de36
阳阳铁路,RL-42155db4d784d8b1bba9,52,unknown,unknown,轨道线 / 类别待核实 / 支线,track.unknown.branch_line,unresolved,,,,,search_results_available,2026-10-06T15:08:42.333Z,RL-42155db4d784d8b1bba9
阿准线,RL-41e8bcd4cf20848f1289,162,unknown,unknown,轨道线 / 类别待核实 / 正线,track.unknown.main_line,unresolved,,,,,search_results_available,2026-10-06T15:06:21.640Z,RL-41e8bcd4cf20848f1289
阿阿线,RL-ace16b69c23cef0fe57b,108,unknown,unknown,轨道线 / 类别待核实 / 支线,track.unknown.branch_line,unresolved,,,,,search_results_available,2026-10-06T15:54:41.522Z,RL-ace16b69c23cef0fe57b
陇海上行发车线,RL-efaa21ebba8c80a91d3a,1,unknown,conventional,车站线 / 普速铁路 / 到发线,station.conventional.arrival_departure_track,user_verified,,,,,search_results_available,2026-10-06T15:49:41.982Z,RL-efaa21ebba8c80a91d3a
陇海上行货线,RL-630f601de10faf900d5a,34,unknown,freight,轨道线 / 货运铁路 / 正线,track.freight.main_line,user_verified,,,,,search_results_available,2026-10-06T15:09:53.073Z,RL-630f601de10faf900d5a
陇海下行货线,RL-5f700e0f05a14306114e,27,unknown,freight,轨道线 / 货运铁路 / 正线,track.freight.main_line,user_verified,,,,,search_results_available,2026-10-06T15:10:42.261Z,RL-5f700e0f05a14306114e
陇海咸铜联络线,RL-cefb469b5d5a8234a4cc,4,unknown,conventional,轨道线 / 普速铁路 / 联络线,track.conventional.connecting_line,user_verified,line_role,,,,search_results_available,2026-10-06T15:43:25.733Z,RL-cefb469b5d5a8234a4cc
陇海油库支线,RL-e8f8658e4899470e12ea,1,unknown,industrial,车站线 / 工业铁路 / 连接线,station.industrial.spur_track,user_verified,,,,,search_results_available,2026-10-06T15:49:41.499Z,RL-e8f8658e4899470e12ea
陇海线,RL-1ad6347890627bde626b,4292,conventional,conventional,轨道线 / 普速铁路 / 正线,track.conventional.main_line,user_verified,,,https://www.beijing.gov.cn/fuwu/bmfw/sy/jrts/202606/t20260617_4703972.html,,search_results_available,2026-10-06T15:03:05.672Z,RL-1ad6347890627bde626b
陇海西成联络线,RL-21865123227e228bf297,20,unknown,conventional,轨道线 / 普速铁路 / 联络线,track.conventional.connecting_line,user_verified,line_role,,,https://china-emu.cn/RailRoads/Line/?LineName=陇海西成联络线,search_results_available,2026-10-06T15:11:51.082Z,RL-21865123227e228bf297
陇海货线,RL-ff0e5909885a17db66e8,46,unknown,freight,轨道线 / 货运铁路 / 正线,track.freight.main_line,user_verified,,,,,search_results_available,2026-10-06T15:09:05.741Z,RL-ff0e5909885a17db66e8
陇海铁路（改线）,RL-b38b16d59b193796a4c3,6,unknown,conventional,在建 / 轨道线 / 普速铁路 / 线路功能待核实,track.conventional.unknown,user_verified,,,,,search_results_available,2026-10-06T15:28:29.757Z,RL-b38b16d59b193796a4c3
陇符联络线,RL-a0557cdd825708c9e23c,6,unknown,unknown,轨道线 / 类别待核实 / 支线,track.unknown.branch_line,unresolved,,,,,search_results_available,2026-10-06T15:28:29.757Z,RL-a0557cdd825708c9e23c
陈坡疏解线,RL-322cf5a0c04a068105b4,26,unknown,unknown,轨道线 / 类别待核实 / 正线,track.unknown.main_line,unresolved,,,,,search_results_available,2026-10-06T15:10:53.629Z,RL-322cf5a0c04a068105b4
陈塘庄线,RL-6361e4e9ac256571bbbf,21,unknown,unknown,轨道线 / 类别待核实 / 线路功能待核实,track.unknown.unknown,unresolved,,line_role|track_role,,,search_results_available,2026-10-06T15:11:46.042Z,RL-6361e4e9ac256571bbbf
陈家沟煤矿专用线,RL-8d5d28d8abaeda485c99,3,industrial,industrial,轨道线 / 工业铁路 / 工业线,track.industrial.industrial_line,osm_source_compared,,,,,search_results_available,2026-10-06T15:45:07.040Z,RL-8d5d28d8abaeda485c99
陈家湾联络线,RL-471943c0d0d10f33e94f,7,unknown,unknown,在建 / 轨道线 / 类别待核实 / 支线,track.unknown.branch_line,unresolved,,,,https://china-emu.cn/RailRoads/Line/?LineName=陈家湾联络线,search_results_available,2026-10-06T15:26:45.553Z,RL-471943c0d0d10f33e94f
陈福联络线,RL-ea6267696715e05c9755,11,unknown,unknown,轨道线 / 类别待核实 / 正线,track.unknown.main_line,unresolved,,construction_status,,https://china-emu.cn/RailRoads/Line/?LineName=陈福联络线,search_results_available,2026-10-06T15:22:51.115Z,RL-ea6267696715e05c9755
陕西省储备局专用线,RL-b866fddb6ab49a0f479f,3,unknown,unknown,车站线 / 类别待核实 / 连接线,station.unknown.spur_track,unresolved,,,,,search_results_available,2026-10-06T15:45:07.040Z,RL-b866fddb6ab49a0f479f
陕西省油库专用线,RL-9aac89735a9e3cff3669,3,unknown,unknown,车站线 / 类别待核实 / 连接线,station.unknown.spur_track,unresolved,,,,,search_results_available,2026-10-06T15:45:07.040Z,RL-9aac89735a9e3cff3669
陕西金泰氯碱化工有限公司专用线,RL-b85ce2adc37dc9fefe69,3,unknown,unknown,车站线 / 类别待核实 / 连接线,station.unknown.spur_track,unresolved,,,,,search_results_available,2026-10-06T15:45:07.428Z,RL-b85ce2adc37dc9fefe69
陡电线,RL-011ee761b616d1d62f11,39,unknown,unknown,轨道线 / 类别待核实 / 支线,track.unknown.branch_line,unresolved,,,,,search_results_available,2026-10-06T15:09:27.860Z,RL-011ee761b616d1d62f11
陶利庙南联络线,RL-18761229c5114b4b128f,5,unknown,unknown,轨道线 / 类别待核实 / 支线,track.unknown.branch_line,unresolved,,,,,search_results_available,2026-10-06T15:42:19.426Z,RL-18761229c5114b4b128f
陶利庙至上海庙铁路,RL-8478c1af9cc220874922,11,unknown,unknown,在建 / 轨道线 / 类别待核实 / 正线,track.unknown.main_line,unresolved,,,,,search_results_available,2026-10-06T15:22:51.476Z,RL-8478c1af9cc220874922
陶家岗联络线,RL-cf438b4f00b2c28f59fa,15,unknown,unknown,轨道线 / 类别待核实 / 支线,track.unknown.branch_line,unresolved,,,,,search_results_available,2026-10-06T15:20:56.781Z,RL-cf438b4f00b2c28f59fa
陶舒线,RL-0e7deb97df9e0ae88578,68,unknown,unknown,轨道线 / 类别待核实 / 正线,track.unknown.main_line,unresolved,,,,,search_results_available,2026-10-06T15:08:03.054Z,RL-0e7deb97df9e0ae88578
陶赖昭联络线,RL-849b7aa2db8977377c9d,9,unknown,unknown,轨道线 / 类别待核实 / 正线,track.unknown.main_line,unresolved,,,,,search_results_available,2026-10-06T15:24:36.448Z,RL-849b7aa2db8977377c9d
陶铜II联络线,RL-b3608cc6eb527fde6627,26,unknown,unknown,轨道线 / 类别待核实 / 支线,track.unknown.branch_line,unresolved,,,,,search_results_available,2026-10-06T15:10:53.629Z,RL-b3608cc6eb527fde6627
陶铜I联络线,RL-53a0eea5db51d5230bd4,40,unknown,unknown,轨道线 / 类别待核实 / 支线,track.unknown.branch_line,unresolved,,,,,search_results_available,2026-10-06T15:09:28.548Z,RL-53a0eea5db51d5230bd4
隆叙线,RL-6762c416cb67d29eb870,262,unknown,unknown,轨道线 / 类别待核实 / 正线,track.unknown.main_line,unresolved,,,,,search_results_available,2026-10-06T15:04:49.541Z,RL-6762c416cb67d29eb870
隆泸叙线,RL-9ab2fefb4d6678f19929,310,unknown,unknown,轨道线 / 类别待核实 / 正线,track.unknown.main_line,unresolved,,,,,search_results_available,2026-10-06T15:04:41.211Z,RL-9ab2fefb4d6678f19929
雄安动车走行A线,RL-2c66a58affe41fee3bd3,11,unknown,unknown,轨道线 / 类别待核实 / 支线,track.unknown.branch_line,unresolved,,,,,search_results_available,2026-10-06T15:22:51.476Z,RL-2c66a58affe41fee3bd3
雄安动车走行B线,RL-7f9299b863297e76f719,7,unknown,unknown,轨道线 / 类别待核实 / 支线,track.unknown.branch_line,unresolved,,,,,search_results_available,2026-10-06T15:27:13.657Z,RL-7f9299b863297e76f719
雄忻高速线,RL-6063c502c6e0e937ba6e,182,high_speed,high_speed,在建 / 轨道线 / 高速铁路 / 正线 / 速度范围待核实,track.high_speed.main_line.unknown,osm_source_compared,,,,https://china-emu.cn/RailRoads/Line/?LineName=雄忻高速铁路,search_results_available,2026-10-06T15:06:17.600Z,RL-6063c502c6e0e937ba6e
雅满苏线,RL-42e1ffe517fa6ff9cd82,22,unknown,unknown,轨道线 / 类别待核实 / 支线,track.unknown.branch_line,unresolved,,,,,search_results_available,2026-10-06T15:11:30.231Z,RL-42e1ffe517fa6ff9cd82
集二线,RL-232fd24ab3ad77315347|RL-507dd6cf7ab5ba7f15a9|RL-ff7c0c7384235e7bae89,156,unknown,unknown,车站线 / 类别待核实 / 站场轨道线|轨道线 / 类别待核实 / 正线,station.unknown.unknown|track.unknown.main_line,unresolved,,,,,search_results_available,2026-10-06T15:06:28.691Z,RL-507dd6cf7ab5ba7f15a9|ST-597b60811fec5a6d399b
集安鸭绿江国境铁路大桥/지안압록강국경 철도대교,RL-55d72494569c9ae0773c,1,unknown,unknown,轨道线 / 类别待核实 / 正线,track.unknown.main_line,unresolved,,,,,search_results_available,2026-10-06T15:49:41.499Z,RL-55d72494569c9ae0773c
集白联络线,RL-f3284576cd09939870a5,7,unknown,unknown,轨道线 / 类别待核实 / 支线,track.unknown.branch_line,unresolved,,,,,search_results_available,2026-10-06T15:27:13.657Z,RL-f3284576cd09939870a5
集葫联络线,RL-7eaa0ad541e5cf58ed71,6,unknown,unknown,轨道线 / 类别待核实 / 支线,track.unknown.branch_line,unresolved,,,,,search_results_available,2026-10-06T15:28:29.757Z,RL-7eaa0ad541e5cf58ed71
集装箱线,RL-e5c424d8518915ca2757,2,unknown,unknown,车站线 / 类别待核实 / 连接线,station.unknown.spur_track,unresolved,,,,,search_results_available,2026-10-06T15:46:58.729Z,RL-e5c424d8518915ca2757
集装箱联络线,RL-541179fd35d2034a8337|RL-ec964c7cdd3efd086879,18,unknown,unknown,车站线 / 类别待核实 / 连接线|轨道线 / 类别待核实 / 线路功能待核实,station.unknown.spur_track|track.unknown.unknown,unresolved,,,,,search_results_available,2026-10-06T15:12:32.441Z,RL-541179fd35d2034a8337|RL-ec964c7cdd3efd086879
集通线,RL-93831b22881cd333cad7,538,unknown,unknown,轨道线 / 类别待核实 / 正线,track.unknown.main_line,unresolved,,,,,search_results_available,2026-10-06T15:04:08.666Z,RL-93831b22881cd333cad7
雪肖线,RL-47b5e9294bf76b757bf0,99,unknown,unknown,轨道线 / 类别待核实 / 正线,track.unknown.main_line,unresolved,,,,,search_results_available,2026-10-06T15:07:11.735Z,RL-47b5e9294bf76b757bf0
霍白线,RL-32e263a9dce13492819d|RL-f21497edaf0aca7d5f1b,69,unknown,unknown,车站线 / 类别待核实 / 连接线|轨道线 / 类别待核实 / 正线,station.unknown.spur_track|track.unknown.main_line,unresolved,,,,,search_results_available,2026-10-06T15:07:52.378Z,RL-32e263a9dce13492819d|RL-f21497edaf0aca7d5f1b
霍白锡乌联络线,RL-ecbcca5bb5f783b2a933,6,unknown,unknown,轨道线 / 类别待核实 / 支线,track.unknown.branch_line,unresolved,,,,,search_results_available,2026-10-06T15:28:29.757Z,RL-ecbcca5bb5f783b2a933
霞凝联络线,RL-3e45d9d5f4e96b6a8082,12,unknown,unknown,轨道线 / 类别待核实 / 支线,track.unknown.branch_line,unresolved,,,,,search_results_available,2026-10-06T15:22:10.243Z,RL-3e45d9d5f4e96b6a8082
霸徐京广高速联络线,RL-e8cb4755eda735dd816e,13,high_speed,high_speed,轨道线 / 高速铁路 / 正线 / 速度范围待核实,track.high_speed.main_line.unknown,osm_source_compared,,,,https://china-emu.cn/RailRoads/Line/?LineName=霸徐京广高速联络线,search_results_available,2026-10-06T15:21:45.567Z,RL-e8cb4755eda735dd816e
霸徐线,RL-063c4a53a087731c4bd1,102,high_speed,high_speed,轨道线 / 高速铁路 / 正线 / 200–250 km/h,track.high_speed.main_line.200-250,osm_source_compared,,,,https://china-emu.cn/RailRoads/Line/?LineName=津保铁路,search_results_available,2026-10-06T15:07:01.541Z,RL-063c4a53a087731c4bd1
青三联络线,RL-ba3e61281fbe8f476066,10,high_speed,high_speed,轨道线 / 高速铁路 / 正线 / 速度范围待核实,track.high_speed.main_line.unknown,osm_source_compared,,,,https://china-emu.cn/RailRoads/Line/?LineName=青三联络线,search_results_available,2026-10-06T15:23:52.818Z,RL-ba3e61281fbe8f476066
青临线,RL-4b0db23dc1977c922a0d,40,unknown,unknown,轨道线 / 类别待核实 / 支线,track.unknown.branch_line,unresolved,,,,,search_results_available,2026-10-06T15:09:27.277Z,RL-4b0db23dc1977c922a0d
青山木制品加工厂专用线,RL-14417fda92b35c30e3f3,1,unknown,unknown,车站线 / 类别待核实 / 站场轨道线,station.unknown.unknown,unresolved,,,,,search_results_available,2026-10-06T15:49:41.499Z,ST-fcff6f002df68b864bb4
青山矿线,RL-10900d7f6d88374fca59,4,unknown,unknown,车站线 / 类别待核实 / 连接线,station.unknown.spur_track,unresolved,,,,,search_results_available,2026-10-06T15:43:25.733Z,RL-10900d7f6d88374fca59
青岛西动走A线,RL-45cd49315437ad48113d,7,unknown,unknown,轨道线 / 类别待核实 / 支线,track.unknown.branch_line,unresolved,,,,,search_results_available,2026-10-06T15:27:13.657Z,RL-45cd49315437ad48113d
青岛西动走B线,RL-6032f9812a84d770a624,8,unknown,unknown,轨道线 / 类别待核实 / 支线,track.unknown.branch_line,unresolved,,,,,search_results_available,2026-10-06T15:25:46.801Z,RL-6032f9812a84d770a624
青朔线,RL-28d97a56089c11e63288,35,unknown,unknown,轨道线 / 类别待核实 / 支线,track.unknown.branch_line,unresolved,,,,,search_results_available,2026-10-06T15:09:54.655Z,RL-28d97a56089c11e63288
青永铁路,RL-5572b0344df09c577e7a,52,unknown,unknown,轨道线 / 类别待核实 / 支线,track.unknown.branch_line,unresolved,,,,,search_results_available,2026-10-06T15:08:42.333Z,RL-5572b0344df09c577e7a
青烟直通线,RL-1dd9ca4a5b8e41686595,71,high_speed,high_speed,轨道线 / 高速铁路 / 正线 / 250–300 km/h,track.high_speed.main_line.250-300,osm_source_compared,,,,https://china-emu.cn/RailRoads/Line/?LineName=青烟直通线,search_results_available,2026-10-06T15:07:53.939Z,RL-1dd9ca4a5b8e41686595
青盐线,RL-c8645f76ae7530447419|RL-cf18e516091de55155d3,842,high_speed|unknown,high_speed|unknown,轨道线 / 类别待核实 / 正线|轨道线 / 高速铁路 / 正线 / 200–250 km/h,track.high_speed.main_line.200-250|track.unknown.main_line,osm_source_compared|unresolved,,,,https://china-emu.cn/RailRoads/Line/?LineName=青盐铁路,search_results_available,2026-10-06T15:03:34.701Z,RL-c8645f76ae7530447419|RL-cf18e516091de55155d3
青符联络线,RL-5a71a3020a87ed6217d8,26,unknown,unknown,轨道线 / 类别待核实 / 正线,track.unknown.main_line,unresolved,,,,,search_results_available,2026-10-06T15:10:53.629Z,RL-5a71a3020a87ed6217d8
青芦铁路,RL-bc5a2f7dee57ea3dab76,54,unknown,unknown,轨道线 / 类别待核实 / 支线,track.unknown.branch_line,unresolved,,,,,search_results_available,2026-10-06T15:08:35.851Z,RL-bc5a2f7dee57ea3dab76
青荣城际线,RL-43287d4f2a5dde0e31e5,844,high_speed,high_speed,轨道线 / 高速铁路 / 正线 / 速度范围待核实,track.high_speed.main_line.unknown,osm_source_compared,,,,https://china-emu.cn/RailRoads/Line/?LineName=青荣城际铁路,search_results_available,2026-10-06T15:03:34.701Z,RL-43287d4f2a5dde0e31e5
青藏线,RL-08e8ed97e34f7c394c64,2328,unknown,conventional,轨道线 / 普速铁路 / 正线,track.conventional.main_line,user_verified,,,,,search_results_available,2026-10-06T15:03:13.355Z,RL-08e8ed97e34f7c394c64
青藏货车线,RL-7cfe2410c5065ab8aa75,31,unknown,freight,轨道线 / 货运铁路 / 正线,track.freight.main_line,user_verified,line_role,,,,search_results_available,2026-10-06T15:10:14.045Z,RL-7cfe2410c5065ab8aa75
青藏铁路,RL-9ba45877cce306c7cfc6|RL-e0096eab11f6d633bda4,2,unknown,unknown,车站线 / 类别待核实 / 站场轨道线|车站线 / 类别待核实 / 连接线,station.unknown.spur_track|station.unknown.unknown,unresolved,,,,,search_results_available,2026-10-06T15:46:58.729Z,RL-9ba45877cce306c7cfc6|ST-58d0dfdbc4756ea248cd
青阜线,RL-2cde86a99cf0d69865f9,238,unknown,unknown,轨道线 / 类别待核实 / 正线,track.unknown.main_line,unresolved,,,,,search_results_available,2026-10-06T15:54:15.153Z,RL-2cde86a99cf0d69865f9
青阜联络线,RL-ae85dfb48bb88c4855d9,5,unknown,unknown,轨道线 / 类别待核实 / 支线,track.unknown.branch_line,unresolved,,,,,search_results_available,2026-10-06T15:42:19.426Z,RL-ae85dfb48bb88c4855d9
靖神线,RL-ae315f934071565c0462,122,unknown,unknown,轨道线 / 类别待核实 / 正线,track.unknown.main_line,unresolved,,,,,search_results_available,2026-10-06T15:06:46.433Z,RL-ae315f934071565c0462
靖神铁路,RL-41b3471114b6c2942b19,6,industrial,industrial,轨道线 / 工业铁路 / 工业线,track.industrial.industrial_line,osm_source_compared,,,,,search_results_available,2026-10-06T15:28:31.462Z,RL-41b3471114b6c2942b19
靖边东联络线,RL-79838d64ff0b2238d8bb,11,unknown,unknown,轨道线 / 类别待核实 / 支线,track.unknown.branch_line,unresolved,,,,,search_results_available,2026-10-06T15:22:51.476Z,RL-79838d64ff0b2238d8bb
静静线,RL-73bcb16dbda898cf1cde,88,unknown,unknown,轨道线 / 类别待核实 / 正线,track.unknown.main_line,unresolved,,construction_status,,,search_results_available,2026-10-06T15:07:22.378Z,RL-73bcb16dbda898cf1cde
革镇堡甘井子电厂专用线,RL-d7b4796dae8489823e86,14,unknown,unknown,轨道线 / 类别待核实 / 支线,track.unknown.branch_line,unresolved,,,,,search_results_available,2026-10-06T15:21:20.376Z,RL-d7b4796dae8489823e86
鞍山机场线,RL-7508a1d703cc938f4009,7,unknown,unknown,车站线 / 类别待核实 / 站场轨道线,station.unknown.unknown,unresolved,,,,,search_results_available,2026-10-06T15:27:13.657Z,ST-0d6f3dad7543a768f8ce|ST-a2a7ce66b23ef0d5e5fc
鞍钢环市铁路东环线,RL-ec2b06a23419ada03e21,79,industrial,industrial,轨道线 / 工业铁路 / 工业线,track.industrial.industrial_line,osm_source_compared,,,,,search_results_available,2026-10-06T15:07:37.368Z,RL-ec2b06a23419ada03e21
韩原线,RL-f07b8b7632818f7eab77,180,unknown,unknown,轨道线 / 类别待核实 / 正线,track.unknown.main_line,unresolved,,,,https://china-emu.cn/RailRoads/Line/?LineName=韩原铁路,search_results_available,2026-10-06T15:06:17.600Z,RL-f07b8b7632818f7eab77
韶关东疏解线,RL-29dc885d29bce93f5ae6,11,unknown,unknown,轨道线 / 类别待核实 / 正线,track.unknown.main_line,unresolved,,,,,search_results_available,2026-10-06T15:22:51.476Z,RL-29dc885d29bce93f5ae6
韶关冶炼厂专用铁路,RL-de45bd000be9a12b103d,26,industrial,industrial,轨道线 / 工业铁路 / 工业线,track.industrial.industrial_line,osm_source_compared,,,,,search_results_available,2026-10-06T15:10:55.816Z,RL-de45bd000be9a12b103d
韶山线,RL-af9d3c3077a225684d42,15,unknown,unknown,轨道线 / 类别待核实 / 支线,track.unknown.branch_line,unresolved,,,,,search_results_available,2026-10-06T15:20:56.781Z,RL-af9d3c3077a225684d42
顿村联络线,RL-025695d70f6421340a60|RL-2fd56d469052116ba6e8,8,high_speed,high_speed,在建 / 轨道线 / 高速铁路 / 正线 / 速度范围待核实|轨道线 / 高速铁路 / 正线 / 速度范围待核实,track.high_speed.main_line.unknown,osm_source_compared,,,,https://china-emu.cn/RailRoads/Line/?LineName=顿村联络线,search_results_available,2026-10-06T15:25:44.718Z,RL-025695d70f6421340a60|RL-2fd56d469052116ba6e8
预留动车所线路,RL-e4da2963b3da53303e39,8,high_speed,high_speed,车站线 / 高速铁路 / 站场轨道线 / 速度范围待核实,station.high_speed.unknown.unknown,osm_source_compared,,construction_status,,,search_results_available,2026-10-06T15:25:44.718Z,ST-b8d3531b5a0315aab7c5
预留台海铁路,RL-b6e21625f3c3de868801,9,unknown,unknown,车站线 / 类别待核实 / 站场轨道线,station.unknown.unknown,unresolved,,,,,search_results_available,2026-10-06T15:24:36.448Z,ST-c7494d95b4cd5845591a
预留成自宜高铁线,RL-04a8b0a6709ce023dcf8|RL-4f538b7e7d3d027dc5e9,15,high_speed,high_speed,在建 / 轨道线 / 高速铁路 / 正线 / 速度范围待核实|轨道线 / 高速铁路 / 正线 / 速度范围待核实,track.high_speed.main_line.unknown,osm_source_compared,,,,,search_results_available,2026-10-06T15:20:56.781Z,RL-04a8b0a6709ce023dcf8|RL-4f538b7e7d3d027dc5e9
额济纳专用铁路线,RL-f5af343622707800295b,2,unknown,unknown,轨道线 / 类别待核实 / 支线,track.unknown.branch_line,unresolved,,,,,search_results_available,2026-10-06T15:46:58.729Z,RL-f5af343622707800295b
食品公司线,RL-35720ba68a1b484f3d6e,1,unknown,unknown,车站线 / 类别待核实 / 连接线,station.unknown.spur_track,unresolved,,,,,search_results_available,2026-10-06T15:49:41.499Z,RL-35720ba68a1b484f3d6e
饮马峡西联络线,RL-7ee4549d65da3289720d,10,unknown,unknown,轨道线 / 类别待核实 / 支线,track.unknown.branch_line,unresolved,,,,,search_results_available,2026-10-06T15:23:52.818Z,RL-7ee4549d65da3289720d
饶河转运线,RL-9ba5acf0f5da839e691d,1,unknown,unknown,车站线 / 类别待核实 / 连接线,station.unknown.spur_track,unresolved,,,,,search_results_available,2026-10-06T15:49:48.945Z,RL-9ba5acf0f5da839e691d
首钢工业线,RL-9a169022a816c373354f,14,unknown,unknown,轨道线 / 类别待核实 / 支线,track.unknown.branch_line,unresolved,,,,,search_results_available,2026-10-06T15:21:20.376Z,RL-9a169022a816c373354f
香东联络线,RL-1f4960c7998210c49b93,18,unknown,unknown,轨道线 / 类别待核实 / 支线,track.unknown.branch_line,unresolved,,,,,search_results_available,2026-10-06T15:12:32.441Z,RL-1f4960c7998210c49b93
香孙联络线,RL-70e0148a77a967d672f0,16,unknown,unknown,轨道线 / 类别待核实 / 支线,track.unknown.branch_line,unresolved,,,,,search_results_available,2026-10-06T15:20:23.655Z,RL-70e0148a77a967d672f0
马东动走线,RL-64dad9bc61647d7f9a70,2,unknown,unknown,车站线 / 类别待核实 / 连接线,station.unknown.spur_track,unresolved,,,,,search_results_available,2026-10-06T15:46:56.127Z,RL-64dad9bc61647d7f9a70
马中线,RL-1def990cea8fa5401cff|RL-6e1b1e9634ab108a979e,8,unknown,unknown,车站线 / 类别待核实 / 站场轨道线|轨道线 / 类别待核实 / 线路功能待核实,station.unknown.unknown|track.unknown.unknown,unresolved,,,,,search_results_available,2026-10-06T15:25:44.718Z,RL-6e1b1e9634ab108a979e|ST-8b356f94a7ea0740d19b
马吉线,RL-59ddbd036369504ef429,18,unknown,unknown,轨道线 / 类别待核实 / 正线,track.unknown.main_line,unresolved,,,,,search_results_available,2026-10-06T15:12:32.441Z,RL-59ddbd036369504ef429
马广联络线,RL-2e9395d4fa738bcec55b,7,unknown,unknown,轨道线 / 类别待核实 / 支线,track.unknown.branch_line,unresolved,,,,,search_results_available,2026-10-06T15:27:04.988Z,RL-2e9395d4fa738bcec55b
马林联络线,RL-8a390c6550df5dc4eb4c,2,unknown,unknown,轨道线 / 类别待核实 / 支线,track.unknown.branch_line,unresolved,,,,,search_results_available,2026-10-06T15:46:56.127Z,RL-8a390c6550df5dc4eb4c
马沙联线,RL-736feaad4368cccb15e7,7,unknown,unknown,轨道线 / 类别待核实 / 支线,track.unknown.branch_line,unresolved,,,,,search_results_available,2026-10-06T15:27:04.988Z,RL-736feaad4368cccb15e7
马玉线,RL-7b863526e314b503e2bb,113,unknown,unknown,轨道线 / 类别待核实 / 正线,track.unknown.main_line,unresolved,,,,,search_results_available,2026-10-06T15:54:10.231Z,RL-7b863526e314b503e2bb
马皇疏解线,RL-c76be2779dfbad6df198,5,unknown,unknown,轨道线 / 类别待核实 / 支线,track.unknown.branch_line,unresolved,,,,,search_results_available,2026-10-06T15:42:18.754Z,RL-c76be2779dfbad6df198
马磁线,RL-6da5811a186c5c6c7d92,59,unknown,unknown,轨道线 / 类别待核实 / 支线,track.unknown.branch_line,unresolved,,,,,search_results_available,2026-10-06T15:08:21.419Z,RL-6da5811a186c5c6c7d92
马西直通延长线,RL-c35bfbd4a4d5eec76ecc,7,unknown,unknown,轨道线 / 类别待核实 / 支线,track.unknown.branch_line,unresolved,,,,,search_results_available,2026-10-06T15:27:04.988Z,RL-c35bfbd4a4d5eec76ecc
马西直通线,RL-899620f1efdfa32cbdcb,7,unknown,unknown,轨道线 / 类别待核实 / 支线,track.unknown.branch_line,unresolved,,,,,search_results_available,2026-10-06T15:27:04.988Z,RL-899620f1efdfa32cbdcb
马西进场延长线,RL-1b773824e4c2c5be7115,5,unknown,unknown,轨道线 / 类别待核实 / 支线,track.unknown.branch_line,unresolved,,,,,search_results_available,2026-10-06T15:42:18.754Z,RL-1b773824e4c2c5be7115
马西进场线,RL-f3e8cfb0bcd5efe9fdca,1,unknown,unknown,轨道线 / 类别待核实 / 支线,track.unknown.branch_line,unresolved,,,,,search_results_available,2026-10-06T15:49:48.945Z,RL-f3e8cfb0bcd5efe9fdca
马通线,RL-836662be9e331cac0049,8,unknown,unknown,车站线 / 类别待核实 / 连接线,station.unknown.spur_track,unresolved,,,,,search_results_available,2026-10-06T15:25:44.718Z,RL-836662be9e331cac0049
马鞍山南联络线,RL-5243532b215b6a314586|RL-f60e769a0db485e1e22f,18,high_speed|unknown,high_speed|unknown,轨道线 / 类别待核实 / 正线|轨道线 / 高速铁路 / 正线 / 速度范围待核实,track.high_speed.main_line.unknown|track.unknown.main_line,osm_source_compared|unresolved,,,,https://china-emu.cn/RailRoads/Line/?LineName=马鞍山南联络线,search_results_available,2026-10-06T15:12:32.441Z,RL-5243532b215b6a314586|RL-f60e769a0db485e1e22f
马鞍山钢铁厂桃冲矿铁路,RL-27f5967b402cc6866f80,1,unknown,unknown,轨道线 / 类别待核实 / 线路功能待核实,track.unknown.unknown,unresolved,,,,,search_results_available,2026-10-06T15:49:48.945Z,RL-27f5967b402cc6866f80
驼峰迂回,RL-6953b3c4add12b4ccccb|RL-a0d6d4ae89c5b7fbd882,2,unknown,unknown,车站线 / 类别待核实 / 站场轨道线,station.unknown.unknown,unresolved,,,,,search_results_available,2026-10-06T15:46:56.127Z,ST-6b0258e90de12b230711|ST-963cabc09a5c00157628
驼峰迂回线,RL-510c6649b7045805f00e,1,unknown,unknown,车站线 / 类别待核实 / 站场轨道线,station.unknown.unknown,unresolved,,,,,search_results_available,2026-10-06T15:49:48.945Z,ST-6b0258e90de12b230711
高兴疏解线,RL-be0fa12701104a69517d,3,unknown,unknown,轨道线 / 类别待核实 / 支线,track.unknown.branch_line,unresolved,,,,,search_results_available,2026-10-06T15:45:07.428Z,RL-be0fa12701104a69517d
高南线,RL-33bb530a458a916417cd|RL-5be90607d2d4a6a8c66e,161,unknown,unknown,在建 / 轨道线 / 类别待核实 / 正线|轨道线 / 类别待核实 / 线路功能待核实,track.unknown.main_line|track.unknown.unknown,unresolved,,line_role|track_role,,https://china-emu.cn/RailRoads/Line/?LineName=高南铁路,search_results_available,2026-10-06T15:06:29.800Z,RL-33bb530a458a916417cd|RL-5be90607d2d4a6a8c66e
高台子阜丰线,RL-16edbfdfa427a20bfb10,18,unknown,unknown,车站线 / 类别待核实 / 连接线,station.unknown.spur_track,unresolved,,,,,search_results_available,2026-10-06T15:12:32.162Z,RL-16edbfdfa427a20bfb10
高天线,RL-c1458edb8d8aefca6cb8,27,unknown,unknown,轨道线 / 类别待核实 / 支线,track.unknown.branch_line,unresolved,,,,,search_results_available,2026-10-06T15:10:49.128Z,RL-c1458edb8d8aefca6cb8
高家伊品线,RL-13b4bcf94f4a0a2ce9d2,6,unknown,unknown,车站线 / 类别待核实 / 连接线,station.unknown.spur_track,unresolved,,,,,search_results_available,2026-10-06T15:28:31.462Z,RL-13b4bcf94f4a0a2ce9d2
高庄线,RL-64df033a95be50ae5fce,19,industrial,industrial,轨道线 / 工业铁路 / 工业线,track.industrial.industrial_line,osm_source_compared,,,,,search_results_available,2026-10-06T15:54:31.871Z,RL-64df033a95be50ae5fce
高新线,RL-9cb15073dcc4c438648d,49,unknown,unknown,轨道线 / 类别待核实 / 正线,track.unknown.main_line,unresolved,,,,,search_results_available,2026-10-06T15:08:52.017Z,RL-9cb15073dcc4c438648d
高旺联络线,RL-5e7c80acd8a41fe26d8a,4,unknown,unknown,轨道线 / 类别待核实 / 支线,track.unknown.branch_line,unresolved,,,,,search_results_available,2026-10-06T15:43:32.495Z,RL-5e7c80acd8a41fe26d8a
高易线,RL-83bf02d2c05dffcef938,11,unknown,unknown,轨道线 / 类别待核实 / 支线,track.unknown.branch_line,unresolved,,,,,search_results_available,2026-10-06T15:22:49.611Z,RL-83bf02d2c05dffcef938
高曲联络线,RL-f2d05800babaa664e504,19,unknown,unknown,轨道线 / 类别待核实 / 支线,track.unknown.branch_line,unresolved,,,,,search_results_available,2026-10-06T15:12:18.091Z,RL-f2d05800babaa664e504
高桥联络线,RL-857d520ba142e4de9c64,6,unknown,unknown,轨道线 / 类别待核实 / 支线,track.unknown.branch_line,unresolved,,,,https://china-emu.cn/RailRoads/Line/?LineName=高桥联络线,search_results_available,2026-10-06T15:28:31.462Z,RL-857d520ba142e4de9c64
高速西安联络线,RL-082becb9cf364fdd92da,1,unknown,unknown,轨道线 / 类别待核实 / 正线,track.unknown.main_line,unresolved,,,,,search_results_available,2026-10-06T15:49:47.789Z,RL-082becb9cf364fdd92da
魏塔线,RL-211a8e17da5c71e545ea,219,unknown,unknown,轨道线 / 类别待核实 / 正线,track.unknown.main_line,unresolved,,,,,search_results_available,2026-10-06T15:05:56.841Z,RL-211a8e17da5c71e545ea
鱼焉线,RL-7ca8d93f9db7e9a48374,99,unknown,unknown,轨道线 / 类别待核实 / 正线,track.unknown.main_line,unresolved,,,,,search_results_available,2026-10-06T15:07:11.735Z,RL-7ca8d93f9db7e9a48374
鸡东煤电化基地专用线,RL-eec4acd45d845c1eec20,4,unknown,unknown,车站线 / 类别待核实 / 连接线,station.unknown.spur_track,unresolved,,,,,search_results_available,2026-10-06T15:43:32.495Z,RL-eec4acd45d845c1eec20
鸡杨线,RL-ee76463240df3f896d55,40,unknown,unknown,轨道线 / 类别待核实 / 支线,track.unknown.branch_line,unresolved,,,,,search_results_available,2026-10-06T15:09:27.277Z,RL-ee76463240df3f896d55
鸦南联络线,RL-47fb9d4e40657ae08744,2,unknown,unknown,轨道线 / 类别待核实 / 正线,track.unknown.main_line,unresolved,,,,,search_results_available,2026-10-06T15:46:56.127Z,RL-47fb9d4e40657ae08744
鸦宜线,RL-bd79d91937f8c791804f,100,unknown,unknown,轨道线 / 类别待核实 / 线路功能待核实,track.unknown.unknown,unresolved,,line_role|track_role,,,search_results_available,2026-10-06T15:07:09.363Z,RL-bd79d91937f8c791804f
鸭大线,RL-0b473522310f8b7548cb|RL-13216d6c2396146dc128,136,unknown,unknown,轨道线 / 类别待核实 / 线路功能待核实,track.unknown.unknown,unresolved,,line_role|track_role,,,search_results_available,2026-10-06T15:06:40.643Z,RL-0b473522310f8b7548cb|RL-13216d6c2396146dc128
鸳梅线,RL-2039b92f2c5a578c39cd,8,unknown,unknown,轨道线 / 类别待核实 / 支线,track.unknown.branch_line,unresolved,,,,,search_results_available,2026-10-06T15:25:42.449Z,RL-2039b92f2c5a578c39cd
鹤北线,RL-22fb459d6d4c4a70ee41,24,conventional,conventional,轨道线 / 普速铁路 / 正线,track.conventional.main_line,source_checked,,,https://www.nra.gov.cn/zzjg/jgj/syjd/sgsgg/201911/P020220825544637781349.pdf,,search_results_available,2026-10-06T15:11:13.967Z,RL-22fb459d6d4c4a70ee41
鹤岗线,RL-5a8a277e2f072e5fc269,77,conventional,conventional,轨道线 / 普速铁路 / 正线,track.conventional.main_line,source_checked,,,https://www.nra.gov.cn/zzjg/jgj/syjd/sgsgg/201911/P020220825544637781349.pdf,https://china-emu.cn/RailRoads/Line/?LineName=鹤岗铁路,search_results_available,2026-10-06T15:07:37.354Z,RL-5a8a277e2f072e5fc269
鹧柳环线,RL-d799e3567e84a821fb51,61,unknown,unknown,轨道线 / 类别待核实 / 正线,track.unknown.main_line,unresolved,,,,,search_results_available,2026-10-06T15:08:14.140Z,RL-d799e3567e84a821fb51
鹰厦线,RL-b6ffd2052c879a3ca994,786,unknown,conventional,轨道线 / 普速铁路 / 正线,track.conventional.main_line,user_verified,,,,,search_results_available,2026-10-06T15:03:41.663Z,RL-b6ffd2052c879a3ca994
鹰厦联络线,RL-38f1f62590862d5b187e,7,unknown,unknown,轨道线 / 类别待核实 / 支线,track.unknown.branch_line,unresolved,,,,,search_results_available,2026-10-06T15:27:02.210Z,RL-38f1f62590862d5b187e
鹰厦铁路废弃段,RL-dab654495495e60a00ac,2,unknown,conventional,轨道线 / 普速铁路 / 正线,track.conventional.main_line,user_verified,,,,,search_results_available,2026-10-06T15:47:04.053Z,RL-dab654495495e60a00ac
鹰潭反发线,RL-7e776942ca31dd0a4ee5,4,unknown,unknown,轨道线 / 类别待核实 / 支线,track.unknown.branch_line,unresolved,,,,,search_results_available,2026-10-06T15:43:32.495Z,RL-7e776942ca31dd0a4ee5
鹰潭工务机械段向塘长轨基地专用线,RL-6cd99b0fbb9931077331,4,industrial,industrial,车站线 / 工业铁路 / 连接线,station.industrial.spur_track,osm_source_compared,,,,,search_results_available,2026-10-06T15:43:32.495Z,RL-6cd99b0fbb9931077331
鹰潭环到线,RL-b1a5ab288a27e2df9ff0,43,unknown,unknown,轨道线 / 类别待核实 / 支线,track.unknown.branch_line,unresolved,,,,,search_results_available,2026-10-06T15:09:15.165Z,RL-b1a5ab288a27e2df9ff0
鹿华电厂专用线,RL-5ef21b5d30a5e0e52314|RL-b3643329616b98af10c5,4,industrial,industrial,车站线 / 工业铁路 / 站场轨道线|轨道线 / 工业铁路 / 工业线,station.industrial.unknown|track.industrial.industrial_line,osm_source_compared,,,,,search_results_available,2026-10-06T15:43:32.950Z,RL-5ef21b5d30a5e0e52314|ST-75e895b287e484e7dbc4
麻仲联络线,RL-d343634e47639e50a87b,44,high_speed,high_speed,轨道线 / 高速铁路 / 正线 / 速度范围待核实,track.high_speed.main_line.unknown,osm_source_compared,,,,https://china-emu.cn/RailRoads/Line/?LineName=麻仲联络线,search_results_available,2026-10-06T15:09:09.883Z,RL-d343634e47639e50a87b
麻套支线,RL-089e28e94ab84fef38e2,6,unknown,unknown,车站线 / 类别待核实 / 连接线,station.unknown.spur_track,unresolved,,,,,search_results_available,2026-10-06T15:28:31.462Z,RL-089e28e94ab84fef38e2
麻武线,RL-d4db922b0c6356206df0,95,unknown,unknown,轨道线 / 类别待核实 / 正线,track.unknown.main_line,unresolved,,,,,search_results_available,2026-10-06T15:07:16.596Z,RL-d4db922b0c6356206df0
麻武联络线,RL-76a73d6de474a0d34818,6,unknown,unknown,轨道线 / 类别待核实 / 线路功能待核实,track.unknown.unknown,unresolved,,,,,search_results_available,2026-10-06T15:28:39.217Z,RL-76a73d6de474a0d34818
麻颜联络线,RL-4ff7cddd333801b40849,14,unknown,unknown,轨道线 / 类别待核实 / 支线,track.unknown.branch_line,unresolved,,,,,search_results_available,2026-10-06T15:21:20.376Z,RL-4ff7cddd333801b40849
黄万疏解线,RL-12b846551edc7c076cf3|RL-86556fdaeca4bd527eff,7,unknown,unknown,在建 / 轨道线 / 类别待核实 / 支线|轨道线 / 类别待核实 / 支线,track.unknown.branch_line,unresolved,,,,,search_results_available,2026-10-06T15:27:02.210Z,RL-12b846551edc7c076cf3|RL-86556fdaeca4bd527eff
黄万线,RL-859f154f0c641f8e03c5,62,unknown,unknown,轨道线 / 类别待核实 / 支线,track.unknown.branch_line,unresolved,,,,,search_results_available,2026-10-06T15:08:12.463Z,RL-859f154f0c641f8e03c5
黄万进港二线,RL-2080dc76b60ed2b3eda6,8,unknown,unknown,轨道线 / 类别待核实 / 支线,track.unknown.branch_line,unresolved,,,,,search_results_available,2026-10-06T15:25:42.449Z,RL-2080dc76b60ed2b3eda6
黄东联络线,RL-1aed667865b5a2f560cc,43,high_speed,high_speed,轨道线 / 高速铁路 / 联络线 / 速度范围待核实,track.high_speed.connecting_line.unknown,osm_source_compared,line_role,,,https://china-emu.cn/RailRoads/Line/?LineName=大明湖-济南东联络线,search_results_available,2026-10-06T15:09:15.165Z,RL-1aed667865b5a2f560cc
黄公线,RL-396f8c0d2c3773f8f6f4,47,unknown,unknown,轨道线 / 类别待核实 / 线路功能待核实,track.unknown.unknown,unresolved,,line_role|track_role,,,search_results_available,2026-10-06T15:08:59.380Z,RL-396f8c0d2c3773f8f6f4
黄化联络线,RL-44945a9dbeacc012eef9,10,unknown,unknown,轨道线 / 类别待核实 / 支线,track.unknown.branch_line,unresolved,,,,,search_results_available,2026-10-06T15:23:47.117Z,RL-44945a9dbeacc012eef9
黄埔线,RL-8dc22d238984ad476106,12,unknown,unknown,轨道线 / 类别待核实 / 支线,track.unknown.branch_line,unresolved,,,,,search_results_available,2026-10-06T15:22:10.243Z,RL-8dc22d238984ad476106
黄大-滨沾联络线,RL-dfae5c284ce9def665ef,7,unknown,unknown,车站线 / 类别待核实 / 站场轨道线,station.unknown.unknown,unresolved,,,,,search_results_available,2026-10-06T15:27:02.210Z,ST-1fd610e55176f70bc397
黄大宅羊联络线,RL-9c21fc1fd4b2a0038afc,4,unknown,unknown,轨道线 / 类别待核实 / 支线,track.unknown.branch_line,unresolved,,,,,search_results_available,2026-10-06T15:43:32.950Z,RL-9c21fc1fd4b2a0038afc
黄大线,RL-9e2d77a5bcc504c0dea0|RL-ecad57f504a9e7964ae2,263,unknown,freight|unknown,轨道线 / 类别待核实 / 正线|轨道线 / 货运铁路 / 正线,track.freight.main_line|track.unknown.main_line,unresolved|user_verified,,,,,search_results_available,2026-10-06T15:04:49.541Z,RL-9e2d77a5bcc504c0dea0|RL-ecad57f504a9e7964ae2
黄封联络线,RL-51d09e0360a902eea601,30,unknown,unknown,轨道线 / 类别待核实 / 支线,track.unknown.branch_line,unresolved,,,,https://china-emu.cn/RailRoads/Line/?LineName=沪苏通铁路（及联络线）,search_results_available,2026-10-06T15:10:20.885Z,RL-51d09e0360a902eea601
黄格线,RL-52b0e8f541b25751aec0,22,unknown,unknown,轨道线 / 类别待核实 / 支线,track.unknown.branch_line,unresolved,,,,,search_results_available,2026-10-06T15:11:30.231Z,RL-52b0e8f541b25751aec0
黄水塘联络线,RL-0cbae47ee0adae98b611,5,unknown,unknown,轨道线 / 类别待核实 / 线路功能待核实,track.unknown.unknown,unresolved,,,,,search_results_available,2026-10-06T15:42:18.754Z,RL-0cbae47ee0adae98b611
黄渡联络线,RL-581d5a440bf1d815ce67,11,unknown,unknown,轨道线 / 类别待核实 / 支线,track.unknown.branch_line,unresolved,,,,https://china-emu.cn/RailRoads/Line/?LineName=黄渡联络线,search_results_available,2026-10-06T15:22:49.611Z,RL-581d5a440bf1d815ce67
黄百铁路,RL-36391f5447fb1ff251ae,86,unknown,unknown,在建 / 轨道线 / 类别待核实 / 正线,track.unknown.main_line,unresolved,,,,,search_results_available,2026-10-06T15:07:28.108Z,RL-36391f5447fb1ff251ae
黄石山南线,RL-c2ce674cc978ada4d247,37,unknown,unknown,轨道线 / 类别待核实 / 支线,track.unknown.branch_line,unresolved,,,,,search_results_available,2026-10-06T15:09:39.800Z,RL-c2ce674cc978ada4d247
黄织疏解线,RL-f66851402d50470b874c,7,unknown,unknown,轨道线 / 类别待核实 / 支线,track.unknown.branch_line,unresolved,,,,,search_results_available,2026-10-06T15:27:02.210Z,RL-f66851402d50470b874c
黄织线,RL-800dcba3f5ae750964d2,121,unknown,unknown,轨道线 / 类别待核实 / 正线,track.unknown.main_line,unresolved,,,,,search_results_available,2026-10-06T15:06:45.566Z,RL-800dcba3f5ae750964d2
黄良线,RL-772d08d7f9f4888c3f86,3,unknown,unknown,轨道线 / 类别待核实 / 支线,track.unknown.branch_line,unresolved,,,,,search_results_available,2026-10-06T15:45:07.428Z,RL-772d08d7f9f4888c3f86
黄金埠电厂铁路专用线,RL-ea91dbdafda747b5ea2e,22,unknown,unknown,车站线 / 类别待核实 / 连接线,station.unknown.spur_track,unresolved,,,,,search_results_available,2026-10-06T15:11:30.231Z,RL-ea91dbdafda747b5ea2e
黄陂货车联络线,RL-5102c5201c091806c123|RL-b102f53b1e9c5488879d,8,unknown,unknown,轨道线 / 类别待核实 / 正线|轨道线 / 类别待核实 / 线路功能待核实,track.unknown.main_line|track.unknown.unknown,unresolved,,,,,search_results_available,2026-10-06T15:25:42.449Z,RL-5102c5201c091806c123|RL-b102f53b1e9c5488879d
黄陵矿业线,RL-c0ac65844e176744ac26,117,industrial,industrial,轨道线 / 工业铁路 / 工业线,track.industrial.industrial_line,osm_source_compared,,,,,search_results_available,2026-10-06T15:06:50.944Z,RL-c0ac65844e176744ac26
黄韩侯北芝线,RL-8102cf07134078e5bb46,161,unknown,unknown,轨道线 / 类别待核实 / 正线,track.unknown.main_line,unresolved,,,,,search_results_available,2026-10-06T15:06:29.800Z,RL-8102cf07134078e5bb46
黄龙山专用线,RL-21abf33477748a38bafc,3,unknown,unknown,车站线 / 类别待核实 / 连接线,station.unknown.spur_track,unresolved,,,,,search_results_available,2026-10-06T15:45:07.428Z,RL-21abf33477748a38bafc
黎河联络线,RL-193639e4871da847178e,3,unknown,unknown,轨道线 / 类别待核实 / 支线,track.unknown.branch_line,unresolved,,,,,search_results_available,2026-10-06T15:45:07.522Z,RL-193639e4871da847178e
黎湛疏解II线,RL-5ddd3e30476a5fb11466,7,unknown,unknown,轨道线 / 类别待核实 / 正线,track.unknown.main_line,unresolved,,,,,search_results_available,2026-10-06T15:27:03.650Z,RL-5ddd3e30476a5fb11466
黎湛疏解I线,RL-1d960289c099564473f4,10,unknown,unknown,轨道线 / 类别待核实 / 正线,track.unknown.main_line,unresolved,,,,,search_results_available,2026-10-06T15:23:47.117Z,RL-1d960289c099564473f4
黎湛线,RL-4a574dd08635b95fe36f,421,unknown,conventional,轨道线 / 普速铁路 / 正线,track.conventional.main_line,user_verified,,,,https://china-emu.cn/RailRoads/Line/?LineName=黎湛铁路,search_results_available,2026-10-06T15:04:25.088Z,RL-4a574dd08635b95fe36f
黎钦线,RL-802ca654d98af3e3d934,188,unknown,unknown,轨道线 / 类别待核实 / 正线,track.unknown.main_line,unresolved,,,,,search_results_available,2026-10-06T15:06:09.690Z,RL-802ca654d98af3e3d934
黑山线,RL-5fd273de9777be48b39f,11,industrial,industrial,轨道线 / 工业铁路 / 工业线,track.industrial.industrial_line,osm_source_compared,,,,,search_results_available,2026-10-06T15:22:49.611Z,RL-5fd273de9777be48b39f
黑山铁矿矿区专用线,RL-885663bafce5c978044a,21,industrial,industrial,轨道线 / 工业铁路 / 工业线,track.industrial.industrial_line,osm_source_compared,,,,,search_results_available,2026-10-06T15:11:47.511Z,RL-885663bafce5c978044a
黑猫铁路专用线,RL-85048694fa70636164c3,6,unknown,unknown,轨道线 / 类别待核实 / 支线,track.unknown.branch_line,unresolved,,,,,search_results_available,2026-10-06T15:28:39.217Z,RL-85048694fa70636164c3
黔吉高速线,RL-1bb444f4b8a2cc1a60f0,6,high_speed,high_speed,轨道线 / 高速铁路 / 正线 / 速度范围待核实,track.high_speed.main_line.unknown,osm_source_compared,,,,https://china-emu.cn/RailRoads/Line/?LineName=黔吉高速铁路,search_results_available,2026-10-06T15:28:39.217Z,RL-1bb444f4b8a2cc1a60f0
黔桂线,RL-ab85e1fd105503b9f1fb,705,unknown,conventional,轨道线 / 普速铁路 / 正线,track.conventional.main_line,user_verified,,,,,search_results_available,2026-10-06T15:03:48.592Z,RL-ab85e1fd105503b9f1fb
黔桂铁路旧线,RL-52b61da9dfb43b7f0485,3,unknown,conventional,轨道线 / 普速铁路 / 正线,track.conventional.main_line,user_verified,,,,,search_results_available,2026-10-06T15:45:07.522Z,RL-52b61da9dfb43b7f0485
黔毛联络线,RL-74553dc768c02d0828b0,30,high_speed,high_speed,轨道线 / 高速铁路 / 正线 / 速度范围待核实,track.high_speed.main_line.unknown,osm_source_compared,,,,https://china-emu.cn/RailRoads/Line/?LineName=黔毛联络线,search_results_available,2026-10-06T15:10:20.885Z,RL-74553dc768c02d0828b0
齐北线,RL-9761450505040173d6df,163,conventional,conventional,轨道线 / 普速铁路 / 正线,track.conventional.main_line,source_checked,,,https://www.nra.gov.cn/zzjg/jgj/syjd/sgsgg/201911/P020220825544637781349.pdf,,search_results_available,2026-10-06T15:06:21.640Z,RL-9761450505040173d6df
齐南动车所走行右线,RL-4474707f43951b9322bc,6,unknown,unknown,轨道线 / 类别待核实 / 支线,track.unknown.branch_line,unresolved,,,,,search_results_available,2026-10-06T15:28:39.217Z,RL-4474707f43951b9322bc
齐南动车所走行左线,RL-572986a419ebbac23c9c,3,unknown,unknown,轨道线 / 类别待核实 / 支线,track.unknown.branch_line,unresolved,,,,,search_results_available,2026-10-06T15:45:07.522Z,RL-572986a419ebbac23c9c
齐河联络线,RL-2c15ea4446e6383800f0|RL-f960c3d4b7351dde27ce,30,high_speed|unknown,high_speed|unknown,轨道线 / 类别待核实 / 支线|轨道线 / 高速铁路 / 联络线 / 200–250 km/h,track.high_speed.connecting_line.200-250|track.unknown.branch_line,osm_source_compared|unresolved,line_role,,,https://china-emu.cn/RailRoads/Line/?LineName=齐河联络线,search_results_available,2026-10-06T15:10:20.885Z,RL-2c15ea4446e6383800f0|RL-f960c3d4b7351dde27ce
龙丰线,RL-22a8d9d08ba365328009,15,unknown,unknown,轨道线 / 类别待核实 / 支线,track.unknown.branch_line,unresolved,,,,,search_results_available,2026-10-06T15:20:56.781Z,RL-22a8d9d08ba365328009
龙北联络线,RL-eddcb4a4469e8ddf978f,21,unknown,unknown,轨道线 / 类别待核实 / 正线,track.unknown.main_line,unresolved,,,,,search_results_available,2026-10-06T15:11:47.511Z,RL-eddcb4a4469e8ddf978f
龙口港进港线,RL-494e7c95e36920c12ff7,36,unknown,unknown,车站线 / 类别待核实 / 连接线,station.unknown.spur_track,unresolved,,,,,search_results_available,2026-10-06T15:09:49.056Z,RL-494e7c95e36920c12ff7
龙山联络线,RL-6b350e32fad77b6215f1,27,unknown,unknown,轨道线 / 类别待核实 / 正线,track.unknown.main_line,unresolved,,,,,search_results_available,2026-10-06T15:10:49.128Z,RL-6b350e32fad77b6215f1
龙岩东支线,RL-418ca5590f3f9ea810b0,13,unknown,unknown,轨道线 / 类别待核实 / 支线,track.unknown.branch_line,unresolved,,,,,search_results_available,2026-10-06T15:21:45.567Z,RL-418ca5590f3f9ea810b0
龙岩西北联络线,RL-82bb321cfdcf31df749f,11,unknown,unknown,轨道线 / 类别待核实 / 支线,track.unknown.branch_line,unresolved,,,,https://china-emu.cn/RailRoads/Line/?LineName=龙岩西北联络线,search_results_available,2026-10-06T15:22:49.611Z,RL-82bb321cfdcf31df749f
龙怀联络线,RL-1827dd2dab42859e7205,23,unknown,unknown,轨道线 / 类别待核实 / 支线,track.unknown.branch_line,unresolved,,,,https://china-emu.cn/RailRoads/Line/?LineName=龙怀联络线,search_results_available,2026-10-06T15:11:24.753Z,RL-1827dd2dab42859e7205
龙泉联络线,RL-7c5a72143cc8b078c272,17,unknown,unknown,轨道线 / 类别待核实 / 支线,track.unknown.branch_line,unresolved,,,,,search_results_available,2026-10-06T15:12:46.553Z,RL-7c5a72143cc8b078c272
龙湖联络线,RL-5e2f0b3f142314584b91|RL-d18951558fb63dbbfda6,9,high_speed|unknown,high_speed|unknown,轨道线 / 类别待核实 / 正线|轨道线 / 高速铁路 / 正线 / 速度范围待核实,track.high_speed.main_line.unknown|track.unknown.main_line,osm_source_compared|unresolved,,railway_class,,https://china-emu.cn/RailRoads/Line/?LineName=龙湖联络线,search_results_available,2026-10-06T15:24:36.448Z,RL-5e2f0b3f142314584b91|RL-d18951558fb63dbbfda6
龙漳线,RL-fbe0bf3ed87d9cbaf0a1,258,high_speed,high_speed,轨道线 / 高速铁路 / 正线 / 速度范围待核实,track.high_speed.main_line.unknown,osm_source_compared,,,,https://china-emu.cn/RailRoads/Line/?LineName=龙漳铁路,search_results_available,2026-10-06T15:54:05.860Z,RL-fbe0bf3ed87d9cbaf0a1
龙潭港专用线,RL-f76ea414ab2cd1b0dbbb,9,unknown,unknown,车站线 / 类别待核实 / 连接线,station.unknown.spur_track,unresolved,,,,,search_results_available,2026-10-06T15:24:39.613Z,RL-f76ea414ab2cd1b0dbbb
龙烟市域铁路,RL-830aa69035008100a618,9,unknown,unknown,在建 / 轨道线 / 类别待核实 / 线路功能待核实,track.unknown.unknown,unresolved,,line_role|track_role,,,search_results_available,2026-10-06T15:24:39.613Z,RL-830aa69035008100a618
龙烟线,RL-9b97b757e6f05f614058,189,unknown,conventional,轨道线 / 普速铁路 / 正线,track.conventional.main_line,user_verified,,,,https://china-emu.cn/RailRoads/Line/?LineName=龙烟铁路,search_results_available,2026-10-06T15:06:09.882Z,RL-9b97b757e6f05f614058
龙老联络线,RL-39d4158eb4792c61d5ee,50,high_speed,high_speed,轨道线 / 高速铁路 / 正线 / 150–200 km/h,track.high_speed.main_line.150-200,osm_source_compared,,,,https://china-emu.cn/RailRoads/Line/?LineName=贵南高速铁路（及连接线）,search_results_available,2026-10-06T15:08:53.896Z,RL-39d4158eb4792c61d5ee
龙联线,RL-a4d836d0daf2a15abd1a,7,unknown,unknown,轨道线 / 类别待核实 / 支线,track.unknown.branch_line,unresolved,,,,,search_results_available,2026-10-06T15:27:03.650Z,RL-a4d836d0daf2a15abd1a
龙马线,RL-980054a7f656d2dacc15,2,unknown,unknown,车站线 / 类别待核实 / 连接线,station.unknown.spur_track,unresolved,,,,,search_results_available,2026-10-06T15:47:04.053Z,RL-980054a7f656d2dacc15
龙龙高速线,RL-5dcad4ab578fbe5928b0|RL-b04e545ed9969e90cc21,617,high_speed,high_speed,在建 / 轨道线 / 高速铁路 / 正线 / 速度范围待核实|轨道线 / 高速铁路 / 正线 / 速度范围待核实,track.high_speed.main_line.unknown,osm_source_compared,,,,https://china-emu.cn/RailRoads/Line/?LineName=龙龙高速铁路,search_results_available,2026-10-06T15:03:57.533Z,RL-5dcad4ab578fbe5928b0|RL-b04e545ed9969e90cc21
남양국경선 南阳国境线,RL-af82f2148ef223973682,20,unknown,unknown,轨道线 / 类别待核实 / 正线,track.unknown.main_line,unresolved,,,,,search_results_available,2026-10-06T15:11:51.082Z,RL-af82f2148ef223973682
덕현선,RL-f54f9ef39dc434b91a97,1,unknown,unknown,轨道线 / 类别待核实 / 支线,track.unknown.branch_line,unresolved,,,,,search_results_available,2026-10-06T15:49:47.789Z,RL-f54f9ef39dc434b91a97
만포선,RL-e41f416832366e4ad41b,1,unknown,unknown,轨道线 / 类别待核实 / 正线,track.unknown.main_line,unresolved,,,,,search_results_available,2026-10-06T15:49:47.789Z,RL-e41f416832366e4ad41b
무산선,RL-84e7ccc55b86c024786c,6,unknown,unknown,轨道线 / 类别待核实 / 支线,track.unknown.branch_line,unresolved,,,,,search_results_available,2026-10-06T15:28:34.957Z,RL-84e7ccc55b86c024786c
백두산청년선,RL-e1d1001b2a3197f59e6a,18,unknown,unknown,轨道线 / 类别待核实 / 正线,track.unknown.main_line,unresolved,,,,,search_results_available,2026-10-06T15:12:32.162Z,RL-e1d1001b2a3197f59e6a
북부내륙선,RL-e6db6e57d4c04e2acd39,234,unknown,unknown,轨道线 / 类别待核实 / 正线,track.unknown.main_line,unresolved,,,,,search_results_available,2026-10-06T15:54:10.231Z,RL-e6db6e57d4c04e2acd39
삼지연선,RL-bf73e89033ba0ed3aa2a,41,unknown,unknown,轨道线 / 类别待核实 / 支线,track.unknown.branch_line,unresolved,,,,,search_results_available,2026-10-06T15:09:21.379Z,RL-bf73e89033ba0ed3aa2a
운봉선,RL-859cd2e97346987f9f64,6,industrial,industrial,车站线 / 工业铁路 / 连接线,station.industrial.spur_track,osm_source_compared,,,,,search_results_available,2026-10-06T15:28:34.957Z,RL-859cd2e97346987f9f64
평북선,RL-2d5a9c87a7fee655a602,39,unknown,unknown,轨道线 / 类别待核实 / 正线,track.unknown.main_line,unresolved,,,,,search_results_available,2026-10-06T15:09:34.577Z,RL-2d5a9c87a7fee655a602
평의선,RL-9dce79a968811a8310bd,2,unknown,unknown,轨道线 / 类别待核实 / 正线,track.unknown.main_line,unresolved,,,,,search_results_available,2026-10-06T15:47:04.053Z,RL-9dce79a968811a8310bd
함북선,RL-5457afca6f76588c05e0,210,unknown,unknown,轨道线 / 类别待核实 / 正线,track.unknown.main_line,unresolved,,,,,search_results_available,2026-10-06T15:06:02.472Z,RL-5457afca6f76588c05e0
혜산만포청년선,RL-8f52102eb8fc86bd1cfb|RL-ed504e2c5048ea9e29b6,4,unknown,unknown,车站线 / 类别待核实 / 站场轨道线|轨道线 / 类别待核实 / 线路功能待核实,station.unknown.unknown|track.unknown.unknown,unresolved,,,,,search_results_available,2026-10-06T15:43:32.950Z,RL-8f52102eb8fc86bd1cfb|ST-dbdd4c1a34704a2b4942|ST-ee16aefad1458f91f8bb
회령탄광선,RL-9b32e419ba5011dd810c,11,industrial,industrial,车站线 / 工业铁路 / 连接线,station.industrial.spur_track,osm_source_compared,,,,,search_results_available,2026-10-06T15:22:52.748Z,RL-9b32e419ba5011dd810c
（中天钢铁）铁水运输线,RL-b089f35aa927195ed773,16,industrial,industrial,轨道线 / 工业铁路 / 工业线,track.industrial.industrial_line,osm_source_compared,,,,,search_results_available,2026-10-06T15:20:23.655Z,RL-b089f35aa927195ed773
